<kml xmlns="http://www.opengis.net/kml/2.2"><Document>
<Placemark>
<ExtendedData>
  <Data name="COMNAME"><value>Florida bonneted bat</value></Data>
  <Data name="SCINAME"><value>Eumops floridanus</value></Data>
  <Data name="SPCODE"><value>A0JB</value></Data>
  <Data name="VIPCODE"><value>V01</value></Data>
  <Data name="UNIT"><value>1</value></Data>
  <Data name="SUBUNIT"><value>1A</value></Data>
  <Data name="UNITNAME"><value></value></Data>
  <Data name="SUBUNITNAM"><value></value></Data>
  <Data name="STATUS"><value>FINAL</value></Data>
  <Data name="LEADOFFICE"><value>FF04EF4000</value></Data>
  <Data name="COOPOFFICE"><value></value></Data>
  <Data name="COOPOFMORE"><value></value></Data>
  <Data name="FEDREG"><value>89FR16624</value></Data>
  <Data name="PUBDATE"><value>20240307</value></Data>
  <Data name="EFFECTDATE"><value>20240408</value></Data>
  <Data name="VACATEDATE"><value></value></Data>
  <Data name="ACCURACY"><value></value></Data></ExtendedData>
  <Polygon>
<outerBoundaryIs>
  <LinearRing><coordinates>-80.99612352258248,28.101448294003603
-80.99615959438972,28.084048579778198
-80.9671821097665,28.084164131869215
-80.96486615135177,28.083900829259903
-80.96408551913134,28.08282582555148
-80.96387061983319,28.081201623855918
-80.96090854439376,28.080579815506155
-80.96139793836414,28.12166025301832
-80.93325679266678,28.11598798785542
-80.91579783380297,28.09051511627962
-80.90452285614487,28.069895640271625
-80.90452681046389,28.06321350210152
-80.89926879192114,28.05834829753593
-80.88970169517705,28.006680170353604
-80.88979082338773,27.997430643109738
-80.91885276064636,27.997331440693472
-80.91887699377821,27.998222097771645
-80.93870030357613,27.997979004727313
-80.94185611276936,27.994519873993056
-80.94396739537893,27.992526705643
-80.9480044772248,27.990665277180824
-80.95205612718848,27.990630586732266
-80.95757182847706,27.99146836727141
-80.96050500779984,27.99080046686811
-80.96287343985733,27.989129190160043
-80.96351143240662,27.98613215177744
-80.96809579128768,27.981057430356202
-80.97212328096458,27.97906425661023
-80.97675099346355,27.978491880396007
-80.9833780085882,27.98022415631982
-80.98405044067528,27.981514017058316
-80.99042725631278,27.978314040360715
-80.99266059850777,27.97422986731459
-80.9958890702244,27.97253417581163
-80.99675004068177,27.970026287683083
-80.99777258963326,27.95736731185201
-80.99736916815255,27.954620537707683
-81.00274887396131,27.954596650814835
-81.00269081642801,27.941764445772606
-81.003874191141,27.941191178330257
-81.00634840505484,27.93870704849155
-81.0063366680028,27.93249681067931
-81.01409306704136,27.931158814627622
-81.01409249687117,27.926763970780655
-81.00652703919144,27.924625478283247
-81.00292152131112,27.924190665966535
-81.0023905112131,27.92082277415176
-80.99642312992347,27.920844883984273
-80.99628198582496,27.907895633976352
-80.99361054878779,27.894776817696027
-81.01850128920307,27.894900664234342
-81.01849969650374,27.885530136806437
-81.0307330070226,27.885278071226082
-81.0629580901437,27.92787167563739
-81.06434387167229,27.927306048835135
-81.06750202000217,27.924677185703615
-81.07180491086791,27.92515271032937
-81.07516585811783,27.92449407833908
-81.07798826074958,27.922880270108408
-81.08151907914214,27.918241582283258
-81.0841915378092,27.91823997519475
-81.08416755828614,27.887254851230466
-81.09344883429623,27.88799851501949
-81.09967000066996,27.89038999939902
-81.1242274478384,27.902489242584522
-81.13075514993017,27.90239005185947
-81.1330042140732,27.898142941443666
-81.13395280457826,27.881207065154
-81.12760599212282,27.8763713718414
-81.15844818413638,27.869643824203195
-81.16550630097498,27.86452822229967
-81.16684187874966,27.859152444729602
-81.16690097230202,27.848105063897606
-81.18672903951352,27.847990496564194
-81.18689160546319,27.82995212878774
-81.19133968917527,27.829989018978097
-81.19131918103534,27.80499297604507
-81.18951743698011,27.804012145743968
-81.18869454651605,27.802069957262745
-81.19033782642953,27.800067216528873
-81.18850628693554,27.798751203505276
-81.18993901037697,27.797136085861723
-81.18963658546,27.79247432233217
-81.18899550194084,27.790142595204657
-81.18592015149375,27.78914111826805
-81.18500805457802,27.784535584849436
-81.18397675882034,27.78341121285723
-81.18321950357716,27.780259338197936
-81.1801512218014,27.776155069800666
-81.1768208928699,27.775920514919903
-81.17187421692154,27.772439472203928
-81.16998925859735,27.769085888602945
-81.16790608609693,27.76629382909698
-81.1660186285568,27.7602043162762
-81.16553934116763,27.756691223521216
-81.16649800767686,27.751175978188883
-81.16165151620447,27.73473416694827
-81.15650209169814,27.726549625864607
-81.15188721612208,27.722753961626097
-81.14918890734214,27.71767222639221
-81.14750292222203,27.715225552417337
-81.1438199673176,27.711440753787826
-81.14253544045818,27.708942462324842
-81.13914314823768,27.70599958381382
-81.13384414579065,27.700927323836993
-81.12919454469244,27.694301009284175
-81.1288108534381,27.690315295814287
-81.1298255962742,27.685207091733957
-81.12987609500573,27.682531831678716
-81.12598502348999,27.675772745715676
-81.12437101291187,27.67204800830899
-81.11966585979155,27.66945157293179
-81.11970079485576,27.66554129459513
-81.12156734945358,27.66322600167871
-81.12185882602398,27.643123470371904
-81.08661777469052,27.6422058687059
-81.08660328031709,27.623793563722018
-81.04629319847231,27.623812870367715
-81.04577540660966,27.587800981330247
-81.00551647280696,27.587709231595795
-80.96498724506529,27.587704927440484
-80.96499870422679,27.5515934942444
-81.00551466696828,27.551597792104474
-81.02253351560921,27.551545134100706
-81.02249216118423,27.554499313492556
-81.04004182387104,27.554527990174677
-81.0400408067378,27.551724553345537
-81.086546558277,27.551570953636656
-81.1675782391444,27.55149686928513
-81.16752347852565,27.515385396518866
-81.22035378699763,27.51531173844603
-81.22040965108448,27.54332440789517
-81.22028378287024,27.54331378870046
-81.22010750585667,27.543298916611775
-81.22006012057807,27.543294918225968
-81.21688601917441,27.54324536917852
-81.21511162889851,27.543241307840162
-81.2115875949915,27.54317598828129
-81.2082605270017,27.543121360762257
-81.20801855900925,27.54311720679368
-81.206434461681,27.543089997805225
-81.20558570401698,27.54307750082603
-81.2048569797658,27.54306676651811
-81.20428637791395,27.543002053102327
-81.20369450889444,27.54297361474056
-81.20310265876066,27.54295494301624
-81.20254340005783,27.54277991785898
-81.20183053175361,27.542507424178325
-81.20154538910839,27.542400379673836
-81.20143121567804,27.5423437250829
-81.20117242856469,27.54221531088791
-81.20054715422776,27.541893838330054
-81.20041615538122,27.542177327121976
-81.19997931509329,27.543027853752506
-81.19945456247802,27.54375150942468
-81.19856917003113,27.545052046015144
-81.19770529206556,27.546137629348152
-81.19708211494759,27.546998181620836
-81.19678677129241,27.547320973484204
-81.19658963090671,27.547399405158444
-81.19652430595193,27.547643720381416
-81.19621801664812,27.547976297768002
-81.19581316974194,27.54835785672975
-81.19533184358966,27.548876287111
-81.19487239794279,27.549375147345245
-81.19459847883667,27.549424376234015
-81.19371617915829,27.550332199571415
-81.19097799803615,27.552476883901136
-81.18604410235338,27.556119058148056
-81.18283023202957,27.55856717463547
-81.17674174623454,27.56330117620837
-81.17504385588921,27.56445456032975
-81.17319901362356,27.565860571208418
-81.16766420803674,27.570078455456382
-81.16476833349174,27.57216535384805
-81.16252519228374,27.573781768314007
-81.16103053613028,27.57485877391332
-81.16082550059633,27.574846764366725
-81.16033580625242,27.574770342677198
-81.16004762929464,27.574642360156872
-81.15970174463979,27.574437455923885
-81.15944229472609,27.57425811312146
-81.15935567562389,27.57410423462278
-81.15932661672991,27.57392462831899
-81.15944147814167,27.573693530432138
-81.15955652481375,27.5735907469155
-81.15984443647153,27.57353908985715
-81.16016122266228,27.57353872473243
-81.16042056106,27.57364107747378
-81.16065106269633,27.573717799536894
-81.16082381706548,27.573691936833484
-81.16096769959961,27.5736147821965
-81.16108255651471,27.573383682511007
-81.16108210685371,27.57307572856206
-81.16096642615958,27.57274224465891
-81.16090841718966,27.572460020313713
-81.1609368789338,27.572229021352314
-81.1611093689022,27.572023517271532
-81.16139708900442,27.571843544044384
-81.16151201966392,27.57166377046667
-81.16148295717272,27.571484163263563
-81.16139607546847,27.571150646085528
-81.16128050718964,27.570894151344078
-81.1611076071303,27.570817363630454
-81.16093485725781,27.570843226333864
-81.16081977641153,27.57092034859528
-81.16070492129506,27.571151447381453
-81.16067660973772,27.571485098558526
-81.16067713314317,27.571844378615253
-81.16061990928137,27.572101073006138
-81.16047629204718,27.572357869020493
-81.16021744108201,27.57258913328195
-81.16001603790977,27.572717679677226
-81.15969955299192,27.572923347434596
-81.15958458096361,27.57307745705907
-81.1593833612531,27.57333431692524
-81.15909570860003,27.573565611763627
-81.15872173182242,27.573848331635247
-81.1581460137275,27.57402862861835
-81.15768537917688,27.574131804239414
-81.156879448128,27.574440671899538
-81.15662047575432,27.574594940704003
-81.1565918593268,27.574723288349105
-81.15667843885882,27.574851504693243
-81.15682265324284,27.57500531934005
-81.1570531557785,27.5750820476984
-81.1573411834488,27.575107384298406
-81.15751430833865,27.575338153932705
-81.15757223636956,27.575569054868026
-81.15754376743087,27.575800053829482
-81.15757296931702,27.576082311449568
-81.1576884611535,27.57628748457978
-81.15791914984885,27.576492524610387
-81.15806344157454,27.576697663566392
-81.15812144514854,27.576979888810854
-81.15826581151794,27.577236352975376
-81.15843949398743,27.577852063921682
-81.15855557937647,27.57846784141782
-81.15855694454734,27.579417365419147
-81.15855752011345,27.57981797022319
-81.15855819910155,27.58028990205736
-81.15853043163406,27.581008494546438
-81.15844469296815,27.581470523945598
-81.15832997005202,27.58180427224943
-81.15815760688798,27.582112422250532
-81.15804280752951,27.582394844446583
-81.15795688270396,27.58272856037479
-81.15798601354368,27.582959491887095
-81.15804387412544,27.583139066714637
-81.15804424194818,27.58339569455569
-81.15798711701183,27.583729376309748
-81.15792988145881,27.583986070700632
-81.15772864016458,27.58424292696958
-81.15756084465721,27.58445947382569
-81.1574699016146,27.58457683895
-81.15721109021962,27.58485942392332
-81.15660672871752,27.585193723511566
-81.15623821891865,27.585340153825086
-81.15608858881728,27.58539960890488
-81.15582962633613,27.585579539863943
-81.15554215084956,27.585964804931848
-81.15525474551004,27.58640139520827
-81.15502497772053,27.5868635828881
-81.15488161589383,27.587325674340434
-81.15485266401919,27.587534166868352
-81.15482458898356,27.58773634435687
-81.15485378817175,27.588018601976955
-81.15494055656137,27.58827513359057
-81.15502739599748,27.588582991312023
-81.15505681282161,27.589019226356243
-81.15508099649077,27.589458749321864
-81.15508920100581,27.589775786423445
-81.15509753951977,27.590024886939034
-81.15512497963408,27.590162417561544
-81.15521619876853,27.590445533134925
-81.15528922012135,27.59070439129465
-81.15534404369265,27.59093899473885
-81.15538062271753,27.591116975068417
-81.15538989922442,27.591254526375337
-81.15536290427457,27.591432577751334
-81.1553177322275,27.591602558611214
-81.15525430574155,27.59170782425673
-81.15517804682935,27.59180622717571
-81.15506085617352,27.591893459615505
-81.15474427053164,27.5920734526278
-81.1544275751724,27.59217645737766
-81.15411098773188,27.59235644859126
-81.1540536298711,27.592536151122545
-81.15405384570835,27.59269012854662
-81.15411166941794,27.592844041219564
-81.15408304399722,27.592972387066084
-81.15399677653,27.5930751337105
-81.15379529331807,27.593178008058658
-81.15342105753575,27.593332400070267
-81.1533479066805,27.593332480109893
-81.15319069709295,27.593383979786893
-81.15238454391152,27.59364149525885
-81.15166483266586,27.593924574859273
-81.15057077052461,27.594285044719072
-81.15016786345609,27.59454210873139
-81.14985143519556,27.594850404422687
-81.14973660166282,27.595132819424123
-81.14969750273752,27.59527287534297
-81.1496506066901,27.59544086600323
-81.14970870379364,27.595800083107406
-81.14976683597064,27.59618496236618
-81.14973837962248,27.59644162168354
-81.1495947740795,27.59674972941656
-81.14936458001131,27.596929617208104
-81.14896148588383,27.597058365051566
-81.14858709182079,27.597110091357706
-81.14801106256044,27.597162032601773
-81.14763663432319,27.597188094954674
-81.1472910779209,27.59726544924115
-81.14662870205291,27.597368802927974
-81.1458222646857,27.597446639251075
-81.14513101428486,27.597498691111753
-81.14446849902197,27.597499381791067
-81.1437484415373,27.597551454336212
-81.14351803432976,27.597577355710428
-81.14340291571193,27.59765446268335
-81.1433454724156,27.59778283640884
-81.1434032493604,27.597911090524462
-81.14354737471155,27.597987930398745
-81.14372023879793,27.598013414487525
-81.1438067553774,27.59809031281776
-81.14386449904737,27.598192904778784
-81.14386476704533,27.59839820651206
-81.14380735792321,27.598552243291465
-81.1435771161909,27.598706458136576
-81.14337557901973,27.5987836550417
-81.14305875415812,27.598809644549533
-81.14262680798078,27.598912740130913
-81.14222369766549,27.599041468189284
-81.14213741490971,27.599144207639142
-81.14216645132063,27.59932381754021
-81.14231064412087,27.59945198442159
-81.14251238274022,27.59952876583992
-81.14277169865494,27.59957982394974
-81.1428582485093,27.599682387132532
-81.14285851470862,27.599887688865806
-81.14271471940873,27.600067475933315
-81.14231170532088,27.600273193153384
-81.14179336756985,27.600402037224285
-81.14139008728267,27.60040244821448
-81.14110209558521,27.60045406750129
-81.140871714458,27.600505626533504
-81.14072785080964,27.600634086593857
-81.14061295432435,27.600890831346817
-81.1405558338846,27.601275831114776
-81.14064241521527,27.60140405735143
-81.14072899744525,27.601532283588085
-81.14078677439011,27.601660539502348
-81.14075842685986,27.602019847438044
-81.1407590491907,27.602507440066347
-81.14075964364258,27.602972638676363
-81.14073083386086,27.602969398419077
-81.14078874210674,27.603200305649636
-81.14101958728406,27.60350802397619
-81.14127914241845,27.60373872526202
-81.1414234071645,27.603918218251238
-81.14136608977321,27.604149241494326
-81.14125102691332,27.604277672776448
-81.14102070424207,27.604380557916443
-81.14070389466895,27.604432205082276
-81.14035821416024,27.604432554918503
-81.1401854058318,27.604458393340224
-81.14012798771643,27.604612427421614
-81.1401569908524,27.60476637426882
-81.14027244671598,27.604945897834966
-81.14050319656525,27.6051766305971
-81.1408492412994,27.60545856985715
-81.14110883420528,27.605714934196897
-81.1414551127632,27.606176511237038
-81.14168593365889,27.606458566509673
-81.14183026765267,27.60668938380809
-81.14194579546205,27.606920230784056
-81.14191738407999,27.60722821351129
-81.14180241924623,27.60743363305579
-81.14162967207164,27.60751079848461
-81.14131288767959,27.607588109603626
-81.14102494274687,27.607691054098893
-81.14082342086414,27.607793908662018
-81.14073739171721,27.60810194984515
-81.14079523701054,27.60828153096793
-81.14096831333694,27.60846099427954
-81.14117042877223,27.60882006749216
-81.14140145201537,27.60925610018893
-81.14157476306485,27.609615201280576
-81.14183439913819,27.609897227774866
-81.1422092707412,27.610179134659404
-81.14244006915385,27.61043552507948
-81.14267096739121,27.610768903761937
-81.1427866345955,27.611102401154938
-81.14287634196955,27.611517800705997
-81.14298976086872,27.612231353394293
-81.1430478444824,27.61259057229711
-81.14301933597352,27.612821566761966
-81.14281807219623,27.613129726655586
-81.14264568385119,27.613489182080116
-81.14261737229384,27.613874153969107
-81.1427330089212,27.61418198740887
-81.14290606456319,27.614335785867866
-81.14310792998697,27.614489553749934
-81.1432522774706,27.61472037014903
-81.1434830875744,27.614976758770467
-81.1436848891463,27.6150792005447
-81.14391539977584,27.615104625278263
-81.1442034616204,27.615078662750136
-81.14449159091413,27.61510402632979
-81.14456136211714,27.615122591934096
-81.14477978855638,27.61518071421864
-81.14492400473898,27.61530887840206
-81.14503978435852,27.61571936046016
-81.14506906718367,27.616078609040642
-81.14501209063542,27.61656626012484
-81.14492202443182,27.616904626447422
-81.14490756693061,27.616947841569697
-81.14490093083327,27.61697757945177
-81.14463857161275,27.617336532155264
-81.14437961812484,27.617593429792976
-81.14397647543393,27.617747824502544
-81.14371741762471,27.617927732079238
-81.14360240962344,27.61810749036846
-81.14354512370846,27.618364178464105
-81.14357433638645,27.61867210003743
-81.14366116952732,27.6189799631548
-81.14377671352446,27.619210808332184
-81.14392110237691,27.619467285986502
-81.14399492772372,27.61975073161102
-81.14398902007719,27.619769227967538
-81.14400800476557,27.61982647431239
-81.14403715089378,27.620083070677197
-81.14397976515403,27.6202627696112
-81.14380592350454,27.620314040860364
-81.1435476669912,27.620314543581344
-81.14323078007641,27.620340533089177
-81.14314448113288,27.620443272539035
-81.14314468168169,27.62059724906385
-81.14314521497965,27.621007852530397
-81.14314558280239,27.621290141626787
-81.1430308706781,27.62170086380388
-81.14285876831747,27.622291284015603
-81.14274415511863,27.622778993555755
-81.1427157428372,27.62308697538367
-81.14257218405902,27.623472064184455
-81.1424001428523,27.624113808705374
-81.14234612777153,27.62458015934692
-81.14234428506069,27.62459771860989
-81.14233893229584,27.624612053803276
-81.14240107275128,27.62483236432223
-81.14240137132617,27.625063327310784
-81.14222879682148,27.625294469264418
-81.1420782709954,27.62537512226413
-81.14206039517109,27.6254197933888
-81.14176809841899,27.625525905296342
-81.14148000779608,27.62555186152923
-81.14099032963998,27.625655011969286
-81.1407599952775,27.62578355926388
-81.1406737871655,27.625963285177534
-81.14064523728786,27.626168615689096
-81.14073183930293,27.62629684192575
-81.14090477893234,27.626347991766465
-81.14119290552816,27.626347698587495
-81.14162506034825,27.62632159486577
-81.14176184003685,27.626304049092653
-81.14175488827743,27.62632470741937
-81.14185559346083,27.626347022297296
-81.14197094320446,27.626423892748505
-81.14205761266868,27.6266034432943
-81.14209594627084,27.62670299734549
-81.14214434778336,27.626834319048612
-81.1421158671535,27.62709097476875
-81.1419434203525,27.62742476624004
-81.14174196232165,27.627604611763445
-81.14159796557362,27.627656084460796
-81.14133871530942,27.62770767406994
-81.14127693368351,27.627728845909587
-81.14119471676275,27.627759145867913
-81.14107959634623,27.627861913196796
-81.14096457485522,27.628041669687377
-81.1409360240782,27.62824700019894
-81.14105616900696,27.628354247950256
-81.14110913278023,27.62842646261123
-81.14124015950574,27.628467131752757
-81.14125160607671,27.628451619346833
-81.14136851614404,27.628477524318328
-81.14151241666468,27.628349064257975
-81.14194447975387,27.628245971374554
-81.14226145660092,27.628271309773197
-81.14249216058471,27.628425048876977
-81.14266540508436,27.62870716170619
-81.14283861720838,27.6289636096829
-81.14292572284381,27.629476773634224
-81.14292586763463,27.62958811959612
-81.1429263559665,27.629964364463888
-81.14295522330485,27.630005395132912
-81.14295540406863,27.630143973465636
-81.1428983429841,27.630580298442055
-81.14272592676008,27.630939752967265
-81.14243822194635,27.631273664048422
-81.14211599395793,27.631579293249843
-81.14197776366285,27.63171040181362
-81.14163236014525,27.631993044343574
-81.14148865297892,27.63227548092874
-81.14148911523046,27.63263475828751
-81.1415184565115,27.63304533117713
-81.14155352287673,27.633277520840977
-81.14157463895839,27.633404634616227
-81.14177871131841,27.633763620594664
-81.14189446485761,27.634148442296805
-81.1421839386378,27.635174653287663
-81.1423576570802,27.63581604257638
-81.14250216464313,27.636149508493077
-81.14279071571895,27.63645716296776
-81.14307896732043,27.636533854453887
-81.14356882534099,27.636533348135572
-81.14397213710441,27.636455941688382
-81.1441450281705,27.63645576182398
-81.14431802085994,27.636532571121336
-81.14443348391814,27.636686427136965
-81.14454938494612,27.637173896558124
-81.14457884134043,27.63766145681086
-81.14457948255705,27.638149046741148
-81.14449384371585,27.63876503917527
-81.14437901917637,27.639098773989303
-81.14417754405838,27.639278622210725
-81.14386073718322,27.639407264833437
-81.14340114584616,27.639469145384794
-81.14328451726664,27.63948484844707
-81.14265049972073,27.63943417794502
-81.14230467532047,27.639408870123304
-81.14216076131004,27.639537331083034
-81.14213217725813,27.639716998540678
-81.1422478732407,27.64005049413504
-81.14250755068286,27.640306855776828
-81.14265176416757,27.640409356906332
-81.14273841294738,27.640563243498946
-81.14279627982444,27.640742822823086
-81.142710129269,27.64097387574384
-81.14248003142825,27.641307726570403
-81.14201953087661,27.641744464335602
-81.14144369497052,27.64212999200555
-81.14129977646348,27.64225845296528
-81.1412423736366,27.64243815010059
-81.14127132281328,27.642540770839958
-81.1414731387743,27.642617553157606
-81.1416460397329,27.642617376890485
-81.14207809292958,27.642462958798546
-81.14265406103607,27.642180077948296
-81.14288449432394,27.642102852264884
-81.14302864485603,27.642154029984567
-81.14308634445916,27.64220529583781
-81.14308654500803,27.64235927056393
-81.1430579285805,27.64251327676635
-81.14291417824671,27.642770051196976
-81.14283635901074,27.642848196886803
-81.14268394370902,27.643001252505826
-81.14250696522424,27.643205434583194
-81.14395366413027,27.643226558758727
-81.14763351997095,27.643277078174663
-81.14780444691763,27.643279421807904
-81.15025800070612,27.643242660220665
-81.15303230579622,27.643201039596363
-81.15365074978223,27.643191753196902
-81.15702900178695,27.643255855973052
-81.16106767543283,27.643332381084576
-81.1621420873874,27.64335272015194
-81.16214342377992,27.643486981738874
-81.16361981020606,27.643498801528494
-81.16596376001945,27.643514088204654
-81.16727280959248,27.643532254509978
-81.16858185916544,27.643550407325506
-81.16906132462037,27.64355705331542
-81.17045500219655,27.643576362659076
-81.17105032011614,27.64358460584492
-81.17104978052294,27.64389375499286
-81.17105606408603,27.645328854443108
-81.17106017218913,27.646007045788565
-81.17107326991544,27.648168998000926
-81.17107367461034,27.648235776260094
-81.17107189035539,27.648629616363735
-81.1710521952026,27.64938848948725
-81.17102240965642,27.650986908519087
-81.17101129853256,27.651583167129502
-81.17097796516094,27.65337194386018
-81.17097186955607,27.653699011999834
-81.17092580358292,27.656170986601808
-81.17086656883703,27.65934941014723
-81.17086488980277,27.659439554591813
-81.17084210188148,27.66107150574544
-81.17082099029642,27.662583411795083
-81.17078256766132,27.665334825541834
-81.17077831296871,27.665639545528677
-81.17074673507375,27.66790074062675
-81.17072969471963,27.6691208940141
-81.17072489054124,27.66946497372959
-81.17067956291146,27.672710649476926
-81.17104003996582,27.672719675072983
-81.17220383284058,27.672748812207942
-81.17274453763025,27.672762346105458
-81.17291903038893,27.672766531550224
-81.17445848716943,27.67280521049213
-81.17612089746143,27.67284597226387
-81.17987067828915,27.672940423561727
-81.18277571602641,27.673012427781373
-81.18293376648012,27.673016343429538
-81.18386821154871,27.673039490180372
-81.18464907939148,27.673058828302317
-81.18527011162632,27.673074320923206
-81.18713321102882,27.673120781698742
-81.18716617298048,27.673122530880164
-81.18716431857843,27.673241263873308
-81.1871630253533,27.67332397632049
-81.1871550429708,27.67383470940439
-81.187147062387,27.67434544248823
-81.18713308062712,27.6752400367983
-81.18711909976662,27.676134632007688
-81.1870926857788,27.677824652385823
-81.18706174730175,27.679804165429914
-81.18705304366301,27.680361071506297
-81.1870269309481,27.682031789735333
-81.18701322348142,27.682908767225854
-81.18698003220271,27.685032247340416
-81.18693848442348,27.687690347431612
-81.18868462789322,27.689329834004695
-81.18869968254427,27.689343948864177
-81.18934771242692,27.689951127942265
-81.19125004835104,27.69173348801013
-81.19331494033219,27.693665550125104
-81.19597736436384,27.696162292056158
-81.19602107411322,27.696203240886916
-81.20349244202254,27.703150054031823
-81.206692745174,27.706125272163604
-81.21091246224029,27.71004784243405
-81.21191615330781,27.710995568690578
-81.2125287552978,27.711574002738075
-81.21346273271888,27.712455868043946
-81.21387446213669,27.712844619783425
-81.21489106477077,27.713799596374315
-81.21618685653817,27.715027882330958
-81.21672726635023,27.71553809560669
-81.21703126777874,27.715825107043088
-81.21882105444809,27.71743302921101
-81.21940468208038,27.71795733576249
-81.22088611819976,27.7192881660161
-81.2209513307393,27.7193467496528
-81.22170712728206,27.720075423542028
-81.22221169191602,27.720507990251576
-81.22227161734122,27.720532771070566
-81.22288842006452,27.72108683438995
-81.22395304289859,27.722043150071386
-81.224522744529,27.72255013837821
-81.22493846244004,27.722920090689684
-81.2261856359583,27.724029938630792
-81.2261849344871,27.724065397100446
-81.22675369452736,27.724559963971217
-81.2271779389107,27.72494781728801
-81.2273258540049,27.72505580697998
-81.2275434944367,27.725271912268965
-81.22803096745514,27.725734959700674
-81.2292146263539,27.726753475192766
-81.23038102906122,27.727818393903817
-81.23102515049027,27.7283971328215
-81.23240908301273,27.72960082501811
-81.23412876213263,27.731125244234704
-81.23427184876675,27.731252081918115
-81.23498561729235,27.731877068471988
-81.23596063887237,27.732779916759796
-81.23630885187197,27.733096285665113
-81.23652650939084,27.73330464599269
-81.23763213411564,27.734323220839997
-81.23856360602554,27.735156547936413
-81.23911209085026,27.735665834910378
-81.24021767690425,27.736645733513853
-81.24112302171005,27.737432703256673
-81.24139816659209,27.737725410099642
-81.2416082185444,27.737966701801895
-81.24206692854585,27.738359460021115
-81.24255672721114,27.738772874768415
-81.24284692854286,27.739037699030632
-81.24306462743056,27.739253779138664
-81.24390908813388,27.739994450883273
-81.24503234766468,27.741067048905222
-81.24660825576638,27.7424944501588
-81.24697513419505,27.742729769463324
-81.24724640929429,27.74298830206851
-81.24775313949573,27.743473617613404
-81.24810116363773,27.743791084590953
-81.24834681525329,27.744008762794238
-81.24851056291209,27.744144792448253
-81.24857199560108,27.744208299873208
-81.24872066522647,27.74431439199566
-81.24890525557305,27.744512993779665
-81.24932706099503,27.74491595480754
-81.25011114571276,27.74556985456519
-81.25013765053211,27.74565757173957
-81.25026280378535,27.745745111747567
-81.25078337365375,27.746194697227565
-81.25128433650286,27.746696975784857
-81.2516665528691,27.747035639783007
-81.25195964282324,27.747037712720328
-81.25220495179707,27.747100884698114
-81.25259313786296,27.747104720306652
-81.25396714816532,27.747134013024322
-81.25500914585535,27.747154817041235
-81.25610729541529,27.747161875819984
-81.25802776436979,27.747167395858696
-81.25907480455857,27.74716089376028
-81.25944985152938,27.74715428913919
-81.26078966601023,27.74718563051249
-81.26309623820077,27.747221897472627
-81.26471005902198,27.747239135677603
-81.26589761558245,27.747263947073577
-81.26603464977921,27.747270456366493
-81.26686442275485,27.74728917575493
-81.26728300590594,27.747254505990725
-81.26742011294783,27.747255759645668
-81.26911757881317,27.747271265756353
-81.2704573636164,27.747288969810143
-81.272124453081,27.747299244564545
-81.27319695127824,27.747326442761164
-81.2744175705144,27.747330528381212
-81.27616450089096,27.747359566590774
-81.27854731580595,27.747387300783373
-81.28018456486575,27.747396999971613
-81.28048644929015,27.747399101687222
-81.28090817017585,27.74740203437642
-81.28253810954607,27.747411720074865
-81.28468702158875,27.747433325387703
-81.2861780390852,27.74742374670859
-81.28712044315387,27.747422606368218
-81.28728902736668,27.747429570718168
-81.28786459077821,27.747421059534304
-81.28832619839528,27.747428789207333
-81.28845259631021,27.804072861673262
-81.26927380724038,27.80411157928603
-81.2690481961173,27.80296543560644
-81.26481197918946,27.80288878458981
-81.26485244598354,27.803838883257924
-81.26071111742408,27.80355831456461
-81.26057524155414,27.802591427352525
-81.2574460630853,27.80274614581805
-81.25579921016538,27.800140075104423
-81.24641056769349,27.799732953812793
-81.24614194829223,27.79907170209742
-81.23549196168466,27.797664998740743
-81.23569348446671,27.800821343030634
-81.23586253272964,27.80128911190303
-81.218086793071,27.801319696047187
-81.21798522363912,27.804262532290068
-81.21682493272442,27.804321683398996
-81.21654925994034,27.804761680307365
-81.216886054248,27.812041403587955
-81.20631293809157,27.812172252247706
-81.2024113768835,27.818845809086895
-81.20467275184598,27.821364764272516
-81.20403355420513,27.824346596018643
-81.19778857558225,27.825490662264315
-81.1960218241478,27.82907597597557
-81.2005730879776,27.83598857441325
-81.19740014849799,27.845090541795116
-81.197831088334,27.853017924437722
-81.19614222178609,27.860981984131286
-81.20318530555738,27.86689979838701
-81.21292307653869,27.880502416653258
-81.21625270849569,27.888239505448894
-81.21679334673553,27.89812077045724
-81.22565843898576,27.908799430149656
-81.17523021340361,27.909119181405174
-81.17364814314726,27.90579451280655
-81.16811937291067,27.899148019265738
-81.16929543073951,27.895032005722555
-81.16357857718953,27.893813290351147
-81.16081700020436,27.896999999350555
-81.16201246900022,27.900818671844263
-81.15650871880229,27.910892596815927
-81.14566972347893,27.91195501001573
-81.14567347724915,27.914756413477733
-81.15445187395477,27.919824398976857
-81.15837950830763,27.920098377438194
-81.16127816535499,27.918840226795055
-81.16382846101465,27.915670159750107
-81.16586136860724,27.91574415956535
-81.16600794820823,28.002801900687246
-81.16388833877579,28.004284281994046
-81.16297538570547,28.005622910269153
-81.16163090104521,28.00634103780868
-81.16033930191719,28.00643808904664
-81.1567294412107,28.01174686982222
-81.08411020672065,28.011692247699102
-81.08411225897356,27.99700910118912
-81.01745054650547,27.997401994306642
-81.01678720206769,27.996056693961293
-81.01431156632566,27.995865895594648
-81.01398851275962,27.994719458736085
-81.01474187213967,27.994146145428317
-81.01495694140971,27.992713034379108
-81.0151720313641,27.991471001385662
-81.01398769887317,27.98841387120325
-81.01280359121273,27.98669428021691
-81.01183477045828,27.98497465955296
-81.01065073474359,27.98325504878153
-81.0105430094523,27.982204124420832
-81.0025790244024,27.982395582889865
-80.99633694429451,27.983064334051846
-80.99601395727825,27.986312661000568
-81.00387082857583,27.992045018862598
-81.0051625086428,27.99424237738384
-81.00454375888734,27.997634039179616
-80.96808171869634,27.9978692577601
-80.9680741140291,28.02366476741514
-81.02642731117146,28.02373758911847
-81.02820456848599,28.02689001416286
-81.03466449946706,28.02681688219343
-81.03668294146456,28.025956509785146
-81.03967235179755,28.030613190346514
-81.03886547376254,28.03240477026401
-81.0401303423414,28.03354908382323
-81.04088571980009,28.03613018935681
-81.03005234523948,28.041280125577373
-80.96829784736775,28.040897600743733
-80.96829349734696,28.05572993758659
-80.99623601068333,28.05566312515316
-80.9963221405543,28.057451070010927
-80.99758930959894,28.058030512198457
-80.99834023271552,28.059889503497857
-80.99890770492658,28.06039291160363
-80.99914373379625,28.06390950182208
-81.00083824089205,28.063896777314483
-81.0019857128703,28.06514859493177
-81.00205597060653,28.06676824965507
-80.9988354003334,28.067660420292214
-80.99949508453051,28.07016964121601
-81.02297850465425,28.07013406043859
-81.02168533530994,28.066838205219028
-81.01901954331726,28.066408679117274
-81.01877674614985,28.06375752808748
-81.0169046058628,28.06089069714801
-81.01732109539222,28.05599795264345
-81.04952430969911,28.055925250549933
-81.04978031790733,28.08463103919115
-81.07118988250704,28.084634471903428
-81.07567432491015,28.098390973164953
-81.07569136796224,28.12267119262151
-81.05259964215969,28.12268199617722
-81.05255283244725,28.139974190156806
-81.01008716559016,28.13100339788855
-80.97972382569395,28.126776336059095
-80.97945923615481,28.101458859239017
-80.99612352258248,28.101448294003603</coordinates></LinearRing></outerBoundaryIs></Polygon></Placemark>
<Placemark>
<ExtendedData>
  <Data name="COMNAME"><value>Florida bonneted bat</value></Data>
  <Data name="SCINAME"><value>Eumops floridanus</value></Data>
  <Data name="SPCODE"><value>A0JB</value></Data>
  <Data name="VIPCODE"><value>V01</value></Data>
  <Data name="UNIT"><value>1</value></Data>
  <Data name="SUBUNIT"><value>1B</value></Data>
  <Data name="UNITNAME"><value></value></Data>
  <Data name="SUBUNITNAM"><value></value></Data>
  <Data name="STATUS"><value>FINAL</value></Data>
  <Data name="LEADOFFICE"><value>FF04EF4000</value></Data>
  <Data name="COOPOFFICE"><value></value></Data>
  <Data name="COOPOFMORE"><value></value></Data>
  <Data name="FEDREG"><value>89FR16624</value></Data>
  <Data name="PUBDATE"><value>20240307</value></Data>
  <Data name="EFFECTDATE"><value>20240408</value></Data>
  <Data name="VACATEDATE"><value></value></Data>
  <Data name="ACCURACY"><value></value></Data></ExtendedData>
  <Polygon>
<outerBoundaryIs>
  <LinearRing><coordinates>-81.33108824402723,27.784228048185923
-81.33073943927366,27.747862392835202
-81.33114370072116,27.747834654146004
-81.33125611957422,27.747841528563754
-81.33148028009083,27.747840991668454
-81.3320158767313,27.747872944580763
-81.3325265333728,27.747893878100058
-81.33299860550119,27.747881572676476
-81.33365982663963,27.747902227405916
-81.3340486791032,27.747906600809017
-81.33414552799371,27.747907180871778
-81.33536110113386,27.747904239189324
-81.33611105478133,27.74790241896153
-81.33625146773102,27.747886473981623
-81.33655249600088,27.747897914257408
-81.33863214136022,27.747917182232243
-81.34020546391099,27.747901150018095
-81.34207988847601,27.747920871251267
-81.34370797254485,27.747916835093918
-81.34410697115976,27.74792514932625
-81.3455058252336,27.7478685729763
-81.34559354600532,27.747891602815287
-81.34601460409067,27.747948157581448
-81.3466944843629,27.747946455164822
-81.34783665303905,27.7479315363114
-81.34875822611122,27.747944848975635
-81.35180985244267,27.747945373280402
-81.35238492662302,27.74794390918413
-81.35248230881149,27.747890598272534
-81.35253552529423,27.747937673285037
-81.35261519713362,27.74796107454398
-81.35342886684867,27.74796686617799
-81.3537206662757,27.74795038340352
-81.35408326932736,27.74794945620249
-81.35491460172744,27.747947325708537
-81.35595818941886,27.747944643930225
-81.35658605829991,27.74792729061204
-81.3567452769729,27.747934747790453
-81.3569059273666,27.747968493051587
-81.35759899080074,27.74796670340072
-81.35919964015125,27.74796255572744
-81.35944711559188,27.747947232179058
-81.35950189509634,27.74795349685644
-81.35989042830056,27.74796483101221
-81.3599642887209,27.747954899798856
-81.35993209299164,27.747977066288627
-81.3600985080397,27.747951944626607
-81.3605147502555,27.747950860943547
-81.36056248177306,27.747942622254243
-81.36118330086862,27.747960726506392
-81.36344471450195,27.74798438946806
-81.36747957861962,27.74796386693896
-81.36883509346478,27.74795079079638
-81.3688578463125,27.74796587872237
-81.36911900313942,27.74799042931494
-81.36921508131093,27.747995568940382
-81.37140058766693,27.74799947019943
-81.37166164107185,27.74799371903498
-81.3717151273512,27.747983361542936
-81.37203604232946,27.747994728074275
-81.37269731023264,27.74801077467754
-81.37420002700958,27.74799780375571
-81.37476108255788,27.74800519888089
-81.37573288906157,27.748011475249427
-81.376965170706,27.74801703485832
-81.37733548004832,27.74801602491965
-81.37887866721667,27.74801180709926
-81.37894400116471,27.74801485670031
-81.37894888808069,27.748038354186747
-81.38304640436803,27.74803597997652
-81.38349719673818,27.748025818536746
-81.3835973794155,27.74802554064621
-81.38663602493256,27.74805219745099
-81.39117011800653,27.748065774515908
-81.39370351180759,27.748066996694604
-81.39556581441076,27.748086913979932
-81.39858130238514,27.7480866675657
-81.39946993149209,27.7481009245181
-81.39952663374709,27.748096709395668
-81.40055878206209,27.74808967130133
-81.40233679390786,27.748088684745028
-81.40255729778102,27.74809183866745
-81.40511875492655,27.748088912273545
-81.40588343407319,27.74808667026366
-81.40599146423466,27.748084267275146
-81.40670439279347,27.74808008542766
-81.4082665889319,27.748075483596722
-81.40911571082137,27.748072974488252
-81.40919390597395,27.74807483068895
-81.41140977703952,27.748074517724888
-81.41234806311257,27.748080071038487
-81.41271864315081,27.748070618264478
-81.41275379045504,27.748121815769252
-81.41338613706051,27.74811992719293
-81.4143978518793,27.748106184652727
-81.41601794637108,27.74812275196348
-81.41802340935283,27.748122064881443
-81.41911347490691,27.748111105742964
-81.42081665416521,27.748105934641217
-81.42270462521822,27.748110451036553
-81.4235417222726,27.748092479884065
-81.42481186807322,27.74808344799277
-81.426301506909,27.748099411858448
-81.42862824189979,27.74809735780684
-81.42892172215971,27.748101682646563
-81.42974421692202,27.748091662400327
-81.430591918782,27.748089026487435
-81.43136402542939,27.748071686659046
-81.43214455332844,27.748061782425395
-81.43227625094818,27.74804673586823
-81.43245835017268,27.748046166597362
-81.43271640253988,27.748058312840897
-81.43363069110347,27.74807379646859
-81.43518424475707,27.748087263816217
-81.43750756682073,27.74807381985096
-81.43831869864897,27.748077366777125
-81.43862117123001,27.74808252259038
-81.43910233010843,27.74807895767782
-81.4395128112672,27.748017843348862
-81.43966840926964,27.74800745797785
-81.44027089298726,27.748043070231574
-81.4405082510549,27.74045549912205
-81.44056267352852,27.737337182664874
-81.44046899744626,27.73624513680369
-81.44038951176651,27.735994805116206
-81.44037233831273,27.735188992777864
-81.44038581375429,27.734977343629566
-81.44511442569018,27.739272319561962
-81.44875933027885,27.74337542063921
-81.44886457973655,27.76298346691351
-81.38049678230061,27.762962394898636
-81.34930955369293,27.777094023170662
-81.34599784972096,27.777133423368866
-81.34250664646453,27.777094347825937
-81.34182499902442,27.77809921700532
-81.34124935107667,27.78017163541267
-81.33108824402723,27.784228048185923</coordinates></LinearRing></outerBoundaryIs>
<innerBoundaryIs>
  <LinearRing><coordinates>-81.34405397591024,27.764351146887975
-81.34392572089524,27.764350350088648
-81.34392642236645,27.765260266148402
-81.344182962074,27.7652619334915
-81.34443950358019,27.765263600834544
-81.34443874005575,27.764353535487317
-81.34431048594013,27.76435273868799
-81.34418223092518,27.764351943687302
-81.34405397591024,27.764351146887975</coordinates></LinearRing></innerBoundaryIs></Polygon></Placemark>
<Placemark>
<ExtendedData>
  <Data name="COMNAME"><value>Florida bonneted bat</value></Data>
  <Data name="SCINAME"><value>Eumops floridanus</value></Data>
  <Data name="SPCODE"><value>A0JB</value></Data>
  <Data name="VIPCODE"><value>V01</value></Data>
  <Data name="UNIT"><value>2</value></Data>
  <Data name="SUBUNIT"><value>2A</value></Data>
  <Data name="UNITNAME"><value></value></Data>
  <Data name="SUBUNITNAM"><value></value></Data>
  <Data name="STATUS"><value>FINAL</value></Data>
  <Data name="LEADOFFICE"><value>FF04EF4000</value></Data>
  <Data name="COOPOFFICE"><value></value></Data>
  <Data name="COOPOFMORE"><value></value></Data>
  <Data name="FEDREG"><value>89FR16624</value></Data>
  <Data name="PUBDATE"><value>20240307</value></Data>
  <Data name="EFFECTDATE"><value>20240408</value></Data>
  <Data name="VACATEDATE"><value></value></Data>
  <Data name="ACCURACY"><value></value></Data></ExtendedData>
  <Polygon>
<outerBoundaryIs>
  <LinearRing><coordinates>-81.63307325492673,27.52842456704019
-81.63272788648271,27.52692496461549
-81.62735109267874,27.528975911708983
-81.62221949633266,27.52974955709641
-81.62116326866987,27.529078750983615
-81.6205271781867,27.52825594415657
-81.61926217470955,27.527886289520723
-81.61847179203954,27.52957863014973
-81.61683314363461,27.53014884978961
-81.61535874650889,27.53062646084254
-81.614126712178,27.5248388360435
-81.6134639217226,27.523412056221446
-81.6171949049209,27.522249037663016
-81.61808212748815,27.522744507453126
-81.61847409430396,27.522378945631885
-81.61823754922347,27.52185029445559
-81.6191964018924,27.520842832530775
-81.62180252926328,27.517549493614297
-81.62525805911213,27.517075225341443
-81.62692018701699,27.515147339678037
-81.63170022128816,27.513455959524947
-81.63313777139098,27.510859463893212
-81.63350531711666,27.511120998435388
-81.63354429823073,27.511741990200733
-81.63415975107159,27.51199186413328
-81.63639826256974,27.511118322052994
-81.63804243011401,27.507602659934832
-81.63897691565211,27.507811146167512
-81.64032749052126,27.50450958115232
-81.64019851514934,27.502625609384438
-81.64032934941991,27.50075096988138
-81.6658070071876,27.501006756856384
-81.66589146072232,27.50168709128627
-81.66521402480737,27.50262186910402
-81.663451305933,27.503490165438848
-81.66117050561428,27.505077469749494
-81.65273187007972,27.5049740027481
-81.65271050128854,27.51497021460375
-81.64652222582004,27.51499911521705
-81.64504692757362,27.516976523847575
-81.64513377690224,27.518086799865955
-81.64626921235424,27.51983711798863
-81.64772134406473,27.52076189894251
-81.6494125119778,27.521327264941363
-81.65114831414337,27.522644796020586
-81.65163815417742,27.523932320320398
-81.65168869247913,27.5256876692506
-81.65129631827045,27.52730178055276
-81.6508255807359,27.52855630153215
-81.65090323089936,27.52995325713715
-81.65174592263617,27.532391458598966
-81.65061960990704,27.536952276826185
-81.65106265371844,27.537790971975824
-81.64998263898758,27.54254445826018
-81.64842307876205,27.54482563899211
-81.6449367174555,27.54605494837722
-81.64260405053648,27.54642910501923
-81.63970938018372,27.546334972980674
-81.63773630268815,27.545734960599987
-81.6364789038783,27.543770170357107
-81.63344961310912,27.535328246901145
-81.63363746889405,27.53437278467635
-81.63411286221879,27.533523817470268
-81.63452824468271,27.532546159977358
-81.63384864499892,27.531498439001837
-81.63304255207208,27.530413761286127
-81.63278438009502,27.529439173179355
-81.63307325492673,27.52842456704019</coordinates></LinearRing></outerBoundaryIs></Polygon></Placemark>
<Placemark>
<ExtendedData>
  <Data name="COMNAME"><value>Florida bonneted bat</value></Data>
  <Data name="SCINAME"><value>Eumops floridanus</value></Data>
  <Data name="SPCODE"><value>A0JB</value></Data>
  <Data name="VIPCODE"><value>V01</value></Data>
  <Data name="UNIT"><value>2</value></Data>
  <Data name="SUBUNIT"><value>2B</value></Data>
  <Data name="UNITNAME"><value></value></Data>
  <Data name="SUBUNITNAM"><value></value></Data>
  <Data name="STATUS"><value>FINAL</value></Data>
  <Data name="LEADOFFICE"><value>FF04EF4000</value></Data>
  <Data name="COOPOFFICE"><value></value></Data>
  <Data name="COOPOFMORE"><value></value></Data>
  <Data name="FEDREG"><value>89FR16624</value></Data>
  <Data name="PUBDATE"><value>20240307</value></Data>
  <Data name="EFFECTDATE"><value>20240408</value></Data>
  <Data name="VACATEDATE"><value></value></Data>
  <Data name="ACCURACY"><value></value></Data></ExtendedData>
  <Polygon>
<outerBoundaryIs>
  <LinearRing><coordinates>-81.81613232674545,27.48361804403754
-81.81624411877101,27.482940364406318
-81.81600019115587,27.48153566833645
-81.8210767795697,27.473173215271743
-81.82265049602353,27.472799374291753
-81.82410626818967,27.47226997757747
-81.82544370306442,27.471532952583743
-81.8257274769415,27.47043761610314
-81.82706293420699,27.469440193310334
-81.8339467543392,27.46867003459448
-81.83698859694613,27.4694329645597
-81.8388489938859,27.46838019568952
-81.8444033408415,27.469388198106913
-81.84498439731203,27.469020122680547
-81.84673152464012,27.468436645235045
-81.84777365542982,27.467284574123823
-81.84858143908212,27.46602976716008
-81.84821998536398,27.464573767465424
-81.84744868450912,27.462964024170446
-81.84557455312307,27.462194235075913
-81.84334898196988,27.46127031297459
-81.84198924121046,27.45903915523286
-81.84281858790746,27.452940924384222
-81.84454127885692,27.449180819339404
-81.84550816606895,27.43961215597625
-81.84491021583375,27.43871456152783
-81.84409158096167,27.437096077721833
-81.84435363171468,27.436705161314194
-81.84458811554907,27.43585820409288
-81.8439069501456,27.434862980142498
-81.84238430439211,27.43419516607412
-81.84138064300225,27.43269094023475
-81.8421062573978,27.4296487307044
-81.84421258923959,27.429426992961396
-81.8465137439141,27.42842777062515
-81.84752749659663,27.427445805379648
-81.84854489063417,27.425553969040493
-81.85035364940137,27.42406206301382
-81.85018207854006,27.42262999517817
-81.84982571588404,27.4215334464115
-81.84804917353051,27.420230576080257
-81.84676208720055,27.41992789125925
-81.84687683889496,27.418430574911156
-81.84701206095781,27.417609501976983
-81.84606772334672,27.41601096243602
-81.84591334572428,27.41444898393354
-81.84466735481453,27.413381700005516
-81.8431587186999,27.41320265128138
-81.84181183464841,27.412585840464203
-81.84126903353905,27.41083457355677
-81.84175657940256,27.4089506629428
-81.84241884375461,27.408050964980077
-81.84228005228255,27.40739495721158
-81.8410856554786,27.40699728329804
-81.84012435305641,27.40551325713119
-81.84010544930698,27.403013571718986
-81.84014804659506,27.400930148307737
-81.83948141243718,27.399986423134976
-81.83935240289105,27.398641375499153
-81.83874114628685,27.395055615724118
-81.83751697023195,27.392405721946545
-81.83562548282976,27.389968811011897
-81.83331888905542,27.388577832301166
-81.83106663861446,27.386443134043475
-81.8314698163789,27.381317305948983
-81.83326455111808,27.379801817899647
-81.8333351523953,27.378511582143858
-81.82952708650578,27.376846973908755
-81.82663607099784,27.36816123615216
-81.82694028556568,27.367198080227297
-81.82602690891468,27.3653671810506
-81.82801125491545,27.364211976701426
-81.82850145018176,27.363222661296845
-81.82799499517284,27.362026548586414
-81.82649993432449,27.3606381032659
-81.8235896436471,27.357789035735436
-81.82292460038997,27.354675891279385
-81.82940468607734,27.354716449804357
-81.83165548051596,27.358060935863534
-81.83147302066334,27.359882330105506
-81.83249661013042,27.36104132149984
-81.8325062931309,27.362335807451586
-81.83204333203412,27.36505711009761
-81.83243577998724,27.36583149652637
-81.83472130714256,27.36645670611216
-81.83493556162682,27.374286235321563
-81.83922376386556,27.37526370485614
-81.84384613798886,27.377958771580097
-81.84855643792923,27.378121294362302
-81.85355189220604,27.3805749093047
-81.85536377252004,27.382698706879864
-81.85652409401172,27.38643960960036
-81.85416067567462,27.39057312484988
-81.85427960292128,27.39299078669552
-81.85651224454443,27.396231470306134
-81.8582557368128,27.396758173550893
-81.85821641665427,27.426937279232106
-81.85329505842014,27.426983165340857
-81.85331700997199,27.43652428157037
-81.85356263370852,27.438279224007033
-81.85502849716738,27.4389614946773
-81.85578215242435,27.439698721119157
-81.85603722263966,27.44109053080342
-81.8554208731747,27.444427356437416
-81.85595977662234,27.44537035405864
-81.85597112786525,27.4476528576933
-81.8599771606174,27.447737064813737
-81.86109407273324,27.448780708263143
-81.86294193582165,27.449900072830133
-81.86408635909817,27.45030190790675
-81.86404283101183,27.455709761596268
-81.85969381481766,27.456604353208377
-81.85825628270123,27.463835254993057
-81.85679790519913,27.466095259388737
-81.85573016801283,27.4693711289745
-81.85463574434408,27.471304756809104
-81.85429989522396,27.473181645516604
-81.85386982503235,27.475059823851836
-81.8538133655943,27.478236246405686
-81.85177298013889,27.478665374107777
-81.84997053011585,27.479665882474535
-81.84901797180191,27.479331568497116
-81.84809011516666,27.4781149944115
-81.84552937927737,27.479224220021763
-81.84501619823891,27.480841771230814
-81.84263014306663,27.481897806438667
-81.83849567543501,27.48416535794496
-81.83779359000215,27.48322896404551
-81.83494734724223,27.48522505249423
-81.83092062558637,27.48556162017269
-81.82720296224687,27.488187696305204
-81.82610474883506,27.489704499163338
-81.82447163575733,27.489974576365682
-81.82331419659283,27.4913875515943
-81.82147606956494,27.493193430732276
-81.81889621948488,27.494094223169895
-81.81696828435878,27.49402888202735
-81.81643771582787,27.493354973253474
-81.8167811786085,27.49241554144413
-81.81724565686153,27.49204826371647
-81.81735975744681,27.49168304273826
-81.817064702474,27.491268145908236
-81.81612768354574,27.490909093380026
-81.81530822849192,27.490653502457235
-81.81483608082044,27.489979244746394
-81.8148611251408,27.485448248038267
-81.8154957722121,27.48440295613159
-81.81613232674545,27.48361804403754</coordinates></LinearRing></outerBoundaryIs></Polygon></Placemark>
<Placemark>
<ExtendedData>
  <Data name="COMNAME"><value>Florida bonneted bat</value></Data>
  <Data name="SCINAME"><value>Eumops floridanus</value></Data>
  <Data name="SPCODE"><value>A0JB</value></Data>
  <Data name="VIPCODE"><value>V01</value></Data>
  <Data name="UNIT"><value>2</value></Data>
  <Data name="SUBUNIT"><value>2C</value></Data>
  <Data name="UNITNAME"><value></value></Data>
  <Data name="SUBUNITNAM"><value></value></Data>
  <Data name="STATUS"><value>FINAL</value></Data>
  <Data name="LEADOFFICE"><value>FF04EF4000</value></Data>
  <Data name="COOPOFFICE"><value></value></Data>
  <Data name="COOPOFMORE"><value></value></Data>
  <Data name="FEDREG"><value>89FR16624</value></Data>
  <Data name="PUBDATE"><value>20240307</value></Data>
  <Data name="EFFECTDATE"><value>20240408</value></Data>
  <Data name="VACATEDATE"><value></value></Data>
  <Data name="ACCURACY"><value></value></Data></ExtendedData>
  <Polygon>
<outerBoundaryIs>
  <LinearRing><coordinates>-81.69304638018627,27.44796579478566
-81.69364362625231,27.447155700775
-81.6927961744039,27.44648612763274
-81.6924397838689,27.44515030074581
-81.69316068581696,27.44483620262872
-81.69401559124651,27.444545318711562
-81.6947879335163,27.443896556780714
-81.69583127749144,27.443771921537007
-81.69742961198699,27.442497990489926
-81.69746032653279,27.438867213351273
-81.69845445331032,27.438444163267548
-81.69885539715881,27.43933793739592
-81.70035062438177,27.438709403915936
-81.70058416572664,27.437537831006125
-81.70175373854414,27.436218234184196
-81.70258526429848,27.436476787473794
-81.70254261484973,27.43819677056456
-81.7029226953261,27.439030853091424
-81.7059679841351,27.437988375163457
-81.70736018412515,27.438005200579596
-81.70773323460105,27.43728858659904
-81.70962669241788,27.437244289592343
-81.71231522466786,27.43838004610228
-81.71706275654094,27.43741163274069
-81.71755400221537,27.43605417715861
-81.72203596518762,27.435732458186465
-81.72215931889741,27.43411953938528
-81.72470140914265,27.433957058871215
-81.72509435981681,27.4326413057517
-81.72800408751857,27.432417138939854
-81.72886179703426,27.430837708193735
-81.7316731622866,27.430636361678808
-81.73281058074366,27.428098515334284
-81.73733872300363,27.427848402182065
-81.73884902466273,27.427881521515076
-81.7394801778679,27.42719146451452
-81.7405339386903,27.424648025286217
-81.74049171731889,27.42333454115618
-81.73950592186077,27.42101092681287
-81.7393942152708,27.419309668506457
-81.73971484606324,27.418422865023274
-81.73927853817395,27.417011290938376
-81.74067074895584,27.41506319481067
-81.74135976094419,27.41302925389698
-81.74133943356799,27.409983942604924
-81.74139538039248,27.408341506255567
-81.74282609294977,27.407169467497
-81.74301765843813,27.40580003744185
-81.74300168467994,27.40341155679795
-81.74342507470737,27.40269273048517
-81.74339055782792,27.397533608589242
-81.74453673478246,27.395880174430545
-81.74760895019284,27.392089014896158
-81.74912631512728,27.39091047673719
-81.75163564127178,27.39001321054127
-81.75730502140959,27.386408150415832
-81.75966866367787,27.3868645662468
-81.76135563175694,27.385632003114495
-81.76350665091115,27.384646136609945
-81.77074541996512,27.38406270772782
-81.77190086263465,27.381598325202617
-81.77437663777158,27.38170403601248
-81.77490780794892,27.381133803782063
-81.77442731097159,27.379374905227735
-81.77717142761924,27.37959850636605
-81.77733092957868,27.37849290772158
-81.78007419187043,27.378597028530066
-81.7804349549092,27.37757987281293
-81.78201029823663,27.375439522316128
-81.78352420617716,27.374576860233958
-81.78827733902796,27.37514723635593
-81.78845259621033,27.376280812909215
-81.79119774438038,27.376265274422906
-81.79135367962857,27.375070113195193
-81.79352513587628,27.374729357374008
-81.793574688521,27.378329725736307
-81.78881630722674,27.379777998455893
-81.78856653221965,27.380400435431795
-81.78574843913913,27.381073185878904
-81.78405499414265,27.3818709348958
-81.7837335089942,27.385294353551615
-81.7802327603336,27.386896394153325
-81.7781773678912,27.387091243965813
-81.77749827092845,27.38807608164592
-81.77572807419125,27.38844421912546
-81.77398279047338,27.38758805734301
-81.7725418733088,27.38720790222294
-81.77231763365182,27.385518694831944
-81.7696805830924,27.387478494736797
-81.76958132401887,27.388601667033356
-81.76899793830415,27.389369224010522
-81.7677966311096,27.389781895917793
-81.76720317118935,27.389092477435952
-81.76575494883178,27.38862272016246
-81.7650243369036,27.38763412331616
-81.76352961509963,27.387990003036236
-81.76295815619392,27.39050112242893
-81.76155730922238,27.393040654102947
-81.75928034900886,27.392694781139312
-81.7547923111162,27.393817875194827
-81.75146372057418,27.39624829662165
-81.75128964240304,27.39820785910547
-81.74986386172782,27.399514478710273
-81.74939469530892,27.40047818591961
-81.74892375272896,27.40056137590682
-81.74848088518468,27.40235517714973
-81.74724685885542,27.402595064110983
-81.74595925001933,27.405449935865875
-81.74698263174304,27.406399884347252
-81.7473385762143,27.407592259475223
-81.74697241274663,27.408860159668677
-81.74588921171772,27.40963922257214
-81.74273090600644,27.417948367423264
-81.74434101442625,27.418566778134334
-81.74338321846074,27.420496634212327
-81.74417760311388,27.42428387090399
-81.74243017541221,27.42801177842091
-81.74017886746071,27.429605216107916
-81.73796062398355,27.430142461205662
-81.73646867748744,27.432223382703
-81.73374891088349,27.434350477192822
-81.73222550520285,27.438276851595504
-81.73103659336408,27.440671651775347
-81.72863924450547,27.441487815310495
-81.72521192638925,27.44345967872124
-81.72243164980074,27.443445839953597
-81.71798984065856,27.444452505079084
-81.7120933295435,27.443431797039864
-81.71024966718835,27.441907749243285
-81.70709037671946,27.441876045443166
-81.70750925934482,27.44277152468618
-81.7072270206105,27.444412007708024
-81.70369740101421,27.445098676063083
-81.70222453993051,27.44445747293406
-81.70197330532375,27.445532537796453
-81.70034000518706,27.446484418920875
-81.69939148572843,27.447934086488942
-81.69776031248841,27.44825277924241
-81.69644620153093,27.447901069678664
-81.69618815545897,27.449237135785268
-81.69531132006131,27.449892584175473
-81.69304638018627,27.44796579478566</coordinates></LinearRing></outerBoundaryIs></Polygon></Placemark>
<Placemark>
<ExtendedData>
  <Data name="COMNAME"><value>Florida bonneted bat</value></Data>
  <Data name="SCINAME"><value>Eumops floridanus</value></Data>
  <Data name="SPCODE"><value>A0JB</value></Data>
  <Data name="VIPCODE"><value>V01</value></Data>
  <Data name="UNIT"><value>2</value></Data>
  <Data name="SUBUNIT"><value>2D</value></Data>
  <Data name="UNITNAME"><value></value></Data>
  <Data name="SUBUNITNAM"><value></value></Data>
  <Data name="STATUS"><value>FINAL</value></Data>
  <Data name="LEADOFFICE"><value>FF04EF4000</value></Data>
  <Data name="COOPOFFICE"><value></value></Data>
  <Data name="COOPOFMORE"><value></value></Data>
  <Data name="FEDREG"><value>89FR16624</value></Data>
  <Data name="PUBDATE"><value>20240307</value></Data>
  <Data name="EFFECTDATE"><value>20240408</value></Data>
  <Data name="VACATEDATE"><value></value></Data>
  <Data name="ACCURACY"><value></value></Data></ExtendedData>
  <Polygon>
<outerBoundaryIs>
  <LinearRing><coordinates>-81.87343579112883,27.2343553923875
-81.87358179066706,27.227401961131648
-81.87454231427637,27.227223990694654
-81.87543184360464,27.22343492208404
-81.87594407046242,27.22060363954637
-81.87690510488665,27.217769546627324
-81.8762044700602,27.21468921573478
-81.87648404500266,27.21039623359934
-81.87855993209513,27.210746299202413
-81.87846425681994,27.2094475090953
-81.88078223601133,27.2086690127648
-81.87997147740174,27.205425230090327
-81.87642081906552,27.20504619552554
-81.87645761212906,27.203228351807013
-81.87869209916101,27.193714098327007
-81.8833326063147,27.180576352216917
-81.88514398840431,27.1737925960515
-81.88666664315105,27.17022692803033
-81.88806526070317,27.170734311139597
-81.8898652294967,27.16971429467901
-81.89243415011589,27.170199008577413
-81.89386738976816,27.16992116662857
-81.89437840254118,27.167021740660857
-81.89641481928845,27.16703860025126
-81.89730772287305,27.16598788363399
-81.89753230786965,27.164851865421326
-81.89984851359799,27.162299149686078
-81.8999679057942,27.160536796835743
-81.9012965533932,27.159722118081334
-81.9035390884581,27.156333808058832
-81.90440087010404,27.1555818219436
-81.9056648420588,27.155036236533135
-81.90706495878078,27.154818191406434
-81.90756005175496,27.154128270203557
-81.90852602345717,27.153883160879218
-81.91058831100173,27.153003929687657
-81.91444967341369,27.151724812250336
-81.91473643303993,27.150050930206305
-81.91816207032326,27.148565549660418
-81.91878445873573,27.147128322414176
-81.91761344700296,27.14677769473485
-81.91674694841288,27.146932644326114
-81.91678445643748,27.14334951147083
-81.91644777544445,27.141795107957932
-81.91898013502515,27.138408682914417
-81.92031571819581,27.138489505886014
-81.92187241048333,27.137046137169534
-81.92971404636609,27.136934712067386
-81.9350551334876,27.130184998838672
-81.93600101433532,27.13047360747106
-81.93772622518509,27.129267802766947
-81.93883087144752,27.129678424219946
-81.9437857240319,27.127614910899467
-81.94566759768145,27.125213663479826
-81.94855243124965,27.1218532324408
-81.94855648539345,27.11683608112031
-81.95062569322113,27.116893750146517
-81.95249123788028,27.11621242646237
-81.95300856479338,27.115454333950424
-81.95317755280178,27.115218568582122
-81.95334546252303,27.114990356619728
-81.95351263659887,27.11476923581165
-81.95367934752386,27.114554842831808
-81.95518824354258,27.112647429335425
-81.95666757794635,27.11078804503228
-81.95811017054791,27.107885234016408
-81.95955198973252,27.107195277739947
-81.96161267828245,27.10588411476016
-81.96177461740461,27.10379086175891
-81.96268171498912,27.10214924559125
-81.96471850405567,27.1025751690089
-81.96487788910326,27.097194275195704
-81.96927088934001,27.097233016190785
-81.96952082442647,27.096426621091723
-81.96943802384567,27.095760465373246
-81.96986815429187,27.094998807948684
-81.97099457404033,27.094554208310115
-81.9730231675851,27.094471206281185
-81.97472761398814,27.093777961184003
-81.97671103458651,27.091686122816384
-81.97818395502549,27.091239692158126
-81.97832609017689,27.0898746319088
-81.98038243859861,27.08767530477155
-81.98244269547399,27.08717115652371
-81.98366802445975,27.085972664207134
-81.98367737920762,27.08489999154142
-81.98279244181771,27.084336358536177
-81.98283720287458,27.08302880543505
-81.985193395159,27.08054866948555
-81.98659069520437,27.079954418161947
-81.9869791007049,27.07921214472475
-81.98696588696606,27.07770388362735
-81.98869345134165,27.076149874017517
-81.98895363510212,27.07593017054097
-81.98913163881406,27.074515026147594
-81.98848316286762,27.074273268596528
-81.98788440594052,27.074456620576655
-81.98716118554023,27.074139240833347
-81.98689093297014,27.070701572419694
-81.98524664221873,27.070318985532822
-81.98359892145305,27.069542285148373
-81.98274600082726,27.06811509433618
-81.98308273398095,27.06167901787245
-81.98224162145362,27.057094441355446
-81.98290708109687,27.055686610248927
-81.98343884752478,27.053521234317543
-81.98315412306431,27.052442394101263
-81.98331312410136,27.051246680689815
-81.98378349741046,27.050655828803485
-81.98406434579289,27.049241300445715
-81.98472168815533,27.047634060863288
-81.98575435717783,27.046665604334237
-81.98614102608747,27.046039471144752
-81.98637038468547,27.04481251438608
-81.9863478027089,27.044060264769428
-81.98595906176126,27.04353272065856
-81.9849728732994,27.042885432716616
-81.98425978286264,27.043222155078467
-81.98295617598671,27.043317256586192
-81.98138606401562,27.043134739176935
-81.98030284320163,27.042805496476547
-81.97926316486314,27.041960005150145
-81.97892104656898,27.04126730234418
-81.97934738817139,27.039370175293413
-81.9814131390051,27.03765987880041
-81.98180179991311,27.036343437699543
-81.98099249550722,27.03529809633011
-81.97829323164729,27.034695847335513
-81.97606623057203,27.03344455672095
-81.97525061382476,27.031396800422044
-81.97203643053678,27.02673736163996
-81.9721595315371,27.02544268233396
-81.97359167041924,27.024501228848692
-81.97594177519272,27.01868063850071
-81.97568650262997,27.01608471843508
-81.97704075033033,27.014564608769717
-81.97931037207599,27.00550655348468
-81.98404734141167,26.999945303333106
-81.98023646244275,26.992671787173265
-81.97788961501368,26.987224130389336
-81.97055509154421,26.98275317332036
-81.96907970696287,26.98232381898913
-81.96800751633378,26.983396882859893
-81.96606421988781,26.983873241157198
-81.96434405873129,26.98475448143421
-81.96300631628844,26.98430523320002
-81.96194440940695,26.98349057692866
-81.95938099533663,26.983030324589834
-81.95860997417094,26.983914586588924
-81.9566031604075,26.98483016837764
-81.9548810000581,26.98576959119373
-81.95357252425254,26.986002982351806
-81.95143939621113,26.98598491407256
-81.95033814578875,26.98635516765694
-81.94956825866814,26.986685460765443
-81.9485762345056,26.986663477737352
-81.94763835762404,26.986992218616024
-81.94300986271497,26.98690132863345
-81.94074578169244,26.988942175441082
-81.93733187606517,26.986241880058742
-81.93563795262935,26.98548287473494
-81.93559193791754,26.988632523572164
-81.92980083454086,26.988642190384837
-81.92469206208898,26.988623256058474
-81.92081583838018,26.986728170468723
-81.91643758162905,26.986694605971365
-81.91455546606187,26.98474814391176
-81.91453269612697,26.978633356544208
-81.9149801412205,26.976599145833973
-81.91697083733425,26.97551131959176
-81.92086544858154,26.97529889972452
-81.92361759437642,26.976056726037143
-81.92433223704307,26.976728506115705
-81.92557326459445,26.97721720041352
-81.92685492171722,26.977457197991328
-81.9276205037832,26.977184634163564
-81.9283926670879,26.97771460644401
-81.92981907189261,26.977399457918693
-81.93586552787178,26.97867797191094
-81.94171889401173,26.97980464077159
-81.9419172044154,26.980567679554838
-81.9477611159827,26.98054761298198
-81.94875131632017,26.98163016829767
-81.94981770272477,26.981622985412514
-81.95208384949001,26.979715899269365
-81.95453069163807,26.97901142433784
-81.95987700831722,26.97817253763253
-81.96372222340187,26.976388269203312
-81.96565022957441,26.97488457126599
-81.9661288280829,26.973486333227754
-81.96812122121736,26.972039487732218
-81.97116835093863,26.97173189351213
-81.97288180045467,26.97257998477852
-81.97370688616382,26.9758323730656
-81.97782098594968,26.976672023295293
-81.99370000954775,26.989043818617404
-81.99626578973437,26.994544772823076
-81.99445089849013,27.00040968445944
-81.99198177923569,27.00771234584812
-81.99208182071942,27.025303703802933
-82.00026281757494,27.031721193977944
-82.01662014110661,27.03182721955062
-82.01662113665611,27.03190846880085
-82.03281640685168,27.03213400258221
-82.03277309999851,27.040518232730335
-82.03146425367231,27.041781835063716
-82.0281827948001,27.041734190780346
-82.02484010468703,27.041042098614014
-82.0248631633043,27.046663337143343
-82.02483522226765,27.053947041722665
-82.02482741345432,27.05594882377926
-82.02239409621052,27.057213213019395
-82.02112037200754,27.058751762383963
-82.02042922952529,27.06101572019935
-82.01662398301039,27.060908188262317
-82.01662398390971,27.0609081334037
-82.01669997032735,27.053726583714933
-82.01669971222191,27.0537265711244
-82.01430532123356,27.05366230467166
-82.0126291297305,27.053617287307986
-82.01255652206578,27.059066445959786
-82.01152561031864,27.059037319616664
-82.01051611232867,27.05900879851731
-82.010516113228,27.059008742759318
-82.01054268909377,27.057193077198804
-82.0105424408809,27.05719306460827
-82.00850429563667,27.057136886658043
-82.00846192497784,27.059610787607824
-82.00844374877994,27.06067241210218
-82.00844373079349,27.060672827588974
-82.00687661626279,27.06067279341471
-82.00471227635046,27.060672712475764
-82.00291783119292,27.060672618946285
-82.00272544642218,27.06067261714759
-82.00044444645403,27.061429595399545
-82.00372791800896,27.06714996799667
-82.00684808796882,27.068688416637144
-82.00723496282325,27.073288698015062
-82.00909966571697,27.073193315918843
-82.00935776574823,27.07519786788737
-82.00799004980092,27.07631757149875
-82.00803883082733,27.081226221413033
-82.00495091775059,27.083806017533732
-82.00333998195458,27.086296866207476
-81.9989995273063,27.08975299860208
-81.99899294516825,27.09442509893921
-81.99554200725777,27.097115237378375
-81.99580872099563,27.098302857790713
-81.99559287650999,27.101056025215428
-81.9937196489426,27.10109994270823
-81.99292211576301,27.103267633494568
-81.99246924505957,27.104574995040025
-81.99148067699161,27.10480287964924
-81.99150603877263,27.110596297880875
-81.99079402302573,27.1114289783647
-81.98984289913045,27.111366712004212
-81.98873521315954,27.11102965509457
-81.98778752377518,27.11135818912919
-81.9804135794231,27.111294892145622
-81.97785231383318,27.109243597913746
-81.975925420122,27.109234005744838
-81.97357352030167,27.11354955276971
-81.96999368795832,27.11836324057117
-81.96776815457662,27.11963617876671
-81.96667902341818,27.12145993013172
-81.96643751318067,27.123254852829234
-81.96546435499596,27.12362939528043
-81.96463760194376,27.126095062037507
-81.96291225799428,27.1272175661378
-81.96290966704748,27.13134875843849
-81.96089572705614,27.133224786494736
-81.95835330586033,27.133403096875497
-81.95691008373336,27.13290714864604
-81.95199409175387,27.134866263267497
-81.94907532406694,27.13808178114931
-81.94970911138637,27.13899998176379
-81.95144092236063,27.139120038558985
-81.95083109477918,27.141035034239508
-81.94939774361092,27.1413741946634
-81.94944347683497,27.142428155135292
-81.9486109789135,27.144146971805355
-81.94980469942732,27.145950924595525
-81.94989423053426,27.147828235085058
-81.94755400121613,27.152004346723288
-81.94444966921685,27.152664929343075
-81.94283571529598,27.153707256184987
-81.93895883418281,27.15254719639603
-81.93868514080657,27.155052918057777
-81.93686627995481,27.15605420253945
-81.93833447355706,27.15716380226769
-81.93816409070018,27.158812237095106
-81.9370646919819,27.15947850163161
-81.93325253237845,27.16023406255198
-81.93147465453166,27.161801025097304
-81.93038999570172,27.16402218867313
-81.92852250041301,27.165935684284477
-81.92455483273932,27.16767049449777
-81.9129071886158,27.16466646568489
-81.91303642119385,27.16401587183509
-81.91171542232883,27.163687553637715
-81.91155869297927,27.164266130677447
-81.90401217322318,27.162630412263752
-81.90233741434014,27.16179891978436
-81.90197063573623,27.163028591596287
-81.90240882410791,27.163988372365566
-81.9032511552166,27.165017745372722
-81.9032350960228,27.16636548647807
-81.91235747351857,27.166547105464588
-81.91203205833278,27.17285422724086
-81.90822274418429,27.172930477159866
-81.90835805977662,27.180846103864667
-81.90525359197966,27.182911693719745
-81.90290766006041,27.187465305679382
-81.90060988054154,27.192103800150335
-81.90063059282755,27.194681866874703
-81.90008752821683,27.195303270529564
-81.89807158993187,27.196488108439496
-81.89797537236552,27.197344662326373
-81.89835694571644,27.198161958107903
-81.89768323569274,27.199427444521007
-81.89764983217395,27.200593286051344
-81.89187989344231,27.200611008990904
-81.89190103200696,27.208636508568077
-81.89281339152478,27.21048423675819
-81.89254418846349,27.216503639331563
-81.89068041726739,27.21865566482711
-81.89034011920108,27.218868022641175
-81.89218520788103,27.219735282057684
-81.89353385640231,27.219994207666616
-81.89355215490798,27.22228712365188
-81.88936034920073,27.224683263821646
-81.88490046638339,27.222934405298645
-81.88289837855729,27.2211317169552
-81.88035823804222,27.22201874976554
-81.8817202828647,27.22397837340327
-81.88311009875201,27.22407968742766
-81.88893466230479,27.226931227194427
-81.88732685075354,27.229043366857923
-81.88689220750933,27.2308423284108
-81.8865891890398,27.231718465035158
-81.88782489530263,27.231866211956174
-81.88831966092357,27.231588071432384
-81.88943937083025,27.2312656743714
-81.89035988360172,27.231431802535724
-81.89081393961158,27.23207860754178
-81.89057117571917,27.233004575600717
-81.88631847601681,27.236674080244654
-81.88330874730082,27.234599946830144
-81.87343579112883,27.2343553923875</coordinates></LinearRing></outerBoundaryIs></Polygon></Placemark>
<Placemark>
<ExtendedData>
  <Data name="COMNAME"><value>Florida bonneted bat</value></Data>
  <Data name="SCINAME"><value>Eumops floridanus</value></Data>
  <Data name="SPCODE"><value>A0JB</value></Data>
  <Data name="VIPCODE"><value>V01</value></Data>
  <Data name="UNIT"><value>3</value></Data>
  <Data name="SUBUNIT"><value>3A</value></Data>
  <Data name="UNITNAME"><value></value></Data>
  <Data name="SUBUNITNAM"><value></value></Data>
  <Data name="STATUS"><value>FINAL</value></Data>
  <Data name="LEADOFFICE"><value>FF04EF4000</value></Data>
  <Data name="COOPOFFICE"><value></value></Data>
  <Data name="COOPOFMORE"><value></value></Data>
  <Data name="FEDREG"><value>89FR16624</value></Data>
  <Data name="PUBDATE"><value>20240307</value></Data>
  <Data name="EFFECTDATE"><value>20240408</value></Data>
  <Data name="VACATEDATE"><value></value></Data>
  <Data name="ACCURACY"><value></value></Data></ExtendedData>
  <Polygon>
<outerBoundaryIs>
  <LinearRing><coordinates>-81.80782407132381,26.946066192001183
-81.80716763817594,26.90123229813213
-81.76060412138304,26.9012555411104
-81.76049983779723,26.813798141271263
-81.82556574826066,26.813678450500163
-81.82558116084186,26.82184814737417
-81.84183702645754,26.821899457294194
-81.84184585510212,26.81444657225154
-81.8502807341685,26.814568142605765
-81.85048982204762,26.799666287269417
-81.8903110755956,26.79954645710336
-81.89042574814971,26.810820467090934
-81.90106010454014,26.810862387189445
-81.9064811971495,26.810821530988903
-81.90770462406908,26.812005807721903
-81.90806058832544,26.813914488363025
-81.90883496845896,26.814208106219155
-81.90886383130072,26.817826806362064
-81.90255451877596,26.817867182324676
-81.90336116838319,26.821557361483087
-81.90342843497427,26.821646508579533
-81.91051666111497,26.82160108112504
-81.9105608160288,26.827124664971336
-81.91316708459323,26.827107869232805
-81.9131922961875,26.829255935912784
-81.91891923113758,26.829275058197425
-81.92320743067836,26.827811691256613
-81.92315555058815,26.810800721576072
-81.9479968948408,26.810741628023777
-81.94802768492968,26.81444289492373
-81.95628669887202,26.81440027425333
-81.95633768503609,26.81886425348256
-81.96317261082731,26.8188194231779
-81.9512416676688,26.800038125459196
-81.97317404774407,26.799889083514415
-81.97331769555518,26.78192828046582
-81.94089621129109,26.782091848260222
-81.93656760790873,26.77505514877612
-81.93951125174283,26.774205780472414
-81.93667960048316,26.76965612642914
-81.93153240539613,26.769768833964577
-81.92517987415181,26.758229965540522
-81.92977744767103,26.758226829604553
-81.92834982608355,26.755496396141837
-81.94058872498965,26.7554844342593
-81.94031658114528,26.741335668506338
-81.95758856735847,26.741957613553097
-81.95786002232211,26.726690155926008
-81.97363730831506,26.726745469627758
-81.97372805440614,26.718267284607577
-82.0060699999305,26.70310999932707
-82.00593980417858,26.712232629532252
-82.02250482703607,26.712109479968603
-82.02258743066534,26.720574382002155
-82.03084711190468,26.72051459147525
-82.03083305460177,26.73299147257842
-82.0386856001603,26.732934184864803
-82.03829080857389,26.74861762030696
-82.02643923598191,26.748501974686405
-82.02651474575885,26.75257644314837
-82.03816294476405,26.75271622117674
-82.03777604023202,26.770227237297206
-82.02174978952115,26.77014972562938
-82.02200919087142,26.78493427339805
-82.01367386675548,26.784979836650166
-82.01360222766061,26.79990563913401
-82.0053727312665,26.799904376485813
-82.00543583669446,26.811694067627172
-81.9649750338707,26.82095675734854
-81.96354674678491,26.822065281487596
-81.97056513067622,26.832451635434666
-81.96784862051737,26.832612655449736
-81.96767152152347,26.836289896961205
-81.97014165521318,26.836272978015586
-81.97052458204377,26.836611283184197
-81.97253956974532,26.836699724312894
-81.9727741767868,26.858871263797823
-81.9871961934495,26.858950446406027
-81.99025453591804,26.86150880628645
-81.9899672214101,26.873479230582063
-81.97297884719598,26.87345262953528
-81.97291281627344,26.883626088773042
-81.96479534213131,26.883684423297552
-81.96480152946697,26.88719601328546
-81.95678240608316,26.887047043286486
-81.95726025545639,26.935332942561274
-81.94936989430516,26.927803510823423
-81.94206763041677,26.92749308643687
-81.94156202706586,26.932393198187583
-81.93804921310067,26.93298986958689
-81.9363492066505,26.94656870168427
-81.80782407132381,26.946066192001183</coordinates></LinearRing></outerBoundaryIs></Polygon></Placemark>
<Placemark>
<ExtendedData>
  <Data name="COMNAME"><value>Florida bonneted bat</value></Data>
  <Data name="SCINAME"><value>Eumops floridanus</value></Data>
  <Data name="SPCODE"><value>A0JB</value></Data>
  <Data name="VIPCODE"><value>V01</value></Data>
  <Data name="UNIT"><value>3</value></Data>
  <Data name="SUBUNIT"><value>3B</value></Data>
  <Data name="UNITNAME"><value></value></Data>
  <Data name="SUBUNITNAM"><value></value></Data>
  <Data name="STATUS"><value>FINAL</value></Data>
  <Data name="LEADOFFICE"><value>FF04EF4000</value></Data>
  <Data name="COOPOFFICE"><value></value></Data>
  <Data name="COOPOFMORE"><value></value></Data>
  <Data name="FEDREG"><value>89FR16624</value></Data>
  <Data name="PUBDATE"><value>20240307</value></Data>
  <Data name="EFFECTDATE"><value>20240408</value></Data>
  <Data name="VACATEDATE"><value></value></Data>
  <Data name="ACCURACY"><value></value></Data></ExtendedData>
  <Polygon>
<outerBoundaryIs>
  <LinearRing><coordinates>-81.4572999381416,26.908113895140218
-81.45708044420712,26.857536224717023
-81.5590983832837,26.85713977747878
-81.56451131184753,26.852156886730995
-81.56271914017611,26.84995949043821
-81.54865649979757,26.84972808947981
-81.54867925714194,26.845332093601314
-81.55385037599405,26.842660384968838
-81.55856382446092,26.84264901753818
-81.55735834261338,26.836297155389445
-81.55607576728278,26.83539445548979
-81.55317017916042,26.835950975756987
-81.55377811187032,26.833826852627226
-81.55198018004126,26.83096730529695
-81.54910368498702,26.830811281015883
-81.54903848503801,26.828416789303446
-81.55323896920305,26.8283751354042
-81.55813780841311,26.828326399343894
-81.56030457019972,26.83554069065042
-81.56456575590488,26.83567386585628
-81.56449074435233,26.840855383569135
-81.56668502449423,26.842996534462543
-81.57377473181839,26.843466137052644
-81.57358137667916,26.828129962228047
-81.59637265607319,26.827940189987828
-81.60174891478056,26.82943834450407
-81.60361595411297,26.832736296043265
-81.60932088984714,26.839351248561343
-81.6162350225282,26.84278778292986
-81.63933813914377,26.844191737958397
-81.63965113559141,26.845959901328456
-81.64374000849455,26.846552143566612
-81.6511002993393,26.843751580970718
-81.65110967027505,26.839718792488327
-81.65925446312292,26.839083873821778
-81.65935769630062,26.83492261628578
-81.63160683388821,26.835334921269634
-81.629829736653,26.782957417850582
-81.63086864247384,26.783070587637553
-81.62969611808137,26.77895403450117
-81.62946872360266,26.7693292120735
-81.62941018403274,26.766892834436817
-81.62362361683643,26.766544565679226
-81.6236024279097,26.76193304997031
-81.68069706701601,26.761670358000686
-81.6789625194047,26.769361401507524
-81.67751790962382,26.777060243035862
-81.67562032391879,26.797330504199465
-81.67320776932308,26.797468610388137
-81.67422369656629,26.800553130322783
-81.68651205908424,26.81625654330486
-81.69529091624275,26.823857776015586
-81.71283786927222,26.844487249786823
-81.71379747557302,26.851003729238755
-81.71650835507648,26.85929685716428
-81.71486814185124,26.865179995360563
-81.68844409242087,26.855994965695174
-81.66260185219369,26.84778951087725
-81.66171393894706,26.900914056838303
-81.60715027356622,26.90031401298137
-81.58411117159324,26.907944897239247
-81.4572999381416,26.908113895140218</coordinates></LinearRing></outerBoundaryIs></Polygon></Placemark>
<Placemark>
<ExtendedData>
  <Data name="COMNAME"><value>Florida bonneted bat</value></Data>
  <Data name="SCINAME"><value>Eumops floridanus</value></Data>
  <Data name="SPCODE"><value>A0JB</value></Data>
  <Data name="VIPCODE"><value>V01</value></Data>
  <Data name="UNIT"><value>4</value></Data>
  <Data name="SUBUNIT"><value>4</value></Data>
  <Data name="UNITNAME"><value></value></Data>
  <Data name="SUBUNITNAM"><value></value></Data>
  <Data name="STATUS"><value>FINAL</value></Data>
  <Data name="LEADOFFICE"><value>FF04EF4000</value></Data>
  <Data name="COOPOFFICE"><value></value></Data>
  <Data name="COOPOFMORE"><value></value></Data>
  <Data name="FEDREG"><value>89FR16624</value></Data>
  <Data name="PUBDATE"><value>20240307</value></Data>
  <Data name="EFFECTDATE"><value>20240408</value></Data>
  <Data name="VACATEDATE"><value></value></Data>
  <Data name="ACCURACY"><value></value></Data></ExtendedData>
  <Polygon>
<outerBoundaryIs>
  <LinearRing><coordinates>-81.38224608958535,27.05259287406193
-81.38225042161963,27.05075243847432
-81.380198949322,27.05075024862515
-81.38019494464095,27.052589630207308
-81.37252259803944,27.05256015133
-81.37252587876628,27.05104163526329
-81.37450444392493,27.049474049487856
-81.37612625162518,27.048792353484373
-81.37839432653692,27.047155827479514
-81.38188268253975,27.04388168908872
-81.38228029799734,27.043730507656846
-81.38219498920733,27.03251862553418
-81.41481392592192,27.032730854745182
-81.4144428611491,27.018745452640587
-81.4183990049101,27.018014742686262
-81.42503784162307,27.012510916945303
-81.42891157960565,27.010253902795455
-81.43133773824599,27.009683277561237
-81.43299065799243,27.007406147375832
-81.43576697846322,27.00584920147952
-81.43826984567681,27.002513514387203
-81.43726842359882,26.998495063796213
-81.43454874872572,26.99322469216588
-81.43181780175013,26.980651982902714
-81.42622697919171,26.97940342532786
-81.42377850027754,26.977109762905286
-81.41848651883771,26.976040172216244
-81.41213620082499,26.977635483191023
-81.4088706095909,26.98013101823193
-81.40584375328655,26.979226780491558
-81.39671351661548,26.975350079242787
-81.39441564086911,26.971212241851504
-81.38942730652496,26.97157636745544
-81.38756129961422,26.972782373607686
-81.38582875299454,26.973325306018126
-81.38424614224562,26.973263302259625
-81.38371909096321,26.971664747430225
-81.38658034790467,26.969378748130794
-81.36893087036333,26.957438854019927
-81.3660974744189,26.95646454020641
-81.360807676533,26.954611535693857
-81.35526449016407,26.952719901702153
-81.35115242194667,26.951377917157174
-81.34718534512751,26.95006182679191
-81.34178661865747,26.947577131279616
-81.33719565065871,26.947954149564396
-81.33588246600294,26.948096863879243
-81.3312871902516,26.947713011646215
-81.3240053634567,26.94698640260043
-81.32334983682546,26.947305857979018
-81.32100959311816,26.94729149041001
-81.32101672024538,26.944508943033327
-81.32093096359307,26.944509014079813
-81.31738189795618,26.94451188741374
-81.31738502579827,26.943587882574775
-81.31740611130294,26.93735939212229
-81.31741800123973,26.93384737225847
-81.31742422274965,26.93200957887899
-81.31742681459576,26.93124394645099
-81.3174293785629,26.930486822508897
-81.31743058994971,26.930129040722704
-81.31744139980071,26.92962485740128
-81.3174428800848,26.929599155676556
-81.31744342057738,26.929575868631503
-81.31745296328359,26.929424091848432
-81.31747040563465,26.929121250545336
-81.31747524578594,26.929069686117145
-81.31747815239476,26.929023454668766
-81.31749480154383,26.928861354567914
-81.31751757507601,26.928618748956126
-81.31752769065037,26.928541133866304
-81.31753474133518,26.928472493111144
-81.31755646985516,26.92832034310942
-81.31758285866198,26.92811787873717
-81.31760022547002,26.92801394408832
-81.31760094222966,26.92800892317331
-81.3176131154529,26.92792368003387
-81.31761533408036,26.92792352355184
-81.31766618984273,26.927619164193118
-81.31796439963728,26.926012349090684
-81.32322719358007,26.926275366614902
-81.3275222360623,26.927503787469846
-81.33263261740132,26.92764718886673
-81.33907949472285,26.927961352634384
-81.33917143241564,26.928753298326114
-81.33963152557442,26.929066915305953
-81.34423591865266,26.928849979942697
-81.34492383436742,26.928581996362084
-81.3457479703925,26.928701027030797
-81.34709989244607,26.92918189812616
-81.34826525373842,26.93047423200028
-81.35740852068665,26.93494222040721
-81.36254546170363,26.93649062274409
-81.3667915702747,26.93816220162438
-81.36770056183144,26.939430828469995
-81.37316600810476,26.942200556910223
-81.37550097638893,26.94172227945967
-81.37727859523096,26.942441284737527
-81.37667940752857,26.944551939620396
-81.37897852523872,26.94660015727152
-81.38394494760121,26.946456188402408
-81.38423074315426,26.945391546682572
-81.38821688020482,26.946361263161805
-81.38984532849906,26.947272358232794
-81.39013040099718,26.949144360024263
-81.3926863785735,26.949678295616877
-81.39343286173715,26.950675036723624
-81.39859020657275,26.95140967311795
-81.40235842440171,26.953271761682515
-81.41002114555937,26.953291312943804
-81.41146244313722,26.953744908500767
-81.41531574042904,26.953400675900525
-81.41535729720147,26.952068795238745
-81.41651659616394,26.95160758512202
-81.42338771067426,26.951087719422787
-81.42380270193308,26.950295742254752
-81.42440531065654,26.95000260823383
-81.42798200886256,26.950241506840143
-81.43165635365773,26.95172853764194
-81.43518669900692,26.948230247727793
-81.43973242571082,26.949698837931066
-81.44196375612239,26.947719872574112
-81.44486306787627,26.948748650230073
-81.4449839061823,26.9500283342403
-81.44880966893106,26.95101950764422
-81.44885312866893,26.961986394656435
-81.45001260569717,26.96229406621825
-81.45067334929558,26.96339903623658
-81.45087314178204,26.965093614378873
-81.45126405818968,26.966303232208475
-81.45080418896214,26.967169609389998
-81.45107762783022,26.967964448200803
-81.45270118471188,26.968443592597794
-81.45282061378026,26.969342710497756
-81.45204978596882,26.969691146529215
-81.45275515662513,26.971246177768933
-81.45227861216819,26.971684304986752
-81.45333751441473,26.97307744027171
-81.45302945074849,26.973286008342654
-81.45183027494721,26.97273631662779
-81.44987084466374,26.975198913998724
-81.4492935797349,26.975685101885972
-81.44925963662291,26.976861480772754
-81.4487589013022,26.97717444124754
-81.44751190225247,26.976066462996926
-81.44597440509466,26.977479816840116
-81.44797768632111,26.9817661107175
-81.44834572397593,26.985208024830513
-81.44906554044229,26.98521862963611
-81.4494753731899,26.9869197026822
-81.4496388510521,26.988208861949488
-81.44958931729315,26.990233817736566
-81.44900061928314,26.990622599153653
-81.44958394384389,26.9925036724066
-81.45141308934257,26.9927041726595
-81.45198139882245,26.994417624873563
-81.44914795701254,26.995097318086835
-81.44926579428096,26.995767576512492
-81.44994551627252,26.996539214613108
-81.44997805644209,26.997480576367536
-81.45086130490523,26.998741638116144
-81.45102234740335,26.999411755348262
-81.45033492091983,26.99998881253373
-81.45167184587893,27.000213855285267
-81.45167040246707,27.0036990132989
-81.45167438646371,27.00741728727803
-81.45167635867699,27.009256569035472
-81.45167837315836,27.011135501901947
-81.45574650139986,27.011127937704202
-81.45574615066431,27.011216229545425
-81.45574198680322,27.012105683330674
-81.45574071606114,27.0123807715554
-81.45577015986493,27.01265597579271
-81.45233538816757,27.014522559168825
-81.4499944618749,27.01382506207699
-81.44965821975103,27.016041057249026
-81.44708386812596,27.01922085136124
-81.44607380536178,27.018695287557534
-81.44337002600588,27.019555012453907
-81.44171257367628,27.022861790839045
-81.44340150497544,27.024033037294885
-81.44277455160426,27.02560546232229
-81.44193917315425,27.025569396810283
-81.44184397182181,27.02700123441946
-81.44016693945264,27.029018379594618
-81.4404002712555,27.029765660456917
-81.44175426714565,27.02983879872164
-81.44270711054469,27.030441952434217
-81.44268230364537,27.03146087262121
-81.44134213393232,27.031245835726793
-81.440019989331,27.03195929488561
-81.43844809580293,27.03140964004291
-81.43803447151362,27.032780747333675
-81.42298307241083,27.03269705822271
-81.42282675674937,27.040166322617722
-81.4186893510327,27.040166195813356
-81.41860063201352,27.043941026357345
-81.40628966863324,27.043612557973233
-81.40619739279538,27.047428086437094
-81.39841608073749,27.0471864826701
-81.39841432975749,27.050850088660695
-81.39033276014874,27.05080162059835
-81.39033001271986,27.05263767828626
-81.38224608958535,27.05259287406193</coordinates></LinearRing></outerBoundaryIs></Polygon></Placemark>
<Placemark>
<ExtendedData>
  <Data name="COMNAME"><value>Florida bonneted bat</value></Data>
  <Data name="SCINAME"><value>Eumops floridanus</value></Data>
  <Data name="SPCODE"><value>A0JB</value></Data>
  <Data name="VIPCODE"><value>V01</value></Data>
  <Data name="UNIT"><value>5</value></Data>
  <Data name="SUBUNIT"><value>5</value></Data>
  <Data name="UNITNAME"><value></value></Data>
  <Data name="SUBUNITNAM"><value></value></Data>
  <Data name="STATUS"><value>FINAL</value></Data>
  <Data name="LEADOFFICE"><value>FF04EF4000</value></Data>
  <Data name="COOPOFFICE"><value></value></Data>
  <Data name="COOPOFMORE"><value></value></Data>
  <Data name="FEDREG"><value>89FR16624</value></Data>
  <Data name="PUBDATE"><value>20240307</value></Data>
  <Data name="EFFECTDATE"><value>20240408</value></Data>
  <Data name="VACATEDATE"><value></value></Data>
  <Data name="ACCURACY"><value></value></Data></ExtendedData>
  <Polygon>
<outerBoundaryIs>
  <LinearRing><coordinates>-81.52373166248617,26.454842261361307
-81.53113261527795,26.434346457423146
-81.53228125907282,26.42098317303504
-81.52410004638,26.414247866945573
-81.52607258248366,26.4041055485323
-81.52589112447578,26.398977092618793
-81.53023880427736,26.397164999165454
-81.53421513152307,26.398443327897326
-81.53992678429364,26.394523108454734
-81.54162147215317,26.39565703934096
-81.53553049253816,26.407554674308813
-81.53932017538574,26.414180143498868
-81.54489773024602,26.41547292793331
-81.55388563481415,26.408629893854595
-81.554869114518,26.392381194036943
-81.56411351112962,26.384222603790192
-81.57194262665087,26.38514711854475
-81.57821076911165,26.392169345239154
-81.58078684833436,26.403386972231033
-81.58715350253209,26.403360985421216
-81.60395989893016,26.37999084929828
-81.6035886569909,26.34425843537855
-81.59558248204587,26.34450694234158
-81.595470898663,26.333325262151163
-81.60358290942366,26.333183828470965
-81.60690786220806,26.330195529700006
-81.6070612874484,26.321487101148875
-81.61711552895844,26.320333311433217
-81.62649461343563,26.311979046695683
-81.62661954005966,26.305635797354228
-81.64040938368606,26.3044640256943
-81.65789326905906,26.30273652337189
-81.70555087317422,26.302999776518504
-81.7057010590566,26.316854900133592
-81.65774794671034,26.317291529080876
-81.65783604070066,26.33262259755486
-81.67374401347541,26.33264426492093
-81.67389211293062,26.339905955895176
-81.7267938824317,26.339410926772928
-81.7271023579874,26.360372152353023
-81.72282736858813,26.36087500287914
-81.72281293626793,26.390520771916158
-81.76921634765625,26.389714807592327
-81.77056438823587,26.42048742535445
-81.75693603497001,26.42712754719861
-81.74427945403352,26.427086491348575
-81.73683502891339,26.420531700777417
-81.72373009187021,26.420702330048528
-81.7233281425797,26.43502245442278
-81.71291414617087,26.437375518865167
-81.70780985414143,26.44526796014827
-81.70792700702572,26.45094502859024
-81.69234373357642,26.450910056653868
-81.69207108431306,26.439778707021787
-81.69107981378232,26.439449522777295
-81.69040813352848,26.437411776832107
-81.6906844996899,26.435369448841016
-81.69243693032001,26.432021164944842
-81.69954441814036,26.428164341411275
-81.70044685813593,26.4194497893763
-81.69524411732209,26.40659350408697
-81.68525005124883,26.39163212442304
-81.65850434220158,26.392116714215035
-81.65916074926912,26.42127277182101
-81.6270670463071,26.421517616744666
-81.62696576016168,26.406986524008914
-81.61676637526796,26.407389538096766
-81.61638548360315,26.4108893937306
-81.60211919624385,26.421433124539135
-81.59101577235998,26.425213749415036
-81.57854267830191,26.42928603612171
-81.56242357798573,26.430044136727588
-81.56218982170287,26.436554921672325
-81.55408299733244,26.436580957944898
-81.55404591378783,26.445425800160592
-81.54986693870819,26.445585276939028
-81.54997667488362,26.4519274884629
-81.5569034628245,26.451924549478406
-81.55695035707328,26.46167122105004
-81.55695127707975,26.461862332380804
-81.55353291171446,26.468564631552567
-81.5515213531279,26.469766879437998
-81.55182644363543,26.478079180010184
-81.53945241439737,26.488637757726394
-81.52781589488762,26.49497960232685
-81.52531416981304,26.493448702595572
-81.51406240365696,26.49043409235952
-81.50370422816758,26.484138105089528
-81.50477788289294,26.47581852270673
-81.50443652812322,26.469317236401366
-81.50591736529412,26.45958878599373
-81.51799014143182,26.45861922689585
-81.52373166248617,26.454842261361307</coordinates></LinearRing></outerBoundaryIs></Polygon></Placemark>
<Placemark>
<ExtendedData>
  <Data name="COMNAME"><value>Florida bonneted bat</value></Data>
  <Data name="SCINAME"><value>Eumops floridanus</value></Data>
  <Data name="SPCODE"><value>A0JB</value></Data>
  <Data name="VIPCODE"><value>V01</value></Data>
  <Data name="UNIT"><value>6</value></Data>
  <Data name="SUBUNIT"><value>6</value></Data>
  <Data name="UNITNAME"><value></value></Data>
  <Data name="SUBUNITNAM"><value></value></Data>
  <Data name="STATUS"><value>FINAL</value></Data>
  <Data name="LEADOFFICE"><value>FF04EF4000</value></Data>
  <Data name="COOPOFFICE"><value></value></Data>
  <Data name="COOPOFMORE"><value></value></Data>
  <Data name="FEDREG"><value>89FR16624</value></Data>
  <Data name="PUBDATE"><value>20240307</value></Data>
  <Data name="EFFECTDATE"><value>20240408</value></Data>
  <Data name="VACATEDATE"><value></value></Data>
  <Data name="ACCURACY"><value></value></Data></ExtendedData>
  <Polygon>
<outerBoundaryIs>
  <LinearRing><coordinates>-81.13128599185501,26.259864972690366
-81.11809867601306,26.25739971422547
-81.10661859806982,26.257558670296476
-81.10660815963882,26.255979227859143
-81.09030974799646,26.256168123260352
-81.07383191171334,26.256457878528295
-81.05778733641642,26.25662936755134
-81.04151656813508,26.256775162044164
-81.02542005788933,26.25684960522517
-81.00920103569922,26.256991729584684
-80.99309074514173,26.25708199903505
-80.97664395885158,26.25717228827051
-80.96027254384279,26.25750601229271
-80.95549556546791,26.257614395887686
-80.95009224526086,26.24763689442716
-80.9250663358427,26.23114140535165
-80.89808661870245,26.185254390977434
-80.8854294550053,26.10694264039057
-80.88560463034935,25.92634620191575
-80.92952635355834,25.8610262005987
-80.98446308740154,25.78076486910345
-81.12445799354151,25.7817079800393
-81.26233216699586,25.862790853015497
-81.33511441170072,25.90242524183151
-81.37813740461752,25.917561858892725
-81.39725730877774,25.919788263717464
-81.42138664267935,25.92584229648486
-81.47272221675684,25.943251390639205
-81.49451957621744,25.961527024752456
-81.51306721118283,25.960315711700787
-81.55197897584901,25.9736471025318
-81.56901370741662,25.987342283519638
-81.58392937993688,25.988716301016552
-81.60901976175256,26.005919295738977
-81.60500706862126,26.00770405250006
-81.60503229010806,26.01262543051928
-81.59661594337103,26.0128513222308
-81.5967770686068,26.020233562828707
-81.58848281113279,26.02037943106592
-81.58818613558168,26.03537016460149
-81.58471919783267,26.03538423629351
-81.5846397517231,26.044333517677728
-81.58785929497043,26.044320451427723
-81.5873996604659,26.05148147858739
-81.59488857414834,26.051426065960243
-81.59899375355883,26.066647025040197
-81.6544808760915,26.06674171825574
-81.66983831898318,26.06667127795714
-81.67922100794311,26.077268808908457
-81.66672844985806,26.086149375793127
-81.65422806497315,26.088108222416565
-81.65406956665714,26.154147721839934
-81.5685281121826,26.152391725397877
-81.49451502384926,26.152479307673957
-81.5024390349335,26.185606224647586
-81.50248823324534,26.197073423399843
-81.45736245541298,26.19679393749027
-81.45742127017542,26.211844708866295
-81.4395069998481,26.2119005756511
-81.4377720835148,26.208322303631462
-81.43254260225928,26.20863675698081
-81.4327533808638,26.211921058610017
-81.41897861077422,26.211854559140647
-81.41942000073243,26.226371434494183
-81.37892832508209,26.22701120410386
-81.38302850336271,26.25140827247384
-81.16567006751956,26.25136680563361
-81.16076638905759,26.25818386279508
-81.15198138143558,26.261825928224084
-81.14704011940597,26.264307776482724
-81.1420966360509,26.265138321076734
-81.13128599185501,26.259864972690366</coordinates></LinearRing></outerBoundaryIs></Polygon></Placemark>
<Placemark>
<ExtendedData>
  <Data name="COMNAME"><value>Florida bonneted bat</value></Data>
  <Data name="SCINAME"><value>Eumops floridanus</value></Data>
  <Data name="SPCODE"><value>A0JB</value></Data>
  <Data name="VIPCODE"><value>V01</value></Data>
  <Data name="UNIT"><value>7</value></Data>
  <Data name="SUBUNIT"><value>7</value></Data>
  <Data name="UNITNAME"><value></value></Data>
  <Data name="SUBUNITNAM"><value></value></Data>
  <Data name="STATUS"><value>FINAL</value></Data>
  <Data name="LEADOFFICE"><value>FF04EF4000</value></Data>
  <Data name="COOPOFFICE"><value></value></Data>
  <Data name="COOPOFMORE"><value></value></Data>
  <Data name="FEDREG"><value>89FR16624</value></Data>
  <Data name="PUBDATE"><value>20240307</value></Data>
  <Data name="EFFECTDATE"><value>20240408</value></Data>
  <Data name="VACATEDATE"><value></value></Data>
  <Data name="ACCURACY"><value></value></Data></ExtendedData>
  <Polygon>
<outerBoundaryIs>
  <LinearRing><coordinates>-80.65686935153929,25.730857101873823
-80.65277082980992,25.72520883871698
-80.64514722556396,25.734365062197924
-80.64123577900796,25.73593174145674
-80.63850965149919,25.730294553450904
-80.64017217060916,25.725669564099178
-80.64964493116861,25.71728369718494
-80.6565002949526,25.71241145272643
-80.66295723478851,25.7046854345852
-80.65496279959348,25.696830072349996
-80.63660167952384,25.70714425930015
-80.63182446282866,25.706236316352943
-80.62623612419776,25.708323110423237
-80.61973051215335,25.72561765433136
-80.60967065617581,25.726785660529856
-80.59813846521797,25.724514429897056
-80.58263320975476,25.7271587038112
-80.57348228058277,25.74028923376119
-80.56954811715184,25.74265938712108
-80.56413537115043,25.736512024510375
-80.56581711686641,25.727408218914206
-80.57572792280536,25.721912376455066
-80.58481103949782,25.717160119543905
-80.5927436750805,25.711209470141
-80.5860331111391,25.69745259116422
-80.5735254669267,25.692339470490197
-80.56244567992417,25.70343315651502
-80.55750959259359,25.700355347321477
-80.5631541955097,25.689172934183603
-80.57602873253995,25.68353653038662
-80.58501774597215,25.674675743191074
-80.59226913071575,25.674397531620855
-80.59137531162128,25.68789763077109
-80.60315538990926,25.6946700015194
-80.62040454953029,25.698509622820893
-80.63529092303764,25.695500533522875
-80.6348424769987,25.680417411734197
-80.64690206997449,25.670292851334068
-80.6592738500081,25.668264317144576
-80.67082619837032,25.657157815780636
-80.67765388461902,25.649559907863534
-80.68726628471126,25.645390355880295
-80.68886082047044,25.658185505256938
-80.67838970182322,25.67006124083366
-80.67719332291347,25.693556648920264
-80.68994832115806,25.70532630496507
-80.69914923015278,25.71306849021869
-80.71273142301675,25.708680471326716
-80.71595925711398,25.709881412497225
-80.71679998023484,25.716811819310067
-80.71824214206117,25.720398458622014
-80.72555501435238,25.723160026613982
-80.72951466277141,25.72173389160588
-80.73559735963039,25.713454377617495
-80.75127789116169,25.720219657211487
-80.75495949798238,25.73400131340992
-80.74703761019754,25.737929999969595
-80.73199577088809,25.74041178887302
-80.71145151957194,25.72711234735698
-80.6746039364225,25.72764844851713
-80.66412807654945,25.738519510067363
-80.65998206791807,25.746906083848728
-80.65331845308413,25.746560718102728
-80.65304046454577,25.74136057992689
-80.65686935153929,25.730857101873823</coordinates></LinearRing></outerBoundaryIs></Polygon></Placemark>
<Placemark>
<ExtendedData>
  <Data name="COMNAME"><value>Florida bonneted bat</value></Data>
  <Data name="SCINAME"><value>Eumops floridanus</value></Data>
  <Data name="SPCODE"><value>A0JB</value></Data>
  <Data name="VIPCODE"><value>V01</value></Data>
  <Data name="UNIT"><value>8</value></Data>
  <Data name="SUBUNIT"><value>8</value></Data>
  <Data name="UNITNAME"><value></value></Data>
  <Data name="SUBUNITNAM"><value></value></Data>
  <Data name="STATUS"><value>FINAL</value></Data>
  <Data name="LEADOFFICE"><value>FF04EF4000</value></Data>
  <Data name="COOPOFFICE"><value></value></Data>
  <Data name="COOPOFMORE"><value></value></Data>
  <Data name="FEDREG"><value>89FR16624</value></Data>
  <Data name="PUBDATE"><value>20240307</value></Data>
  <Data name="EFFECTDATE"><value>20240408</value></Data>
  <Data name="VACATEDATE"><value></value></Data>
  <Data name="ACCURACY"><value></value></Data></ExtendedData>
  <Polygon>
<outerBoundaryIs>
  <LinearRing><coordinates>-80.65032427994151,25.42467786519137
-80.64450386855867,25.419819516157816
-80.6381734624353,25.41844158481132
-80.63165383355755,25.417516050225572
-80.62367232791559,25.414341384047702
-80.61653286649857,25.40900073129876
-80.61467343273267,25.40637703477239
-80.59504408151912,25.395930767091272
-80.59483443426171,25.39963362758988
-80.59344321723063,25.402676162674823
-80.59133011799054,25.405238815918665
-80.58625722489097,25.407852869914052
-80.58532730071431,25.4105382230606
-80.5845975080685,25.4123878766992
-80.58058455863045,25.412675146241043
-80.57914406144926,25.41081931605862
-80.57665070726426,25.409139642380637
-80.57375967466919,25.408354764460853
-80.57375413934204,25.391211448749402
-80.57857186420011,25.3862077692732
-80.58284983395265,25.385085036745124
-80.58510038197699,25.380730896213947
-80.58801008629644,25.37584096658736
-80.59130177675553,25.374595750893263
-80.59491558368723,25.375317562055898
-80.59806165951795,25.37831284046524
-80.60041335699077,25.38297842251626
-80.60500754186455,25.38561908115571
-80.61065785907289,25.387067735187884
-80.61643945032034,25.388635981965024
-80.62182999835568,25.38912780320561
-80.63511289144674,25.389161350615893
-80.63801644620202,25.385912794340015
-80.66995634980566,25.385828495488738
-80.6719454541194,25.38169462051036
-80.67364669354004,25.382845283283245
-80.67348079020627,25.395632613954035
-80.73200802505028,25.39575090178272
-80.74007483408627,25.395191938057565
-80.74425260947032,25.389900662585546
-80.74609787082005,25.38415108990091
-80.74870552344112,25.377692973751778
-80.7517935624229,25.374352531044508
-80.75845883021083,25.369638561870204
-80.7624644501742,25.36631451830044
-80.76880369213666,25.362388490136766
-80.77297314429512,25.360275527593558
-80.77980114710522,25.362102571376624
-80.78829847779247,25.36226642515544
-80.79446110639492,25.363637662847907
-80.79962987531843,25.361525336125396
-80.80179542751694,25.36183104626582
-80.80729554625242,25.360778620936685
-80.8068019479515,25.356841843176596
-80.80364095686463,25.35396125800571
-80.79948398190021,25.348959793559686
-80.79465662530299,25.346530905476982
-80.789826060824,25.34606992198934
-80.78650022130813,25.342583173075013
-80.78083852227996,25.3412123490707
-80.77934661895125,25.337122595731273
-80.78218344580932,25.334401797604926
-80.78951015417022,25.336077737297785
-80.80016953959256,25.337303701204917
-80.81082890972635,25.338680284467614
-80.8165530073154,25.337992889460338
-80.82198674529201,25.34111643187788
-80.8352737680699,25.342798692006056
-80.83030827830436,25.346879076208438
-80.82214536771448,25.346566665219484
-80.81897616311937,25.349136433000012
-80.82046820584299,25.35413412479005
-80.81779996769433,25.355796134883747
-80.81429881973469,25.357305658629286
-80.81546005673619,25.360637691776105
-80.81478781800337,25.364421587486333
-80.81328169729244,25.3686585922203
-80.80994746440393,25.369714050962727
-80.8096051878291,25.37546640435113
-80.80726816999004,25.3780369806222
-80.80326803679043,25.37848585473847
-80.7994954563502,25.38187020234801
-80.79808904077657,25.386351073543267
-80.79874787151704,25.391045034600722
-80.79640981586027,25.393918205760656
-80.79107450688292,25.395121835004716
-80.78354458411525,25.399842904326647
-80.77689797905845,25.40055100622402
-80.76789565655929,25.401596792757857
-80.7635485721089,25.408553734966972
-80.75953527193519,25.41505692064044
-80.75403106128442,25.416713083342188
-80.7493570534852,25.41988433659293
-80.74285581664259,25.41987310585921
-80.73901491110922,25.423045482363193
-80.73553086285898,25.42766629706199
-80.73199331394022,25.432116109271078
-80.72481425357489,25.436644463771017
-80.72245968906338,25.445571889830887
-80.71677906740001,25.450556822039744
-80.70883919946942,25.45555503363795
-80.70171909236217,25.454567613104928
-80.6996040910559,25.450825467521383
-80.69627764179967,25.447488111287385
-80.69178233108966,25.444905167539503
-80.69112582959332,25.440816336904447
-80.6864649375068,25.437930107588443
-80.67946901148565,25.435492816240526
-80.67080292571444,25.434262557171337
-80.6628009326169,25.434093022375123
-80.65847660730952,25.4331150744012
-80.65464088277048,25.430894941448457
-80.65365186054487,25.426956551203943
-80.65032427994151,25.42467786519137</coordinates></LinearRing></outerBoundaryIs></Polygon></Placemark>
<Placemark>
<ExtendedData>
  <Data name="COMNAME"><value>Florida bonneted bat</value></Data>
  <Data name="SCINAME"><value>Eumops floridanus</value></Data>
  <Data name="SPCODE"><value>A0JB</value></Data>
  <Data name="VIPCODE"><value>V01</value></Data>
  <Data name="UNIT"><value>9</value></Data>
  <Data name="SUBUNIT"><value>9A</value></Data>
  <Data name="UNITNAME"><value></value></Data>
  <Data name="SUBUNITNAM"><value></value></Data>
  <Data name="STATUS"><value>FINAL</value></Data>
  <Data name="LEADOFFICE"><value>FF04EF4000</value></Data>
  <Data name="COOPOFFICE"><value></value></Data>
  <Data name="COOPOFMORE"><value></value></Data>
  <Data name="FEDREG"><value>89FR16624</value></Data>
  <Data name="PUBDATE"><value>20240307</value></Data>
  <Data name="EFFECTDATE"><value>20240408</value></Data>
  <Data name="VACATEDATE"><value></value></Data>
  <Data name="ACCURACY"><value></value></Data></ExtendedData>
  <Polygon>
<outerBoundaryIs>
  <LinearRing><coordinates>-80.30913560242607,25.740100503835208
-80.30808020663619,25.73957427093592
-80.30761259064849,25.739659448424845
-80.30752283830833,25.736565306643627
-80.30889980558152,25.73657693487769
-80.30911156444711,25.736148290111544
-80.30806269054068,25.735467771320657
-80.3080161335377,25.733444534138016
-80.30989473905095,25.73340982750159
-80.31078189956497,25.734159822517825
-80.31082656709236,25.740994986629403
-80.30913560242607,25.740100503835208</coordinates></LinearRing></outerBoundaryIs></Polygon></Placemark>
<Placemark>
<ExtendedData>
  <Data name="COMNAME"><value>Florida bonneted bat</value></Data>
  <Data name="SCINAME"><value>Eumops floridanus</value></Data>
  <Data name="SPCODE"><value>A0JB</value></Data>
  <Data name="VIPCODE"><value>V01</value></Data>
  <Data name="UNIT"><value>9</value></Data>
  <Data name="SUBUNIT"><value>9AA</value></Data>
  <Data name="UNITNAME"><value></value></Data>
  <Data name="SUBUNITNAM"><value></value></Data>
  <Data name="STATUS"><value>FINAL</value></Data>
  <Data name="LEADOFFICE"><value>FF04EF4000</value></Data>
  <Data name="COOPOFFICE"><value></value></Data>
  <Data name="COOPOFMORE"><value></value></Data>
  <Data name="FEDREG"><value>89FR16624</value></Data>
  <Data name="PUBDATE"><value>20240307</value></Data>
  <Data name="EFFECTDATE"><value>20240408</value></Data>
  <Data name="VACATEDATE"><value></value></Data>
  <Data name="ACCURACY"><value></value></Data></ExtendedData>
  <MultiGeometry>
<Polygon>
<outerBoundaryIs>
  <LinearRing><coordinates>-80.51209851833192,25.484191398214534
-80.51219570806546,25.481594851321404
-80.51383343736319,25.48158142893982
-80.51384111577482,25.4823813300344
-80.51384149349008,25.4823813300344
-80.51385445901604,25.483334454021872
-80.51386393157514,25.484135840796455
-80.51386450354397,25.48417908020042
-80.51209851833192,25.484191398214534</coordinates></LinearRing></outerBoundaryIs></Polygon>
<Polygon>
<outerBoundaryIs>
  <LinearRing><coordinates>-80.51985839954546,25.484298975117667
-80.52218915180788,25.484297850065786
-80.52218335927455,25.484297879743394
-80.5221908740096,25.485086263220524
-80.5221996253124,25.48600365534446
-80.52220840449422,25.486924423523362
-80.52221587336385,25.487707748313994
-80.5222162645689,25.48775759413769
-80.52058359036039,25.487766335547974
-80.51993351991598,25.487764022491717
-80.51966647432829,25.48776377248015
-80.51963301864885,25.487763507180148
-80.5195995737613,25.487762718474755
-80.51958287245156,25.487761961245553
-80.51956620261814,25.487760826301155
-80.51954962541487,25.487759221910608
-80.51953309227832,25.48775720832856
-80.5195166068059,25.487754856601384
-80.51950018158806,25.48775220180272
-80.51948384180582,25.487749240335233
-80.51946762792863,25.4877459308301
-80.5194516029091,25.48774219054968
-80.51943585398146,25.48773788369641
-80.51942050165479,25.487732818714676
-80.51940598389899,25.487726957832876
-80.5193919967432,25.487720292957192
-80.51937858425424,25.48771292571098
-80.51936585345135,25.487704889369184
-80.51935398150101,25.48769615065686
-80.51934322830732,25.48768660705133
-80.51933395359902,25.4876760813861
-80.51932624910705,25.487664052054413
-80.51932010314022,25.487651055951517
-80.51931512988932,25.48763736107543
-80.51931105416179,25.487623166176206
-80.51930769519396,25.487608617843478
-80.51930495046304,25.48759381859992
-80.51930278489556,25.487578838592583
-80.51930118859894,25.487563775847605
-80.51929914443991,25.487533429124483
-80.51929744382193,25.487487732772706
-80.51929452821986,25.48738133757871
-80.51929216300289,25.487305592179382
-80.51927459654536,25.486806530497063
-80.51927314324092,25.486761165995063
-80.51927211891314,25.486715796996464
-80.51927187429754,25.48667029309962
-80.51927216118128,25.486609614042493
-80.51928111033493,25.485411167591337
-80.51928225607122,25.48533532776321
-80.51928431821665,25.485274101019
-80.51929926135182,25.484922102772885
-80.51930802344651,25.484707732276092
-80.51930946595905,25.484677089675984
-80.51931127629433,25.48464645696845
-80.51931384835535,25.484615860233816
-80.519317488811,25.484586009936436
-80.51932187030803,25.484556180323523
-80.51932915751456,25.48451142556189
-80.51933444822618,25.484481637317742
-80.51934041163065,25.48445205681702
-80.51934385603408,25.48443744193446
-80.51934779326604,25.48442303299663
-80.5193524238752,25.484408928029666
-80.519358019457,25.484395260133226
-80.51936496761914,25.484381898006234
-80.51937301025617,25.484369151015585
-80.51938196570512,25.484357058731348
-80.51939174853032,25.484345732669453
-80.51940235873184,25.484335369781547
-80.51941388893977,25.484326267743086
-80.51942651991794,25.484318842940297
-80.51944037847068,25.484313444310033
-80.5194552415661,25.48430968244594
-80.51947082321988,25.484307103190304
-80.51948690939332,25.484305365700095
-80.51950334360441,25.484304217265844
-80.51952001073988,25.484303469029896
-80.51955373711525,25.484302675827905
-80.51970645009254,25.48430127378481
-80.51985839954546,25.484298975117667</coordinates></LinearRing></outerBoundaryIs></Polygon>
<Polygon>
<outerBoundaryIs>
  <LinearRing><coordinates>-80.51201539939115,25.48434373257726
-80.51601364491376,25.484332313885204
-80.51598991270424,25.486029468585173
-80.51703036805702,25.486033079363153
-80.51707710672304,25.48784963525253
-80.51205283007403,25.48788124912039
-80.51201539939115,25.48434373257726</coordinates></LinearRing></outerBoundaryIs></Polygon></MultiGeometry></Placemark>
<Placemark>
<ExtendedData>
  <Data name="COMNAME"><value>Florida bonneted bat</value></Data>
  <Data name="SCINAME"><value>Eumops floridanus</value></Data>
  <Data name="SPCODE"><value>A0JB</value></Data>
  <Data name="VIPCODE"><value>V01</value></Data>
  <Data name="UNIT"><value>9</value></Data>
  <Data name="SUBUNIT"><value>9B</value></Data>
  <Data name="UNITNAME"><value></value></Data>
  <Data name="SUBUNITNAM"><value></value></Data>
  <Data name="STATUS"><value>FINAL</value></Data>
  <Data name="LEADOFFICE"><value>FF04EF4000</value></Data>
  <Data name="COOPOFFICE"><value></value></Data>
  <Data name="COOPOFMORE"><value></value></Data>
  <Data name="FEDREG"><value>89FR16624</value></Data>
  <Data name="PUBDATE"><value>20240307</value></Data>
  <Data name="EFFECTDATE"><value>20240408</value></Data>
  <Data name="VACATEDATE"><value></value></Data>
  <Data name="ACCURACY"><value></value></Data></ExtendedData>
  <MultiGeometry>
<Polygon>
<outerBoundaryIs>
  <LinearRing><coordinates>-80.38017286558522,25.695305353659194
-80.38015509318296,25.694255955448057
-80.37960610473789,25.694273655904567
-80.37959619061166,25.69362823405578
-80.38111208245658,25.693581495389765
-80.38111287835659,25.69383570675251
-80.38096204855964,25.694039579463094
-80.38096039830373,25.694358765045024
-80.38187410320728,25.69434238299465
-80.38190920464604,25.69526876204378
-80.38017286558522,25.695305353659194</coordinates></LinearRing></outerBoundaryIs></Polygon>
<Polygon>
<outerBoundaryIs>
  <LinearRing><coordinates>-80.36626698693186,25.697084648837517
-80.36620800849278,25.694776460565265
-80.36656232159385,25.694344366899088
-80.36694084534372,25.694334528315892
-80.36694393541427,25.69473306827655
-80.36639760626446,25.695572875887535
-80.36713542805751,25.69592011941802
-80.36798517317715,25.69454764605706
-80.36761720746813,25.69434736613806
-80.36762446949365,25.693195009941803
-80.36697820228216,25.69318933881698
-80.36697866903029,25.69342715643819
-80.3661368883067,25.693441988956693
-80.36609192040578,25.69084035100144
-80.36637169769563,25.69055366691822
-80.36827065126948,25.690490897836696
-80.36832742457096,25.690566799718056
-80.36832603331976,25.690772122135797
-80.36829152903078,25.690935877888478
-80.36722975884624,25.690922828725604
-80.36723712699177,25.691369884412666
-80.36817448676311,25.691376337048382
-80.36824790201905,25.692035105735613
-80.36782766141738,25.692041172562142
-80.36784461903392,25.6928248921551
-80.36829818940987,25.69281921203708
-80.36832520864141,25.692895783014023
-80.36842180931899,25.69297838844193
-80.36858031123234,25.69301681377499
-80.36867916920824,25.693128893583605
-80.36868196879777,25.69364752541304
-80.3711898263494,25.69361661931157
-80.37169394761753,25.694000683784566
-80.37168665051848,25.69411170239323
-80.37177871861292,25.69465682914938
-80.37195352973157,25.694958250422985
-80.37232775921865,25.69525014427876
-80.37458229393769,25.69525624617887
-80.37439800576334,25.694947253512964
-80.37411133966657,25.69478254088159
-80.3745507870891,25.694094379651972
-80.37452782020273,25.693443232719062
-80.3743256822844,25.693018288663154
-80.37778816479192,25.692966204426853
-80.37792096408117,25.693137596323083
-80.37794789158187,25.694298846814377
-80.37581943821647,25.694390098324448
-80.37545006596775,25.694682384284647
-80.37545811759799,25.695413503430473
-80.37656095532378,25.695550820913695
-80.37675554882946,25.69616089041284
-80.3770759862677,25.696151507785885
-80.3779536886118,25.695241080911217
-80.37807143864592,25.695435999072174
-80.3780915852584,25.69697146735939
-80.36996074539206,25.6973103094233
-80.36996817469145,25.695723459270255
-80.37043388321712,25.695235243411787
-80.37043349470997,25.69452022662722
-80.3688375865853,25.694343096157013
-80.3684236682177,25.694828693189663
-80.36839641516241,25.695085772490472
-80.36838824482163,25.695545289183826
-80.36871318066869,25.696005799627983
-80.36863110134419,25.69738702339248
-80.36772119157968,25.697348991063166
-80.36661285360026,25.697144436666463
-80.36626698693186,25.697084648837517</coordinates></LinearRing></outerBoundaryIs></Polygon></MultiGeometry></Placemark>
<Placemark>
<ExtendedData>
  <Data name="COMNAME"><value>Florida bonneted bat</value></Data>
  <Data name="SCINAME"><value>Eumops floridanus</value></Data>
  <Data name="SPCODE"><value>A0JB</value></Data>
  <Data name="VIPCODE"><value>V01</value></Data>
  <Data name="UNIT"><value>9</value></Data>
  <Data name="SUBUNIT"><value>9BB</value></Data>
  <Data name="UNITNAME"><value></value></Data>
  <Data name="SUBUNITNAM"><value></value></Data>
  <Data name="STATUS"><value>FINAL</value></Data>
  <Data name="LEADOFFICE"><value>FF04EF4000</value></Data>
  <Data name="COOPOFFICE"><value></value></Data>
  <Data name="COOPOFMORE"><value></value></Data>
  <Data name="FEDREG"><value>89FR16624</value></Data>
  <Data name="PUBDATE"><value>20240307</value></Data>
  <Data name="EFFECTDATE"><value>20240408</value></Data>
  <Data name="VACATEDATE"><value></value></Data>
  <Data name="ACCURACY"><value></value></Data></ExtendedData>
  <MultiGeometry>
<Polygon>
<outerBoundaryIs>
  <LinearRing><coordinates>-80.50562779638568,25.46230925247005
-80.5095202222804,25.46224038418643
-80.50938967489355,25.463275513754013
-80.50891321587216,25.46345995301448
-80.50835370535918,25.4635178117976
-80.5074299559277,25.464153846522834
-80.50568085188979,25.46414796675532
-80.50562779638568,25.46230925247005</coordinates></LinearRing></outerBoundaryIs></Polygon>
<Polygon>
<outerBoundaryIs>
  <LinearRing><coordinates>-80.51180618560693,25.46588282553205
-80.51177819510758,25.46586805686536
-80.51176105402936,25.465837172347676
-80.5117467539095,25.464225551268214
-80.51177642614113,25.46418649820839
-80.51181082880669,25.464161618463947
-80.51187544059906,25.464163273216514
-80.51428075205502,25.46416866555154
-80.51428207405843,25.46501910584709
-80.51225893580119,25.46501772808574
-80.51225849063678,25.465577833050588
-80.51225367116996,25.46588257911776
-80.51217613611976,25.46588059251536
-80.51180618560693,25.46588282553205</coordinates></LinearRing></outerBoundaryIs></Polygon>
<Polygon>
<outerBoundaryIs>
  <LinearRing><coordinates>-80.51182559117808,25.46593517956495
-80.51369259004093,25.46593281884458
-80.51373353347577,25.46595268306993
-80.51377033193523,25.46599439452575
-80.51378436225849,25.467734302995723
-80.51374800356746,25.467734521530986
-80.50980413825033,25.467758182694013
-80.509786558303,25.466011506825623
-80.51171298166872,25.465991880021306
-80.51182559117808,25.46593517956495</coordinates></LinearRing></outerBoundaryIs></Polygon></MultiGeometry></Placemark>
<Placemark>
<ExtendedData>
  <Data name="COMNAME"><value>Florida bonneted bat</value></Data>
  <Data name="SCINAME"><value>Eumops floridanus</value></Data>
  <Data name="SPCODE"><value>A0JB</value></Data>
  <Data name="VIPCODE"><value>V01</value></Data>
  <Data name="UNIT"><value>9</value></Data>
  <Data name="SUBUNIT"><value>9C</value></Data>
  <Data name="UNITNAME"><value></value></Data>
  <Data name="SUBUNITNAM"><value></value></Data>
  <Data name="STATUS"><value>FINAL</value></Data>
  <Data name="LEADOFFICE"><value>FF04EF4000</value></Data>
  <Data name="COOPOFFICE"><value></value></Data>
  <Data name="COOPOFMORE"><value></value></Data>
  <Data name="FEDREG"><value>89FR16624</value></Data>
  <Data name="PUBDATE"><value>20240307</value></Data>
  <Data name="EFFECTDATE"><value>20240408</value></Data>
  <Data name="VACATEDATE"><value></value></Data>
  <Data name="ACCURACY"><value></value></Data></ExtendedData>
  <Polygon>
<outerBoundaryIs>
  <LinearRing><coordinates>-80.35755338458097,25.693217784373303
-80.35946144019329,25.69316270899185
-80.35947243260665,25.69412697108288
-80.35877701204942,25.694167733753943
-80.35825964017022,25.69426867006314
-80.35779934286535,25.694431779203285
-80.35756887360458,25.694098549808302
-80.35755338458097,25.693217784373303</coordinates></LinearRing></outerBoundaryIs></Polygon></Placemark>
<Placemark>
<ExtendedData>
  <Data name="COMNAME"><value>Florida bonneted bat</value></Data>
  <Data name="SCINAME"><value>Eumops floridanus</value></Data>
  <Data name="SPCODE"><value>A0JB</value></Data>
  <Data name="VIPCODE"><value>V01</value></Data>
  <Data name="UNIT"><value>9</value></Data>
  <Data name="SUBUNIT"><value>9CC</value></Data>
  <Data name="UNITNAME"><value></value></Data>
  <Data name="SUBUNITNAM"><value></value></Data>
  <Data name="STATUS"><value>FINAL</value></Data>
  <Data name="LEADOFFICE"><value>FF04EF4000</value></Data>
  <Data name="COOPOFFICE"><value></value></Data>
  <Data name="COOPOFMORE"><value></value></Data>
  <Data name="FEDREG"><value>89FR16624</value></Data>
  <Data name="PUBDATE"><value>20240307</value></Data>
  <Data name="EFFECTDATE"><value>20240408</value></Data>
  <Data name="VACATEDATE"><value></value></Data>
  <Data name="ACCURACY"><value></value></Data></ExtendedData>
  <MultiGeometry>
<Polygon>
<outerBoundaryIs>
  <LinearRing><coordinates>-80.5016657971388,25.45415608873253
-80.50559938770152,25.454144371465645
-80.50559165263263,25.454938330739424
-80.50167927168098,25.454977544777933
-80.5016657971388,25.45415608873253</coordinates></LinearRing></outerBoundaryIs></Polygon>
<Polygon>
<outerBoundaryIs>
  <LinearRing><coordinates>-80.50311387920215,25.456804440172846
-80.50311991635101,25.4560102758536
-80.50360118404734,25.456013940590935
-80.50361124746104,25.45512858501621
-80.50405896504918,25.45512803822845
-80.50406201465023,25.456794993694075
-80.50311387920215,25.456804440172846</coordinates></LinearRing></outerBoundaryIs></Polygon>
<Polygon>
<outerBoundaryIs>
  <LinearRing><coordinates>-80.50694286602044,25.457837363703447
-80.50687658958293,25.45778089707079
-80.50677816957682,25.457785217413914
-80.50670134229307,25.45782432083581
-80.50666078736543,25.457912276330546
-80.50666192051119,25.458117681485874
-80.50665742480027,25.458261329296988
-80.5066586685627,25.458302768258193
-80.5061062815796,25.458302814123613
-80.5061063760084,25.458281537962648
-80.5061056340677,25.45812797872327
-80.50610436962091,25.458020383833684
-80.50610189738461,25.457896627227626
-80.50610162489005,25.457865990023492
-80.50610180385513,25.457850943466326
-80.50610235873683,25.457836219765795
-80.50610347479551,25.457821979001153
-80.50610541193515,25.457808444204375
-80.50610851819351,25.45779591574899
-80.50611284213392,25.4577857920807
-80.50612066263841,25.457785575344076
-80.50659268800212,25.45777248481238
-80.50659299107366,25.45766572269497
-80.50659902462525,25.457656815809457
-80.50660602854532,25.457644969040132
-80.50661226534373,25.457632777830497
-80.50661764958483,25.457620275455383
-80.5066220265852,25.457607462814224
-80.5066255186527,25.457593115030306
-80.50662793423174,25.457578483959935
-80.5066295727965,25.45756365773667
-80.50663066277485,25.457548699313065
-80.50663137233994,25.457533656353235
-80.50663228695043,25.457488293649874
-80.50663426995555,25.45721602120244
-80.50663453525556,25.45709416846114
-80.50663498581588,25.457064050165854
-80.5066355281071,25.457049282398486
-80.50663644181827,25.457034856373582
-80.5066379059146,25.457020937566256
-80.5066401668102,25.45700775350508
-80.50664355725434,25.456995611758146
-80.50664852241135,25.45698492151695
-80.50665564504197,25.456976224173445
-80.50666535322341,25.456969977482515
-80.50667720628797,25.456965706602148
-80.50669062507222,25.456962877334945
-80.50670517340501,25.45696108228816
-80.5067205203357,25.456960014792912
-80.50673642484611,25.456959448220005
-80.50676924560418,25.456959197309175
-80.50687034828792,25.45696020454983
-80.50713188462873,25.456961879087487
-80.50714917949102,25.457557838223693
-80.50751151004812,25.457766921606208
-80.50760566906632,25.45791059369901
-80.5076019395778,25.45857964793248
-80.50739685458115,25.45857684114833
-80.50734535130687,25.45857654437208
-80.50725951191691,25.458576480520207
-80.50722557959676,25.458576160361588
-80.50720891785721,25.45857572598902
-80.5071926149472,25.458574960665942
-80.5071768498317,25.4585736980178
-80.50708642569793,25.458571715912
-80.50704896623677,25.45831244946004
-80.50703037005547,25.458181901173873
-80.50702709652325,25.45804490025199
-80.50699381980888,25.457900283871027
-80.50694286602044,25.457837363703447</coordinates></LinearRing></outerBoundaryIs></Polygon>
<Polygon>
<outerBoundaryIs>
  <LinearRing><coordinates>-80.50229593680803,25.45836638629976
-80.50231058676411,25.458364459052575
-80.50232603981488,25.458363265652224
-80.50234204684796,25.458362581268148
-80.50237504747042,25.458362120815252
-80.50272956651622,25.45836500673971
-80.50276293765938,25.45836492580071
-80.50277931611254,25.458364594850195
-80.5027953357361,25.45836392485529
-80.50281082296107,25.45836275034071
-80.50282553946704,25.458360846475955
-80.50283916239738,25.45835790749146
-80.50285126097685,25.458353525095163
-80.50286126593465,25.458347161492384
-80.5028686439727,25.458338496524448
-80.50287396975784,25.458327889920213
-80.50287779457454,25.458315861487847
-80.50288053660745,25.458302807828375
-80.50288250972,25.458289027516685
-80.50288338026377,25.45828038413248
-80.50288394863526,25.458274739987303
-80.50288585250007,25.4582452458215
-80.50288710525564,25.458215133821398
-80.5028918833537,25.45806318976446
-80.50289365501811,25.458017926885873
-80.50289555888293,25.457988423726817
-80.50289699689887,25.45797412450628
-80.50289897001142,25.45796032351018
-80.50290171024568,25.457947235676443
-80.50290553326369,25.45793515508342
-80.50291085725024,25.45792447023814
-80.50291823259033,25.45791569375433
-80.50292832568164,25.457909127804044
-80.5029405402737,25.45790453586568
-80.5029542963037,25.45790137654734
-80.50296915310389,25.457899241556788
-80.50298478422036,25.457897826023896
-80.50300094593689,25.457896904218785
-80.50303421096004,25.45789593744763
-80.50317006344761,25.457894664906917
-80.50323770685463,25.457893766484176
-80.50375910050207,25.457884146436243
-80.5038435477415,25.45788290806979
-80.50397950814772,25.457881686790472
-80.50401314818822,25.457881067157587
-80.50402965794234,25.45788047810163
-80.5040457989744,25.457879558095158
-80.50406139052069,25.457878144360905
-80.50407618167043,25.45787601026973
-80.50408983337906,25.45787285275003
-80.50410188969045,25.457868260811665
-80.50411175075664,25.45786169486138
-80.50411894713164,25.457852684553814
-80.50412393657035,25.45784168854317
-80.50412732341721,25.457829253617206
-80.50412956632641,25.457815788967537
-80.50412971291587,25.45781434285766
-80.50413100704031,25.457801604860208
-80.50413189736912,25.457786925226458
-80.50413242077457,25.457771915541514
-80.50413284525456,25.457741337692653
-80.50413304040745,25.45763315284779
-80.50413458904,25.45696435492107
-80.50444224980993,25.45696539363803
-80.50444630485305,25.457491297385502
-80.50444791643815,25.457520573016097
-80.50444922675035,25.457534739136975
-80.50445108205173,25.4575483953422
-80.5044537143674,25.457561326693906
-80.50445743216471,25.4575732418117
-80.50445853023695,25.45757545594256
-80.50446264823262,25.457583755785777
-80.5044699021642,25.45759236319708
-80.50447976053249,25.45759872140394
-80.50449169903266,25.457603137075182
-80.50450516098437,25.45760613631421
-80.50451972460559,25.457608118419955
-80.50453507063696,25.45760938556475
-80.50455096615411,25.457610161679668
-80.50456723848725,25.45761061134067
-80.50460046124226,25.457610975566126
-80.50475216877754,25.45761156102475
-80.504784959858,25.45761114733665
-80.50480083918734,25.457610507019353
-80.5048161555411,25.45760937297422
-80.50483066880031,25.45760751767284
-80.50484062969127,25.45760537548773
-80.50484405161166,25.457604638942996
-80.50485586960264,25.457600331190406
-80.50486555080448,25.457594066513025
-80.50487275707206,25.457585207291515
-80.50487775010805,25.457574317400884
-80.50488113695485,25.457561953521406
-80.50488337536746,25.457548536535796
-80.5048848088868,25.457534382106076
-80.50488568932309,25.457519721358096
-80.50488619923868,25.457504722465046
-80.50488659134305,25.457474151810686
-80.5048870203197,25.45713445988747
-80.50488740522951,25.457103897327045
-80.50488790974919,25.457088900232634
-80.50488878299092,25.457074240383918
-80.50489020751701,25.457060082356975
-80.50489243603704,25.457046657277488
-80.50489580939404,25.45703427631088
-80.50490078534295,25.45702335854122
-80.50490797092607,25.45701445435361
-80.50491778792554,25.457008047583372
-80.50492979027757,25.45700363371077
-80.50494338263098,25.457000668646003
-80.50495811352607,25.45699874139882
-80.50497364481782,25.45699754080391
-80.50498972919263,25.456996842030662
-80.50500618408807,25.456996477805262
-80.50503972969972,25.456996311430657
-80.5051246598751,25.456996698139164
-80.50519257847469,25.456996634287293
-80.50522723654768,25.45699635279948
-80.50524350168621,25.456996220599137
-80.50536224906853,25.456994625201844
-80.5053954097703,25.456994805066245
-80.50541150853428,25.456995341961488
-80.505427067705,25.456996385175103
-80.50544184266687,25.456998164034076
-80.50545550516739,25.457000991502582
-80.5054676118408,25.457005282168097
-80.50547758082564,25.45701158731498
-80.50548495796443,25.45702038268456
-80.50549018752207,25.457031201528764
-80.50549385585674,25.457043492563173
-80.50549640813267,25.457056834005755
-80.50549817709913,25.45707091469103
-80.5054994073717,25.45708550259394
-80.5055009128368,25.457115576822446
-80.50550454609788,25.457253871868716
-80.50550821083522,25.457361654716635
-80.50521953205572,25.45737573630123
-80.50521882968519,25.45825327856602
-80.50554233920752,25.45825472827312
-80.50555584882335,25.458606930665383
-80.50555658446876,25.458609762630488
-80.50555631287352,25.458615592035983
-80.50555466801347,25.45862350966729
-80.50555117954326,25.458632512780298
-80.50554534114457,25.458641564456684
-80.50553491890133,25.458651084679843
-80.50552112779775,25.458658856621014
-80.505504906726,25.458664806535637
-80.50548733127528,25.4586689892825
-80.5054695220008,25.45867149929029
-80.50545255089446,25.458672457967623
-80.50540228958397,25.45867322598866
-80.5050472147571,25.45867560649407
-80.5031724205707,25.458690340986493
-80.50276738120965,25.458693520989243
-80.5025642918086,25.458695507591642
-80.50237656372741,25.45869868939303
-80.50234309545743,25.458698628239176
-80.50232684920468,25.45869814350459
-80.5023111569343,25.458697145257076
-80.50229627405378,25.45869539877367
-80.50228254770138,25.458692583895697
-80.50227044372593,25.45868827434441
-80.50226057816309,25.458681903547074
-80.5022535130891,25.45867311627137
-80.50224864415958,25.458662300125127
-80.50224536703001,25.458650003694743
-80.50224322304626,25.458636640668487
-80.50224187046592,25.45862252041303
-80.5022410538815,25.458607872255527
-80.50224058893201,25.458592860771944
-80.50224018873371,25.458546700369993
-80.5022404063696,25.458484706504066
-80.50224115550486,25.458454435323972
-80.50224199187437,25.458439777273952
-80.5022433642398,25.45842564262938
-80.50224552531068,25.458412255321377
-80.50224881952738,25.458399922018828
-80.50225370464472,25.458389051913286
-80.50226078230924,25.45838018549722
-80.50227051207446,25.458373775129644
-80.50228242809152,25.458369354961803
-80.50229593680803,25.45836638629976</coordinates></LinearRing></outerBoundaryIs></Polygon></MultiGeometry></Placemark>
<Placemark>
<ExtendedData>
  <Data name="COMNAME"><value>Florida bonneted bat</value></Data>
  <Data name="SCINAME"><value>Eumops floridanus</value></Data>
  <Data name="SPCODE"><value>A0JB</value></Data>
  <Data name="VIPCODE"><value>V01</value></Data>
  <Data name="UNIT"><value>9</value></Data>
  <Data name="SUBUNIT"><value>9D</value></Data>
  <Data name="UNITNAME"><value></value></Data>
  <Data name="SUBUNITNAM"><value></value></Data>
  <Data name="STATUS"><value>FINAL</value></Data>
  <Data name="LEADOFFICE"><value>FF04EF4000</value></Data>
  <Data name="COOPOFFICE"><value></value></Data>
  <Data name="COOPOFMORE"><value></value></Data>
  <Data name="FEDREG"><value>89FR16624</value></Data>
  <Data name="PUBDATE"><value>20240307</value></Data>
  <Data name="EFFECTDATE"><value>20240408</value></Data>
  <Data name="VACATEDATE"><value></value></Data>
  <Data name="ACCURACY"><value></value></Data></ExtendedData>
  <Polygon>
<outerBoundaryIs>
  <LinearRing><coordinates>-80.31173497588838,25.703134998881126
-80.31159918095739,25.699771581193545
-80.31159728338787,25.69960538198285
-80.31159379491766,25.6995367574155
-80.31156494916303,25.698969330170485
-80.311534887525,25.698377996247586
-80.31152740786354,25.69823080690628
-80.31150666859781,25.697816458662714
-80.31354079117455,25.697766934796277
-80.31355115226381,25.69807493281195
-80.31355499866424,25.69818934636129
-80.31356915579187,25.69861015623377
-80.31358331291949,25.69903096880421
-80.31354754598243,25.69952239883969
-80.31365115237872,25.70304074993072
-80.31301900722138,25.70307184578911
-80.31300071501096,25.703050538151842
-80.31280743001884,25.702949537091513
-80.3126303948768,25.70295671997667
-80.31253816310573,25.703095497059564
-80.31218508027717,25.703112862068963
-80.31173497588838,25.703134998881126</coordinates></LinearRing></outerBoundaryIs></Polygon></Placemark>
<Placemark>
<ExtendedData>
  <Data name="COMNAME"><value>Florida bonneted bat</value></Data>
  <Data name="SCINAME"><value>Eumops floridanus</value></Data>
  <Data name="SPCODE"><value>A0JB</value></Data>
  <Data name="VIPCODE"><value>V01</value></Data>
  <Data name="UNIT"><value>9</value></Data>
  <Data name="SUBUNIT"><value>9DD</value></Data>
  <Data name="UNITNAME"><value></value></Data>
  <Data name="SUBUNITNAM"><value></value></Data>
  <Data name="STATUS"><value>FINAL</value></Data>
  <Data name="LEADOFFICE"><value>FF04EF4000</value></Data>
  <Data name="COOPOFFICE"><value></value></Data>
  <Data name="COOPOFMORE"><value></value></Data>
  <Data name="FEDREG"><value>89FR16624</value></Data>
  <Data name="PUBDATE"><value>20240307</value></Data>
  <Data name="EFFECTDATE"><value>20240408</value></Data>
  <Data name="VACATEDATE"><value></value></Data>
  <Data name="ACCURACY"><value></value></Data></ExtendedData>
  <Polygon>
<outerBoundaryIs>
  <LinearRing><coordinates>-80.53700184565861,25.447619310682683
-80.5389191319124,25.447600179404787
-80.53892937519049,25.45122326464201
-80.5370625975608,25.45123255014215
-80.53700184565861,25.447619310682683</coordinates></LinearRing></outerBoundaryIs></Polygon></Placemark>
<Placemark>
<ExtendedData>
  <Data name="COMNAME"><value>Florida bonneted bat</value></Data>
  <Data name="SCINAME"><value>Eumops floridanus</value></Data>
  <Data name="SPCODE"><value>A0JB</value></Data>
  <Data name="VIPCODE"><value>V01</value></Data>
  <Data name="UNIT"><value>9</value></Data>
  <Data name="SUBUNIT"><value>9E</value></Data>
  <Data name="UNITNAME"><value></value></Data>
  <Data name="SUBUNITNAM"><value></value></Data>
  <Data name="STATUS"><value>FINAL</value></Data>
  <Data name="LEADOFFICE"><value>FF04EF4000</value></Data>
  <Data name="COOPOFFICE"><value></value></Data>
  <Data name="COOPOFMORE"><value></value></Data>
  <Data name="FEDREG"><value>89FR16624</value></Data>
  <Data name="PUBDATE"><value>20240307</value></Data>
  <Data name="EFFECTDATE"><value>20240408</value></Data>
  <Data name="VACATEDATE"><value></value></Data>
  <Data name="ACCURACY"><value></value></Data></ExtendedData>
  <MultiGeometry>
<Polygon>
<outerBoundaryIs>
  <LinearRing><coordinates>-80.27879317986134,25.66389833434073
-80.28162478345695,25.66384254489759
-80.28104066749279,25.66412459387493
-80.28065397699942,25.66445473949466
-80.28040498170452,25.664683714082173
-80.28018113864857,25.664933106877413
-80.2799844758029,25.66520066148138
-80.279798583238,25.665522991992532
-80.27957971523165,25.665961811688305
-80.27948023672349,25.666375479145074
-80.27928783306703,25.667536327639482
-80.27913861575445,25.668439810848668
-80.27724404547627,25.668492360933783
-80.27742771671569,25.66790634650073
-80.27735589056186,25.667605541262787
-80.27746323903722,25.667290704802213
-80.27765890093747,25.667168727954504
-80.27789085497892,25.666428644366476
-80.27793572845104,25.665878669365156
-80.27796995215152,25.665448792527798
-80.27879317986134,25.66389833434073</coordinates></LinearRing></outerBoundaryIs></Polygon>
<Polygon>
<outerBoundaryIs>
  <LinearRing><coordinates>-80.26849658724768,25.682153695936393
-80.26836332480758,25.682150650831943
-80.26822299639412,25.682154884840088
-80.26823748177435,25.67530884342841
-80.27226887990486,25.67519327784754
-80.27488722996168,25.67511816467163
-80.2762952661136,25.675077750937533
-80.27760525278018,25.675040134094957
-80.27736299880331,25.675682562999953
-80.27733345787277,25.67575553758803
-80.27730092579702,25.675827469861872
-80.27726545923355,25.675898242010305
-80.27722710134958,25.67596777219501
-80.27718590610465,25.676035949799314
-80.27714191756542,25.676102694783594
-80.27709522116749,25.67616789653124
-80.27704586097764,25.676231475002623
-80.27699392153221,25.67629333936617
-80.2764326159724,25.676941741568157
-80.27481116620231,25.678814786573184
-80.27452781860393,25.679142053463067
-80.27447630993373,25.679201629051988
-80.2744258399805,25.679261925897208
-80.27438057800123,25.679317793581333
-80.27437640964354,25.679322925112956
-80.27432803960733,25.679384617705978
-80.27428073976427,25.679446994683133
-80.27423452180568,25.67951002996398
-80.27418938663084,25.67957370376348
-80.2741453639174,25.67963801788028
-80.27410244467205,25.679702943536086
-80.27406066127048,25.67976846364371
-80.27402000202142,25.67983457730395
-80.2739804885087,25.679901248543842
-80.27322593662763,25.681223472285467
-80.27319008695292,25.681294250729138
-80.27315576972296,25.681365653302294
-80.27312300742079,25.68143765302534
-80.27309179914715,25.68151022022056
-80.27306217727761,25.68158333060626
-80.27303413281896,25.681656953605568
-80.27300769724741,25.681731055943544
-80.27298286067042,25.68180561693572
-80.27295964557112,25.681880600609304
-80.27293806184207,25.681955988977734
-80.27291810228854,25.68203173617576
-80.272899795689,25.68210783231069
-80.27288313574809,25.682184232416432
-80.27286812156655,25.682260917607323
-80.27285478462056,25.682337851910404
-80.2728431069238,25.682415016439904
-80.27283309836878,25.68249236443114
-80.2728247706466,25.682569878796926
-80.27281811476416,25.68264753165829
-80.27277233297673,25.682648922010173
-80.27245214285205,25.682658660768652
-80.27205622441517,25.682670708086732
-80.27140775116675,25.682690432917184
-80.27066907411842,25.68271289708258
-80.27007978525387,25.682730816973674
-80.26929214191875,25.682754769517032
-80.26928832339735,25.682337247565954
-80.26852670734161,25.682160678272737
-80.26849658724768,25.682153695936393</coordinates></LinearRing></outerBoundaryIs></Polygon>
<Polygon>
<outerBoundaryIs>
  <LinearRing><coordinates>-80.27655227077065,25.68476180091642
-80.27653895630777,25.684339219379524
-80.27653541028093,25.68433951975311
-80.27641936356275,25.684349428483415
-80.27575489227445,25.68436807232871
-80.2745002292022,25.684403279887533
-80.27449511295907,25.684136414164243
-80.27448181738191,25.6834427661708
-80.27447654735477,25.68316765006705
-80.2744754879534,25.68311255759852
-80.27447021612755,25.68283750624596
-80.27446493620778,25.682562380249692
-80.2739964784547,25.68257618304449
-80.27392095698656,25.68257841426248
-80.27338891716477,25.68259408854641
-80.27302372406558,25.68260484443806
-80.27302978999279,25.682553067769902
-80.27303903772139,25.68247279968
-80.2730480902971,25.68239252529486
-80.27306550566851,25.68231404955378
-80.2730843311769,25.68223585260256
-80.273104588406,25.68215794433371
-80.2731262458795,25.68208035082756
-80.27314931169133,25.682003090969943
-80.2731737768483,25.68192618364651
-80.2731996395517,25.681849646843773
-80.27322688900966,25.681773517433953
-80.27325551532971,25.681697795416994
-80.27328550592131,25.68162251586648
-80.2733168715763,25.681547690473565
-80.27334957991911,25.681473344419373
-80.27338364084233,25.681399496589563
-80.27341903456073,25.681326156876708
-80.27345575837649,25.681253370246907
-80.27385787943757,25.680470701062063
-80.27389328754515,25.680400250870946
-80.27393017773545,25.680330423909993
-80.27396854731057,25.680261265145305
-80.2740083665928,25.680192782670815
-80.27404964367605,25.680124995372296
-80.2740923380909,25.68005794911511
-80.27413645703183,25.679991661885765
-80.27418196092873,25.6799261516706
-80.27422884888222,25.67986143555686
-80.27427710830187,25.679797561208545
-80.27432669871814,25.6797345259277
-80.27437762912427,25.67967237647906
-80.2744298581514,25.679611121855828
-80.27488113615544,25.679109851438568
-80.27497033900988,25.679010757840274
-80.27576813838886,25.68038867569686
-80.27578076666902,25.68066356786943
-80.27579338505666,25.680938460941263
-80.28047515670306,25.680774743859388
-80.2810766880387,25.680753696126203
-80.28107305567693,25.68051912056103
-80.28408581870553,25.68049262923148
-80.2841315995936,25.68213929958904
-80.28052027029418,25.68223073815807
-80.28055336624482,25.682942662174185
-80.28057654716986,25.683559021531664
-80.28060128751935,25.684216505087704
-80.28063215405064,25.68503703483134
-80.28063583047913,25.685134747970267
-80.28066931943351,25.68602488164305
-80.28067322069256,25.68608220173229
-80.2765967746214,25.68617384984333
-80.27655227077065,25.68476180091642</coordinates></LinearRing></outerBoundaryIs></Polygon></MultiGeometry></Placemark>
<Placemark>
<ExtendedData>
  <Data name="COMNAME"><value>Florida bonneted bat</value></Data>
  <Data name="SCINAME"><value>Eumops floridanus</value></Data>
  <Data name="SPCODE"><value>A0JB</value></Data>
  <Data name="VIPCODE"><value>V01</value></Data>
  <Data name="UNIT"><value>9</value></Data>
  <Data name="SUBUNIT"><value>9EE</value></Data>
  <Data name="UNITNAME"><value></value></Data>
  <Data name="SUBUNITNAM"><value></value></Data>
  <Data name="STATUS"><value>FINAL</value></Data>
  <Data name="LEADOFFICE"><value>FF04EF4000</value></Data>
  <Data name="COOPOFFICE"><value></value></Data>
  <Data name="COOPOFMORE"><value></value></Data>
  <Data name="FEDREG"><value>89FR16624</value></Data>
  <Data name="PUBDATE"><value>20240307</value></Data>
  <Data name="EFFECTDATE"><value>20240408</value></Data>
  <Data name="VACATEDATE"><value></value></Data>
  <Data name="ACCURACY"><value></value></Data></ExtendedData>
  <Polygon>
<outerBoundaryIs>
  <LinearRing><coordinates>-80.52979673463153,25.435021252229035
-80.5317241733319,25.435001378111167
-80.53174999916308,25.438389408444493
-80.52982968039538,25.43843491593867
-80.52979673463153,25.435021252229035</coordinates></LinearRing></outerBoundaryIs></Polygon></Placemark>
<Placemark>
<ExtendedData>
  <Data name="COMNAME"><value>Florida bonneted bat</value></Data>
  <Data name="SCINAME"><value>Eumops floridanus</value></Data>
  <Data name="SPCODE"><value>A0JB</value></Data>
  <Data name="VIPCODE"><value>V01</value></Data>
  <Data name="UNIT"><value>9</value></Data>
  <Data name="SUBUNIT"><value>9F</value></Data>
  <Data name="UNITNAME"><value></value></Data>
  <Data name="SUBUNITNAM"><value></value></Data>
  <Data name="STATUS"><value>FINAL</value></Data>
  <Data name="LEADOFFICE"><value>FF04EF4000</value></Data>
  <Data name="COOPOFFICE"><value></value></Data>
  <Data name="COOPOFMORE"><value></value></Data>
  <Data name="FEDREG"><value>89FR16624</value></Data>
  <Data name="PUBDATE"><value>20240307</value></Data>
  <Data name="EFFECTDATE"><value>20240408</value></Data>
  <Data name="VACATEDATE"><value></value></Data>
  <Data name="ACCURACY"><value></value></Data></ExtendedData>
  <Polygon>
<outerBoundaryIs>
  <LinearRing><coordinates>-80.29063029585143,25.644981436843864
-80.2906042928538,25.644081206482554
-80.29065782499856,25.64401780787557
-80.290677683828,25.643993029754597
-80.29075860122845,25.64389444157524
-80.29083942150208,25.643794817376943
-80.29085991885012,25.643770388192934
-80.29087035548247,25.643758573799175
-80.2908810025562,25.643747227952247
-80.29089195180211,25.643736578180608
-80.290903325528,25.643726936548944
-80.29091529100782,25.643718724839346
-80.29092806228022,25.643712506926704
-80.29094004844444,25.64370911378461
-80.29095260927545,25.643707477917815
-80.29096551994274,25.643707380791056
-80.29097858079683,25.643708712686987
-80.29099160298006,25.643711470008384
-80.2910061270311,25.6437163002671
-80.29102042355368,25.643722540662793
-80.29103454380913,25.643729782903222
-80.2910485273676,25.64373772301758
-80.29106240660474,25.64374613617531
-80.29107620760084,25.6437548622971
-80.29110364771515,25.643772828053613
-80.29119900732826,25.643836550416495
-80.29128056864329,25.64389045128337
-80.29160690113753,25.644104415286563
-80.29166137037589,25.64414054195248
-80.29177042036855,25.644213519238576
-80.2917975412235,25.644230845577113
-80.29181100677249,25.644238893610122
-80.2918243653022,25.64424625006444
-80.29183756824915,25.644252599278104
-80.29185054996287,25.644257517670383
-80.29186322230981,25.64426043507109
-80.29187546927744,25.644260601445637
-80.291887241403,25.64425738996664
-80.29189858545129,25.644251410374352
-80.29190961833416,25.644243418998656
-80.29192042908448,25.644233991405656
-80.2919310842521,25.644223554773305
-80.29194163240038,25.644212425662943
-80.29195210860291,25.644200832502463
-80.2919729404988,25.644176863771293
-80.29203521765112,25.644103543843528
-80.29208719576741,25.644042964611174
-80.29224342599326,25.64386314606736
-80.29272293371639,25.643313096422332
-80.2928071192531,25.643217343805418
-80.29289274100717,25.643121420317357
-80.29291364394948,25.643097499250246
-80.29292364710858,25.643085592226328
-80.29293311966768,25.6430737472557
-80.29294179812547,25.64306199761313
-80.29294932275303,25.64305038466756
-80.29295520162123,25.643038967774203
-80.29295877732568,25.643027823375405
-80.2929591829199,25.64301705669186
-80.29295571603342,25.64300675585713
-80.29294908173472,25.64299683183839
-80.29294014607086,25.64298718121347
-80.29292956554696,25.642977725741503
-80.29291783119294,25.642968406966475
-80.29290530363681,25.642959183519565
-80.29287884378357,25.642940902100975
-80.29272787009506,25.642841000911517
-80.29264651292618,25.642786392278254
-80.29250378512154,25.642690136940303
-80.29288858344131,25.642194560130918
-80.29384136298847,25.642902156609296
-80.29349569147297,25.64327760827507
-80.29352343735673,25.643925140832607
-80.29362757435302,25.643984680448682
-80.29386201591927,25.643727564275707
-80.29409585314107,25.643266934221685
-80.29488097657577,25.643890008816925
-80.2963738655614,25.642444711054623
-80.29578639332738,25.642008382480924
-80.2941183343936,25.64173595445078
-80.29385296784017,25.641817097581054
-80.29341556817388,25.641571288584146
-80.29363524377146,25.64119247435326
-80.29389293461122,25.641071873468263
-80.29474005101252,25.639882879791116
-80.29411745845391,25.639532249413833
-80.2946931189922,25.638658544556222
-80.29470346569235,25.638648012595752
-80.29470867186768,25.6386436706689
-80.29639396001323,25.638630565748088
-80.29671745964299,25.638028286176507
-80.29672330883358,25.638028146781608
-80.2968227001075,25.637802468209372
-80.29693819374262,25.63754022320279
-80.30067269958539,25.637449032846632
-80.30108838422154,25.637438878601415
-80.30110489937158,25.637439799507206
-80.30112099273958,25.637443293373337
-80.30113617689301,25.637449256777813
-80.30114999677488,25.637457508956913
-80.30116203509982,25.637467801697767
-80.30117192944095,25.637479825633477
-80.30117938212277,25.637493216538758
-80.30118416921403,25.637507576913208
-80.30118614952113,25.637522467887607
-80.30143593082352,25.644649283937326
-80.29063029585143,25.644981436843864</coordinates></LinearRing></outerBoundaryIs></Polygon></Placemark>
<Placemark>
<ExtendedData>
  <Data name="COMNAME"><value>Florida bonneted bat</value></Data>
  <Data name="SCINAME"><value>Eumops floridanus</value></Data>
  <Data name="SPCODE"><value>A0JB</value></Data>
  <Data name="VIPCODE"><value>V01</value></Data>
  <Data name="UNIT"><value>9</value></Data>
  <Data name="SUBUNIT"><value>9FF</value></Data>
  <Data name="UNITNAME"><value></value></Data>
  <Data name="SUBUNITNAM"><value></value></Data>
  <Data name="STATUS"><value>FINAL</value></Data>
  <Data name="LEADOFFICE"><value>FF04EF4000</value></Data>
  <Data name="COOPOFFICE"><value></value></Data>
  <Data name="COOPOFMORE"><value></value></Data>
  <Data name="FEDREG"><value>89FR16624</value></Data>
  <Data name="PUBDATE"><value>20240307</value></Data>
  <Data name="EFFECTDATE"><value>20240408</value></Data>
  <Data name="VACATEDATE"><value></value></Data>
  <Data name="ACCURACY"><value></value></Data></ExtendedData>
  <Polygon>
<outerBoundaryIs>
  <LinearRing><coordinates>-80.51764940109894,25.425775018302488
-80.52160632816947,25.425750957840478
-80.52164319317876,25.42932085447393
-80.51770271111121,25.42934622255018
-80.51764940109894,25.425775018302488</coordinates></LinearRing></outerBoundaryIs></Polygon></Placemark>
<Placemark>
<ExtendedData>
  <Data name="COMNAME"><value>Florida bonneted bat</value></Data>
  <Data name="SCINAME"><value>Eumops floridanus</value></Data>
  <Data name="SPCODE"><value>A0JB</value></Data>
  <Data name="VIPCODE"><value>V01</value></Data>
  <Data name="UNIT"><value>9</value></Data>
  <Data name="SUBUNIT"><value>9G</value></Data>
  <Data name="UNITNAME"><value></value></Data>
  <Data name="SUBUNITNAM"><value></value></Data>
  <Data name="STATUS"><value>FINAL</value></Data>
  <Data name="LEADOFFICE"><value>FF04EF4000</value></Data>
  <Data name="COOPOFFICE"><value></value></Data>
  <Data name="COOPOFMORE"><value></value></Data>
  <Data name="FEDREG"><value>89FR16624</value></Data>
  <Data name="PUBDATE"><value>20240307</value></Data>
  <Data name="EFFECTDATE"><value>20240408</value></Data>
  <Data name="VACATEDATE"><value></value></Data>
  <Data name="ACCURACY"><value></value></Data></ExtendedData>
  <Polygon>
<outerBoundaryIs>
  <LinearRing><coordinates>-80.30180530397155,25.633700347393187
-80.30436262333637,25.633624596597883
-80.30475214309689,25.63361287483434
-80.30481988273135,25.633611173317036
-80.30485374940099,25.63361075783024
-80.30487068003782,25.633610775816692
-80.30490444958065,25.63361138106046
-80.30497197877378,25.633613816424543
-80.30664320422045,25.63368726315673
-80.30671073341358,25.633689997095757
-80.30676139402306,25.63369141712525
-80.30681175695696,25.63369175527032
-80.30687892642129,25.63369137036051
-80.30765153848768,25.633684255823823
-80.3095958484696,25.63366777934459
-80.30978246229074,25.633665861090662
-80.30995424449276,25.633662970669604
-80.30998813814205,25.63366264061841
-80.31002054431264,25.633663110963823
-80.31003563943318,25.633663941038094
-80.3100495222676,25.633665421322178
-80.31006167570575,25.63366783150525
-80.31007140547092,25.6336715439067
-80.31007779155681,25.63367705135488
-80.31008008392871,25.63368464792819
-80.31007910366765,25.633694003575442
-80.3100757393039,25.633704638957965
-80.31007066622823,25.63371619254832
-80.31006438985969,25.633728392751152
-80.3100572843162,25.633741038118444
-80.31004962029368,25.63375398385932
-80.31003334256468,25.633780384357294
-80.30996603010817,25.633887182447552
-80.30991656289905,25.63396677874391
-80.30983534512507,25.63409923808939
-80.30975503296838,25.634232516717304
-80.30973860055593,25.634258617741068
-80.30973012894225,25.634271292785968
-80.30972137134415,25.634283546048835
-80.30971219825932,25.63429518777275
-80.30970243611847,25.634305960751533
-80.30969185109802,25.634315522343513
-80.30968013562972,25.63432342018973
-80.30966687062954,25.63432935031932
-80.30965245089988,25.634333581629562
-80.30963719480064,25.634336579969215
-80.30962134245095,25.634338699671275
-80.30960507101719,25.634340203337786
-80.30958851269969,25.634341284322886
-80.30955489064564,25.63434270165442
-80.30938498982539,25.634347154197883
-80.3091988571415,25.634353168863697
-80.30570115718263,25.634473678017855
-80.30554857011037,25.63447848849148
-80.30537770341823,25.634482729694298
-80.30534425763136,25.634484183897996
-80.30532804915009,25.63448533952686
-80.30531242342954,25.634486979890255
-80.30529764756835,25.63448932981879
-80.30528408579187,25.634492689685942
-80.30527222463343,25.634497466884625
-80.30526270980619,25.63450419831014
-80.30525605122574,25.63451334441538
-80.30525174707043,25.634524451042637
-80.30524914982834,25.6345369803974
-80.30524776936903,25.634550522388736
-80.30524724056767,25.634564773945215
-80.30524729362764,25.6345795111356
-80.3052484285721,25.63460984077159
-80.30525684532711,25.634749082803978
-80.30527141344493,25.635025680091132
-80.30528069984439,25.635180340100646
-80.30528183478879,25.635210669736693
-80.30528188874814,25.63522540692702
-80.30528135904746,25.63523965758418
-80.30527997858809,25.635253199575573
-80.30527738134606,25.63526572713164
-80.30527307719075,25.635276832859574
-80.3052664186103,25.635285975367538
-80.30525695684304,25.635292675316748
-80.3052451703283,25.635297436327676
-80.3052316930881,25.63530078989959
-80.30521700895775,25.63530313713011
-80.30520147676668,25.63530477749356
-80.30518536181495,25.635305932223048
-80.30515209948976,25.635307381930204
-80.30498208265698,25.635311539496
-80.3047965866931,25.63531738329067
-80.3031825320482,25.635372415504605
-80.30187021973484,25.635419903305944
-80.3017353376157,25.635425186822943
-80.30156557259306,25.63543281577188
-80.30153170952076,25.635433699805446
-80.30151495784901,25.635433703402725
-80.30149843190708,25.63543321507086
-80.30148225130483,25.635432010878674
-80.30146658511478,25.63542979135184
-80.30145164018103,25.635426176077203
-80.30143773756151,25.635420848493425
-80.3014252010122,25.635413662010933
-80.30141433000728,25.63540464810609
-80.30140533318956,25.635393967757466
-80.30139828700129,25.635381884466426
-80.30139524909146,25.635374845472768
-80.30139270490935,25.63536753578319
-80.3013891651778,25.635353715001997
-80.30138668574693,25.63533936991604
-80.30138495724992,25.63532466869856
-80.30138375035978,25.635309731858683
-80.30138227007569,25.635279471470483
-80.3013792726353,25.635157771613933
-80.3013770791888,25.63508217550202
-80.30136496082423,25.63473514241292
-80.30136362353238,25.63467831695084
-80.3013632826893,25.63464090785169
-80.30136367479372,25.634612013533626
-80.3013641999978,25.6346029195891
-80.30136493114662,25.634598510213152
-80.30136529537202,25.634598252107708
-80.30131290266826,25.634147568555477
-80.30130200828103,25.6340572694275
-80.30128501199368,25.633921251464642
-80.30128198397637,25.633891051330977
-80.30128093896411,25.633876036250115
-80.3012804128607,25.633861129087904
-80.30128063319461,25.63384639009888
-80.30128190573532,25.63383190022205
-80.30128463427843,25.633817774570673
-80.3012886443554,25.633805435872205
-80.30129392697313,25.633793482982924
-80.30130022762336,25.633781918600732
-80.30130737093839,25.633770778698533
-80.3013152525968,25.63376014241669
-80.30132383302845,25.633750134760987
-80.30133313651498,25.633740935595767
-80.30134325119008,25.633732790436
-80.30135432993836,25.633726020339623
-80.30136807427715,25.63372034741616
-80.30138290859429,25.633716337339138
-80.30139851992573,25.633713528756402
-80.30141467444764,25.63371157363025
-80.30143119949025,25.63371021565399
-80.30144797184636,25.633709264171273
-80.30148192575024,25.633708070770922
-80.30163559021031,25.63370489796273
-80.30180530397155,25.633700347393187</coordinates></LinearRing></outerBoundaryIs></Polygon></Placemark>
<Placemark>
<ExtendedData>
  <Data name="COMNAME"><value>Florida bonneted bat</value></Data>
  <Data name="SCINAME"><value>Eumops floridanus</value></Data>
  <Data name="SPCODE"><value>A0JB</value></Data>
  <Data name="VIPCODE"><value>V01</value></Data>
  <Data name="UNIT"><value>9</value></Data>
  <Data name="SUBUNIT"><value>9GG</value></Data>
  <Data name="UNITNAME"><value></value></Data>
  <Data name="SUBUNITNAM"><value></value></Data>
  <Data name="STATUS"><value>FINAL</value></Data>
  <Data name="LEADOFFICE"><value>FF04EF4000</value></Data>
  <Data name="COOPOFFICE"><value></value></Data>
  <Data name="COOPOFMORE"><value></value></Data>
  <Data name="FEDREG"><value>89FR16624</value></Data>
  <Data name="PUBDATE"><value>20240307</value></Data>
  <Data name="EFFECTDATE"><value>20240408</value></Data>
  <Data name="VACATEDATE"><value></value></Data>
  <Data name="ACCURACY"><value></value></Data></ExtendedData>
  <MultiGeometry>
<Polygon>
<outerBoundaryIs>
  <LinearRing><coordinates>-80.49952352928739,25.440394083620106
-80.49952465613791,25.439666878323806
-80.49954924360264,25.43962433589445
-80.499591554007,25.439609987211213
-80.5005126927066,25.439609711119317
-80.5005143339693,25.440009195368134
-80.50098373780924,25.440007841888416
-80.50098219547192,25.440395872371653
-80.49952352928739,25.440394083620106</coordinates></LinearRing></outerBoundaryIs></Polygon>
<Polygon>
<outerBoundaryIs>
  <LinearRing><coordinates>-80.4975187407972,25.44299605072723
-80.49751359757443,25.442985252567382
-80.49751003715846,25.44297294174794
-80.4975076071903,25.442959553540618
-80.49750596862549,25.44294540900347
-80.49750487235195,25.442930747356172
-80.4975041394045,25.442915738570548
-80.49750328235058,25.44288514003722
-80.49750119772204,25.44276146077283
-80.4974989593095,25.442669345913657
-80.49748234163673,25.4421039934046
-80.4974486125634,25.440973568075776
-80.49744449007113,25.44085094011882
-80.49743863458531,25.440711915722375
-80.4974379735836,25.440690899465494
-80.497437751451,25.44065131580561
-80.49743853026393,25.44063744646104
-80.49744016163413,25.44062400429442
-80.49744298640468,25.440611610737278
-80.49744748121623,25.440600686672383
-80.49745428099021,25.44059178698143
-80.49746388664903,25.440585371217935
-80.49747579187425,25.440580975331784
-80.49748936534189,25.44057804713924
-80.49750413041124,25.440576165757477
-80.49751973095078,25.440575017323226
-80.49753590345915,25.44057437340865
-80.4975692629111,25.440573975008988
-80.49773965386191,25.44057514502697
-80.49794243839278,25.440575065886605
-80.50143095177697,25.440565306443773
-80.50148536166006,25.442546789003188
-80.50149007140965,25.442699666556393
-80.50149559414632,25.44283837619014
-80.50149647907921,25.44286890187834
-80.50149659958834,25.442883884583637
-80.50149633698635,25.44289853364046
-80.5014955033148,25.442912685372164
-80.50149383687102,25.442926110451708
-80.50149098332219,25.442938502210154
-80.50148646692685,25.4429494442615
-80.50147965905899,25.442958390717195
-80.50147000843413,25.44296491979526
-80.50145805104819,25.442969438888554
-80.50144442272187,25.442972501080135
-80.50142960189459,25.44297452545402
-80.50141394649637,25.442975822276424
-80.5013977200287,25.44297662177371
-80.5013642571547,25.44297734123137
-80.50122747027149,25.44297765959135
-80.5011593942906,25.442978095762555
-80.50088861921438,25.442981171443932
-80.49987444924642,25.442994037145127
-80.49975552919426,25.442995904137717
-80.49960102566678,25.442999266702827
-80.49866596815986,25.442995211659763
-80.49854811020708,25.4429968897947
-80.4984473717488,25.442998787364218
-80.49804538019009,25.443008001817873
-80.49782726491628,25.44301350656815
-80.49775975101164,25.44301558400207
-80.49765805567472,25.44301910484785
-80.49762453434477,25.443019919633628
-80.4976080812479,25.443020032948198
-80.49759199147718,25.44301979822518
-80.49757644489699,25.443019046391953
-80.49756168612288,25.443017541826123
-80.49754804970269,25.443014967067143
-80.4975359799015,25.44301089493689
-80.4975260666746,25.443004766057186
-80.4975187407972,25.44299605072723</coordinates></LinearRing></outerBoundaryIs></Polygon>
<Polygon>
<outerBoundaryIs>
  <LinearRing><coordinates>-80.50179666918092,25.443937178657904
-80.50177884911454,25.438682515485766
-80.50669928464424,25.438628621813507
-80.5066608557139,25.439062887342402
-80.50807140457164,25.4403684322574
-80.50799739666246,25.440449419804906
-80.50832185586893,25.44090088666661
-80.50855243844421,25.440818033025835
-80.50846169864843,25.440483229817232
-80.50869953785337,25.440233150839276
-80.50906523007626,25.44057484645208
-80.50931537290609,25.440535064042024
-80.5095451227092,25.440332742662008
-80.5095240902645,25.43999868229338
-80.50993760753454,25.43958142834032
-80.50950807243953,25.43908541266171
-80.50941283513419,25.4382488246236
-80.50921326298169,25.43781094022279
-80.50804714176212,25.43780842302033
-80.50775472180294,25.43800437000573
-80.50740750795012,25.43797453499684
-80.50676670861668,25.438373115426998
-80.50178028353321,25.43846558551843
-80.50173287487223,25.434610501273653
-80.50225133583046,25.434604570244744
-80.50224442094321,25.434022318575217
-80.50171969530766,25.434026526503033
-80.50172805900269,25.43327049883453
-80.51344000914906,25.433179743750202
-80.51340928021409,25.443868695284095
-80.50179666918092,25.443937178657904</coordinates></LinearRing></outerBoundaryIs></Polygon></MultiGeometry></Placemark>
<Placemark>
<ExtendedData>
  <Data name="COMNAME"><value>Florida bonneted bat</value></Data>
  <Data name="SCINAME"><value>Eumops floridanus</value></Data>
  <Data name="SPCODE"><value>A0JB</value></Data>
  <Data name="VIPCODE"><value>V01</value></Data>
  <Data name="UNIT"><value>9</value></Data>
  <Data name="SUBUNIT"><value>9H</value></Data>
  <Data name="UNITNAME"><value></value></Data>
  <Data name="SUBUNITNAM"><value></value></Data>
  <Data name="STATUS"><value>FINAL</value></Data>
  <Data name="LEADOFFICE"><value>FF04EF4000</value></Data>
  <Data name="COOPOFFICE"><value></value></Data>
  <Data name="COOPOFMORE"><value></value></Data>
  <Data name="FEDREG"><value>89FR16624</value></Data>
  <Data name="PUBDATE"><value>20240307</value></Data>
  <Data name="EFFECTDATE"><value>20240408</value></Data>
  <Data name="VACATEDATE"><value></value></Data>
  <Data name="ACCURACY"><value></value></Data></ExtendedData>
  <MultiGeometry>
<Polygon>
<outerBoundaryIs>
  <LinearRing><coordinates>-80.30730451169381,25.614887009527934
-80.30706664730786,25.614858476737368
-80.307007971041,25.61499257374834
-80.30686226917834,25.615088840777446
-80.30667431986393,25.61502648538402
-80.30669440622182,25.61489818360434
-80.30678061793111,25.614685777226896
-80.30724283708724,25.61363890071476
-80.30770362722058,25.61263493175676
-80.30817056691808,25.611445017173878
-80.30844329622113,25.611337871945295
-80.30996532683832,25.611278857533307
-80.31005977274026,25.611295729714186
-80.31011784376346,25.61145477931467
-80.3101938481675,25.61442028027176
-80.3100658647478,25.61445976500619
-80.30911522019125,25.614476984325393
-80.30902361344897,25.614374291640274
-80.3089449335618,25.614243503235116
-80.30890055651543,25.61408659851776
-80.30857429686625,25.614075805753885
-80.3082720437198,25.614084352011275
-80.30827585414733,25.614279108294284
-80.3083143658153,25.615049497236555
-80.30746694724178,25.615089109674727
-80.30746486890854,25.615062211851637
-80.30730451169381,25.614887009527934</coordinates></LinearRing></outerBoundaryIs></Polygon>
<Polygon>
<outerBoundaryIs>
  <LinearRing><coordinates>-80.3049777533206,25.61875640018775
-80.3055229043585,25.617597250512745
-80.30586160253091,25.61693356882921
-80.30612171254694,25.616563753214677
-80.30733940359056,25.616556090091535
-80.30736712429331,25.61737519890636
-80.30751335136006,25.617561187698698
-80.30844153354991,25.61753874421771
-80.30849065092275,25.618491568730974
-80.31046993463974,25.61843444109661
-80.31052421681909,25.620066187204827
-80.3107287217531,25.623421879716034
-80.30990352632665,25.6235233790008
-80.30972458552117,25.62364503748853
-80.30952607636732,25.623829415595083
-80.30920733055382,25.623947288836348
-80.3087323491186,25.624029307006936
-80.30807580715276,25.62431197201994
-80.30674785472968,25.624797826258714
-80.30525579941559,25.625484784195464
-80.30472366606432,25.62570755346087
-80.30410677161018,25.62584896106074
-80.30347973550136,25.625768714554567
-80.30273351404043,25.625590360107083
-80.3020402464602,25.625397623701417
-80.30186810902597,25.62531389322163
-80.30183997283643,25.62510756716057
-80.30280164847727,25.623536577451148
-80.30330231005354,25.622680459735477
-80.3037912516649,25.621650084883584
-80.30426323386109,25.62060343500059
-80.30449598380255,25.619913989539043
-80.3049777533206,25.61875640018775</coordinates></LinearRing></outerBoundaryIs></Polygon>
<Polygon>
<outerBoundaryIs>
  <LinearRing><coordinates>-80.31035016922488,25.623547641810262
-80.31067465361235,25.623510089718934
-80.31073849018912,25.62356710763595
-80.31086556619289,25.62599555235289
-80.30920590872569,25.626069121392902
-80.30926692053191,25.625908415241213
-80.30937624122049,25.62575736061376
-80.30948428307317,25.625523681672632
-80.30959823347166,25.62523911998943
-80.30969539442685,25.624944297041736
-80.30978720261726,25.624603628454736
-80.3098952156916,25.623814162193867
-80.30986873785196,25.623600151425876
-80.31012418398387,25.623580743156822
-80.31035016922488,25.623547641810262</coordinates></LinearRing></outerBoundaryIs></Polygon>
<Polygon>
<outerBoundaryIs>
  <LinearRing><coordinates>-80.30337930910781,25.62616498732433
-80.30346360705977,25.625894850766826
-80.30347164160293,25.625877918331298
-80.3036464041582,25.62589980603127
-80.30391458019369,25.625926533882478
-80.30433522908754,25.6258990164265
-80.30475845633765,25.62579373369391
-80.30541168070448,25.62556819991255
-80.30628672285394,25.625144354828137
-80.30724778066053,25.62472283359193
-80.30815216948702,25.624387336106736
-80.30847990132634,25.6242405388698
-80.30867763526464,25.624119410082756
-80.30885193107173,25.624056023166986
-80.30929536518892,25.623990190095242
-80.3096779125056,25.623941746314586
-80.30966783290415,25.624062382273166
-80.3096240727927,25.62438254002228
-80.30953796000881,25.624778159884215
-80.30929631307436,25.625469765517323
-80.30900051256356,25.625883531000227
-80.30879153889839,25.62613555341312
-80.30898577986983,25.629601791489563
-80.30308688824925,25.629773903742716
-80.30310449787424,25.62860932755848
-80.30315578261326,25.628036687842894
-80.30330039449757,25.626921735349868
-80.30333737731809,25.62645573094727
-80.30337930910781,25.62616498732433</coordinates></LinearRing></outerBoundaryIs></Polygon></MultiGeometry></Placemark>
<Placemark>
<ExtendedData>
  <Data name="COMNAME"><value>Florida bonneted bat</value></Data>
  <Data name="SCINAME"><value>Eumops floridanus</value></Data>
  <Data name="SPCODE"><value>A0JB</value></Data>
  <Data name="VIPCODE"><value>V01</value></Data>
  <Data name="UNIT"><value>9</value></Data>
  <Data name="SUBUNIT"><value>9HH</value></Data>
  <Data name="UNITNAME"><value></value></Data>
  <Data name="SUBUNITNAM"><value></value></Data>
  <Data name="STATUS"><value>FINAL</value></Data>
  <Data name="LEADOFFICE"><value>FF04EF4000</value></Data>
  <Data name="COOPOFFICE"><value></value></Data>
  <Data name="COOPOFMORE"><value></value></Data>
  <Data name="FEDREG"><value>89FR16624</value></Data>
  <Data name="PUBDATE"><value>20240307</value></Data>
  <Data name="EFFECTDATE"><value>20240408</value></Data>
  <Data name="VACATEDATE"><value></value></Data>
  <Data name="ACCURACY"><value></value></Data></ExtendedData>
  <Polygon>
<outerBoundaryIs>
  <LinearRing><coordinates>-80.48637483932731,25.44419823925739
-80.48914848791236,25.444185913149397
-80.48924026732442,25.444261095573154
-80.48925164644629,25.446862739823644
-80.48690042651344,25.446881798256413
-80.486905853922,25.447643410714875
-80.48636296288038,25.447641484367068
-80.48637483932731,25.44419823925739</coordinates></LinearRing></outerBoundaryIs></Polygon></Placemark>
<Placemark>
<ExtendedData>
  <Data name="COMNAME"><value>Florida bonneted bat</value></Data>
  <Data name="SCINAME"><value>Eumops floridanus</value></Data>
  <Data name="SPCODE"><value>A0JB</value></Data>
  <Data name="VIPCODE"><value>V01</value></Data>
  <Data name="UNIT"><value>9</value></Data>
  <Data name="SUBUNIT"><value>9I</value></Data>
  <Data name="UNITNAME"><value></value></Data>
  <Data name="SUBUNITNAM"><value></value></Data>
  <Data name="STATUS"><value>FINAL</value></Data>
  <Data name="LEADOFFICE"><value>FF04EF4000</value></Data>
  <Data name="COOPOFFICE"><value></value></Data>
  <Data name="COOPOFMORE"><value></value></Data>
  <Data name="FEDREG"><value>89FR16624</value></Data>
  <Data name="PUBDATE"><value>20240307</value></Data>
  <Data name="EFFECTDATE"><value>20240408</value></Data>
  <Data name="VACATEDATE"><value></value></Data>
  <Data name="ACCURACY"><value></value></Data></ExtendedData>
  <MultiGeometry>
<Polygon>
<outerBoundaryIs>
  <LinearRing><coordinates>-80.31816483084225,25.605256295641595
-80.3182508456,25.605137784780993
-80.31960004270775,25.605093904160412
-80.3196141782517,25.60511447705153
-80.3196309524065,25.605132782751753
-80.31965077886031,25.605148179145203
-80.31967327809929,25.60516040722706
-80.31969769469282,25.605169033524135
-80.3197234593701,25.60517370999878
-80.31977543838576,25.605171114555333
-80.31982371219453,25.60515293925681
-80.31986257999404,25.60512130830176
-80.31992895805496,25.60504500262482
-80.32004208647305,25.605036718070153
-80.32017695869962,25.60727659653776
-80.31824596407995,25.607334406757502
-80.31816483084225,25.605256295641595</coordinates></LinearRing></outerBoundaryIs></Polygon>
<Polygon>
<outerBoundaryIs>
  <LinearRing><coordinates>-80.31811206581915,25.60838560721004
-80.31817414422136,25.608371159601404
-80.31823967332224,25.608315916946083
-80.31826034513875,25.608271813293584
-80.31824163474363,25.607576917940435
-80.31827219010944,25.60755773360256
-80.3190319418706,25.60752650464451
-80.31903642409168,25.608150219557047
-80.31918885198388,25.608376614888925
-80.32010753463499,25.608371879958327
-80.32012981354,25.608800792722434
-80.3197507286132,25.608894679246077
-80.31932493559725,25.609007479411673
-80.31852465858611,25.609034709084597
-80.31818817724258,25.609184056798824
-80.31787322207151,25.60942867239538
-80.31766272675338,25.60949637066102
-80.3166237696712,25.609508847855068
-80.31630300038313,25.6093340133541
-80.31628238162659,25.608578402071657
-80.31649539594571,25.6084574459544
-80.31811206581915,25.60838560721004</coordinates></LinearRing></outerBoundaryIs></Polygon></MultiGeometry></Placemark>
<Placemark>
<ExtendedData>
  <Data name="COMNAME"><value>Florida bonneted bat</value></Data>
  <Data name="SCINAME"><value>Eumops floridanus</value></Data>
  <Data name="SPCODE"><value>A0JB</value></Data>
  <Data name="VIPCODE"><value>V01</value></Data>
  <Data name="UNIT"><value>9</value></Data>
  <Data name="SUBUNIT"><value>9II</value></Data>
  <Data name="UNITNAME"><value></value></Data>
  <Data name="SUBUNITNAM"><value></value></Data>
  <Data name="STATUS"><value>FINAL</value></Data>
  <Data name="LEADOFFICE"><value>FF04EF4000</value></Data>
  <Data name="COOPOFFICE"><value></value></Data>
  <Data name="COOPOFMORE"><value></value></Data>
  <Data name="FEDREG"><value>89FR16624</value></Data>
  <Data name="PUBDATE"><value>20240307</value></Data>
  <Data name="EFFECTDATE"><value>20240408</value></Data>
  <Data name="VACATEDATE"><value></value></Data>
  <Data name="ACCURACY"><value></value></Data></ExtendedData>
  <MultiGeometry>
<Polygon>
<outerBoundaryIs>
  <LinearRing><coordinates>-80.4812480210793,25.43499859381012
-80.48310500778985,25.4349852910384
-80.48309406753714,25.435111600819766
-80.48292105326396,25.435163370293367
-80.48264407016768,25.435410664070957
-80.48239466028531,25.435781153277674
-80.48186766296226,25.436701312615526
-80.48168356544414,25.43721783283678
-80.48164957107082,25.43771873183408
-80.48164924191894,25.43771977864492
-80.47934204110226,25.437742242810316
-80.47934055002634,25.437742109710655
-80.47934364639212,25.437021831892082
-80.48062668487358,25.436817450165222
-80.48125342510542,25.436814593918427
-80.4812480210793,25.43499859381012</coordinates></LinearRing></outerBoundaryIs></Polygon>
<Polygon>
<outerBoundaryIs>
  <LinearRing><coordinates>-80.48414882930501,25.440321765537078
-80.48414771864225,25.4403121994485
-80.4841560697468,25.440312203945098
-80.4841518852013,25.439939476325833
-80.48400604754102,25.439939928684794
-80.48393887088213,25.4399401355289
-80.48378451754144,25.43994061396819
-80.48378464794308,25.439952194538193
-80.48377630583184,25.43995402915516
-80.48376423513133,25.439958467309452
-80.48375431650845,25.439964884871586
-80.4837469339738,25.439973861904264
-80.48374175208016,25.4399848687068
-80.48373816648314,25.439997349498128
-80.48373572212586,25.440010880697628
-80.48373407906445,25.440025150240558
-80.48373298818683,25.440039927001067
-80.48373226962849,25.4400550464033
-80.48373147822508,25.44008587516305
-80.48372981358,25.44025796583253
-80.48372899879422,25.44028881257867
-80.48372826494744,25.440303935578243
-80.48372715428468,25.440318709640792
-80.48372548694164,25.44033296389523
-80.48372301380601,25.440346461819786
-80.48371939313546,25.440358879658618
-80.48371416897368,25.440369783039102
-80.48370673697627,25.440378597294455
-80.4836971259216,25.440384616456925
-80.48368547520448,25.440388712868867
-80.483672315425,25.440391398244458
-80.48365805487532,25.440393065587557
-80.48364300202286,25.440394013472996
-80.48362739069148,25.44039446133536
-80.4836113926516,25.44039456925401
-80.48356225549367,25.440393804830308
-80.48351312732893,25.440392036763114
-80.48349714008089,25.440391105065487
-80.48348154583664,25.44038985500788
-80.48346652176252,25.440388134604802
-80.48345230348099,25.440385737012207
-80.48343920935201,25.440382381641655
-80.4834276530637,25.440377695274492
-80.48341817960528,25.440371195874036
-80.48341097963299,25.4403620767485
-80.48340601177796,25.44035100519477
-80.48340266540066,25.44033851900747
-80.48340047914877,25.440325022881552
-80.48339910768266,25.440310820787772
-80.48339829739348,25.440296134858784
-80.48339767236467,25.440265909544166
-80.48339817058906,25.44014256123029
-80.48339814540805,25.440081177104673
-80.48339634316665,25.43980649627281
-80.48338334526511,25.438175567648386
-80.48338181551833,25.438037726759717
-80.48337919579319,25.43789829586973
-80.48333718486316,25.437090466352004
-80.48333587275226,25.43707532086944
-80.48333510652992,25.437060042287158
-80.4833345750306,25.437029282775256
-80.48333471802277,25.436998439626336
-80.4833363664801,25.436860190445486
-80.48333718306452,25.436722644534484
-80.4833421401276,25.43530306018812
-80.48334238204524,25.435104215587103
-80.48334204659812,25.435042652496463
-80.48334109331677,25.43494988832674
-80.48334114817538,25.43491931407516
-80.48334148901847,25.434904316980692
-80.48334220128152,25.43488966522591
-80.48523427144443,25.434884739639074
-80.48523596486785,25.435206598905438
-80.48523764929803,25.435526640642024
-80.48523820507904,25.435631899092925
-80.48523843620484,25.4356759209071
-80.48524013052759,25.43599788359552
-80.48524032568042,25.436035057072274
-80.48523478855464,25.440409619408456
-80.48455063290533,25.44039210691028
-80.48445011837822,25.44038989907466
-80.48429831371618,25.440387520367835
-80.48426492548589,25.440386678602408
-80.48424854343551,25.4403859771312
-80.48423252561054,25.44038494470948
-80.48421705277474,25.440383422157254
-80.48420236864433,25.440381186442664
-80.48418880506927,25.440377938990764
-80.48417680541519,25.440373278703873
-80.48416695424152,25.4403666794787
-80.48415979294003,25.440357826552486
-80.48415473875014,25.440347069761515
-80.48415122779687,25.440334919920645
-80.48414882930501,25.440321765537078</coordinates></LinearRing></outerBoundaryIs></Polygon></MultiGeometry></Placemark>
<Placemark>
<ExtendedData>
  <Data name="COMNAME"><value>Florida bonneted bat</value></Data>
  <Data name="SCINAME"><value>Eumops floridanus</value></Data>
  <Data name="SPCODE"><value>A0JB</value></Data>
  <Data name="VIPCODE"><value>V01</value></Data>
  <Data name="UNIT"><value>9</value></Data>
  <Data name="SUBUNIT"><value>9J</value></Data>
  <Data name="UNITNAME"><value></value></Data>
  <Data name="SUBUNITNAM"><value></value></Data>
  <Data name="STATUS"><value>FINAL</value></Data>
  <Data name="LEADOFFICE"><value>FF04EF4000</value></Data>
  <Data name="COOPOFFICE"><value></value></Data>
  <Data name="COOPOFMORE"><value></value></Data>
  <Data name="FEDREG"><value>89FR16624</value></Data>
  <Data name="PUBDATE"><value>20240307</value></Data>
  <Data name="EFFECTDATE"><value>20240408</value></Data>
  <Data name="VACATEDATE"><value></value></Data>
  <Data name="ACCURACY"><value></value></Data></ExtendedData>
  <Polygon>
<outerBoundaryIs>
  <LinearRing><coordinates>-80.31312856712964,25.601364680036
-80.31293742971854,25.601216804511978
-80.3125849197582,25.60134504423843
-80.31188965658237,25.601306555952874
-80.31192376516958,25.60093352076541
-80.31221428576066,25.600705195488445
-80.31211595928403,25.60038762329026
-80.3120598262999,25.600110556557013
-80.31222962010082,25.599583735501028
-80.31229588304853,25.59889665615583
-80.31272635343845,25.59772737651724
-80.31289744226314,25.597161224510955
-80.31333663877484,25.59638581915027
-80.31369339713251,25.595470408232813
-80.3137768425272,25.594921566377252
-80.31381419406978,25.59445020561253
-80.31381679490914,25.594371548208414
-80.31569583299625,25.59433656458083
-80.31568215250928,25.592591537169767
-80.31764250819515,25.59254609352746
-80.31768789158286,25.595125673810855
-80.31770929904485,25.59579544210601
-80.31781348370527,25.595936030423502
-80.31798095905395,25.59613737424047
-80.31626667136976,25.59903528844785
-80.31582749913974,25.599042589144233
-80.3157605248283,25.599674452813815
-80.31582102402098,25.599788605559752
-80.31205582161886,25.60615281450083
-80.31196102048466,25.606386434086687
-80.31189447514987,25.606423997869285
-80.31171918649125,25.606458619969374
-80.31161239739419,25.6063966845594
-80.31155170754522,25.606257269857167
-80.31154037069149,25.60594205208406
-80.31168387371179,25.605552295801886
-80.31206985733803,25.60507068816179
-80.31221530828981,25.60462193725266
-80.31251206298128,25.603547456050308
-80.312738365683,25.602628524287013
-80.31301559699216,25.60214397226656
-80.31337222854546,25.601703464543277
-80.31342830037573,25.601595970377787
-80.31312856712964,25.601364680036</coordinates></LinearRing></outerBoundaryIs></Polygon></Placemark>
<Placemark>
<ExtendedData>
  <Data name="COMNAME"><value>Florida bonneted bat</value></Data>
  <Data name="SCINAME"><value>Eumops floridanus</value></Data>
  <Data name="SPCODE"><value>A0JB</value></Data>
  <Data name="VIPCODE"><value>V01</value></Data>
  <Data name="UNIT"><value>9</value></Data>
  <Data name="SUBUNIT"><value>9JJ</value></Data>
  <Data name="UNITNAME"><value></value></Data>
  <Data name="SUBUNITNAM"><value></value></Data>
  <Data name="STATUS"><value>FINAL</value></Data>
  <Data name="LEADOFFICE"><value>FF04EF4000</value></Data>
  <Data name="COOPOFFICE"><value></value></Data>
  <Data name="COOPOFMORE"><value></value></Data>
  <Data name="FEDREG"><value>89FR16624</value></Data>
  <Data name="PUBDATE"><value>20240307</value></Data>
  <Data name="EFFECTDATE"><value>20240408</value></Data>
  <Data name="VACATEDATE"><value></value></Data>
  <Data name="ACCURACY"><value></value></Data></ExtendedData>
  <Polygon>
<outerBoundaryIs>
  <LinearRing><coordinates>-80.38976461094802,25.504232949191305
-80.38948992921684,25.504207395854678
-80.37952321962086,25.50423683965846
-80.38090294691341,25.503047930517653
-80.38037396568592,25.502537874623272
-80.38084686249266,25.50213427237884
-80.38191498548815,25.50323863715346
-80.3824107583498,25.50326001223982
-80.38290539087103,25.502959313121835
-80.38369763154043,25.50234609869358
-80.38285246756726,25.501384641588004
-80.38325979930028,25.501081175256104
-80.38305334193814,25.500890464123643
-80.38367259171667,25.50032637875944
-80.3839686629234,25.50059689752885
-80.38610928501544,25.498948911463117
-80.38691915509492,25.499814919023322
-80.38854785160203,25.498564384738643
-80.38951358048729,25.499560845256838
-80.39007841768478,25.500260770518196
-80.39006596747038,25.500645620099363
-80.38992726323255,25.50104184160773
-80.38957681451836,25.501625079833616
-80.38964393811722,25.50189468758981
-80.38952764498481,25.502320065118965
-80.38983798933168,25.50243065834826
-80.39028011673395,25.502493540744354
-80.39029390603889,25.50277673905532
-80.39042796797628,25.502850958305146
-80.39072202560095,25.50288670995377
-80.39408446302753,25.5027944673908
-80.39429339982053,25.50352208007996
-80.39101433854086,25.503559590802524
-80.39069301527041,25.503628094860744
-80.39068847369407,25.503768492521942
-80.39070231785763,25.50392992262789
-80.3909092959272,25.50421151474967
-80.39101932168433,25.504346731416547
-80.39109611029721,25.504527085956283
-80.3910910911809,25.504682263076006
-80.39104422391176,25.504755800639714
-80.39085372052273,25.50475075274511
-80.39050539510788,25.50471276178456
-80.39028481569164,25.50465514581839
-80.39003397318925,25.504550710247145
-80.38985614304653,25.504350420435628
-80.38976461094802,25.504232949191305</coordinates></LinearRing></outerBoundaryIs></Polygon></Placemark>
<Placemark>
<ExtendedData>
  <Data name="COMNAME"><value>Florida bonneted bat</value></Data>
  <Data name="SCINAME"><value>Eumops floridanus</value></Data>
  <Data name="SPCODE"><value>A0JB</value></Data>
  <Data name="VIPCODE"><value>V01</value></Data>
  <Data name="UNIT"><value>9</value></Data>
  <Data name="SUBUNIT"><value>9K</value></Data>
  <Data name="UNITNAME"><value></value></Data>
  <Data name="SUBUNITNAM"><value></value></Data>
  <Data name="STATUS"><value>FINAL</value></Data>
  <Data name="LEADOFFICE"><value>FF04EF4000</value></Data>
  <Data name="COOPOFFICE"><value></value></Data>
  <Data name="COOPOFMORE"><value></value></Data>
  <Data name="FEDREG"><value>89FR16624</value></Data>
  <Data name="PUBDATE"><value>20240307</value></Data>
  <Data name="EFFECTDATE"><value>20240408</value></Data>
  <Data name="VACATEDATE"><value></value></Data>
  <Data name="ACCURACY"><value></value></Data></ExtendedData>
  <Polygon>
<outerBoundaryIs>
  <LinearRing><coordinates>-80.33822629730577,25.636167984564906
-80.34154849996327,25.62907061591625
-80.34170773122679,25.629319268569418
-80.34187409411413,25.636066353979118
-80.33822629730577,25.636167984564906</coordinates></LinearRing></outerBoundaryIs></Polygon></Placemark>
<Placemark>
<ExtendedData>
  <Data name="COMNAME"><value>Florida bonneted bat</value></Data>
  <Data name="SCINAME"><value>Eumops floridanus</value></Data>
  <Data name="SPCODE"><value>A0JB</value></Data>
  <Data name="VIPCODE"><value>V01</value></Data>
  <Data name="UNIT"><value>9</value></Data>
  <Data name="SUBUNIT"><value>9L</value></Data>
  <Data name="UNITNAME"><value></value></Data>
  <Data name="SUBUNITNAM"><value></value></Data>
  <Data name="STATUS"><value>FINAL</value></Data>
  <Data name="LEADOFFICE"><value>FF04EF4000</value></Data>
  <Data name="COOPOFFICE"><value></value></Data>
  <Data name="COOPOFMORE"><value></value></Data>
  <Data name="FEDREG"><value>89FR16624</value></Data>
  <Data name="PUBDATE"><value>20240307</value></Data>
  <Data name="EFFECTDATE"><value>20240408</value></Data>
  <Data name="VACATEDATE"><value></value></Data>
  <Data name="ACCURACY"><value></value></Data></ExtendedData>
  <Polygon>
<outerBoundaryIs>
  <LinearRing><coordinates>-80.41843339068839,25.661151236440446
-80.41841577746612,25.66047948693881
-80.41840721771888,25.660479761232068
-80.41911287885625,25.6600482413333
-80.41911609123457,25.660088138856565
-80.4191463687099,25.660086135167035
-80.41914188738815,25.660030486018172
-80.42044334578372,25.65923460399381
-80.42044096347962,25.6589123966898
-80.42020299836963,25.658914037053194
-80.41991826491596,25.65841873093973
-80.41978232159681,25.656185997585794
-80.42075065042212,25.6561373703434
-80.42075087795064,25.65614113310687
-80.42079401123459,25.65613896843871
-80.42079378010885,25.656135202977282
-80.42257054639356,25.656045963250676
-80.42257081079424,25.656050302479514
-80.42261463925416,25.656048101838508
-80.42261437485348,25.656043759012334
-80.42365583834624,25.655991440052958
-80.42367276988239,25.65599231059673
-80.42368906649716,25.655996565289286
-80.42370391520348,25.65600399458873
-80.42371657046334,25.65601422797431
-80.42372640365056,25.656026751933098
-80.42373292283611,25.656040942335665
-80.42373588160564,25.656057630155544
-80.42394961718105,25.661406361514423
-80.42105333794115,25.661527533468927
-80.42112208481632,25.663248923998708
-80.41852256566386,25.663354818270307
-80.41846792825226,25.66221468745789
-80.41843339068839,25.661151236440446</coordinates></LinearRing></outerBoundaryIs></Polygon></Placemark>
<Placemark>
<ExtendedData>
  <Data name="COMNAME"><value>Florida bonneted bat</value></Data>
  <Data name="SCINAME"><value>Eumops floridanus</value></Data>
  <Data name="SPCODE"><value>A0JB</value></Data>
  <Data name="VIPCODE"><value>V01</value></Data>
  <Data name="UNIT"><value>9</value></Data>
  <Data name="SUBUNIT"><value>9M</value></Data>
  <Data name="UNITNAME"><value></value></Data>
  <Data name="SUBUNITNAM"><value></value></Data>
  <Data name="STATUS"><value>FINAL</value></Data>
  <Data name="LEADOFFICE"><value>FF04EF4000</value></Data>
  <Data name="COOPOFFICE"><value></value></Data>
  <Data name="COOPOFMORE"><value></value></Data>
  <Data name="FEDREG"><value>89FR16624</value></Data>
  <Data name="PUBDATE"><value>20240307</value></Data>
  <Data name="EFFECTDATE"><value>20240408</value></Data>
  <Data name="VACATEDATE"><value></value></Data>
  <Data name="ACCURACY"><value></value></Data></ExtendedData>
  <Polygon>
<outerBoundaryIs>
  <LinearRing><coordinates>-80.3994573888474,25.652680994232526
-80.39941197308406,25.65253180120169
-80.3992468296774,25.650301909705433
-80.3991641163309,25.649045010019222
-80.41039063491985,25.648608541151305
-80.41115477807051,25.64857489031897
-80.41123782416622,25.64965343285968
-80.41128618880651,25.650412104535064
-80.41129072588626,25.65049516232193
-80.41131254793572,25.65089464207415
-80.41133879554894,25.65137509408538
-80.41136510431608,25.651856748490218
-80.4113910263747,25.652331261378663
-80.40717411249528,25.652502270163666
-80.407151293997,25.652502990520645
-80.40709955420101,25.65250514439697
-80.40708682429744,25.652505448367776
-80.4070681067077,25.652505519414262
-80.40701949385453,25.652505104826787
-80.40699305828298,25.652505738848845
-80.40693997669854,25.65250782797392
-80.40685919239775,25.65251191539261
-80.40681712930706,25.652514555802156
-80.4067644407263,25.652518663005935
-80.40675661662453,25.65251919360594
-80.40652010571824,25.652528780378987
-80.40651170694969,25.652528694943385
-80.40646104274288,25.65252754021384
-80.40642164794065,25.65252721375998
-80.40640845128894,25.6525273495576
-80.40635680412316,25.652528953048773
-80.40631687242569,25.652530802054912
-80.40629057265176,25.652532776066835
-80.4062402636772,25.652537401280085
-80.40621578862772,25.65253876105504
-80.40620385822143,25.652538957107254
-80.40619178302433,25.65253879163197
-80.40616463249177,25.65253781946484
-80.4061381870277,25.652537280770957
-80.40611107696458,25.652537312247205
-80.40608326722895,25.65253788151807
-80.40602870446111,25.65254029709706
-80.40596163032495,25.65254537556865
-80.40591951687219,25.652547633766346
-80.40588016164008,25.652548853247026
-80.40584137747754,25.652548562766015
-80.4058281745306,25.652548734536538
-80.40580220300922,25.65254992344029
-80.40576238552563,25.652552616010496
-80.40502249709056,25.652575774452487
-80.40492109942915,25.65257843554639
-80.40466575132331,25.652585953878713
-80.40456693741419,25.652588863185542
-80.4041593277907,25.652601174904362
-80.40243892381721,25.652633162890197
-80.39951990521939,25.65273597518518
-80.3994573888474,25.652680994232526</coordinates></LinearRing></outerBoundaryIs></Polygon></Placemark>
<Placemark>
<ExtendedData>
  <Data name="COMNAME"><value>Florida bonneted bat</value></Data>
  <Data name="SCINAME"><value>Eumops floridanus</value></Data>
  <Data name="SPCODE"><value>A0JB</value></Data>
  <Data name="VIPCODE"><value>V01</value></Data>
  <Data name="UNIT"><value>9</value></Data>
  <Data name="SUBUNIT"><value>9N</value></Data>
  <Data name="UNITNAME"><value></value></Data>
  <Data name="SUBUNITNAM"><value></value></Data>
  <Data name="STATUS"><value>FINAL</value></Data>
  <Data name="LEADOFFICE"><value>FF04EF4000</value></Data>
  <Data name="COOPOFFICE"><value></value></Data>
  <Data name="COOPOFMORE"><value></value></Data>
  <Data name="FEDREG"><value>89FR16624</value></Data>
  <Data name="PUBDATE"><value>20240307</value></Data>
  <Data name="EFFECTDATE"><value>20240408</value></Data>
  <Data name="VACATEDATE"><value></value></Data>
  <Data name="ACCURACY"><value></value></Data></ExtendedData>
  <Polygon>
<outerBoundaryIs>
  <LinearRing><coordinates>-80.39050327630514,25.644698750247187
-80.39147289206028,25.643618700442744
-80.39247971276848,25.64249718379807
-80.39321847435309,25.641666870329857
-80.39529192068557,25.641606086951413
-80.39532527294296,25.642636692029782
-80.39536697900286,25.643594300036966
-80.39539866661511,25.64436341463994
-80.39539718003579,25.644370174843743
-80.39539373563235,25.6443833939785
-80.39538875428752,25.644397516032598
-80.39538183760169,25.64441248524804
-80.39537308360087,25.644427596556397
-80.39536261998887,25.644442161976258
-80.39535093329891,25.644455415285222
-80.3953386710428,25.644467283638278
-80.3953267154555,25.64447753680895
-80.39531593168488,25.644485933778867
-80.39530717408678,25.644492228133856
-80.39529916922123,25.644497508053632
-80.39232864734913,25.64462889091061
-80.39232887847493,25.6446286364025
-80.39200971897333,25.644642993179616
-80.39098272647163,25.644688398151118
-80.39079583475996,25.644696948905107
-80.39062359210504,25.644705800932
-80.39058964089918,25.644707342369998
-80.39055731296958,25.644708134672726
-80.39054235904257,25.644707972794777
-80.39052873251495,25.64470719937782
-80.39051700085889,25.64470555181981
-80.3905079266994,25.644702678485885
-80.39050327630514,25.644698750247187</coordinates></LinearRing></outerBoundaryIs></Polygon></Placemark>
<Placemark>
<ExtendedData>
  <Data name="COMNAME"><value>Florida bonneted bat</value></Data>
  <Data name="SCINAME"><value>Eumops floridanus</value></Data>
  <Data name="SPCODE"><value>A0JB</value></Data>
  <Data name="VIPCODE"><value>V01</value></Data>
  <Data name="UNIT"><value>9</value></Data>
  <Data name="SUBUNIT"><value>9O</value></Data>
  <Data name="UNITNAME"><value></value></Data>
  <Data name="SUBUNITNAM"><value></value></Data>
  <Data name="STATUS"><value>FINAL</value></Data>
  <Data name="LEADOFFICE"><value>FF04EF4000</value></Data>
  <Data name="COOPOFFICE"><value></value></Data>
  <Data name="COOPOFMORE"><value></value></Data>
  <Data name="FEDREG"><value>89FR16624</value></Data>
  <Data name="PUBDATE"><value>20240307</value></Data>
  <Data name="EFFECTDATE"><value>20240408</value></Data>
  <Data name="VACATEDATE"><value></value></Data>
  <Data name="ACCURACY"><value></value></Data></ExtendedData>
  <Polygon>
<outerBoundaryIs>
  <LinearRing><coordinates>-80.38258483292367,25.62703395815072
-80.38205641287311,25.61255167971632
-80.38581447196026,25.61246971460571
-80.38581297548836,25.61247451878404
-80.38579824009668,25.61252179524473
-80.38574530600101,25.612651252653222
-80.38569898731839,25.612775887896987
-80.38556659901928,25.61305255892853
-80.38544763130312,25.61330402915769
-80.38547116206445,25.613303631657345
-80.38486318528771,25.614506473095332
-80.38649747467866,25.61445357587189
-80.38650858130592,25.614428179916615
-80.38655140252519,25.614499184989427
-80.3865602644446,25.614577208371543
-80.38653998653109,25.614672323369064
-80.38653110302795,25.614753589706424
-80.38658100460964,25.614814157247622
-80.38665293148756,25.614906448373972
-80.38663920513517,25.615017560512058
-80.38661508801584,25.61516949017988
-80.3865406430362,25.615549744225348
-80.38657868885537,25.61651580136322
-80.38780427414787,25.616476118777882
-80.38781406416769,25.61647580221654
-80.38798796966904,25.6164701706619
-80.38980095345119,25.6164114503282
-80.3898293288604,25.616410530321787
-80.39004523809723,25.61640353629423
-80.39003651827068,25.61605665878784
-80.39004707990875,25.616007310289206
-80.39006411936356,25.615959471752262
-80.3900873875229,25.615913841950317
-80.39011654444295,25.6158710836836
-80.39015116834173,25.615831820182393
-80.39019075469952,25.615796620717504
-80.39023472615168,25.615765999701182
-80.39028244507875,25.615740400499135
-80.39033321630484,25.615720198128713
-80.39038630148656,25.61570568397019
-80.39044092720701,25.61569707026365
-80.39049629936471,25.61569448291408
-80.39102478056913,25.61567752170032
-80.39106209254152,25.6156731429013
-80.39109809240301,25.615663235969635
-80.39113179449669,25.61564807429926
-80.39116227162151,25.61562807247759
-80.39118868560934,25.61560378268848
-80.39121031340522,25.61557587222876
-80.39122655785934,25.615545104622925
-80.39123697560592,25.61551232793164
-80.39112608200304,25.612288426569705
-80.39091470355066,25.61229443404096
-80.39091406413269,25.612294452027413
-80.38987091171316,25.61232409188341
-80.38978682959845,25.61232648048275
-80.38937854458413,25.60189442658657
-80.39112059973587,25.601833717851832
-80.39233089385561,25.59989452411304
-80.39226554911573,25.59814773762804
-80.3919170986951,25.598017272079517
-80.38919747148606,25.598120619471047
-80.38916910776805,25.597480195154958
-80.3949492421138,25.59731881451171
-80.39497854922064,25.597818765623572
-80.39324716992093,25.597883267698705
-80.39346064199498,25.59943952471434
-80.39456741965068,25.5994091725953
-80.39456958971476,25.598978225564736
-80.39503052104169,25.598943250031027
-80.39513139889493,25.597313724348965
-80.4090992642196,25.5969227800623
-80.409594818546,25.60447556719373
-80.41113682400521,25.60454226811123
-80.41126908280188,25.60712953400082
-80.41374100614246,25.607050183219428
-80.41395181082737,25.611487391430046
-80.41293316223562,25.611519904619968
-80.41291269096786,25.61096361547851
-80.41257747766844,25.610969914330155
-80.41260691247896,25.611559508964206
-80.40996696250528,25.611632845079782
-80.41011580030391,25.614190360496764
-80.40856328536728,25.614271853463322
-80.40857577874914,25.614685736757394
-80.40828486605369,25.614894161836162
-80.40644105620976,25.614994346312074
-80.40752725647769,25.61916551977299
-80.41079359594767,25.62079014055257
-80.41076465126758,25.621318634347574
-80.40993336203502,25.62236095399487
-80.40984759459076,25.622622581167263
-80.40651804357282,25.626306090054072
-80.40068435010267,25.626479013495725
-80.4006860911901,25.62644865328275
-80.40100570484935,25.625982171340183
-80.40095391649004,25.62594761578987
-80.40081393611422,25.625946184968484
-80.40061887316244,25.625920339352206
-80.4005469139089,25.625930937862563
-80.39957032211265,25.62591532563181
-80.39862195374013,25.6258987511265
-80.39861467912408,25.625773347861752
-80.39865986286236,25.625774105990274
-80.40013418714301,25.625798837346508
-80.40036746948311,25.625802747598755
-80.40043400762329,25.62580386365744
-80.40062262243606,25.625807050854746
-80.40081126512774,25.625805870944248
-80.40099981339063,25.625800323925887
-80.4016394346122,25.625782877977485
-80.40162960052561,25.625529027242862
-80.40161750644273,25.62545394914048
-80.401620696338,25.625364412637566
-80.40161711793559,25.625241254080663
-80.40162491415845,25.62520540890256
-80.4016585389104,25.62505079116113
-80.40162046341362,25.62494728998547
-80.40161411419996,25.62480437152459
-80.40160575949818,25.624642683313255
-80.40160652302256,25.62446907189019
-80.40155718261786,25.624121062137363
-80.40156242656468,25.62403053727951
-80.40157010227836,25.624022312979434
-80.4015979237052,25.624021076411623
-80.40161323196503,25.624136410866697
-80.40162977589341,25.624435590130417
-80.40163303233851,25.62453010617952
-80.40163628698502,25.624624621329247
-80.4016298496378,25.624804727656112
-80.40164522624616,25.62487637754282
-80.40166060465316,25.62494802922822
-80.40172926789137,25.624981189929997
-80.40183818928097,25.624981751106986
-80.4019156721705,25.62500907520871
-80.40199086268814,25.625007055331366
-80.40199799341264,25.625004052495058
-80.40212721070219,25.624993641043773
-80.40224087961286,25.62493680568906
-80.40237569788013,25.624928830501176
-80.40248954485656,25.624854347749988
-80.40261051985959,25.624845761922415
-80.40265359828487,25.624871131797363
-80.40273966610266,25.62480306480967
-80.40296348307822,25.624728035270664
-80.4030028958669,25.624686313023005
-80.40321071929924,25.624538460881297
-80.40319255569187,25.623967947163067
-80.40317077231327,25.623283778923337
-80.40241365466642,25.6227264546622
-80.40236656706338,25.62269179299193
-80.40229004914642,25.62277723218358
-80.40228131043409,25.622770572703814
-80.40226764343697,25.622760157655193
-80.4022458906353,25.622742405038025
-80.40222481592247,25.622723990519773
-80.40221574895759,25.622715511711533
-80.40226257215994,25.622659441679957
-80.40207403828617,25.62254008455733
-80.40206938159662,25.622532319810773
-80.40205628027309,25.622508591198596
-80.40204407737224,25.622484472280632
-80.40203278458529,25.62245999183523
-80.40202241540209,25.622435176841975
-80.40201298241317,25.622410057877914
-80.40200449641037,25.622384662821958
-80.40060126263813,25.621607698936202
-80.39945166466254,25.62087991087924
-80.39860862758604,25.620828660314487
-80.39687440912667,25.61981805166181
-80.39680830266099,25.61993656611969
-80.39543565393222,25.61917643934123
-80.39510304956605,25.62001476666819
-80.39509987136194,25.62002277603034
-80.39499988383756,25.620317749164826
-80.39454281689746,25.621666120694954
-80.39444001539437,25.621969388276682
-80.39418749385771,25.62271432100914
-80.39412152408903,25.622908927105357
-80.39368365857393,25.622924452101813
-80.39371796411274,25.623891526372915
-80.39371834812323,25.623891547956646
-80.3937184929141,25.62389564256989
-80.39371875641541,25.623913831358266
-80.39375611515254,25.624966980641716
-80.39375826093493,25.625027460948615
-80.3937583202902,25.625027460049296
-80.39377786615557,25.625027013086253
-80.3938179417446,25.62664796193394
-80.38788376522353,25.62688344581443
-80.38258483292367,25.62703395815072</coordinates></LinearRing></outerBoundaryIs></Polygon></Placemark>
<Placemark>
<ExtendedData>
  <Data name="COMNAME"><value>Florida bonneted bat</value></Data>
  <Data name="SCINAME"><value>Eumops floridanus</value></Data>
  <Data name="SPCODE"><value>A0JB</value></Data>
  <Data name="VIPCODE"><value>V01</value></Data>
  <Data name="UNIT"><value>9</value></Data>
  <Data name="SUBUNIT"><value>9P</value></Data>
  <Data name="UNITNAME"><value></value></Data>
  <Data name="SUBUNITNAM"><value></value></Data>
  <Data name="STATUS"><value>FINAL</value></Data>
  <Data name="LEADOFFICE"><value>FF04EF4000</value></Data>
  <Data name="COOPOFFICE"><value></value></Data>
  <Data name="COOPOFMORE"><value></value></Data>
  <Data name="FEDREG"><value>89FR16624</value></Data>
  <Data name="PUBDATE"><value>20240307</value></Data>
  <Data name="EFFECTDATE"><value>20240408</value></Data>
  <Data name="VACATEDATE"><value></value></Data>
  <Data name="ACCURACY"><value></value></Data></ExtendedData>
  <Polygon>
<outerBoundaryIs>
  <LinearRing><coordinates>-80.42138920504772,25.578808371009586
-80.4213849116843,25.578321766736224
-80.42149982345802,25.578323211946724
-80.42229059823251,25.57833758401233
-80.42231063512764,25.577659812650268
-80.42149727477937,25.577653657690178
-80.42137806064892,25.577652755670215
-80.42137194346037,25.57701832983213
-80.42342131404234,25.577026421032542
-80.42344605619053,25.575107239007934
-80.42136810695251,25.575133602633684
-80.41994617987228,25.575150089005433
-80.41993543567179,25.574104596549944
-80.42279824484308,25.574073368491213
-80.42337358882003,25.574276295115
-80.42383922809785,25.574717414377233
-80.42410797430352,25.57485948387813
-80.4245518778668,25.575089084393767
-80.42541580889241,25.575545954382335
-80.4265669662924,25.575811087112015
-80.42704947595251,25.575420466581306
-80.42642190564641,25.57493865569444
-80.42588862206225,25.574645165541995
-80.42557168028878,25.574311684336806
-80.42495591358448,25.573663622977847
-80.42471263797785,25.57326133824023
-80.42524967623154,25.573255464767954
-80.42525252708242,25.57240144786857
-80.42532000681285,25.572411920473826
-80.4256668060782,25.57285222674892
-80.42596953856332,25.57309330261387
-80.42640173565155,25.573327611080458
-80.4272042402834,25.574222392449485
-80.42742056590635,25.574456651453374
-80.42743999216185,25.575104935844138
-80.42783941525676,25.57517223481085
-80.42872898865187,25.57562038047621
-80.42936357097199,25.576061676904942
-80.42937230968431,25.57686478588124
-80.42938374186616,25.577997333610085
-80.42907186957109,25.578003357269154
-80.42900889814211,25.57800254428207
-80.42873879036284,25.57800056487423
-80.42846869607342,25.577999250065375
-80.4283837838845,25.577999310319967
-80.42828139337155,25.577999839121333
-80.42824763102334,25.577999676344064
-80.42823105831667,25.577999313017926
-80.4282148498354,25.577998613345358
-80.42798822967302,25.577994105943276
-80.42797666349219,25.57687667491865
-80.42745654058683,25.57688703151132
-80.42592881096584,25.576917442985632
-80.42542854868856,25.576927397581358
-80.42491866726266,25.576932703581463
-80.42492524130682,25.577357001024836
-80.42491662310363,25.577360189121464
-80.42490303344817,25.57736315058895
-80.42488827197616,25.5773650697422
-80.42487268672505,25.577366256847313
-80.42485653669979,25.57736694123139
-80.42482323480442,25.577367421469376
-80.42468706305749,25.577366704709732
-80.42458548822964,25.577366659743575
-80.42441537696806,25.577367421469376
-80.42390536064386,25.577369702150065
-80.4239053669391,25.57737012213346
-80.42339537759455,25.57737386241388
-80.42341643701894,25.57878495266351
-80.42236876370742,25.57879050777575
-80.42237055515693,25.579598186207363
-80.42139467922101,25.579590712841195
-80.42139462975831,25.579583592908534
-80.42138920504772,25.578808371009586</coordinates></LinearRing></outerBoundaryIs></Polygon></Placemark>
<Placemark>
<ExtendedData>
  <Data name="COMNAME"><value>Florida bonneted bat</value></Data>
  <Data name="SCINAME"><value>Eumops floridanus</value></Data>
  <Data name="SPCODE"><value>A0JB</value></Data>
  <Data name="VIPCODE"><value>V01</value></Data>
  <Data name="UNIT"><value>9</value></Data>
  <Data name="SUBUNIT"><value>9Q</value></Data>
  <Data name="UNITNAME"><value></value></Data>
  <Data name="SUBUNITNAM"><value></value></Data>
  <Data name="STATUS"><value>FINAL</value></Data>
  <Data name="LEADOFFICE"><value>FF04EF4000</value></Data>
  <Data name="COOPOFFICE"><value></value></Data>
  <Data name="COOPOFMORE"><value></value></Data>
  <Data name="FEDREG"><value>89FR16624</value></Data>
  <Data name="PUBDATE"><value>20240307</value></Data>
  <Data name="EFFECTDATE"><value>20240408</value></Data>
  <Data name="VACATEDATE"><value></value></Data>
  <Data name="ACCURACY"><value></value></Data></ExtendedData>
  <MultiGeometry>
<Polygon>
<outerBoundaryIs>
  <LinearRing><coordinates>-80.37023273365372,25.567748037242154
-80.37209842130505,25.567732457387024
-80.37209849864678,25.56773866091055
-80.37212180367828,25.569581111878847
-80.37175661687434,25.569630496350385
-80.37026358669516,25.56937884265949
-80.37023273365372,25.567748037242154</coordinates></LinearRing></outerBoundaryIs></Polygon>
<Polygon>
<outerBoundaryIs>
  <LinearRing><coordinates>-80.37400610459804,25.568231906677227
-80.37403992810016,25.56823135629213
-80.37405653947769,25.56823136258737
-80.37407279112637,25.56823170253108
-80.3740885058798,25.568232545195883
-80.37410343552511,25.568234119908766
-80.37411724371577,25.568236740533223
-80.37412948079088,25.56824082795191
-80.37413954870118,25.5682469379459
-80.37414734222602,25.56825628100262
-80.37415229928916,25.56826716729597
-80.3741556429685,25.568279559953794
-80.37415783011971,25.5682930308987
-80.37415920248515,25.56830726087145
-80.37416001277433,25.568322016947548
-80.37416061981673,25.568352474287337
-80.37416015306854,25.568461354308113
-80.37416065758822,25.568491681246144
-80.37416130150285,25.568506393255518
-80.37416236630014,25.56852062502685
-80.37416403094522,25.568534178709456
-80.37416653735579,25.568546786305205
-80.37417021288496,25.568558090783313
-80.37417376700569,25.568565056931902
-80.37417833466236,25.568570839572658
-80.37418631164894,25.568576731031385
-80.37419607019245,25.568581152098545
-80.37420698616341,25.568584642367398
-80.37423010503528,25.568590737072896
-80.37424127821237,25.568594251623438
-80.37425148641694,25.568598715858116
-80.37426013159978,25.568604672068034
-80.37426732078018,25.568613457545098
-80.37427246310364,25.568624172967247
-80.3742760954654,25.568636312016224
-80.37427863065426,25.568649483486922
-80.37427927996475,25.568654646494792
-80.37428321000209,25.568828600559527
-80.37428850161302,25.56906283258371
-80.37431211331335,25.569758727083638
-80.37346654644392,25.56975869380875
-80.3734453125511,25.569078650759195
-80.37298409973636,25.569075703680824
-80.37298590737367,25.568698482149273
-80.3729554077658,25.56864193997359
-80.3724372939459,25.568631234443956
-80.37243716534289,25.568618135818383
-80.37243560052252,25.568512246942703
-80.3724328710801,25.56839040049664
-80.37243256980719,25.56836027410742
-80.37243274247703,25.568345497346854
-80.37243329376145,25.5683310533355
-80.37243440712217,25.568317106649204
-80.37243633616794,25.56830387852125
-80.37243941994325,25.568291670224426
-80.37244411440435,25.568280882856527
-80.37245101849965,25.568272045218748
-80.37246077164724,25.568265508946126
-80.37247278748913,25.56826096916842
-80.37248644549305,25.56825787819855
-80.37250127531354,25.568255821449043
-80.37251692711448,25.568254488653793
-80.3725331409916,25.568253653183604
-80.37254973168473,25.568253150462567
-80.37258354619365,25.568252702600205
-80.37270317311294,25.5682522619324
-80.3727881230734,25.568251508300534
-80.37292671939252,25.568249575657433
-80.37319357792126,25.56824585426284
-80.3737677257999,25.568237272931867
-80.37386949937786,25.568235334892847
-80.37400610459804,25.568231906677227</coordinates></LinearRing></outerBoundaryIs></Polygon></MultiGeometry></Placemark>
<Placemark>
<ExtendedData>
  <Data name="COMNAME"><value>Florida bonneted bat</value></Data>
  <Data name="SCINAME"><value>Eumops floridanus</value></Data>
  <Data name="SPCODE"><value>A0JB</value></Data>
  <Data name="VIPCODE"><value>V01</value></Data>
  <Data name="UNIT"><value>9</value></Data>
  <Data name="SUBUNIT"><value>9R</value></Data>
  <Data name="UNITNAME"><value></value></Data>
  <Data name="SUBUNITNAM"><value></value></Data>
  <Data name="STATUS"><value>FINAL</value></Data>
  <Data name="LEADOFFICE"><value>FF04EF4000</value></Data>
  <Data name="COOPOFFICE"><value></value></Data>
  <Data name="COOPOFMORE"><value></value></Data>
  <Data name="FEDREG"><value>89FR16624</value></Data>
  <Data name="PUBDATE"><value>20240307</value></Data>
  <Data name="EFFECTDATE"><value>20240408</value></Data>
  <Data name="VACATEDATE"><value></value></Data>
  <Data name="ACCURACY"><value></value></Data></ExtendedData>
  <MultiGeometry>
<Polygon>
<outerBoundaryIs>
  <LinearRing><coordinates>-80.38850635688283,25.554228808612663
-80.38847219343694,25.55161521776813
-80.38849278701247,25.551581898785628
-80.38854301954467,25.55155832935344
-80.39016076860457,25.551547633716382
-80.3901539292604,25.552818945038325
-80.39073798407065,25.55281523353625
-80.3907418403636,25.55310205521573
-80.38990428915156,25.55310215144317
-80.38972134816163,25.553053166270672
-80.38959151573584,25.553043468881015
-80.38942525986783,25.553072781383833
-80.38930640816415,25.553137989426716
-80.38920721833841,25.553221198299696
-80.38924622553287,25.553319915981376
-80.38925150545259,25.553375437426553
-80.38920282065362,25.553439195762337
-80.3891267137268,25.553489155799923
-80.38905921870793,25.5535548171012
-80.38898035266112,25.55372124024308
-80.38896611729245,25.554230727765912
-80.38850635688283,25.554228808612663</coordinates></LinearRing></outerBoundaryIs></Polygon>
<Polygon>
<outerBoundaryIs>
  <LinearRing><coordinates>-80.38655929407611,25.554374247873284
-80.38650186606822,25.554198162415332
-80.38648785732869,25.553472176599712
-80.38656934489933,25.553379927741503
-80.38762343757156,25.553368300406817
-80.38763193346693,25.55423781262499
-80.38836897914501,25.554223708557345
-80.38838218029332,25.555063108775528
-80.3883199687915,25.55512116900678
-80.38783589071375,25.555126866211936
-80.38775902026254,25.555067340985033
-80.38762039966167,25.554932805104897
-80.38750820473985,25.554824959304483
-80.38741876626301,25.55474791528411
-80.387311309869,25.554669791177957
-80.3872218390166,25.55461338929655
-80.38711550767448,25.554556661860488
-80.38701579804064,25.554512288411445
-80.38691109627001,25.554473533027192
-80.3868053566818,25.55444135978098
-80.38655929407611,25.554374247873284</coordinates></LinearRing></outerBoundaryIs></Polygon>
<Polygon>
<outerBoundaryIs>
  <LinearRing><coordinates>-80.38242006273566,25.55588646149107
-80.38240971423687,25.55537011304034
-80.38246387500777,25.555313508811423
-80.38426026809685,25.55528484921649
-80.3843538200727,25.55534411184135
-80.38436143822975,25.555844583660644
-80.38433215810255,25.555881926209963
-80.38313706971996,25.555885927293787
-80.3831274433768,25.55558184852356
-80.38277266262821,25.55558214080321
-80.38276716417323,25.555886063990727
-80.38242006273566,25.55588646149107</coordinates></LinearRing></outerBoundaryIs></Polygon>
<Polygon>
<outerBoundaryIs>
  <LinearRing><coordinates>-80.38245905644027,25.55658072731876
-80.38244189827492,25.556316037954844
-80.3835436945858,25.556318942765074
-80.38384034585522,25.556015795692474
-80.38402488404114,25.556016629364024
-80.38389947178314,25.556561464739843
-80.38245905644027,25.55658072731876</coordinates></LinearRing></outerBoundaryIs></Polygon>
<Polygon>
<outerBoundaryIs>
  <LinearRing><coordinates>-80.38106462613155,25.556007401420516
-80.38227598504864,25.556002739334986
-80.38232492975169,25.556033689503238
-80.38233465142298,25.556592196372833
-80.38105827152197,25.556604478413988
-80.38106462613155,25.556007401420516</coordinates></LinearRing></outerBoundaryIs></Polygon>
<Polygon>
<outerBoundaryIs>
  <LinearRing><coordinates>-80.38216000218233,25.55669376670403
-80.38219365211529,25.55669313537993
-80.38222683709881,25.55669324509722
-80.38224305727124,25.55669386113283
-80.382258853863,25.55669509320404
-80.38227403172112,25.556697207510183
-80.38228832644506,25.556700559283456
-80.38230138100391,25.556705618869273
-80.382311068501,25.556711480650335
-80.38231957788616,25.55671868511928
-80.38232685430086,25.556727031727178
-80.38233276734331,25.55673638737443
-80.38233790876745,25.556748667616944
-80.38234141612344,25.556761907436112
-80.38234374177023,25.55677582534412
-80.38234522565159,25.556790214496857
-80.38234612317501,25.556804921110256
-80.38234662139939,25.5568198363664
-80.38234692177298,25.55685000502376
-80.38234637768312,25.556956107938106
-80.38234645502484,25.557011925260213
-80.38172981058227,25.557014849855477
-80.38171889730921,25.556727448113293
-80.38174711084048,25.556707395030287
-80.38176051613488,25.55670424560452
-80.38177508515201,25.556702120506486
-80.38179047435085,25.556700716664807
-80.38180643192123,25.55669981104751
-80.38182277350217,25.556699239978002
-80.3818561140684,25.556698665311217
-80.38195747845481,25.55669791887391
-80.38200810039348,25.55669726596608
-80.38205868366128,25.55669631268472
-80.38216000218233,25.55669376670403</coordinates></LinearRing></outerBoundaryIs></Polygon>
<Polygon>
<outerBoundaryIs>
  <LinearRing><coordinates>-80.38347563838994,25.55732955591435
-80.38346202984877,25.556694923232158
-80.38438969492842,25.55669538818165
-80.38439839496993,25.556724721368823
-80.38440156597943,25.55696588806535
-80.3840553269917,25.55697206730713
-80.3840573990297,25.55732053481489
-80.38347563838994,25.55732955591435</coordinates></LinearRing></outerBoundaryIs></Polygon>
<Polygon>
<outerBoundaryIs>
  <LinearRing><coordinates>-80.38106204058067,25.556713319763958
-80.3812315960613,25.556708940065562
-80.3812963490472,25.55670997878252
-80.38132454009542,25.556714312615497
-80.381352777009,25.55673334226998
-80.38136907272451,25.55736304037208
-80.3804568642928,25.557373219798308
-80.38045064907817,25.556738141052392
-80.38050981547559,25.556724650322394
-80.38075888721283,25.556718301108788
-80.38091047154097,25.556716200292442
-80.38106204058067,25.556713319763958</coordinates></LinearRing></outerBoundaryIs></Polygon>
<Polygon>
<outerBoundaryIs>
  <LinearRing><coordinates>-80.38656064305917,25.554517732007753
-80.38657381632851,25.554515322724
-80.38692558614684,25.554657191676085
-80.38722882225233,25.55482165699391
-80.38746044174593,25.554984348848677
-80.38776095740224,25.55527358161055
-80.38939999521358,25.557063038228705
-80.3885203970986,25.55707100532271
-80.38854270388265,25.558151145059355
-80.38795137175833,25.558755794344506
-80.3865870480538,25.558761304490645
-80.38650260441165,25.554559705166298
-80.38654808132884,25.554521821225137
-80.38656064305917,25.554517732007753</coordinates></LinearRing></outerBoundaryIs></Polygon>
<Polygon>
<outerBoundaryIs>
  <LinearRing><coordinates>-80.38446620655014,25.555835056242927
-80.386366011782,25.55580442623335
-80.38641044908292,25.558762149853408
-80.3845547852751,25.558780972663783
-80.38446620655014,25.555835056242927</coordinates></LinearRing></outerBoundaryIs></Polygon>
<Polygon>
<outerBoundaryIs>
  <LinearRing><coordinates>-80.37841046057423,25.555354315549266
-80.38019168659702,25.55533797486771
-80.38027538380186,25.55540531520319
-80.38038715874035,25.558332896246213
-80.38038511008472,25.558678820471243
-80.38035319764191,25.558813596470372
-80.38031795411024,25.558862480918833
-80.3802342461135,25.558896238770444
-80.38003787374885,25.558913165809997
-80.37939795305306,25.558926612473215
-80.37851346442483,25.558933557038074
-80.37845250208125,25.558926401132567
-80.37841653459537,25.55890330294511
-80.3783961235822,25.558872315005374
-80.37838227492199,25.558827660967836
-80.37835670449829,25.55791913436059
-80.37832680204025,25.555391000694158
-80.37841046057423,25.555354315549266</coordinates></LinearRing></outerBoundaryIs></Polygon></MultiGeometry></Placemark>
<Placemark>
<ExtendedData>
  <Data name="COMNAME"><value>Florida bonneted bat</value></Data>
  <Data name="SCINAME"><value>Eumops floridanus</value></Data>
  <Data name="SPCODE"><value>A0JB</value></Data>
  <Data name="VIPCODE"><value>V01</value></Data>
  <Data name="UNIT"><value>9</value></Data>
  <Data name="SUBUNIT"><value>9S</value></Data>
  <Data name="UNITNAME"><value></value></Data>
  <Data name="SUBUNITNAM"><value></value></Data>
  <Data name="STATUS"><value>FINAL</value></Data>
  <Data name="LEADOFFICE"><value>FF04EF4000</value></Data>
  <Data name="COOPOFFICE"><value></value></Data>
  <Data name="COOPOFMORE"><value></value></Data>
  <Data name="FEDREG"><value>89FR16624</value></Data>
  <Data name="PUBDATE"><value>20240307</value></Data>
  <Data name="EFFECTDATE"><value>20240408</value></Data>
  <Data name="VACATEDATE"><value></value></Data>
  <Data name="ACCURACY"><value></value></Data></ExtendedData>
  <Polygon>
<outerBoundaryIs>
  <LinearRing><coordinates>-80.44569738802397,25.56382058275375
-80.44570320573831,25.562037415993984
-80.44460838097194,25.562047724023273
-80.44405162058581,25.56162842501186
-80.44364282025992,25.561628782942023
-80.44364105668939,25.562056824263095
-80.44172690906959,25.562074814301297
-80.44170383336518,25.56114231626492
-80.44298131403639,25.561104244365424
-80.44318216862217,25.559819604191432
-80.44282419887764,25.559765679042926
-80.44262831574412,25.559975185106737
-80.44167474569292,25.55996690325003
-80.44161894186067,25.557711847823555
-80.44355009476101,25.55771848122299
-80.44353021344853,25.556495165819285
-80.44393136414112,25.556147928584096
-80.44554143119205,25.55615351607196
-80.44555569084241,25.556495126249104
-80.44856732971846,25.556444405385037
-80.44857509266637,25.55736513849041
-80.44985882452511,25.55738834729442
-80.45007950916198,25.557678670034647
-80.45053759053735,25.557677161871595
-80.45054188390077,25.55828694538627
-80.4516582995908,25.558337598801188
-80.45167249718793,25.561023091342634
-80.44965693661828,25.561045701198225
-80.44966109328482,25.561960746990906
-80.44745527394173,25.561985501729566
-80.44748273024379,25.56382164035648
-80.44569738802397,25.56382058275375</coordinates></LinearRing></outerBoundaryIs></Polygon></Placemark>
<Placemark>
<ExtendedData>
  <Data name="COMNAME"><value>Florida bonneted bat</value></Data>
  <Data name="SCINAME"><value>Eumops floridanus</value></Data>
  <Data name="SPCODE"><value>A0JB</value></Data>
  <Data name="VIPCODE"><value>V01</value></Data>
  <Data name="UNIT"><value>9</value></Data>
  <Data name="SUBUNIT"><value>9T</value></Data>
  <Data name="UNITNAME"><value></value></Data>
  <Data name="SUBUNITNAM"><value></value></Data>
  <Data name="STATUS"><value>FINAL</value></Data>
  <Data name="LEADOFFICE"><value>FF04EF4000</value></Data>
  <Data name="COOPOFFICE"><value></value></Data>
  <Data name="COOPOFMORE"><value></value></Data>
  <Data name="FEDREG"><value>89FR16624</value></Data>
  <Data name="PUBDATE"><value>20240307</value></Data>
  <Data name="EFFECTDATE"><value>20240408</value></Data>
  <Data name="VACATEDATE"><value></value></Data>
  <Data name="ACCURACY"><value></value></Data></ExtendedData>
  <MultiGeometry>
<Polygon>
<outerBoundaryIs>
  <LinearRing><coordinates>-80.43634393872173,25.551101039381535
-80.4372178504234,25.55109579993126
-80.43725704467681,25.551137006867407
-80.43729206967322,25.55381194946193
-80.43663603042842,25.553599687875362
-80.43658292546161,25.55335339234523
-80.4365891703539,25.552910451955825
-80.43630903693247,25.552909471694818
-80.43631205235931,25.55116112488605
-80.43634393872173,25.551101039381535</coordinates></LinearRing></outerBoundaryIs></Polygon>
<Polygon>
<outerBoundaryIs>
  <LinearRing><coordinates>-80.43338988883227,25.554763937605685
-80.43334752177066,25.552426028538434
-80.43351424258816,25.552349793008602
-80.43375800292944,25.552578530175083
-80.43420460355958,25.55239232644476
-80.4338577557308,25.5520578353009
-80.43335155523005,25.552107495864277
-80.43333487640336,25.551185869732137
-80.43485191668259,25.55117974894631
-80.43486186678172,25.551460904896885
-80.43461265385088,25.55150083119844
-80.43447934824331,25.551612339038286
-80.43430875314641,25.551931493143968
-80.43450317218361,25.55221098714736
-80.43513649455355,25.552247797298037
-80.43513424894638,25.553236260145354
-80.43624412746448,25.553229179782875
-80.43626099964536,25.55471693813621
-80.43338988883227,25.554763937605685</coordinates></LinearRing></outerBoundaryIs></Polygon>
<Polygon>
<outerBoundaryIs>
  <LinearRing><coordinates>-80.43129369234998,25.554840420449068
-80.43327861211822,25.55482095192542
-80.43329502024892,25.556610661253046
-80.43131693352962,25.556622159984727
-80.43129369234998,25.554840420449068</coordinates></LinearRing></outerBoundaryIs></Polygon></MultiGeometry></Placemark>
<Placemark>
<ExtendedData>
  <Data name="COMNAME"><value>Florida bonneted bat</value></Data>
  <Data name="SCINAME"><value>Eumops floridanus</value></Data>
  <Data name="SPCODE"><value>A0JB</value></Data>
  <Data name="VIPCODE"><value>V01</value></Data>
  <Data name="UNIT"><value>9</value></Data>
  <Data name="SUBUNIT"><value>9U</value></Data>
  <Data name="UNITNAME"><value></value></Data>
  <Data name="SUBUNITNAM"><value></value></Data>
  <Data name="STATUS"><value>FINAL</value></Data>
  <Data name="LEADOFFICE"><value>FF04EF4000</value></Data>
  <Data name="COOPOFFICE"><value></value></Data>
  <Data name="COOPOFMORE"><value></value></Data>
  <Data name="FEDREG"><value>89FR16624</value></Data>
  <Data name="PUBDATE"><value>20240307</value></Data>
  <Data name="EFFECTDATE"><value>20240408</value></Data>
  <Data name="VACATEDATE"><value></value></Data>
  <Data name="ACCURACY"><value></value></Data></ExtendedData>
  <Polygon>
<outerBoundaryIs>
  <LinearRing><coordinates>-80.41919084378236,25.55140826487957
-80.4193294877656,25.551325814135055
-80.42091109037449,25.551330644393772
-80.42097907822182,25.551391747930893
-80.42098687174672,25.552470364215992
-80.42192278271023,25.552885062295843
-80.4219136824704,25.55486019294358
-80.41921176561044,25.554856401401878
-80.41916669698543,25.554809582696123
-80.41919084378236,25.55140826487957</coordinates></LinearRing></outerBoundaryIs></Polygon></Placemark>
<Placemark>
<ExtendedData>
  <Data name="COMNAME"><value>Florida bonneted bat</value></Data>
  <Data name="SCINAME"><value>Eumops floridanus</value></Data>
  <Data name="SPCODE"><value>A0JB</value></Data>
  <Data name="VIPCODE"><value>V01</value></Data>
  <Data name="UNIT"><value>9</value></Data>
  <Data name="SUBUNIT"><value>9V</value></Data>
  <Data name="UNITNAME"><value></value></Data>
  <Data name="SUBUNITNAM"><value></value></Data>
  <Data name="STATUS"><value>FINAL</value></Data>
  <Data name="LEADOFFICE"><value>FF04EF4000</value></Data>
  <Data name="COOPOFFICE"><value></value></Data>
  <Data name="COOPOFMORE"><value></value></Data>
  <Data name="FEDREG"><value>89FR16624</value></Data>
  <Data name="PUBDATE"><value>20240307</value></Data>
  <Data name="EFFECTDATE"><value>20240408</value></Data>
  <Data name="VACATEDATE"><value></value></Data>
  <Data name="ACCURACY"><value></value></Data></ExtendedData>
  <Polygon>
<outerBoundaryIs>
  <LinearRing><coordinates>-80.43335099045578,25.545569396710334
-80.43323530706374,25.54552753596704
-80.43221054667936,25.545527754502302
-80.4322086518078,25.545055269585077
-80.43232703496466,25.54489644661379
-80.43271950090423,25.545071585085623
-80.43290867599455,25.544793574064215
-80.43266063128306,25.544542759440844
-80.4322140009753,25.54466504925267
-80.43172278767645,25.544953037352855
-80.43119961786806,25.544943043186947
-80.43120051719006,25.545124627999257
-80.43115636047764,25.54518020520237
-80.43116149560649,25.54552545853312
-80.42966002888721,25.54554388114525
-80.4295646674754,25.545418930239464
-80.4295580466665,25.54474629940222
-80.43120153162533,25.544718126340513
-80.43120562264136,25.543790025988983
-80.43584151357493,25.543758439100714
-80.4358749009059,25.543933323963756
-80.43552107074078,25.54414101429643
-80.43549160895054,25.54428135889765
-80.43564775014352,25.544384853778013
-80.4360085140816,25.544234353132936
-80.43605038921407,25.54374944408164
-80.43710716906054,25.543746976341936
-80.4371786993375,25.54385014566776
-80.4371773962198,25.544514866068255
-80.43704554121871,25.544607453071535
-80.43614889195777,25.544613352624197
-80.43614537560853,25.54536515078115
-80.43560253223103,25.545431551325066
-80.43554958734353,25.54586459467538
-80.43509636950182,25.546185929636977
-80.43453135783585,25.546287225674973
-80.43445616911686,25.54643332323934
-80.43345888212167,25.5464521856199
-80.43335028268933,25.546392998538124
-80.43335099045578,25.545569396710334</coordinates></LinearRing></outerBoundaryIs></Polygon></Placemark>
<Placemark>
<ExtendedData>
  <Data name="COMNAME"><value>Florida bonneted bat</value></Data>
  <Data name="SCINAME"><value>Eumops floridanus</value></Data>
  <Data name="SPCODE"><value>A0JB</value></Data>
  <Data name="VIPCODE"><value>V01</value></Data>
  <Data name="UNIT"><value>9</value></Data>
  <Data name="SUBUNIT"><value>9W</value></Data>
  <Data name="UNITNAME"><value></value></Data>
  <Data name="SUBUNITNAM"><value></value></Data>
  <Data name="STATUS"><value>FINAL</value></Data>
  <Data name="LEADOFFICE"><value>FF04EF4000</value></Data>
  <Data name="COOPOFFICE"><value></value></Data>
  <Data name="COOPOFMORE"><value></value></Data>
  <Data name="FEDREG"><value>89FR16624</value></Data>
  <Data name="PUBDATE"><value>20240307</value></Data>
  <Data name="EFFECTDATE"><value>20240408</value></Data>
  <Data name="VACATEDATE"><value></value></Data>
  <Data name="ACCURACY"><value></value></Data></ExtendedData>
  <MultiGeometry>
<Polygon>
<outerBoundaryIs>
  <LinearRing><coordinates>-80.47376454199997,25.52101907666912
-80.47375431850696,25.519272324358326
-80.47765995184528,25.519220546790848
-80.4776560334991,25.520971823590855
-80.47543814705278,25.520998769078005
-80.47543584568768,25.520933462109667
-80.47576749137659,25.520928217263474
-80.47576166376973,25.5203325899771
-80.47530892436731,25.520330969398742
-80.47521544793454,25.520576067031925
-80.47521424644026,25.520670677509827
-80.47529526546407,25.520749812453914
-80.47529784561902,25.52100047149463
-80.47376454199997,25.52101907666912</coordinates></LinearRing></outerBoundaryIs></Polygon>
<Polygon>
<outerBoundaryIs>
  <LinearRing><coordinates>-80.46767762821992,25.52672821313655
-80.46707666795385,25.524854240031175
-80.46561815915067,25.524857019835622
-80.46559983276603,25.523209951977776
-80.46712991771147,25.52320821178961
-80.4673334666661,25.523245517466705
-80.46797649811685,25.523884991199452
-80.4679731337531,25.523895227282935
-80.46796635196552,25.523904899491583
-80.46795688839967,25.523913492513714
-80.46794547510353,25.523921295031812
-80.46793266875761,25.523928526480347
-80.46791888394932,25.523935351435398
-80.46790442554874,25.523941894003258
-80.46787431714597,25.523954460230186
-80.46771951054694,25.524015076334763
-80.46768889492654,25.524027430321723
-80.46765861835053,25.52404018001033
-80.46764368690657,25.524046820604326
-80.4676289614074,25.524053739088856
-80.46761451739604,25.524061040684558
-80.46760045469716,25.52406886658497
-80.46758674003598,25.52407740744644
-80.46757340758666,25.52408647890792
-80.46756034943053,25.524095936178583
-80.46753474932916,25.524115596257786
-80.46750949726544,25.524135803124864
-80.46735775825391,25.524259012943162
-80.46733325532546,25.524279774691877
-80.4673216118029,25.524290264384263
-80.46731065985904,25.52430086829048
-80.46730071785379,25.524311632276067
-80.4672922210591,25.52432261299822
-80.46728575043699,25.524333888698038
-80.4672820740085,25.524345555602963
-80.46728176554103,25.524357173944452
-80.46728406330885,25.524369134028348
-80.4672882883238,25.52438132164076
-80.46729392707306,25.524393633359523
-80.46730059824398,25.524405962165474
-80.46730802754342,25.52441819564325
-80.46731603240892,25.524430196196647
-80.467324499526,25.524441793853782
-80.46733338212982,25.524452768280696
-80.46734269011301,25.524462833493033
-80.46735248822671,25.524471609976843
-80.46736290057737,25.52447860310508
-80.46737410972736,25.524483171661075
-80.46738666156511,25.52448480752787
-80.46740002908803,25.524483885722816
-80.46741398027092,25.524481096025795
-80.46742834154469,25.524476964540327
-80.46744298430622,25.52447188606874
-80.46745781502608,25.524466151092042
-80.46747276715445,25.524459973648902
-80.46750285847008,25.524446858835518
-80.46765334922264,25.524379097617327
-80.46784775836733,25.52429273032527
-80.46787768780501,25.524279733323112
-80.46790772336271,25.52426719767311
-80.4679228157853,25.52426124775843
-80.46793798824751,25.5242556323916
-80.4679532713264,25.524250480175567
-80.46796870728997,25.52424596557887
-80.46798435009765,25.52424230983479
-80.46799982473209,25.524239737773712
-80.46801548102957,25.524237907653344
-80.46806290407972,25.524234049561812
-80.46807867549046,25.524232453265142
-80.46809433538522,25.524230257120735
-80.46811052947731,25.5242270915071
-80.46812657787922,25.524223176758255
-80.46814251656383,25.52421870532902
-80.46815837251086,25.524213824708283
-80.46818990543977,25.52420323429186
-80.46823683476208,25.5241860482476
-80.4682677858296,25.52417382466234
-80.46828309139153,25.524167391811716
-80.46829823057885,25.524160653191643
-80.46831230676753,25.524153968530868
-80.46832623276941,25.52414701587213
-80.46835378529892,25.524132573659415
-80.46843561730986,25.524087862065244
-80.46846304483364,25.524073318229114
-80.46847687640667,25.524066297221907
-80.46849083028752,25.524059537018047
-80.46850495324094,25.524053133845086
-80.46851930282355,25.52404721360807
-80.46853485030306,25.524041560469698
-80.46855065049209,25.524036441528608
-80.4685666341428,25.524031711993985
-80.46858274909454,25.52402725945052
-80.46861522631161,25.524018878668358
-80.46866423576586,25.524006929376355
-80.46904072255126,25.523916620355806
-80.46923837015464,25.523870263002266
-80.46927105691373,25.52386211154726
-80.46928714758377,25.52385773364756
-80.46930294147751,25.523853016703413
-80.4693182947035,25.523847806031483
-80.46933300941083,25.523841890291067
-80.46934681940013,25.523834988893668
-80.46935936764066,25.52382672952001
-80.46936957764387,25.523817614891072
-80.46937866889044,25.523807309559743
-80.46938691297561,25.523796113000287
-80.46939450685096,25.523784257237708
-80.46940158361616,25.52377191763992
-80.46940821791486,25.523759230004487
-80.46941443223022,25.523746294156183
-80.46942019508589,25.523733188335996
-80.46942541744903,25.523719971899254
-80.46942994553552,25.523706694308544
-80.46943355541424,25.52369339963076
-80.46943593322169,25.52368013463058
-80.46943666077323,25.52366694967003
-80.46943539272917,25.523653911298993
-80.46943242946298,25.5236410860673
-80.46942813879753,25.52362857200103
-80.46942277703948,25.523616503099163
-80.4694164988723,25.523605060125476
-80.46940936814781,25.523594489494144
-80.46940136598022,25.52358511765908
-80.46939238535026,25.523577371798297
-80.46938223290368,25.523571804994845
-80.46936985643367,25.523568738306665
-80.4693562568857,25.523568129465673
-80.469341784096,25.523569306678212
-80.46932670156599,25.523571762726704
-80.46931120085122,25.523575118097256
-80.46929542314524,25.523579091302054
-80.4692794673735,25.523583479094327
-80.46924728333539,25.52359295884804
-80.46908630648784,25.523642219213116
-80.46884654812965,25.52371423512392
-80.46870224291416,25.52375847457398
-80.46867017668728,25.52376777086596
-80.46865421012365,25.523772014766735
-80.46863833169363,25.5237757955166
-80.46862259175919,25.523778894580346
-80.46860706136675,25.523781016980422
-80.46859183944179,25.523781762518354
-80.468577059084,25.523780605090906
-80.46856394696852,25.523777452967124
-80.46855132858093,25.523772577742307
-80.46853921291432,25.523766330152057
-80.46852765572669,25.523758956610607
-80.4685167613394,25.52375060370747
-80.46814988740732,25.52276011468757
-80.46789139437232,25.522081670632645
-80.46787530640023,25.52203824956564
-80.46786507121601,25.52200916459134
-80.46786033178887,25.521994940913828
-80.46784243168281,25.52193775122629
-80.46782100713375,25.52186600061549
-80.46780858210036,25.521822851143725
-80.46780076429383,25.521793985604006
-80.46779360479098,25.52176455259206
-80.467784043199,25.5217195019535
-80.46776341904649,25.52161381272731
-80.46775230252672,25.521553098596655
-80.46774768091069,25.521522591794223
-80.4677459101456,25.52150728982963
-80.46774470505403,25.52149195459009
-80.46774420593033,25.521476658920733
-80.46774429406389,25.521461353358802
-80.46774483725437,25.52144607027998
-80.46774575636152,25.52143085105297
-80.46774701900966,25.521415755932424
-80.46774864588326,25.521400869454624
-80.46775070802869,25.52138631033
-80.46775333944504,25.52137224223526
-80.46775674697625,25.52135889090016
-80.467761228298,25.52134656299353
-80.46776719170248,25.521335665908282
-80.46777518487687,25.521326740137
-80.46778570784409,25.52132019666982
-80.46779413718963,25.521317139874157
-80.4696497740178,25.52129164769144
-80.4717396158905,25.521262895466293
-80.47633616688057,25.52124700174778
-80.47633541145007,25.523815512276144
-80.47171131692369,25.523914169703232
-80.47170361512968,25.524781273536973
-80.47066051487081,25.52481223809434
-80.47062561577951,25.52669691313207
-80.46767762821992,25.52672821313655</coordinates></LinearRing></outerBoundaryIs></Polygon></MultiGeometry></Placemark>
<Placemark>
<ExtendedData>
  <Data name="COMNAME"><value>Florida bonneted bat</value></Data>
  <Data name="SCINAME"><value>Eumops floridanus</value></Data>
  <Data name="SPCODE"><value>A0JB</value></Data>
  <Data name="VIPCODE"><value>V01</value></Data>
  <Data name="UNIT"><value>9</value></Data>
  <Data name="SUBUNIT"><value>9X</value></Data>
  <Data name="UNITNAME"><value></value></Data>
  <Data name="SUBUNITNAM"><value></value></Data>
  <Data name="STATUS"><value>FINAL</value></Data>
  <Data name="LEADOFFICE"><value>FF04EF4000</value></Data>
  <Data name="COOPOFFICE"><value></value></Data>
  <Data name="COOPOFMORE"><value></value></Data>
  <Data name="FEDREG"><value>89FR16624</value></Data>
  <Data name="PUBDATE"><value>20240307</value></Data>
  <Data name="EFFECTDATE"><value>20240408</value></Data>
  <Data name="VACATEDATE"><value></value></Data>
  <Data name="ACCURACY"><value></value></Data></ExtendedData>
  <MultiGeometry>
<Polygon>
<outerBoundaryIs>
  <LinearRing><coordinates>-80.44200430585397,25.519549437856313
-80.4419654056789,25.518540872463348
-80.44159333726265,25.51820849562563
-80.44113476215949,25.518543036232188
-80.44113052994999,25.519398805910214
-80.44016194211991,25.519414380369426
-80.44012984171877,25.517823440099733
-80.44313653882017,25.51779970159498
-80.44315318617055,25.516861828310766
-80.44488674272895,25.516872430418402
-80.44469824392877,25.517068400786115
-80.44469745882066,25.517238989587725
-80.44481240297,25.517322212849876
-80.44504986356031,25.517451489494704
-80.44505094184746,25.517912362365678
-80.444900761361,25.517933297683612
-80.44491706337175,25.51868238618323
-80.44364957686645,25.51860948713818
-80.44360602989434,25.51954414354742
-80.44200430585397,25.519549437856313</coordinates></LinearRing></outerBoundaryIs></Polygon>
<Polygon>
<outerBoundaryIs>
  <LinearRing><coordinates>-80.44527533528844,25.5195940199481
-80.44526898067886,25.5177785504398
-80.44582762604409,25.517784969800573
-80.44585280975934,25.518679952617788
-80.44726808275578,25.518649569022443
-80.44725485912443,25.517787380882964
-80.44740788146851,25.5177881129311
-80.44768819115706,25.518093689072543
-80.44782607161585,25.518235061598887
-80.44807464333007,25.518378169816742
-80.44820333451622,25.518476970236065
-80.4482405763415,25.51854952574007
-80.44821656624151,25.518927863330305
-80.4475466495582,25.518925078129882
-80.44754967307892,25.519545613938988
-80.44527533528844,25.5195940199481</coordinates></LinearRing></outerBoundaryIs></Polygon></MultiGeometry></Placemark>
<Placemark>
<ExtendedData>
  <Data name="COMNAME"><value>Florida bonneted bat</value></Data>
  <Data name="SCINAME"><value>Eumops floridanus</value></Data>
  <Data name="SPCODE"><value>A0JB</value></Data>
  <Data name="VIPCODE"><value>V01</value></Data>
  <Data name="UNIT"><value>9</value></Data>
  <Data name="SUBUNIT"><value>9Y</value></Data>
  <Data name="UNITNAME"><value></value></Data>
  <Data name="SUBUNITNAM"><value></value></Data>
  <Data name="STATUS"><value>FINAL</value></Data>
  <Data name="LEADOFFICE"><value>FF04EF4000</value></Data>
  <Data name="COOPOFFICE"><value></value></Data>
  <Data name="COOPOFMORE"><value></value></Data>
  <Data name="FEDREG"><value>89FR16624</value></Data>
  <Data name="PUBDATE"><value>20240307</value></Data>
  <Data name="EFFECTDATE"><value>20240408</value></Data>
  <Data name="VACATEDATE"><value></value></Data>
  <Data name="ACCURACY"><value></value></Data></ExtendedData>
  <MultiGeometry>
<Polygon>
<outerBoundaryIs>
  <LinearRing><coordinates>-80.4022639706057,25.514631345959913
-80.4042080008985,25.514612649054584
-80.40423128884288,25.51799851292111
-80.40277608145095,25.5180049017049
-80.40297596656757,25.51736858549185
-80.40290282110828,25.517069728185447
-80.40265994300194,25.516797881117384
-80.40238921469046,25.51667058208176
-80.40125922463346,25.51666649196511
-80.40126117436364,25.51637049720074
-80.40164792691024,25.516356687211385
-80.4016500079415,25.515983379529416
-80.40227736510826,25.51596835815326
-80.4022639706057,25.514631345959913</coordinates></LinearRing></outerBoundaryIs></Polygon>
<Polygon>
<outerBoundaryIs>
  <LinearRing><coordinates>-80.40047540071913,25.520081557717788
-80.40047307687098,25.51902837515945
-80.40047234662148,25.518905878503517
-80.40047034383127,25.518767049259964
-80.40047022871806,25.518736444431397
-80.40047048412549,25.518721393377632
-80.40047111185231,25.518706641798133
-80.40047229536009,25.518692341678275
-80.40047429095574,25.518678700761484
-80.40047744307952,25.518666003233534
-80.40048221668093,25.51865462950758
-80.40048922419828,25.51864508500273
-80.40049895576215,25.51863778700431
-80.40051091944332,25.518632332616107
-80.4005245055015,25.51862824070082
-80.40053925078576,25.51862515512687
-80.40055481265443,25.518622826782064
-80.40057093749874,25.518621087493216
-80.4005874445549,25.518619842831527
-80.40060420611917,25.518619059522052
-80.40062077432924,25.518618723175564
-80.40063743786743,25.51861870608849
-80.4006708944462,25.51861924568169
-80.40078800146506,25.51862247154986
-80.40092169917705,25.518625161422108
-80.40095470789339,25.518626316151597
-80.40097092536786,25.518627266734995
-80.40098681279113,25.518628640899124
-80.40100221547982,25.51863063199812
-80.40101692029458,25.51863350173477
-80.4010306385531,25.51863759724739
-80.40104299074142,25.518643378988827
-80.40105261438663,25.51865036582177
-80.40106078832468,25.518658859019183
-80.40106747658274,25.518668618462016
-80.40107306317128,25.51868051199608
-80.40107721983776,25.518693372301357
-80.40108033508938,25.518706923285947
-80.4010827030043,25.518720960803762
-80.40108454391651,25.518735335567328
-80.40108602240196,25.51874993606077
-80.40108833905555,25.51877952825265
-80.40109329162209,25.518854175579804
-80.40109582860958,25.518883983608987
-80.40109742400688,25.5188988323153
-80.40109925952316,25.518913160314128
-80.40110371116731,25.518941595977935
-80.40110921052161,25.518969537014584
-80.4011124687654,25.518983180629334
-80.40111620185121,25.518996481602414
-80.40112057165703,25.519009300538812
-80.40112580121473,25.519021450379682
-80.40113218999852,25.51903268471068
-80.40114013011288,25.519042680675227
-80.4011495451154,25.51905088339163
-80.40116041701958,25.51905787651981
-80.40117239508993,25.519063900178878
-80.40118520952979,25.519069118944742
-80.401198656193,25.519073632642062
-80.4012125875908,25.519077477243854
-80.4012269003012,25.519080633864235
-80.40124152867355,25.519083025161535
-80.40125811936667,25.519084715887004
-80.40127495017879,25.519085594524597
-80.40129194196953,25.519085892200223
-80.40130903988023,25.519085780684293
-80.40134340117697,25.519084810315803
-80.40142877651681,25.51908148552218
-80.40144536271328,25.51908121122898
-80.40146155410741,25.519081305657778
-80.40147716993539,25.519081945075754
-80.40149195838711,25.51908336870258
-80.40150558041819,25.5190859002941
-80.40151758007221,25.519089974222993
-80.40152735660217,25.51909616155865
-80.40153398820297,25.519104194303168
-80.40153868266401,25.519114076053825
-80.40154194360576,25.519125334666512
-80.40154416852852,25.51913760051991
-80.40154567309429,25.519150588528873
-80.40154671091193,25.519164073862953
-80.40154906533706,25.519205878848254
-80.40155022366383,25.51921982553455
-80.40155191169134,25.519233568974073
-80.40155438932356,25.51924696707391
-80.40155808193987,25.51926034089206
-80.40156305249286,25.519272960179023
-80.40156948624275,25.519284564131397
-80.40157768805983,25.519294810107453
-80.40158141664904,25.519297979318367
-80.40158141035374,25.519320467765453
-80.40162143558075,25.519320200666755
-80.40162383946858,25.519321159344088
-80.4016375622237,25.51932578365802
-80.40165174273369,25.519329897157093
-80.40166626318745,25.519333544807296
-80.4016810435453,25.519336728407325
-80.40169603524379,25.519339407487735
-80.40171260165522,25.519341716047393
-80.40172931285747,25.519343520087432
-80.4017461130926,25.519344969794588
-80.40179673053467,25.519348156991896
-80.40198193062156,25.519357598974068
-80.40216703987693,25.51936839713386
-80.40220079682928,25.519369855834213
-80.40221766001696,25.51937026322713
-80.40223449082907,25.51937031538779
-80.40225126048722,25.519369863028828
-80.40226792852206,25.519368701104725
-80.40228457317448,25.519366640757937
-80.40230104965366,25.51936381598739
-80.40231732378544,25.519360383275114
-80.40233332722124,25.519356428056767
-80.40234895204247,25.519351976412622
-80.4023640354718,25.519346988772554
-80.40237834728288,25.51934135991587
-80.4023915691156,25.51933490548157
-80.40240327109404,25.519327355673
-80.4024128812494,25.51931833187558
-80.40241986448513,25.519307661419475
-80.40242480086386,25.51929556823592
-80.40242824796525,25.519282442630697
-80.40243062757139,25.519268583178643
-80.40243225804221,25.51925420841502
-80.40243337050362,25.51923948111721
-80.40243413762533,25.519224520894966
-80.40243508191344,25.519194208346107
-80.4024400893386,25.51895069981498
-80.40244062713322,25.518844023133227
-80.40244009563389,25.5187060851178
-80.40244070807216,25.518676080137027
-80.4024415075695,25.518661514717166
-80.40244286014985,25.518647442125825
-80.40244501672413,25.51863408539475
-80.40244831813533,25.518621745796963
-80.40245321764183,25.518610828027363
-80.40246031509145,25.518601866283177
-80.40247021123122,25.51859523378306
-80.4024823457836,25.518590592381997
-80.40249610091428,25.518587393493476
-80.40251101167382,25.51858522253002
-80.40252673182317,25.518583771024282
-80.40254300505558,25.51858281234695
-80.40257652908349,25.518581763737473
-80.40274757564009,25.518579571190287
-80.40295118844654,25.51857547657704
-80.40322199230104,25.51856930632846
-80.4032617837043,25.518568899834918
-80.40333565491648,25.518567674058943
-80.4034764716618,25.51856596085048
-80.40355616688356,25.51856499228063
-80.4037294401615,25.518564421211124
-80.40373070460828,25.51856486008029
-80.40373616798973,25.518569679547113
-80.40373716803583,25.518576511696722
-80.40373452852566,25.51858499590088
-80.40372925040452,25.518594677102726
-80.40372209090174,25.518605211761155
-80.40371361299282,25.518616344468796
-80.40370423126524,25.518627886367938
-80.40368387511069,25.51865169501974
-80.40357646997808,25.518773286957696
-80.40347118634611,25.518893916620982
-80.40190419861983,25.520697765089835
-80.4009648684339,25.521777340052267
-80.40092259670041,25.521824921383086
-80.40088991353866,25.521859830366907
-80.40085431747275,25.52189614858844
-80.40084696821299,25.521896225930107
-80.40065781020974,25.52208830762936
-80.4006517631683,25.52209351200605
-80.40063550252637,25.52210684445538
-80.40061895230275,25.52211951320504
-80.40060269975476,25.522130738542785
-80.40058733843489,25.522139726367357
-80.40057323976316,25.522145866038954
-80.40055938210975,25.52214994446439
-80.40054530142447,25.522152603759707
-80.40053127739651,25.522154050768904
-80.40051758971498,25.522154363732966
-80.40050454684734,25.522153503081768
-80.40049250582445,25.522151315031238
-80.40048189562293,25.52214752259016
-80.40047324594349,25.522141722862273
-80.40046656128271,25.522132871734698
-80.40046208265898,25.522121879321332
-80.40045918144602,25.5221093715503
-80.40045738999652,25.522095805277218
-80.40045636926601,25.522081515049933
-80.40045587284021,25.522066740088007
-80.40045572445206,25.522051648564798
-80.40045601403381,25.52202095290471
-80.40045904384976,25.521866569886356
-80.40046072827994,25.521728910660727
-80.40047459762457,25.520295157495582
-80.4004754196049,25.52018839268021
-80.40047540071913,25.520081557717788</coordinates></LinearRing></outerBoundaryIs></Polygon></MultiGeometry></Placemark>
<Placemark>
<ExtendedData>
  <Data name="COMNAME"><value>Florida bonneted bat</value></Data>
  <Data name="SCINAME"><value>Eumops floridanus</value></Data>
  <Data name="SPCODE"><value>A0JB</value></Data>
  <Data name="VIPCODE"><value>V01</value></Data>
  <Data name="UNIT"><value>9</value></Data>
  <Data name="SUBUNIT"><value>9Z</value></Data>
  <Data name="UNITNAME"><value></value></Data>
  <Data name="SUBUNITNAM"><value></value></Data>
  <Data name="STATUS"><value>FINAL</value></Data>
  <Data name="LEADOFFICE"><value>FF04EF4000</value></Data>
  <Data name="COOPOFFICE"><value></value></Data>
  <Data name="COOPOFMORE"><value></value></Data>
  <Data name="FEDREG"><value>89FR16624</value></Data>
  <Data name="PUBDATE"><value>20240307</value></Data>
  <Data name="EFFECTDATE"><value>20240408</value></Data>
  <Data name="VACATEDATE"><value></value></Data>
  <Data name="ACCURACY"><value></value></Data></ExtendedData>
  <Polygon>
<outerBoundaryIs>
  <LinearRing><coordinates>-80.45308974599493,25.49108033818709
-80.45303796662881,25.487020470218567
-80.45338104809684,25.487020286756888
-80.45338083405818,25.486850433600694
-80.45366920526959,25.4866923993348
-80.45376205487491,25.48670037542206
-80.4538489563642,25.48667907048275
-80.45393515908029,25.48659951555527
-80.4547947823533,25.486585554479802
-80.45507561184996,25.486796407728093
-80.4553564467426,25.48679745004233
-80.45563814408507,25.48696115453373
-80.4568705606278,25.486950708008806
-80.45688037492931,25.487458708952317
-80.45552038685634,25.487474168298263
-80.4555576124938,25.488808451948557
-80.45659782502958,25.488768807134818
-80.45446841478548,25.491039266149244
-80.45308974599493,25.49108033818709</coordinates></LinearRing></outerBoundaryIs></Polygon></Placemark></Document></kml>