<kml xmlns="http://www.opengis.net/kml/2.2"><Document>
<Placemark>
<ExtendedData>
  <Data name="COMNAME"><value>Desert Tortoise</value></Data>
  <Data name="SCINAME"><value>Gopherus agassizif</value></Data>
  <Data name="SPCODE"><value>C04L</value></Data>
  <Data name="VIPCODE"><value>V05</value></Data>
  <Data name="UNIT"><value></value></Data>
  <Data name="SUBUNIT"><value></value></Data>
  <Data name="UNITNAME"><value>Beaver Dam Slope</value></Data>
  <Data name="SUBUNITNAM"><value></value></Data>
  <Data name="STATUS"><value>FINAL</value></Data>
  <Data name="LEADOFFICE"><value></value></Data>
  <Data name="COOPOFFICE"><value></value></Data>
  <Data name="COOPOFMORE"><value></value></Data>
  <Data name="FEDREG"><value>59FR5820</value></Data>
  <Data name="PUBDATE"><value>19940208</value></Data>
  <Data name="EFFECTDATE"><value>19940310</value></Data>
  <Data name="VACATEDATE"><value></value></Data>
  <Data name="ACCURACY"><value></value></Data>
  <Data name="SHAPE_Leng"><value>1.04414136752</value></Data>
  <Data name="SHAPE_Area"><value>0.0356565149611</value></Data></ExtendedData>
  <Polygon>
<outerBoundaryIs>
  <LinearRing><coordinates>-114.05168492099995,37.172373539000034
-114.05219091799995,37.14711553600006
-114.05187891699995,37.13429753500003
-114.05283891399995,37.103966531000026
-114.05183391199995,37.09098153000008
-114.05176091199996,37.08843952900003
-114.05061190299995,37.000401519000036
-114.05000689799999,36.95777451400005
-114.05031589299995,36.90097450700006
-114.05612889399998,36.90116150700004
-114.07441089699995,36.901295506000054
-114.09206790099995,36.901265505000026
-114.11003790399997,36.90111850300008
-114.12843490699998,36.90124250200006
-114.12845290599995,36.886802500000044
-114.12847190399998,36.87201649900004
-114.14640690799996,36.87211549800003
-114.16468291099994,36.872143496000035
-114.16466490999994,36.85779349500007
-114.16461790799997,36.84324849300003
-114.16882790899996,36.84325249300008
-114.21883191899997,36.84329948900006
-114.21885991999994,36.85756049100007
-114.21880292199995,36.87207349300007
-114.21868892299995,36.886651495000024
-114.21854592499994,36.90129849600004
-114.21862992599995,36.91578749800004
-114.21871492799994,36.93038850000005
-114.21837192899994,36.94489850100007
-114.21879893099998,36.95932050300007
-114.21862593199995,36.97389650500003
-114.218424933,36.98834050700003
-114.21851193499998,36.99997850800003
-114.21838093499997,37.002683508000075
-114.21851193599997,37.01716851000003
-114.21852993799996,37.031677512000044
-114.21846193899995,37.046186513000066
-114.21856494099995,37.06062751500008
-114.20087793799996,37.06070951600003
-114.18262093399994,37.06065351700005
-114.16456393099998,37.06052451900007
-114.14630792699995,37.06064552000004
-114.12836492399998,37.06060252100008
-114.11028091999998,37.06044252200007
-114.11001992199999,37.07488352400003
-114.11030192299995,37.08936652600005
-114.09192491999994,37.08938852700004
-114.09197492099997,37.103712528000074
-114.09205292299998,37.11835853000008
-114.09198792399997,37.132979532000036
-114.09195192599998,37.14741953400005
-114.09205792699998,37.161857535000024
-114.07386392399997,37.16194353700007
-114.05566992099995,37.161889538000025
-114.05561213099998,37.176662770000064
-114.055528832,37.191070172000025
-114.05161953099997,37.191070473000025
-114.05168492099995,37.172373539000034</coordinates></LinearRing></outerBoundaryIs></Polygon></Placemark>
<Placemark>
<ExtendedData>
  <Data name="COMNAME"><value>Desert Tortoise</value></Data>
  <Data name="SCINAME"><value>Gopherus agassizif</value></Data>
  <Data name="SPCODE"><value>C04L</value></Data>
  <Data name="VIPCODE"><value>V05</value></Data>
  <Data name="UNIT"><value></value></Data>
  <Data name="SUBUNIT"><value></value></Data>
  <Data name="UNITNAME"><value>Beaver Dam Slope</value></Data>
  <Data name="SUBUNITNAM"><value></value></Data>
  <Data name="STATUS"><value>FINAL</value></Data>
  <Data name="LEADOFFICE"><value></value></Data>
  <Data name="COOPOFFICE"><value></value></Data>
  <Data name="COOPOFMORE"><value></value></Data>
  <Data name="FEDREG"><value>59FR5820</value></Data>
  <Data name="PUBDATE"><value>19940208</value></Data>
  <Data name="EFFECTDATE"><value>19940310</value></Data>
  <Data name="VACATEDATE"><value></value></Data>
  <Data name="ACCURACY"><value></value></Data>
  <Data name="SHAPE_Leng"><value>1.08285119873</value></Data>
  <Data name="SHAPE_Area"><value>0.030624890214</value></Data></ExtendedData>
  <Polygon>
<outerBoundaryIs>
  <LinearRing><coordinates>-113.84252786299999,37.00001153300008
-113.84281386299995,37.00001153300008
-113.84547786399997,37.00014953300007
-113.84547786399997,37.00001053300008
-113.91611287699999,36.99999352800006
-113.96591888699999,36.99998152500007
-113.96591888699999,37.00003052500006
-114.05061190299995,37.000401519000036
-114.05176091199996,37.08843952900003
-114.05183391199995,37.09098153000008
-114.05283891399995,37.103966531000026
-114.05187891699995,37.13429753500003
-114.05219091799995,37.14711553600006
-114.05168492099995,37.172373539000034
-114.05157692399996,37.19710954200008
-114.04126792199997,37.19713054300007
-114.04126992299996,37.211662545000024
-114.02321591999998,37.21155354600006
-114.01469891799997,37.211619546000065
-114.01461591999998,37.22603054800004
-114.01455792099995,37.24059355000003
-114.02323992299995,37.240515549000065
-114.03246392399996,37.240576549000025
-114.03222492599997,37.25754155100003
-114.02472792499998,37.25755355100006
-114.02472792599997,37.26528955200007
-114.00658592199994,37.26516155300004
-114.00659092299998,37.27200755400003
-114.00659892399995,37.279069555000035
-114.00081992199995,37.27901855500005
-113.98814991999996,37.279008556000065
-113.97027391699999,37.27907755700005
-113.97024091599997,37.27203455600005
-113.970260914,37.25756255500005
-113.96941591399997,37.257549555000026
-113.96941291299999,37.24999355400007
-113.96941691299998,37.24902955400006
-113.95095390999995,37.249117555000055
-113.93303590599999,37.249180556000056
-113.933032906,37.24064255500008
-113.93318290399998,37.22600655300005
-113.95122790699997,37.22616655200005
-113.95130690599996,37.211625551000054
-113.95123490399999,37.19718254900005
-113.96945690799998,37.197172548000026
-113.96937490599998,37.18271654600005
-113.96926590499999,37.168213544000025
-113.96927990299997,37.15368254300006
-113.96914390199998,37.13918054100003
-113.96913689999997,37.124994539000056
-113.96913089999998,37.12452453900005
-113.95104489699997,37.124521540000046
-113.95105289499998,37.11013653900005
-113.95094989399996,37.095581537000044
-113.95094889199999,37.08111453500004
-113.93288288899998,37.08109253600003
-113.93287688799995,37.07363553600004
-113.91470388499994,37.07358353700005
-113.91471988399996,37.06659253600003
-113.89698587999999,37.066547537000076
-113.87888787699995,37.06656053800003
-113.878853876,37.052071537000074
-113.87885687499994,37.04493253600003
-113.86065487099995,37.04479853700008
-113.86064887099997,37.037512536000065
-113.86059686899995,37.02311353400006
-113.84261186599997,37.02308653600005
-113.84258286399995,37.008583534000024
-113.84252786299999,37.00001153300008</coordinates></LinearRing></outerBoundaryIs></Polygon></Placemark>
<Placemark>
<ExtendedData>
  <Data name="COMNAME"><value>Desert Tortoise</value></Data>
  <Data name="SCINAME"><value>Gopherus agassizif</value></Data>
  <Data name="SPCODE"><value>C04L</value></Data>
  <Data name="VIPCODE"><value>V05</value></Data>
  <Data name="UNIT"><value></value></Data>
  <Data name="SUBUNIT"><value></value></Data>
  <Data name="UNITNAME"><value>Beaver Dam Slope</value></Data>
  <Data name="SUBUNITNAM"><value></value></Data>
  <Data name="STATUS"><value>FINAL</value></Data>
  <Data name="LEADOFFICE"><value></value></Data>
  <Data name="COOPOFFICE"><value></value></Data>
  <Data name="COOPOFMORE"><value></value></Data>
  <Data name="FEDREG"><value>59FR5820</value></Data>
  <Data name="PUBDATE"><value>19940208</value></Data>
  <Data name="EFFECTDATE"><value>19940310</value></Data>
  <Data name="VACATEDATE"><value></value></Data>
  <Data name="ACCURACY"><value></value></Data>
  <Data name="SHAPE_Leng"><value>0.638218494207</value></Data>
  <Data name="SHAPE_Area"><value>0.017496741559</value></Data></ExtendedData>
  <MultiGeometry>
<Polygon>
<outerBoundaryIs>
  <LinearRing><coordinates>-113.84547786399997,37.00001053300008
-113.84547585699994,36.93210852500005
-113.88151986399998,36.93210552200003
-113.88150886199998,36.91758352000005
-113.93569887299998,36.91762151700004
-113.93570387399996,36.93213951900003
-113.95376487699997,36.93215451700007
-113.95376087499994,36.903142514000024
-114.05024289299996,36.90316450800003
-114.05022489299995,36.900971507000065
-114.05031589299995,36.90097450700006
-114.05000689799999,36.95777451400005
-114.05061190299995,37.000401519000036
-113.96591888699999,37.00003052500006
-113.96591888699999,36.99998152500007
-113.91611287699999,36.99999352800006
-113.84547786399997,37.00001053300008</coordinates></LinearRing></outerBoundaryIs></Polygon>
<Polygon>
<outerBoundaryIs>
  <LinearRing><coordinates>-113.84281386299995,37.00001153300008
-113.84252786299999,37.00001153300008
-113.84252786299999,36.99999653300006
-113.84281386299995,37.00001153300008</coordinates></LinearRing></outerBoundaryIs></Polygon></MultiGeometry></Placemark>
<Placemark>
<ExtendedData>
  <Data name="COMNAME"><value>Desert Tortoise</value></Data>
  <Data name="SCINAME"><value>Gopherus agassizif</value></Data>
  <Data name="SPCODE"><value>C04L</value></Data>
  <Data name="VIPCODE"><value>V05</value></Data>
  <Data name="UNIT"><value></value></Data>
  <Data name="SUBUNIT"><value></value></Data>
  <Data name="UNITNAME"><value>Beaver Dam Slope</value></Data>
  <Data name="SUBUNITNAM"><value></value></Data>
  <Data name="STATUS"><value>FINAL</value></Data>
  <Data name="LEADOFFICE"><value></value></Data>
  <Data name="COOPOFFICE"><value></value></Data>
  <Data name="COOPOFMORE"><value></value></Data>
  <Data name="FEDREG"><value>59FR5820</value></Data>
  <Data name="PUBDATE"><value>19940208</value></Data>
  <Data name="EFFECTDATE"><value>19940310</value></Data>
  <Data name="VACATEDATE"><value></value></Data>
  <Data name="ACCURACY"><value></value></Data>
  <Data name="SHAPE_Leng"><value>0.10849535064</value></Data>
  <Data name="SHAPE_Area"><value>0.00000338637190607</value></Data></ExtendedData>
  <Polygon>
<outerBoundaryIs>
  <LinearRing><coordinates>-114.16461790799997,36.84324849300003
-114.16461790799997,36.84319149300006
-114.16609790899997,36.84324249300005
-114.18391291199998,36.843172492000065
-114.20189891499996,36.84319449100008
-114.21824991899996,36.84329248900008
-114.21883191899997,36.843290489000026
-114.21883191899997,36.84329948900006
-114.16882790899996,36.84325249300008
-114.16461790799997,36.84324849300003</coordinates></LinearRing></outerBoundaryIs></Polygon></Placemark>
<Placemark>
<ExtendedData>
  <Data name="COMNAME"><value>Desert Tortoise</value></Data>
  <Data name="SCINAME"><value>Gopherus agassizif</value></Data>
  <Data name="SPCODE"><value>C04L</value></Data>
  <Data name="VIPCODE"><value>V05</value></Data>
  <Data name="UNIT"><value></value></Data>
  <Data name="SUBUNIT"><value></value></Data>
  <Data name="UNITNAME"><value>Upper Virgin River</value></Data>
  <Data name="SUBUNITNAM"><value></value></Data>
  <Data name="STATUS"><value>FINAL</value></Data>
  <Data name="LEADOFFICE"><value></value></Data>
  <Data name="COOPOFFICE"><value></value></Data>
  <Data name="COOPOFMORE"><value></value></Data>
  <Data name="FEDREG"><value>59FR5820</value></Data>
  <Data name="PUBDATE"><value>19940208</value></Data>
  <Data name="EFFECTDATE"><value>19940310</value></Data>
  <Data name="VACATEDATE"><value></value></Data>
  <Data name="ACCURACY"><value></value></Data>
  <Data name="SHAPE_Leng"><value>1.67469852517</value></Data>
  <Data name="SHAPE_Area"><value>0.0224845482427</value></Data></ExtendedData>
  <MultiGeometry>
<Polygon>
<outerBoundaryIs>
  <LinearRing><coordinates>-113.60658583999998,37.212065574000064
-113.61668884199997,37.21203357300004
-113.62472384399996,37.212006572000064
-113.62580284399996,37.212010572000054
-113.62580284399996,37.21199457200004
-113.62947484399996,37.21199657200003
-113.63377984499999,37.21199757200003
-113.63362384399994,37.19749857000005
-113.63371984399998,37.197496570000055
-113.63817684499998,37.19746457000008
-113.63810884399999,37.19342056900007
-113.62912084199996,37.19361557000008
-113.62909884099997,37.18302256900006
-113.62906984099999,37.183023569000056
-113.62903784099996,37.18297256900007
-113.62655084099998,37.182971569000074
-113.62580284099994,37.182971569000074
-113.62580284099994,37.18301056900003
-113.62473284099997,37.18300656900004
-113.61987783999996,37.183031569000036
-113.61961683899995,37.179763569000045
-113.61899183799994,37.17312256800005
-113.61875383799998,37.172415568000076
-113.61854683799999,37.171865568000044
-113.61831183799995,37.17136456800006
-113.61798983799997,37.17081656800008
-113.61758183799998,37.17017956800004
-113.61694183799995,37.16938256800006
-113.61600083699994,37.16859456800006
-113.61043483599997,37.168611568000074
-113.61059383699995,37.17225556900007
-113.60649983599995,37.17224456900004
-113.60655783699997,37.18309357000004
-113.60185083599998,37.18308857100004
-113.60199583599996,37.18324357100005
-113.60201983799999,37.197578572000054
-113.60202683799997,37.201315573000045
-113.60200483799997,37.20486257300007
-113.60659583899997,37.204880573000025
-113.60658583999998,37.212065574000064
-113.58836583699997,37.21207357500003
-113.58838483699998,37.212942575000056
-113.56997383299995,37.21294757600003
-113.56962383299998,37.21293657600006
-113.55185482999997,37.21293357700006
-113.55152782999994,37.21292257700003
-113.55149082799994,37.19845957600006
-113.53338682499998,37.19845157700007
-113.53336382599997,37.212934579000034
-113.51547082299999,37.21293758000007
-113.51538982399995,37.227439582000045
-113.50079782099999,37.22743758300004
-113.49723382099995,37.22743658300004
-113.49735281899996,37.21295158100003
-113.47914181599998,37.21289258200005
-113.45945781199998,37.21287058400003
-113.45946181199997,37.21648458400006
-113.45948881299995,37.22009758400003
-113.45948981299995,37.220147584000074
-113.45489081199997,37.22039158500007
-113.45476481199995,37.22377858500005
-113.45012881099996,37.22377058600006
-113.45014681199996,37.22722158600004
-113.45014781199995,37.22736858600007
-113.44138880999998,37.22734858700005
-113.42326780599996,37.22737858800008
-113.42327780699998,37.229099588000054
-113.40329380299994,37.22902958900005
-113.40343880199998,37.22101958800005
-113.40300380199994,37.21918558800007
-113.40296380099994,37.217969588000074
-113.40287080099995,37.21723658800005
-113.40274780099998,37.21634258800003
-113.40262380099995,37.21533558800007
-113.40241580099996,37.21458058800005
-113.40215080099995,37.21380258800008
-113.40182880099997,37.21300258700006
-113.40141880099998,37.21211158700004
-113.40103879999998,37.21133258700007
-113.40057279999996,37.21048858700004
-113.40010679999995,37.20966658700007
-113.39961279999994,37.20891258700004
-113.39900379999995,37.20811358700007
-113.39859779999995,37.20761258700003
-113.39799179899995,37.207136587000036
-113.39686779899995,37.206386587000054
-113.39831079899994,37.20451858700005
-113.39935679899997,37.20304458600003
-113.40079779899997,37.20101858600003
-113.40232479899998,37.198897586000044
-113.40397479899997,37.19663358500003
-113.40456179899996,37.19592458500006
-113.40568579999996,37.19420758500007
-113.40637179999999,37.193186585000035
-113.40711679999998,37.19225658500005
-113.40763979999997,37.19153658500005
-113.40805179999995,37.19093358400005
-113.40852379999995,37.19041958400004
-113.40882579999999,37.18997858400007
-113.40926579999996,37.18937458400006
-113.40962179999997,37.18883958400005
-113.41000979999995,37.18837458400003
-113.41042079999994,37.187771584000075
-113.41124879999995,37.186724584000046
-113.41166479999998,37.186256584000034
-113.41205179999997,37.18576958400007
-113.41238379999999,37.18537258300006
-113.41265679999998,37.184932583000034
-113.41292779999998,37.184424583000066
-113.41314479999994,37.184117583000045
-113.41325779999994,37.18395758300005
-113.41372879999994,37.183423583000035
-113.41411979999998,37.18309558300007
-113.41467879999999,37.18262458300006
-113.41521179999995,37.182248583000046
-113.41566079999996,37.181941583000025
-113.41608079999997,37.18161358300006
-113.41658679999995,37.18130558300004
-113.4171768,37.18090358300003
-113.41795679999996,37.18017858200005
-113.41852080099994,37.17989458200003
-113.41911380099998,37.179607582000074
-113.41976380099999,37.17929658200006
-113.42032780099998,37.179010582000046
-113.42086280099994,37.17870158200003
-113.42148380099997,37.17841458200007
-113.42207780099994,37.178151582000055
-113.42264380099999,37.17793358200004
-113.42329380099994,37.17764758200008
-113.42408380099994,37.17726358200008
-113.42481780099996,37.17690658200007
-113.42583980199998,37.176587582000025
-113.42700380199994,37.17624658100004
-113.42779780199999,37.17600058100004
-113.42847880199997,37.175781581000024
-113.42918880199994,37.17558458100007
-113.42984180199994,37.17538858100005
-113.43046680199996,37.17523858100003
-113.43103480199994,37.17506658100007
-113.43165780299995,37.17482658100005
-113.43236580299998,37.17455958100004
-113.43290380299999,37.174365581000075
-113.43324280299998,37.17422158100004
-113.43477280299999,37.173664581000025
-113.43553680299999,37.17335158000003
-113.43632980299998,37.17308558000008
-113.43698180299998,37.172842580000065
-113.43763180299999,37.17255458000005
-113.43819680399997,37.17229258000003
-113.43893180399999,37.172002580000026
-113.43955380399996,37.17173758000007
-113.44009180399996,37.17152158000005
-113.44074280399997,37.17128058000003
-113.44125280399999,37.17108758000006
-113.44277780399995,37.17036858000006
-113.44354180399995,37.17008058000005
-113.44433380399994,37.169766579000054
-113.44489980499998,37.16952457900004
-113.44524280499996,37.169387579000045
-113.44549380499996,37.16928457900008
-113.44622980499997,37.16901757900007
-113.44690980499996,37.168775579000055
-113.44747580499995,37.16853457900004
-113.44798380499998,37.16829657900007
-113.44860380499995,37.16798657900006
-113.44902780499996,37.16779457900003
-113.44942280499998,37.16758157900006
-113.450071805,37.167293579000045
-113.45148480499995,37.16666957900003
-113.45210680599996,37.16640457900007
-113.45275680599997,37.16611757800007
-113.45320880599996,37.165901578000046
-113.45397180599997,37.16558857800004
-113.45450980599998,37.165394578000075
-113.45504880599998,37.16522357800005
-113.45558580599999,37.16498457800003
-113.45609480599995,37.16476957800006
-113.45668780599999,37.16450457800005
-113.45725380599998,37.16428757800003
-113.45770680599998,37.16409557800006
-113.45824380599998,37.16387757800004
-113.45968580699997,37.16327757800008
-113.46044880699998,37.16294157800007
-113.46104280699996,37.16272257800006
-113.46160980699995,37.16252757700005
-113.46220680699997,37.16238057700008
-113.46277280699996,37.16216157700006
-113.46336780699994,37.161966577000044
-113.46390780699994,37.16181757700008
-113.46453280699996,37.16164457700006
-113.46509980799999,37.16147557700003
-113.46563980799999,37.16134857700007
-113.46719980799998,37.16085957700005
-113.467822808,37.160641577000035
-113.46861780799998,37.16041957700003
-113.46887380799996,37.160344577000046
-113.46972380799997,37.16007657700004
-113.47026380799997,37.159927577000076
-113.47091780899996,37.15977657600007
-113.47154280899997,37.159628576000046
-113.47216780899998,37.159478576000026
-113.47282080899998,37.15930457600007
-113.47338980899997,37.15917757600005
-113.47381680899997,37.15907857600007
-113.47412880899998,37.159002576000034
-113.47438480899996,37.15892957600005
-113.47458280899997,37.15885757600006
-113.47489280899998,37.158691576000024
-113.47522880899999,37.158431576000055
-113.47545280899999,37.15826757600007
-113.47587180899995,37.15793857600005
-113.47634480899995,37.157493576000036
-113.47732080899999,37.156626576000065
-113.47812780899994,37.15587757600008
-113.47901480999997,37.154919575000065
-113.47906180999996,37.15487557500006
-113.47971080999997,37.15426457500007
-113.48034880999995,37.153609575000075
-113.48073980999999,37.15328157500005
-113.48129480999995,37.15271957500005
-113.48184580999998,37.15199857500005
-113.48281580999998,37.15097157500003
-113.49559681199997,37.150965574000054
-113.49557881299995,37.154627574000074
-113.49555481299996,37.15490757400005
-113.49557981299995,37.158372575000044
-113.51414481699999,37.15832157300008
-113.51438881699994,37.16171157400004
-113.52324681899995,37.16178957300008
-113.52321881799998,37.15451057200005
-113.52764681899998,37.15450657200006
-113.52752581899995,37.151045572000044
-113.52755781699994,37.13992857000005
-113.53204081799998,37.13992157000007
-113.53201281799994,37.136744570000076
-113.53194881699994,37.12935656900004
-113.53193681699997,37.12793056900006
-113.53191381699997,37.125315568000076
-113.53650881799996,37.12529156800008
-113.54120481799998,37.12526556800003
-113.54996281999996,37.12521656700005
-113.55935682199998,37.125144566000074
-113.56390182299998,37.125084566000055
-113.56384882199995,37.11807456500003
-113.56387182199995,37.11418556500007
-113.56848482299995,37.11424956500008
-113.58217682499998,37.11431056400005
-113.58222482599996,37.11844556400007
-113.58710582699996,37.118406564000054
-113.58719582699996,37.12210456400004
-113.59630482899996,37.121850564000056
-113.59637682899995,37.124998564000066
-113.59638282899999,37.128777564000075
-113.60105882999994,37.12891556400007
-113.60218483099999,37.12890256400004
-113.60236183099994,37.12926756400003
-113.60248083099998,37.12967956400007
-113.60265983099998,37.13029556400005
-113.60283983099998,37.13100556400008
-113.60296083099996,37.131577564000054
-113.60302683099997,37.13224056400003
-113.60303683099994,37.133089565000034
-113.60304683099997,37.133936565000056
-113.602970831,37.13474056500007
-113.60280683099995,37.13545156500004
-113.60275883099996,37.13616256500006
-113.60279483099998,37.13680356500004
-113.60294583199999,37.13742156500007
-113.60318183199996,37.138038565000045
-113.60344883199997,37.13888456500007
-113.60386183199995,37.13954856500004
-113.60569183199999,37.13953156500003
-113.61484383399994,37.13942856400007
-113.61471883499996,37.146575565000035
-113.62402683699997,37.14661056500006
-113.63314183799997,37.146590564000064
-113.63339484,37.157577565000054
-113.63348383999994,37.16100856600008
-113.64259284199994,37.16101556500007
-113.64266384199999,37.16479456600007
-113.64722584299994,37.16489956500004
-113.64721584299997,37.16849056600006
-113.65209984399996,37.168496565000055
-113.65196984499994,37.172383566000065
-113.66081384599994,37.17230656500004
-113.66084584699996,37.17567656600005
-113.66983584799999,37.17584356500004
-113.67447184899999,37.17583556500006
-113.67894684999999,37.17591956500007
-113.68763285199998,37.17586156400006
-113.687577853,37.18293756500003
-113.69284885399998,37.18298856400003
-113.69288385399994,37.189848565000034
-113.69794685499994,37.189825565000035
-113.70699685699998,37.18993356400006
-113.70721285799999,37.19712256500003
-113.71598785899994,37.19720356500005
-113.72517386099997,37.197176564000074
-113.72519786199996,37.20423256500004
-113.73410686399995,37.204249564000065
-113.75152086699995,37.20434656300006
-113.76100186899998,37.204389562000074
-113.76111786999996,37.21162256300005
-113.77077487099996,37.21159956300005
-113.77067387299996,37.22609056400006
-113.77053787399996,37.240601566000066
-113.75238987099999,37.240597567000066
-113.75256286999996,37.22610556600006
-113.75080886899997,37.22616856600007
-113.73416786599995,37.226204567000025
-113.71594086299996,37.22617456800003
-113.715979861,37.21179756600003
-113.69788485799995,37.21196856800003
-113.67891185399998,37.21193956900004
-113.67890185199997,37.19740156700004
-113.67898785099999,37.18290456500006
-113.66091484699996,37.18288856700008
-113.66088884799996,37.18569456700004
-113.65618084699997,37.18572756700007
-113.65628584799998,37.193437568000036
-113.66075084899995,37.19356656800005
-113.66081484899996,37.19355156800003
-113.66077784899994,37.197463568000046
-113.66083884999995,37.211928570000055
-113.66090085199994,37.22653457200005
-113.66090185399997,37.240955573000065
-113.66107285399994,37.249997575000066
-113.66105885499996,37.25745257500006
-113.65656085399996,37.25746357600008
-113.64740485299995,37.25743457600004
-113.64344785199995,37.25743257700003
-113.64287285199998,37.257427577000044
-113.64286285199995,37.25552657600008
-113.64285985099997,37.249993576000065
-113.64279785099995,37.24999257600007
-113.64276684999999,37.24099057500007
-113.62580384699999,37.24092657600005
-113.62580384699999,37.240973576000044
-113.62514184699995,37.24097057600005
-113.62508984499999,37.230031575000055
-113.62507584499997,37.22800357400007
-113.62465784499994,37.22799557400003
-113.62465184499996,37.22649957400006
-113.62468684399994,37.21945357300007
-113.61125184199994,37.21992857400005
-113.60668584099994,37.220076575000064
-113.60663583999997,37.21609057400008
-113.60658583999998,37.212065574000064</coordinates></LinearRing></outerBoundaryIs></Polygon>
<Polygon>
<outerBoundaryIs>
  <LinearRing><coordinates>-113.32831978699994,37.218927593000046
-113.32829478699995,37.214117593000026
-113.32374978599995,37.21411459300003
-113.31985378499996,37.21411159300004
-113.310191783,37.21410659400004
-113.30999678199998,37.19965759200005
-113.29562377899998,37.19973859300006
-113.29573677699995,37.18189859100005
-113.31008077999996,37.18188359000004
-113.32798378299998,37.18189158900003
-113.32800078399998,37.18520558900008
-113.33445078499994,37.191350589000024
-113.33483278599999,37.192471589000036
-113.34623178799995,37.192404589000034
-113.35085478899998,37.192299588000026
-113.35221778899995,37.19233058800006
-113.35345778899995,37.19229258800004
-113.35528978999997,37.192445588000055
-113.36697679199995,37.192345587000034
-113.36698479199998,37.191696587000024
-113.36703379099998,37.18770258700005
-113.37137979199997,37.18778058600003
-113.37136279199996,37.18395958600007
-113.37580979299997,37.183955586000025
-113.37572479399995,37.19962558800006
-113.37579379399995,37.19962658800006
-113.37579379399995,37.19968258800003
-113.38518879599997,37.19988158700005
-113.38525679799994,37.21457858900004
-113.38523079799995,37.218666589000065
-113.37141979499995,37.218242590000045
-113.37116279599996,37.225401591000036
-113.36700879499995,37.22542359100004
-113.36120179399995,37.22545459200006
-113.36162479499995,37.22908859200004
-113.36013879399997,37.229104592000056
-113.35786779399996,37.22913259200004
-113.35314479299996,37.22918759300006
-113.34864679199995,37.22924159300004
-113.34852779199997,37.229243593000035
-113.34845579199998,37.22924459300003
-113.34305779099998,37.22932259300006
-113.33353978899999,37.22946159400004
-113.32849278799995,37.22953359400003
-113.32855678799996,37.22863059400004
-113.32843478799998,37.225438594000025
-113.32831978699994,37.218927593000046</coordinates></LinearRing></outerBoundaryIs></Polygon></MultiGeometry></Placemark>
<Placemark>
<ExtendedData>
  <Data name="COMNAME"><value>Desert Tortoise</value></Data>
  <Data name="SCINAME"><value>Gopherus agassizif</value></Data>
  <Data name="SPCODE"><value>C04L</value></Data>
  <Data name="VIPCODE"><value>V05</value></Data>
  <Data name="UNIT"><value></value></Data>
  <Data name="SUBUNIT"><value></value></Data>
  <Data name="UNITNAME"><value>Mormon Mesa</value></Data>
  <Data name="SUBUNITNAM"><value></value></Data>
  <Data name="STATUS"><value>FINAL</value></Data>
  <Data name="LEADOFFICE"><value></value></Data>
  <Data name="COOPOFFICE"><value></value></Data>
  <Data name="COOPOFMORE"><value></value></Data>
  <Data name="FEDREG"><value>59FR5820</value></Data>
  <Data name="PUBDATE"><value>19940208</value></Data>
  <Data name="EFFECTDATE"><value>19940310</value></Data>
  <Data name="VACATEDATE"><value></value></Data>
  <Data name="ACCURACY"><value></value></Data>
  <Data name="SHAPE_Leng"><value>2.81851665767</value></Data>
  <Data name="SHAPE_Area"><value>0.0746794686529</value></Data></ExtendedData>
  <MultiGeometry>
<Polygon>
<outerBoundaryIs>
  <LinearRing><coordinates>-114.47403696699996,36.84353947300008
-114.47938896799997,36.843544472000076
-114.47529296699997,36.843579473000034
-114.47403696699996,36.84353947300008</coordinates></LinearRing></outerBoundaryIs></Polygon>
<Polygon>
<outerBoundaryIs>
  <LinearRing><coordinates>-114.21871492799994,36.93038850000005
-114.21862992599995,36.91578749800004
-114.21854592499994,36.90129849600004
-114.21868892299995,36.886651495000024
-114.21880292199995,36.87207349300007
-114.21885991999994,36.85756049100007
-114.21883191899997,36.84329948900006
-114.43501495899994,36.84350247500004
-114.43477496099996,36.857944477000046
-114.41678295699995,36.85786447800007
-114.41670695899995,36.872559480000064
-114.39874095599998,36.87257148100008
-114.38088795199997,36.872464482000055
-114.36286594899997,36.87244648300003
-114.36292094999999,36.88705148500003
-114.34489494699994,36.886938486000076
-114.32695394399997,36.88686948700007
-114.30887193999996,36.88695848900005
-114.30880194199995,36.901470490000065
-114.30918994299998,36.91600449200007
-114.30894994499994,36.930515494000076
-114.29065694099995,36.93037149500003
-114.27273593799998,36.93038649600004
-114.25432993399994,36.93041949700006
-114.23672193099998,36.93038249800003
-114.21871492799994,36.93038850000005</coordinates></LinearRing></outerBoundaryIs></Polygon>
<Polygon>
<outerBoundaryIs>
  <LinearRing><coordinates>-114.48895496999995,36.84355347200005
-114.50882897299999,36.843572470000026
-114.75891001999997,36.84381545400004
-114.75898302099995,36.85334945500006
-114.80403302899998,36.85330645200003
-114.95618305799997,36.85340644200005
-114.97853706199999,36.85356444000007
-114.978585066,36.89687244500004
-114.97847906899995,36.926127449000035
-114.97866007299996,36.96244945300003
-114.97806507499996,36.984642456000074
-114.97848607699996,36.99997145700007
-114.97856107699994,37.00270845800003
-114.97891807899998,37.01356645900006
-114.992729081,37.013494458000025
-114.99211008399999,37.042911461000074
-114.99671349299996,37.04264929200008
-114.99673208499996,37.04647746100005
-114.99673108599995,37.056936463000056
-115.00085108699994,37.05651046200006
-115.00085208699994,37.05997146300007
-115.00085208799999,37.06402246300007
-115.00564208899999,37.06459046300006
-115.00572608999994,37.075564464000024
-115.00579208999994,37.07917546500005
-115.00568509099998,37.082607465000024
-115.01037009199996,37.08287546500003
-115.01054809199996,37.08634846500007
-115.01489109299996,37.08661946500007
-115.01476309599997,37.11571146800003
-115.01882109699994,37.11598146800003
-115.01875610299999,37.17330047400003
-115.00085309899998,37.17313847600008
-114.99648809799999,37.17313047600004
-114.97837009499995,37.17332947700004
-114.96165009199996,37.17322147800007
-114.961662091,37.15863847700007
-114.96141908899995,37.14424147500006
-114.96154708699999,37.12972347300007
-114.961503086,37.11528047200005
-114.96138408399997,37.09939347000005
-114.96148408299996,37.08503746800005
-114.96155308099998,37.07047646600006
-114.94365907799994,37.07053446800006
-114.94347507599997,37.056020466000064
-114.92589907299998,37.05618746700003
-114.92590607499994,37.07054246900003
-114.92599907599998,37.08474847100007
-114.90699407299996,37.08482447200004
-114.88900006899996,37.084843473000035
-114.87074906599997,37.084839474000034
-114.85269706199995,37.08473947500005
-114.83484805899997,37.08484047700006
-114.81665505599995,37.084919478000074
-114.79840305199997,37.084836479000046
-114.78058204899997,37.084859480000034
-114.76236004599997,37.084839481000074
-114.74471204199995,37.08503248300008
-114.74456804099998,37.070726481000065
-114.74453603899997,37.05609847900007
-114.76268204299998,37.05611547800004
-114.78046004599997,37.05617747700006
-114.78064904499996,37.041708475000064
-114.79870604799999,37.04158347400005
-114.79874904599995,37.02711447200005
-114.81674904999994,37.027215471000034
-114.81659704799995,37.013458470000046
-114.81657404699996,36.999973468000064
-114.81643704699997,36.99899946800008
-114.83449404999999,36.99913246700004
-114.83454904899997,36.98443546500005
-114.83437504699998,36.96978446300005
-114.85288305099999,36.96993346200003
-114.85276204899998,36.95516846100003
-114.85267204799999,36.94067645900003
-114.85198704699997,36.94054245900003
-114.85209504599999,36.92588945700004
-114.85203404399999,36.91144245600003
-114.87024104799997,36.91152245400008
-114.87051804599997,36.896983453000075
-114.87048004499997,36.882444451000026
-114.85205004099998,36.88215945200005
-114.83376503799997,36.88223745300007
-114.81590703499995,36.88226445500004
-114.79787903099998,36.882359456000074
-114.77942302799994,36.88231645700006
-114.75934302399997,36.882272458000045
-114.75915202299996,36.87267945700006
-114.74115401999995,36.87260445800007
-114.72321301599999,36.87257246000007
-114.70513101299997,36.872718461000034
-114.68720500999996,36.87281246200007
-114.66928200599995,36.872311463000074
-114.66582600599997,36.872322463000046
-114.66592300599996,36.87304246300005
-114.66604300599994,36.87368546300007
-114.66639600599996,36.874577464000026
-114.66683600599998,36.87562746400005
-114.66713400599997,36.87665846400006
-114.66731100599998,36.87725246400004
-114.66734600599995,36.87778046400007
-114.66729500699995,36.87835346400004
-114.66718500699994,36.87865146400003
-114.66694200699999,36.87989246400008
-114.66561600699998,36.88377546500004
-114.66553900699995,36.88453346500006
-114.66560500699995,36.88522146500003
-114.66569700699995,36.885886465000056
-114.66585200699996,36.886869465000075
-114.66623200699996,36.88773746500004
-114.66658100699999,36.88835446500008
-114.66681800799995,36.889132465000046
-114.66662900799997,36.89002746500006
-114.66579600799997,36.89203046600005
-114.66380000799995,36.897225466000066
-114.661352008,36.90290646700004
-114.65957200799994,36.90700146800003
-114.65860900799998,36.91019546800004
-114.65841800799996,36.911000468000054
-114.65836900799997,36.91168946800008
-114.65837800799994,36.91255946800004
-114.65844100799995,36.913040469000066
-114.65861800899995,36.913589469000044
-114.65894800899997,36.91496346900004
-114.65924900899995,36.91640446900004
-114.65946100899998,36.91743646900005
-114.65944500899997,36.91858246900006
-114.65928900899996,36.91995846900005
-114.65869900999996,36.92583147000005
-114.65790801099996,36.934207471000036
-114.65772301099997,36.93553747100003
-114.65742401099999,36.93689247100008
-114.65681601099999,36.93864047200003
-114.65570201099996,36.941238472000066
-114.65303101099994,36.94497347300006
-114.63312600699999,36.945118474000026
-114.61527700399995,36.94510847500004
-114.59731399999998,36.94511847600006
-114.57903599699995,36.94506047800007
-114.56096599399996,36.94528547900006
-114.54280698999997,36.94527148000003
-114.54288898899995,36.930733478000036
-114.52476598499999,36.93076547900006
-114.52482198399997,36.91625247800005
-114.50675897999997,36.916117479000036
-114.50673397899999,36.90167447700003
-114.48867497499998,36.901607478000074
-114.48885197399994,36.88709447700006
-114.47082497099996,36.88688747800006
-114.47089096899998,36.87269447600005
-114.47092896799995,36.857953475000045
-114.48903497099997,36.85809147300006
-114.48895496999995,36.84355347200005</coordinates></LinearRing></outerBoundaryIs></Polygon></MultiGeometry></Placemark>
<Placemark>
<ExtendedData>
  <Data name="COMNAME"><value>Desert Tortoise</value></Data>
  <Data name="SCINAME"><value>Gopherus agassizif</value></Data>
  <Data name="SPCODE"><value>C04L</value></Data>
  <Data name="VIPCODE"><value>V05</value></Data>
  <Data name="UNIT"><value></value></Data>
  <Data name="SUBUNIT"><value></value></Data>
  <Data name="UNITNAME"><value>Mormon Mesa</value></Data>
  <Data name="SUBUNITNAM"><value></value></Data>
  <Data name="STATUS"><value>FINAL</value></Data>
  <Data name="LEADOFFICE"><value></value></Data>
  <Data name="COOPOFFICE"><value></value></Data>
  <Data name="COOPOFMORE"><value></value></Data>
  <Data name="FEDREG"><value>59FR5820</value></Data>
  <Data name="PUBDATE"><value>19940208</value></Data>
  <Data name="EFFECTDATE"><value>19940310</value></Data>
  <Data name="VACATEDATE"><value></value></Data>
  <Data name="ACCURACY"><value></value></Data>
  <Data name="SHAPE_Leng"><value>2.8083954308</value></Data>
  <Data name="SHAPE_Area"><value>0.100840758467</value></Data></ExtendedData>
  <Polygon>
<outerBoundaryIs>
  <LinearRing><coordinates>-114.97853706199999,36.85356444000007
-114.95618305799997,36.85340644200005
-114.80403302899998,36.85330645200003
-114.75898302099995,36.85334945500006
-114.75891001999997,36.84381545400004
-114.50882897299999,36.843572470000026
-114.48895496999995,36.84355347200005
-114.48895496999995,36.84346347200005
-114.47938896799997,36.843544472000076
-114.47403696699996,36.84353947300008
-114.47093896599995,36.84344147300004
-114.45684896299997,36.84311847400005
-114.43866195999999,36.84327247500005
-114.43501795899999,36.84329347500005
-114.43501495899994,36.84350247500004
-114.21883191899997,36.84329948900006
-114.21883191899997,36.843290489000026
-114.20144145699999,36.84282805200007
-114.20163854299994,36.825305865000075
-114.20181445999998,36.81079118500003
-114.20177962799994,36.79626503000003
-114.20172012699999,36.78179267000007
-114.20178001599999,36.76747821300006
-114.20176373099997,36.76696002800003
-114.20589090799996,36.76746748100004
-114.20796290899995,36.76780248100005
-114.21015090899999,36.76799948100006
-114.22006391099995,36.76896448100007
-114.22869791299996,36.77005348000006
-114.23207691399995,36.770490480000035
-114.23295591399994,36.77074748000007
-114.23899591499998,36.77246048000006
-114.24622491699995,36.77489048000007
-114.25013491799996,36.776381479000065
-114.25169291799995,36.77703247900007
-114.25262791799997,36.77738347900004
-114.25336391799999,36.77773147900007
-114.25432791899999,36.77805847900004
-114.25520591899999,36.778407479000066
-114.25608591899999,36.77866647900004
-114.25679491899996,36.778854479000074
-114.25727691899999,36.77897147900006
-114.25812891899994,36.77913747900004
-114.25869691999998,36.779256479000026
-114.25932092,36.77935147900007
-114.25983291999995,36.77942247900006
-114.26040091999994,36.77949547900005
-114.26099791999997,36.779523479000034
-114.26170791999999,36.77952847900008
-114.26258991999998,36.77948747900007
-114.26335892099996,36.77935447900006
-114.26728892099999,36.77878747900007
-114.27554792299998,36.77744647800006
-114.30055392699995,36.77300947600003
-114.31900792999994,36.769693474000064
-114.33355993299995,36.76706047300007
-114.34543493499996,36.76484547200005
-114.35556993599994,36.763120471000036
-114.35782093699999,36.762629471000025
-114.35921693699999,36.76234047100007
-114.36166593699994,36.761784470000066
-114.36511193799998,36.76102447000005
-114.37271893899998,36.75896546900003
-114.37941493999995,36.75703546900007
-114.38929994199998,36.75441446800005
-114.40004094299996,36.751362467000035
-114.407788945,36.749183466000034
-114.41274494499999,36.74781546500003
-114.41707494599996,36.74662546500008
-114.41849994599994,36.746131465000076
-114.41972694699996,36.74547346500003
-114.42120994699997,36.74474846500004
-114.42320694699998,36.743730464000066
-114.426061947,36.74202846400004
-114.43288394799998,36.737854463000076
-114.43907894899996,36.733972462000054
-114.44655594999995,36.729526461000034
-114.45500295099998,36.72423646000004
-114.47528895399995,36.711636457000054
-114.48989295499996,36.702597455000046
-114.49166195599997,36.70143845500007
-114.492801956,36.70073445500003
-114.49411495599998,36.69982545400006
-114.49594195599997,36.698324454000044
-114.49836895599998,36.69634345400004
-114.49979495699995,36.69529845400007
-114.49999195699996,36.69514345400006
-114.51160095899996,36.69527845300007
-114.52970496199998,36.69529945200003
-114.54834996599999,36.69538545000006
-114.55928396799999,36.69560945000006
-114.55871696899999,36.70998945100007
-114.55815296999998,36.72475845300005
-114.56686797199995,36.724858453000024
-114.56639097299995,36.739581454000074
-114.57638697499999,36.739468454000075
-114.57587597699995,36.75620745600003
-114.58390897799995,36.75617545500006
-114.58389264399995,36.770973318000074
-114.58405569199999,36.785559962000036
-114.59310175299998,36.78555608400006
-114.59309117999999,36.77100373900004
-114.60209774799995,36.77096712100007
-114.60185498499999,36.785604457000034
-114.61986598799996,36.785499456000025
-114.63822999199999,36.78532045500003
-114.64286399199995,36.78513345500005
-114.65648299499998,36.78495645400005
-114.67492199799995,36.78493045300007
-114.67494599799994,36.77713545200004
-114.69312500099994,36.77683345000003
-114.71101600399999,36.77646444900006
-114.72161700599997,36.77635544800006
-114.72172400399995,36.75475544600005
-114.72930200499997,36.75474044500004
-114.74716400899996,36.75457044400008
-114.76243501199997,36.75458644300005
-114.76310301199999,36.75498444300007
-114.76350001199995,36.755237443000055
-114.76429501199999,36.75587844300003
-114.76540101199998,36.756866443000035
-114.76565601299995,36.757073443000024
-114.76622401299994,36.757462443000065
-114.76684901299996,36.75769344300005
-114.76784401299994,36.75790344300003
-114.76832701299998,36.75794844300003
-114.76889601299996,36.758134443000074
-114.76977601299996,36.75845544300006
-114.77077101399999,36.75884844300003
-114.77185001399994,36.75930744300007
-114.77287201399997,36.75979144300004
-114.77369601399994,36.76027544300007
-114.77531401499999,36.76146844300007
-114.77619401499999,36.761951443000044
-114.77681901499994,36.76218144300003
-114.77821201499995,36.762734443000056
-114.77960401599995,36.762990443000035
-114.77945901499999,36.75225344200004
-114.77955001299995,36.73781144000003
-114.77964101199996,36.72334543900007
-114.79757701499994,36.723408437000046
-114.79760801399999,36.708850436000034
-114.81559601699996,36.70875143400008
-114.83344301999995,36.70878643300006
-114.83341902199999,36.72329943500006
-114.85155402499998,36.72340143400004
-114.85144702699995,36.737822435000055
-114.86950002999998,36.73773943400005
-114.86956823699995,36.72345286400008
-114.86960733499996,36.70892326300003
-114.88752502999995,36.708740430000034
-114.88748202899995,36.69424842800004
-114.88735302699996,36.67964442600004
-114.88742302599996,36.665292425000075
-114.88749302399998,36.65066442300008
-114.88753502299994,36.63628942100007
-114.88760402199995,36.62186642000006
-114.90554602499998,36.62189041800008
-114.905413023,36.60723941700007
-114.90547902199995,36.592748415000074
-114.90543201999998,36.57828141300007
-114.90552601899998,36.563653412000065
-114.90559301799999,36.54913841000007
-114.90531701599997,36.534739408000064
-114.90526901499999,36.52036340700005
-114.92341401799996,36.52013140500003
-114.92341901699996,36.505847404000065
-114.92374001599995,36.49997340300007
-114.92377301499994,36.491555402000074
-114.93828601799999,36.491514401000074
-114.93857201699996,36.47906040000004
-114.93850301499998,36.46456539800005
-114.93843901399998,36.44988539600007
-114.93822601199997,36.435455395000076
-114.95553862299994,36.43541282500007
-114.95553348199996,36.44182228500006
-114.960903455,36.44191258800004
-114.961055037,36.44186001300005
-114.96110945099997,36.44182558600005
-114.96252066499994,36.435377139000025
-114.96369899599995,36.429477836000046
-114.96418453999996,36.42727952700005
-114.96421475599999,36.42684059800007
-114.96433116799994,36.426691051000034
-114.96538612399996,36.42160992300006
-114.96591179699999,36.41929290200005
-114.96753716499995,36.411963671000024
-114.96868002299999,36.406542321000074
-114.96940980999995,36.40340361600005
-114.97050094999997,36.39820942800003
-114.97184792199994,36.392039719000024
-114.97217344999996,36.390471759000036
-114.97295846299994,36.38694678000007
-114.97304212299997,36.38686516900003
-114.97308403899996,36.38644127400005
-114.97346472199996,36.38478481900006
-114.97369368399995,36.383960786000046
-114.973729978,36.38357783300006
-114.97483950599997,36.37880203200007
-114.975104338,36.377532217000066
-114.97563797999999,36.37487700100007
-114.97725792099999,36.36784307100004
-114.97618814299994,36.36585489500004
-114.97479596999995,36.36303082100005
-114.97417991799995,36.361781069000074
-114.97347236599995,36.36035024900008
-114.97320013899997,36.35981869600005
-114.97259849799997,36.358643904000076
-114.97212649199997,36.35772221600007
-114.97160292999996,36.356699829000036
-114.97109523199998,36.35570309700006
-114.97138850099998,36.355101027000046
-114.97171752199995,36.35442554800005
-114.97225146599999,36.35330035900006
-114.97257221299998,36.35281278100007
-114.97293935299996,36.352247576000025
-114.97334567299998,36.35160440200008
-114.973472862,36.351400960000035
-114.97353073999994,36.35130893000007
-114.97363172899998,36.35122302100007
-114.97410933199995,36.34998580600006
-114.97421061999995,36.349773338000034
-114.97442610499996,36.349327892000076
-114.97460195999997,36.34896436300005
-114.974807839,36.34853764600007
-114.97491921199997,36.348290974000065
-114.97521247899999,36.34764142200004
-114.97531499399997,36.34741436300004
-114.97543712899994,36.34716294800006
-114.97578294799996,36.34645468200006
-114.97616170399999,36.345665835000034
-114.97620835499998,36.34546908400006
-114.97634985999997,36.345124173000045
-114.97661127499998,36.344565517000035
-114.97666057799995,36.34442593600005
-114.97666909299994,36.34413833100007
-114.97672794999994,36.343784147000065
-114.97679363099996,36.343504686000074
-114.97698288199996,36.34313537300005
-114.97708780799996,36.342933379000044
-114.97726766999995,36.34258773200003
-114.97738024799997,36.34239099400003
-114.97760049499999,36.34201351200005
-114.97779467299995,36.34172891700007
-114.97799330799995,36.34143598500003
-114.97818529999995,36.34115195700008
-114.978398202,36.34091760800004
-114.97857836699995,36.340721889000065
-114.97898568399995,36.340377999000054
-114.97926419499998,36.34022325600006
-114.97973441099998,36.340081034000036
-114.97992484699995,36.34001060800006
-114.98037140399998,36.33963678300006
-114.98078083899998,36.33925157800007
-114.98133539199995,36.338889324000036
-114.98174389199994,36.33871358700003
-114.98182006299999,36.33858223200008
-114.98187958899996,36.33816909900003
-114.98211181599999,36.33778625400004
-114.98235780199997,36.33735091500006
-114.98254375699997,36.33711162900005
-114.98268996499996,36.33692349000006
-114.98274022699997,36.33688960000006
-114.98282795199998,36.33683128800004
-114.98286297099997,36.336808645000076
-114.98305335199996,36.33678420700005
-114.98345002499997,36.33673532900008
-114.98370089899998,36.33670652300003
-114.98417149999995,36.336657770000045
-114.98493286699994,36.336245441000074
-114.985080832,36.336188195000034
-114.98535143299995,36.335828983000056
-114.98560696999999,36.33538618100005
-114.98595251899997,36.335042120000026
-114.98634161399997,36.334727161000046
-114.98655527399995,36.334646005000025
-114.98683829999999,36.33456591200007
-114.98744691899998,36.33403491200005
-114.98911451999999,36.334022911000034
-114.98913240599995,36.33692412700003
-114.98910228499994,36.34859826700006
-114.98947901999998,36.421319390000065
-114.98941602699995,36.49107539800008
-114.97724302499995,36.49113039900004
-114.97725502599997,36.49996840000006
-114.97762502699999,36.50595540000006
-114.97732902799999,36.520260402000076
-114.97730703099995,36.54926540500003
-114.97726403399997,36.57852340900007
-114.97722903799996,36.62185141400005
-114.97719705299994,36.766778431000034
-114.98157505399996,36.76672243000007
-114.98183806299994,36.85329544000007
-114.97853706199999,36.85334244000006
-114.97853706199999,36.85356444000007</coordinates></LinearRing></outerBoundaryIs></Polygon></Placemark>
<Placemark>
<ExtendedData>
  <Data name="COMNAME"><value>Desert Tortoise</value></Data>
  <Data name="SCINAME"><value>Gopherus agassizif</value></Data>
  <Data name="SPCODE"><value>C04L</value></Data>
  <Data name="VIPCODE"><value>V05</value></Data>
  <Data name="UNIT"><value></value></Data>
  <Data name="SUBUNIT"><value></value></Data>
  <Data name="UNITNAME"><value>Gold Butte-Pakoon</value></Data>
  <Data name="SUBUNITNAM"><value></value></Data>
  <Data name="STATUS"><value>FINAL</value></Data>
  <Data name="LEADOFFICE"><value></value></Data>
  <Data name="COOPOFFICE"><value></value></Data>
  <Data name="COOPOFMORE"><value></value></Data>
  <Data name="FEDREG"><value>59FR5820</value></Data>
  <Data name="PUBDATE"><value>19940208</value></Data>
  <Data name="EFFECTDATE"><value>19940310</value></Data>
  <Data name="VACATEDATE"><value></value></Data>
  <Data name="ACCURACY"><value></value></Data>
  <Data name="SHAPE_Leng"><value>3.09124727918</value></Data>
  <Data name="SHAPE_Area"><value>0.120256192854</value></Data></ExtendedData>
  <MultiGeometry>
<Polygon>
<outerBoundaryIs>
  <LinearRing><coordinates>-114.05057686899994,36.66598347900003
-114.05058187099996,36.682236481000075
-114.05060887999997,36.77272949200005
-114.04063787799998,36.772671493000075
-114.03662587699995,36.77269049300003
-114.03660787599995,36.75818649100006
-114.01847487199996,36.75811949200005
-114.00058786899996,36.75817149400007
-114.00059986999997,36.772640495000076
-113.98255186699998,36.77263349700007
-113.98256687099996,36.81608250200003
-113.96451886799997,36.81610750300007
-113.96448187099998,36.845129506000035
-113.92885786399995,36.84511350900004
-113.92887186499996,36.859528510000075
-113.91081286199994,36.85958651200008
-113.91083986499996,36.88865151500005
-113.87468485799997,36.888532517000044
-113.87465485899997,36.90308351900006
-113.83330885199996,36.903074522000054
-113.83329784999995,36.89128252000006
-113.85670985499996,36.89127951900008
-113.85670584699994,36.81605451000007
-113.86869384899995,36.81603650900007
-113.86867684799995,36.804218508000076
-113.88669985199999,36.804223507000074
-113.88670184999995,36.78973350500007
-113.90464585399997,36.78976450400006
-113.90464085099995,36.76071550000006
-113.92263885399996,36.76073449900008
-113.92263885099999,36.73173849600005
-113.94065885499998,36.73173749400007
-113.94069185299998,36.71675849300004
-113.95883385699995,36.71669649100005
-113.95884085499995,36.702184490000036
-113.97666685899998,36.70219848900007
-113.97666485699995,36.68772248700003
-113.99466385999995,36.687720486000046
-113.99465885899997,36.673226484000054
-114.04867786899996,36.673234480000076
-114.04865686799997,36.65873647900003
-114.05037686799994,36.65873647900003
-114.05045386899997,36.66598547900003
-114.05057686899994,36.66598347900003</coordinates></LinearRing></outerBoundaryIs></Polygon>
<Polygon>
<outerBoundaryIs>
  <LinearRing><coordinates>-114.04680782399998,36.21676942600004
-114.04675482699997,36.245251429000064
-114.04711782699997,36.25059643000003
-114.04823782899996,36.26887943200006
-114.04852683099995,36.28960343400007
-114.04694683399998,36.315454438000074
-114.04759583499998,36.325578439000026
-114.04581784099997,36.391076447000046
-114.04584084599998,36.44297845300008
-114.04594384599994,36.44774445400003
-114.04637684799997,36.46779345600004
-114.04649984899999,36.47345445700006
-114.048487852,36.49998546000006
-114.04876385499995,36.52825446300005
-114.00503084699994,36.528255466000076
-114.00502884899998,36.55751246900007
-113.99440584699994,36.557505470000024
-113.99445084899997,36.57200147200007
-113.97647784499998,36.571998473000065
-113.97643284399999,36.55749747100003
-113.95846584099996,36.55748647200005
-113.95863684599999,36.615438479000034
-113.94053584299996,36.615462480000076
-113.94058284599998,36.64427748400004
-113.92258884199998,36.644321485000034
-113.92255183799995,36.60093548000003
-113.88659583099997,36.60093948200006
-113.88657982799998,36.571966479000025
-113.83264681799994,36.571949482000036
-113.83263181699999,36.55746248100007
-113.81466481299998,36.55745548200008
-113.81468281499997,36.57194648300003
-113.79666281099998,36.571951485000056
-113.79668781599997,36.61545449000005
-113.77873581199998,36.61544849100005
-113.77870580799998,36.57195248600004
-113.76073880399997,36.57194148700006
-113.76073480299999,36.55744748500007
-113.75478880199995,36.55744748600006
-113.75477479699998,36.513214480000045
-113.77270380099998,36.51323647900006
-113.77273179499997,36.45519647200007
-113.79068179899997,36.455243471000074
-113.79067479599996,36.426231467000036
-113.77270879199995,36.426205469000024
-113.77270179099997,36.411702467000055
-113.79065379399998,36.41173146600005
-113.79063879299997,36.39723646400006
-113.75475978599997,36.39719446600003
-113.75476078499997,36.382686464000074
-113.79063079099996,36.38272546200005
-113.79067378899998,36.353945459000045
-113.80860679199998,36.35395545700004
-113.80858879099998,36.33946845600008
-113.82652379399997,36.33945545500006
-113.82643778999994,36.29596444900005
-113.80854778599996,36.29597245000008
-113.80855978799997,36.310462452000024
-113.77273678099999,36.31046945400004
-113.77273077999996,36.295973453000045
-113.79062378299994,36.29597545200005
-113.79064478199996,36.28146745000004
-113.80854778499997,36.28150844900006
-113.80853678399995,36.267007447000026
-113.82639078699998,36.267004446000044
-113.82635778399998,36.237962442000025
-113.79061077699998,36.237964445000046
-113.79059777599997,36.223447443000055
-113.82635478299994,36.22350644100004
-113.82635478099996,36.209036439000045
-113.83779978399997,36.209040438000045
-113.83779777899997,36.15664143200007
-113.96239780199994,36.156073424000056
-113.96256980499999,36.18521942700005
-113.98041380799998,36.185109426000054
-113.980598811,36.20925142900006
-113.98726281199998,36.20920242900007
-113.98732081799994,36.26724143600006
-114.02305782399998,36.26722143300003
-114.02299381899996,36.20920842600003
-114.04677282299997,36.20921442500003
-114.04677182399996,36.21676942600004
-114.04680782399998,36.21676942600004</coordinates></LinearRing></outerBoundaryIs></Polygon></MultiGeometry></Placemark>
<Placemark>
<ExtendedData>
  <Data name="COMNAME"><value>Desert Tortoise</value></Data>
  <Data name="SCINAME"><value>Gopherus agassizif</value></Data>
  <Data name="SPCODE"><value>C04L</value></Data>
  <Data name="VIPCODE"><value>V05</value></Data>
  <Data name="UNIT"><value></value></Data>
  <Data name="SUBUNIT"><value></value></Data>
  <Data name="UNITNAME"><value>Gold Butte-Pakoon</value></Data>
  <Data name="SUBUNITNAM"><value></value></Data>
  <Data name="STATUS"><value>FINAL</value></Data>
  <Data name="LEADOFFICE"><value></value></Data>
  <Data name="COOPOFFICE"><value></value></Data>
  <Data name="COOPOFMORE"><value></value></Data>
  <Data name="FEDREG"><value>59FR5820</value></Data>
  <Data name="PUBDATE"><value>19940208</value></Data>
  <Data name="EFFECTDATE"><value>19940310</value></Data>
  <Data name="VACATEDATE"><value></value></Data>
  <Data name="ACCURACY"><value></value></Data>
  <Data name="SHAPE_Leng"><value>2.00883646966</value></Data>
  <Data name="SHAPE_Area"><value>0.0785543799338</value></Data></ExtendedData>
  <Polygon>
<outerBoundaryIs>
  <LinearRing><coordinates>-114.05060887999997,36.77272949200005
-114.05058187099996,36.682236481000075
-114.05057686899994,36.66598347900003
-114.05835386999996,36.66585947900006
-114.07632587399996,36.66578147800004
-114.09404087699994,36.66588647700007
-114.11215388099998,36.66591947500007
-114.12094288199995,36.66575647500008
-114.12566388299996,36.66575047400005
-114.12998188399996,36.66574647400006
-114.13005688199996,36.65125547200006
-114.12988988199999,36.644015472000035
-114.12972988099995,36.636905471000034
-114.14834788399997,36.63682147000003
-114.14835888299996,36.622377468000025
-114.14800088199996,36.60772946600008
-114.16638488499996,36.607823465000024
-114.16607988299995,36.59322146300008
-114.16608588199995,36.578915462000055
-114.16606488099995,36.56431346000005
-114.14791787699994,36.56424246100005
-114.12968587399996,36.56421546200005
-114.12961487199999,36.54965946000004
-114.11155586899997,36.54967546200004
-114.11174186699998,36.53511946000003
-114.09402786399994,36.535110461000045
-114.09373486299995,36.520690459000036
-114.07596785899995,36.52070246000005
-114.07590485799994,36.50626145900003
-114.07529385699996,36.499985458000026
-114.07534285599996,36.49218545700006
-114.06476685399997,36.49236645800005
-114.06486885299995,36.477648456000054
-114.04884284999997,36.477692457000046
-114.04888285099997,36.484518458000025
-114.04897085199997,36.499212460000024
-114.04897585199996,36.49998546000006
-114.04905685299997,36.51351446100006
-114.04908185399995,36.51764046200003
-114.04886485499998,36.52825446300005
-114.04876385499995,36.52825446300005
-114.048487852,36.49998546000006
-114.04649984899999,36.47345445700006
-114.04637684799997,36.46779345600004
-114.04594384599994,36.44774445400003
-114.04584084599998,36.44297845300008
-114.04581784099997,36.391076447000046
-114.04759583499998,36.325578439000026
-114.04694683399998,36.315454438000074
-114.04852683099995,36.28960343400007
-114.04823782899996,36.26887943200006
-114.04711782699997,36.25059643000003
-114.04675482699997,36.245251429000064
-114.04680782399998,36.21676942600004
-114.06531882699994,36.216727425000045
-114.08336683099998,36.216637423000066
-114.08352783199996,36.23129342500005
-114.08343783399994,36.245852427000045
-114.08341083499994,36.260230429000046
-114.08323183699997,36.274902430000054
-114.08317483799999,36.289302432000056
-114.083281839,36.303888434000044
-114.08314784099997,36.31801143600006
-114.10098984399997,36.31800643400004
-114.11879984699999,36.318135433000066
-114.13686685099998,36.31815343200003
-114.15470885399998,36.318140431000074
-114.17263685799998,36.31810143000007
-114.17273585899994,36.33255043200006
-114.17240285999998,36.347243433000074
-114.17280986199995,36.361790435000046
-114.17268186299998,36.37623543700005
-114.17269686499998,36.39061243900005
-114.19043886799994,36.39070743700006
-114.20852587099995,36.39069243600005
-114.22643887499999,36.39073743500006
-114.24424487799996,36.390643434000026
-114.24415487999994,36.40515543600003
-114.24409388099997,36.419715438000026
-114.24391988199994,36.43422843900004
-114.24391588399999,36.44869944100003
-114.26236588699999,36.44827944000008
-114.26201979899997,36.477560175000065
-114.28009730199994,36.477545974000066
-114.27988680399994,36.49204777500006
-114.29185830599994,36.49209617500003
-114.29207056999996,36.49980289700005
-114.29213840699998,36.50673997700005
-114.29225160799996,36.521387978000064
-114.31046281199997,36.52150887700003
-114.32854971599994,36.521561976000044
-114.32860931699997,36.53631947700006
-114.32863651899999,36.551127579000024
-114.31055501499998,36.55097768100006
-114.31116490799997,36.56436345000003
-114.31126490799994,36.56633745100004
-114.31150690999999,36.58013345200004
-114.29386290599996,36.57988945300008
-114.29405390899996,36.60973845700005
-114.29381991099996,36.62311845800008
-114.29358591199997,36.637029460000065
-114.293571913,36.651475462000064
-114.29342791299996,36.65172946200005
-114.27539990999998,36.65158646300006
-114.27527091099995,36.66589246500007
-114.27492491299995,36.68042546600003
-114.25709490899999,36.68035746800007
-114.25714691099995,36.69510246900006
-114.23862490699997,36.695190471000046
-114.23888690899997,36.709358472000076
-114.22073290499998,36.70959647300003
-114.22081990699996,36.72412947500004
-114.20223690299997,36.724018476000026
-114.18473389999997,36.72411447800005
-114.16637789699996,36.72420647900003
-114.16625389799998,36.73919648100008
-114.14857789499996,36.73928548200007
-114.12982289099995,36.73882148300004
-114.13000689299997,36.752919485000064
-114.11212788899996,36.75309548600006
-114.09382388599994,36.752854487000036
-114.09380088699999,36.767454489000045
-114.07583488399996,36.76730449000007
-114.05801087999998,36.76724149100005
-114.05078787899998,36.767209491000074
-114.05074087999998,36.77273049200005
-114.05060887999997,36.77272949200005</coordinates></LinearRing></outerBoundaryIs></Polygon></Placemark>
<Placemark>
<ExtendedData>
  <Data name="COMNAME"><value>Desert Tortoise</value></Data>
  <Data name="SCINAME"><value>Gopherus agassizif</value></Data>
  <Data name="SPCODE"><value>C04L</value></Data>
  <Data name="VIPCODE"><value>V05</value></Data>
  <Data name="UNIT"><value></value></Data>
  <Data name="SUBUNIT"><value></value></Data>
  <Data name="UNITNAME"><value>Piute-Eldorado</value></Data>
  <Data name="SUBUNITNAM"><value></value></Data>
  <Data name="STATUS"><value>FINAL</value></Data>
  <Data name="LEADOFFICE"><value></value></Data>
  <Data name="COOPOFFICE"><value></value></Data>
  <Data name="COOPOFMORE"><value></value></Data>
  <Data name="FEDREG"><value>59FR5820</value></Data>
  <Data name="PUBDATE"><value>19940208</value></Data>
  <Data name="EFFECTDATE"><value>19940310</value></Data>
  <Data name="VACATEDATE"><value></value></Data>
  <Data name="ACCURACY"><value></value></Data>
  <Data name="SHAPE_Leng"><value>4.12722173642</value></Data>
  <Data name="SHAPE_Area"><value>0.207487679708</value></Data></ExtendedData>
  <Polygon>
<outerBoundaryIs>
  <LinearRing><coordinates>-114.74930285199997,35.095530247000056
-114.80426086599999,35.13969424900006
-114.80504186599995,35.140289249000034
-114.84933087799999,35.17589525000005
-114.84933187799999,35.17589625000005
-114.84935687799998,35.17591625000006
-114.85080687799996,35.17708125000007
-114.92539289699994,35.23704425300008
-114.92549189699997,35.23705925300004
-114.94222790199996,35.249999254000045
-114.98015991099999,35.28062125500003
-114.98015891099999,35.280780255000025
-114.97848591099995,35.27948325500006
-114.97718391099994,35.27840525500005
-114.97726991099995,35.28371625600005
-114.97741591199997,35.29830125700005
-114.97736491399996,35.31279625900004
-114.99535291699999,35.313168258000076
-114.99525491799994,35.32793826000005
-115.00082391899997,35.328129260000026
-115.01238592099998,35.32815525900003
-115.03041692499994,35.328058258000056
-115.03023792599998,35.34225026000007
-115.03016792699998,35.35653326100004
-115.02880992799999,35.37100526300003
-115.04701493199997,35.37102426200005
-115.04700293299999,35.385355264000054
-115.06521093599997,35.38539426300008
-115.06525193799996,35.40002226400003
-115.06524593899996,35.41419426600004
-115.06517493999996,35.42882226800003
-115.06516694199996,35.44310827000004
-115.06409394299999,35.45742327100004
-115.06107494199995,35.45747227100003
-115.06085294299999,35.471604273000025
-115.06073394599997,35.49799427600004
-115.06065494599994,35.49999427700004
-115.06069394599996,35.50123427700004
-115.06103294699994,35.515846278000026
-115.06089594899998,35.53043228000007
-115.04313694599995,35.53025628100005
-115.04317294699996,35.54623828300004
-115.02532294399998,35.54633228400007
-115.026416945,35.56037928600006
-115.02638294699995,35.57519528800003
-115.04317094999999,35.57541028700007
-115.04452395099997,35.589276288000065
-115.04441995199994,35.59702328900005
-115.04461695199996,35.60293529000006
-115.04590995399997,35.61676029100005
-115.04594095499999,35.63157729300008
-115.043530955,35.63171829300006
-115.04367795599995,35.64774929500004
-115.04339695799996,35.66231029700003
-115.06107496099997,35.66239329600006
-115.06112895999996,35.64776329400007
-115.06079595799997,35.630724292000025
-115.065082959,35.63060629200004
-115.06507395699998,35.616432290000034
-115.06377095599998,35.60281728900003
-115.08154795899998,35.602875288000064
-115.10055596299998,35.60296728600008
-115.10097396399999,35.616230288000054
-115.10098696499995,35.63054129000005
-115.11860396899999,35.63048028900005
-115.11889496999999,35.64520629000003
-115.11901797099995,35.65988429200007
-115.119081973,35.674791294000045
-115.13780397599999,35.674510293000026
-115.13682397799994,35.69032329500004
-115.13723497899997,35.70463829600004
-115.13715897999998,35.719750298000065
-115.13725188899997,35.73479013200006
-115.15525579299998,35.73521733100006
-115.16423219399996,35.73535163100007
-115.16410309599996,35.749915833000045
-115.16400789699998,35.764471634000074
-115.16373709799996,35.778993736000075
-115.15493798899996,35.77919530400004
-115.13700998599995,35.77902930500005
-115.11897298299999,35.778678306000074
-115.10077297899994,35.77832030700006
-115.10056598199998,35.808572311000034
-115.09756398099995,35.80786731100005
-115.04439697199996,35.80805931400005
-115.04361197099996,35.80803531400005
-115.04355696999994,35.79280231200005
-115.04353196899996,35.77819431100005
-115.04359096699994,35.76358630900006
-115.02574896399994,35.763633310000046
-115.00785296099997,35.76356331100004
-115.00082995899999,35.76351431200004
-114.990343957,35.76366431200006
-114.97246795399997,35.76363031300008
-114.95459195099994,35.763616315000036
-114.95164694999994,35.763653315000056
-114.94856295099999,35.77822931700007
-114.94536495199998,35.792670319000024
-114.94208895299994,35.80790932100007
-114.93908495299996,35.82239332200004
-114.93574295399998,35.836855324000055
-114.93235595499999,35.85266932600007
-114.91851995399998,35.86604032900004
-114.90348295199999,35.88065433200006
-114.88793995099996,35.89583933400007
-114.87703994999998,35.90598633600007
-114.86192894799996,35.92038633900006
-114.85939994799998,35.92048933900003
-114.84146294499999,35.920572340000035
-114.82360994099997,35.920605341000055
-114.81109993899997,35.920750342000076
-114.80537093799995,35.91805134200007
-114.80507793799995,35.91793134200003
-114.78749093399995,35.91082334200007
-114.76335092799997,35.900481343000024
-114.76331192799995,35.89535334200008
-114.75957392699996,35.89527434200005
-114.75963492599999,35.880695341000035
-114.75961092399996,35.86616033900003
-114.75958692299997,35.851717337000025
-114.75939692199995,35.83736533500007
-114.75942791999995,35.822693334000064
-114.75944791899997,35.81037833200003
-114.75717391899997,35.81036533200006
-114.75754291699997,35.795782331000055
-114.77491591999996,35.79561632900004
-114.77497791999997,35.79285032900003
-114.77530491899995,35.77844532700004
-114.79563592299996,35.77837132600007
-114.79546392099996,35.76374432400007
-114.79540791999995,35.74964532300004
-114.79543191899995,35.73504032100004
-114.79567391699999,35.719543319000024
-114.81289791999995,35.72020231800008
-114.83065392399999,35.72069731700003
-114.84835592699994,35.72130131600005
-114.86622493099998,35.72183531500008
-114.88336893399998,35.72232831400004
-114.88338293399994,35.720426314000065
-114.90125593699997,35.72034731300005
-114.90127193599994,35.70570831100008
-114.90105493399994,35.69135530900007
-114.88350493099995,35.691305310000075
-114.86578192799999,35.69086531100004
-114.86582292599996,35.676398310000025
-114.84830192299995,35.676138311000045
-114.84826092199995,35.66171630900004
-114.84847391999995,35.647385307000036
-114.83070791699998,35.64719230800006
-114.83120391599999,35.63297730700003
-114.83108291399998,35.61871630500008
-114.83141291299995,35.60468230300006
-114.83131691199998,35.590099301000066
-114.83108090999997,35.57554330000005
-114.81288490699995,35.57541730100007
-114.79468590399995,35.57499330200005
-114.79434690199997,35.56068830000004
-114.77631989899999,35.56037530100008
-114.75812689599996,35.56017330200007
-114.740660892,35.55989830300007
-114.72308488899995,35.55994230400006
-114.70539788599996,35.55998230600005
-114.68754188199995,35.559999307000055
-114.68721988099998,35.54525930500006
-114.68723387999995,35.53067730300006
-114.687040879,35.51984330200003
-114.68719287699997,35.50181530000003
-114.70502187999995,35.501867299000025
-114.722727884,35.50204329700006
-114.72293788399998,35.49999829700005
-114.72285588199998,35.48649729600004
-114.72289688099994,35.47191529400004
-114.70499687799997,35.47197929500004
-114.68690087399995,35.47197629600004
-114.68677887299998,35.45734829400004
-114.69168887399996,35.45709329400006
-114.69148587199999,35.442627292000054
-114.69248487099998,35.42833229000007
-114.69129786999997,35.41343928900005
-114.67318686599998,35.413434290000055
-114.67318786599998,35.41227429000003
-114.67319686599996,35.408628289000035
-114.67368486499998,35.39896028800007
-114.65574486199995,35.398973289000025
-114.65565786099995,35.39365328800005
-114.65541486099994,35.39018328800006
-114.65576586099996,35.384231287000034
-114.63836185699995,35.38439728800006
-114.63854985699999,35.37556228700004
-114.63839685599999,35.37160628700008
-114.63857985599998,35.369536287000074
-114.62170685299998,35.36953428800007
-114.62163885299998,35.36791928700006
-114.62169385299995,35.36712728700007
-114.62172885299998,35.36621728700004
-114.62172485199994,35.356006286000024
-114.62175684999994,35.34162928400008
-114.62147984899997,35.33229628300006
-114.62140584899998,35.32887828300005
-114.62147284899999,35.32728328200005
-114.62148484799997,35.31264928100006
-114.62157084599994,35.29829527900006
-114.62122584599996,35.296102279000024
-114.62161684599994,35.28838527800008
-114.62163284499997,35.28391627700006
-114.61533784399995,35.284022278000066
-114.59737084099999,35.28416427900004
-114.59785283899998,35.26978427700004
-114.59783983899996,35.26746127700005
-114.59717783899998,35.26747027700003
-114.59712583899994,35.267145277000054
-114.59745383899997,35.265483276000055
-114.59737283899995,35.262575276000064
-114.59747583899997,35.26081927600006
-114.59827783899999,35.25913627600005
-114.59765283799999,35.25744227500007
-114.59777583799996,35.255292275000045
-114.59734283699999,35.24488827400006
-114.59743483599999,35.23343227200007
-114.59739583499999,35.22615427200003
-114.59751483399998,35.211706270000036
-114.59757583299995,35.19716926800004
-114.59839283199994,35.18299026600005
-114.59978083199996,35.18279426600003
-114.60075383199995,35.182694266000055
-114.60189183199998,35.18252326600003
-114.60333883299995,35.18253426600006
-114.60476083299994,35.18270426600003
-114.60621083299998,35.182919266000056
-114.60752283399995,35.183204266000075
-114.61525483499997,35.18477926500003
-114.62463783699997,35.18702626500004
-114.62729083799996,35.187641265000025
-114.63292983899998,35.18880226500005
-114.63418383899995,35.188950265000074
-114.63507683899996,35.189078265000035
-114.63630783899998,35.18952626500004
-114.63739883999995,35.189881265000054
-114.63857383999999,35.190282265000064
-114.63930583999996,35.19082426500006
-114.64102384099999,35.192158265000046
-114.64259984099999,35.193311265000034
-114.64369684099995,35.19398826500003
-114.64448184099996,35.194391265000036
-114.64559884199997,35.19463326500005
-114.64849884199998,35.19501726500005
-114.65267784299999,35.195321265000075
-114.65373684299999,35.19540226400005
-114.654320843,35.19535026400007
-114.65473684299997,35.19523026400003
-114.65567984399996,35.19510926400005
-114.65651684399995,35.195168264000074
-114.65715784399998,35.19525426400003
-114.65805584399999,35.19572526400003
-114.65900984399997,35.196219264000035
-114.65993684499995,35.196782264000035
-114.66103084499997,35.19729926400004
-114.66184384499996,35.19770226400004
-114.66313484499995,35.198331264000046
-114.66425684599994,35.19891626400005
-114.66498384599998,35.19916026400006
-114.66822684599998,35.20006826400004
-114.671414847,35.201019264000024
-114.67267184699995,35.20130526400004
-114.67384184799994,35.20136426400006
-114.67528684799998,35.20123426400005
-114.67645484799999,35.20117726400008
-114.67751184799994,35.20112126400005
-114.67893284799999,35.20124326400003
-114.68060184899997,35.20118226400007
-114.68132484899996,35.20110626400003
-114.68196184899995,35.20091526300007
-114.68245784899995,35.200636263000035
-114.68292584899996,35.20028926300006
-114.68330784899996,35.199781263000034
-114.68368484899997,35.19902126300008
-114.68395184899998,35.198332263000054
-114.68399884899998,35.197736263000024
-114.68390584899998,35.197142263000046
-114.68372684899998,35.19643526300007
-114.68340484899994,35.19545326300005
-114.68325384899998,35.19474526300007
-114.68319184899997,35.19431126300003
-114.68318484899999,35.19389826300005
-114.68320684899999,35.19353126200008
-114.68350384899998,35.192933262000054
-114.68399584899998,35.19233426200003
-114.68429484899997,35.19191826200006
-114.68473084899995,35.19136526200003
-114.68494684899997,35.19095026200006
-114.68494184899998,35.19063026200007
-114.68487784899997,35.190081262000035
-114.68473084799996,35.18960126200005
-114.68452884799996,35.189169262000064
-114.68438384799998,35.18878126200008
-114.68404284799999,35.18837326200003
-114.68381384799994,35.18798526200004
-114.68358484799995,35.18757526200005
-114.68343584799999,35.18693726200007
-114.68340084799996,35.186479262000034
-114.68336384799994,35.185953262000055
-114.68321284799998,35.18519726100004
-114.68295284799996,35.184606261000056
-114.68274984799996,35.18408226100007
-114.68263084799997,35.183579261000034
-114.682536847,35.18293826100006
-114.68249784699998,35.18227426100003
-114.68251984699998,35.18184026100005
-114.68256384699998,35.181128261000026
-114.68258384699999,35.18067126100004
-114.68268484699996,35.180006261000074
-114.68273384699995,35.17959526100003
-114.68272384699998,35.17897726100006
-114.682739847,35.178220261000035
-114.68272684699997,35.177420261000066
-114.68265784699997,35.176618260000055
-114.68250684699996,35.17581726000003
-114.68233084699995,35.175271260000045
-114.68215484699999,35.17474726000006
-114.68200884699996,35.174266260000024
-114.68199884699999,35.17364926000005
-114.68207284699997,35.173098260000074
-114.68212184699996,35.17268726000003
-114.68222684599999,35.17229626000005
-114.68238884599998,35.171950260000074
-114.68263084599994,35.171421260000045
-114.68298584699994,35.17102926000007
-114.68372684699995,35.17038026000006
-114.68427484699998,35.16982526000004
-114.68529384699997,35.16922025900004
-114.68581884699995,35.16900925900006
-114.68642984699994,35.16888825900003
-114.68731784699997,35.168765259000054
-114.68846184699999,35.16895825900008
-114.69244884799997,35.169515259000036
-114.69648884899999,35.16981725900007
-114.70033484999999,35.17026025900003
-114.70370984999994,35.17079725800005
-114.70675285099998,35.17143125800004
-114.70890385099995,35.17198225800007
-114.70985285199998,35.17215525800003
-114.71160685199999,35.172206258000074
-114.713360852,35.17228025800006
-114.71550385299997,35.17230225800006
-114.71808885299998,35.17213925800007
-114.72173985399996,35.17251525800003
-114.72486185399998,35.172848257000055
-114.72745085499997,35.17298225700006
-114.72887485499996,35.17324125700003
-114.73113185599999,35.173448257000075
-114.73302785599998,35.17368025700006
-114.73458785599996,35.173824257000035
-114.73603685699999,35.17392325700007
-114.73778885699994,35.17390425700006
-114.73904185699996,35.173914257000035
-114.74082085699996,35.173805257000026
-114.742874858,35.17355525600004
-114.74456685799998,35.17319225600005
-114.74443485799998,35.16696725600008
-114.74447185599996,35.152657254000076
-114.74453385499999,35.13811725200003
-114.74454285399997,35.12371525000003
-114.74437985199995,35.109065249000025
-114.74907785299996,35.10901524800005
-114.74930285199997,35.095530247000056</coordinates></LinearRing></outerBoundaryIs>
<innerBoundaryIs>
  <LinearRing><coordinates>-114.85227389699998,35.384494275000065
-114.85237089799995,35.399169277000055
-114.85249289999996,35.413705279000055
-114.85244890099995,35.42829128100004
-114.85237590199995,35.44290028200004
-114.83453989899999,35.44309728400003
-114.83452089999997,35.45775028500003
-114.81670689699996,35.45781028600004
-114.81251389599998,35.45758128700004
-114.81204289699997,35.47210228800003
-114.81162489899998,35.48662129000007
-114.82958890199995,35.486745289000055
-114.84791290499999,35.486749288000055
-114.84784190699997,35.49999529000007
-114.84768290699998,35.50175529000006
-114.86504590999999,35.501236289000076
-114.88333591299994,35.501054288000034
-114.90036591599994,35.500668286000064
-114.91851992,35.50096328500007
-114.93608892299994,35.501325284000075
-114.95433792699998,35.50165028300006
-114.95445492599998,35.49999528300003
-114.95479492499999,35.487044282000056
-114.95453592399997,35.472118280000075
-114.95456492299996,35.45767027800008
-114.95783392299995,35.45776827800006
-114.95821792199996,35.442949276000036
-114.94059791899997,35.442772277000074
-114.92253191499998,35.44271027800005
-114.92263191399996,35.42872127600003
-114.92285691299998,35.414064275000044
-114.90647090999994,35.413867276000076
-114.90508051199998,35.408217645000036
-114.90480721599994,35.39943100700003
-114.90501082399999,35.384640509000064
-114.88764231199997,35.38460050600003
-114.87023989999994,35.38447427400007
-114.85227389699998,35.384494275000065</coordinates></LinearRing></innerBoundaryIs>
<innerBoundaryIs>
  <LinearRing><coordinates>-114.71057585899996,35.25525126800005
-114.71052785999996,35.269568270000036
-114.71062186199998,35.283998272000076
-114.71069286299996,35.29856427400006
-114.71073486399996,35.31299327500005
-114.72798586799996,35.313019274000055
-114.74610987099999,35.313113273000056
-114.76336987399998,35.31326627200008
-114.76345087299995,35.29846627000006
-114.76317787099998,35.28401726900006
-114.76307786999996,35.26970226700007
-114.78012987299996,35.26976626600003
-114.78001187199999,35.25407526400005
-114.77973087099997,35.23944126200007
-114.77974186899996,35.22613326100003
-114.76306186599999,35.226063262000025
-114.74610386299997,35.226016263000076
-114.72792085999998,35.22608626400006
-114.71065685699995,35.226088265000044
-114.71075485799997,35.24063326700008
-114.71057585899996,35.25525126800005</coordinates></LinearRing></innerBoundaryIs>
<innerBoundaryIs>
  <LinearRing><coordinates>-114.82703887199995,35.15802525000004
-114.82705787199995,35.158040250000056
-114.82705987199995,35.158040250000056
-114.82703887199995,35.15802525000004</coordinates></LinearRing></innerBoundaryIs></Polygon></Placemark>
<Placemark>
<ExtendedData>
  <Data name="COMNAME"><value>Desert Tortoise</value></Data>
  <Data name="SCINAME"><value>Gopherus agassizif</value></Data>
  <Data name="SPCODE"><value>C04L</value></Data>
  <Data name="VIPCODE"><value>V05</value></Data>
  <Data name="UNIT"><value></value></Data>
  <Data name="SUBUNIT"><value></value></Data>
  <Data name="UNITNAME"><value>Piute-Eldorado</value></Data>
  <Data name="SUBUNITNAM"><value></value></Data>
  <Data name="STATUS"><value>FINAL</value></Data>
  <Data name="LEADOFFICE"><value></value></Data>
  <Data name="COOPOFFICE"><value></value></Data>
  <Data name="COOPOFMORE"><value></value></Data>
  <Data name="FEDREG"><value>59FR5820</value></Data>
  <Data name="PUBDATE"><value>19940208</value></Data>
  <Data name="EFFECTDATE"><value>19940310</value></Data>
  <Data name="VACATEDATE"><value></value></Data>
  <Data name="ACCURACY"><value></value></Data>
  <Data name="SHAPE_Leng"><value>3.09129964363</value></Data>
  <Data name="SHAPE_Area"><value>0.181283962971</value></Data></ExtendedData>
  <Polygon>
<outerBoundaryIs>
  <LinearRing><coordinates>-114.74930285199997,35.095530247000056
-114.74930285199997,35.09551324700004
-114.74717485199994,35.09379624700006
-114.74603185099994,35.092878246000055
-114.74444985099996,35.091609246000075
-114.73979584999995,35.08786724600003
-114.73840984899999,35.08674824600007
-114.73839684899997,35.08441424600005
-114.73836384799995,35.06996124400007
-114.75084884999995,35.069979243000034
-114.75618685099994,35.07000624300008
-114.75610384999999,35.055472241000075
-114.77361185299998,35.05552324000007
-114.77355285199997,35.04101723900004
-114.77360785099995,35.026465237000025
-114.77361584999994,35.022454236000044
-114.77361684999994,35.01711123600006
-114.773621849,35.012011235000045
-114.77360184899999,35.00273323400006
-114.77364884699995,34.98831923200004
-114.77366884699995,34.982481231000065
-114.76760684599998,34.98247523200007
-114.76767784499998,34.97671623100007
-114.76767984399999,34.967799230000026
-114.76723884399996,34.96779623000003
-114.76729384299995,34.95344922800007
-114.76763684199994,34.93879722600008
-114.78520184499996,34.93854622500004
-114.78535184399999,34.92400922400003
-114.80295184699997,34.924079223000035
-114.82053284999995,34.92416522100007
-114.82051584899995,34.90951622000006
-114.83747285199996,34.909552219000034
-114.85517685599996,34.90951021800004
-114.87284585899994,34.90947921700007
-114.87267085699995,34.894885215000045
-114.87578885799996,34.89489421500008
-114.89039786099994,34.89491421400004
-114.90805086399996,34.89490921300006
-114.90800386299998,34.880349211000066
-114.90803786199996,34.873405210000044
-114.90796886099997,34.86591720900003
-114.90794886099997,34.857233208000025
-114.91152486099998,34.85763620800003
-114.91527186199994,34.85794520800005
-114.91735486299996,34.85819520800004
-114.91908886299996,34.858411208000064
-114.92004286299999,34.85856320800008
-114.92118986299994,34.85854420800007
-114.92202286299994,34.858459208000056
-114.92279986399996,34.85843820700006
-114.92365886399995,34.85831620700003
-114.92453086399996,34.85816620700007
-114.92553686399998,34.85793220700003
-114.93224086499998,34.856067207000024
-114.95000586799995,34.85120620500004
-114.96499186999995,34.847024204000036
-114.96759787099995,34.84624920300007
-114.97749887199996,34.843490202000055
-114.98521487399995,34.84141420200007
-114.99131687499994,34.839681201000076
-114.99672987499997,34.83813720100005
-115.00285087599997,34.83640520000006
-115.01050187799996,34.83422619900006
-115.02044587899996,34.831470198000034
-115.02341087999997,34.83063019800005
-115.02526387999995,34.830129198000066
-115.02654687999996,34.82985419800008
-115.02759287999999,34.82970419800006
-115.02860288099998,34.82961419800006
-115.029251881,34.829623198000036
-115.02974388099994,34.82960219800003
-115.03029888099996,34.82959519800005
-115.03098488099994,34.82962019800004
-115.03180788099996,34.829713198000036
-115.03307888099994,34.82978419800003
-115.03584188199994,34.830029197000044
-115.03884388299997,34.83027119700006
-115.04477888399998,34.83068519700004
-115.04712888399996,34.830854197000065
-115.04880488399999,34.83079919700003
-115.05012688499994,34.83071619700007
-115.05144188499997,34.830502197000044
-115.05379888499999,34.830002196000066
-115.05651788599994,34.82943819600007
-115.05805088599999,34.82914419600007
-115.05983288599998,34.82886919600003
-115.06140888699997,34.82868719600003
-115.06356888699997,34.82841319600004
-115.06773088799997,34.82790319500003
-115.07416588899997,34.82709019500004
-115.09164789199997,34.82490519300006
-115.10923589499998,34.82275219200005
-115.12674789799996,34.82061719100005
-115.14421790099999,34.81840219000003
-115.16174190399994,34.81624218800005
-115.17929290699999,34.81410118700006
-115.18595190799999,34.813294187000054
-115.19010690899995,34.81276818600003
-115.19681690999994,34.81197418600004
-115.20525991099998,34.811062185000026
-115.23184591599994,34.80881018300005
-115.24906091899999,34.80736618200007
-115.26654992199997,34.80583418100008
-115.28412092499997,34.804298180000046
-115.30182492799997,34.802903179000054
-115.30827292899994,34.80234717800005
-115.31471493099997,34.80174917800008
-115.31729493099999,34.80153317700007
-115.31939593099997,34.801527177000025
-115.32092693199996,34.80149517700005
-115.32261193199997,34.80159917700007
-115.32442893199999,34.80173117700008
-115.32688893299996,34.80201017700006
-115.32831493299994,34.80218417700007
-115.32987893299997,34.80241317700006
-115.33255693399997,34.80264817700004
-115.33466393399999,34.80285717700008
-115.33582393499995,34.80302617700005
-115.33697293499995,34.803136176000066
-115.34069893599997,34.80355317600004
-115.34422893599998,34.80394817600006
-115.34677193699997,34.80413617600004
-115.34908793699998,34.80425717600008
-115.35149693799997,34.80433717600005
-115.35372793799996,34.80428717600006
-115.35727793899997,34.80428317500008
-115.36103893899997,34.80432117500004
-115.36354093999995,34.804263175000074
-115.36643793999997,34.80425817500003
-115.369215941,34.80398717500003
-115.37134394099996,34.80367917500007
-115.37289394099997,34.80336417400002
-115.37578794199999,34.80233517400006
-115.37726494199995,34.80178817400002
-115.38460494299994,34.79940017300004
-115.38880994399995,34.79851817300005
-115.39396394499994,34.79752317200007
-115.39573794499995,34.797115172000076
-115.39971494599996,34.79618817200003
-115.40621594699996,34.794839171000035
-115.40956094699999,34.79408917100005
-115.41075094699994,34.79373817100003
-115.41209394799995,34.793206171000065
-115.41381294799999,34.792313171000046
-115.41523694799997,34.79138517100006
-115.41710894799996,34.79024917000004
-115.41853194799995,34.78935217000003
-115.41999194899995,34.78845517000008
-115.42088794899996,34.788009170000066
-115.42223194899998,34.78738617000005
-115.42372294899997,34.786794169000075
-115.42699894999998,34.78573816900007
-115.43794895099995,34.78191116800008
-115.44126295199999,34.78079316800006
-115.44480095199998,34.77955616700007
-115.44900895299998,34.77808416700003
-115.45619495399995,34.77564216600007
-115.45820495399994,34.77496516600007
-115.46047595499999,34.77420016600007
-115.46278495499996,34.77337516600005
-115.46416295499995,34.77284316500004
-115.46584195599996,34.77207016500006
-115.46692395599996,34.77156516500003
-115.46868195599995,34.770549165000034
-115.47103895599997,34.769114165000076
-115.47500395699996,34.766721164000046
-115.47631295699995,34.765944164000075
-115.47836895699999,34.76474916400008
-115.48042795799995,34.763401163000026
-115.48203495799999,34.76253616300005
-115.48293095799994,34.76208916300004
-115.48434695799995,34.76149616300006
-115.48635895799998,34.76069716300003
-115.49097795899996,34.75892316200003
-115.49606795999995,34.75702416200005
-115.50083296099996,34.75523116100004
-115.51112796199999,34.75131716000004
-115.51498196299997,34.74988216000003
-115.52605396399997,34.74573815900004
-115.53707496599998,34.74153615700004
-115.54064896599999,34.74017515700007
-115.54532396699994,34.738436157000024
-115.54518696799994,34.74701015800008
-115.56075297099994,34.74717015700003
-115.56066997099998,34.750067157000046
-115.56032797199998,34.76221015900006
-115.55994197299998,34.77640316000003
-115.54405196999994,34.776246161000074
-115.54371697099998,34.79169216300005
-115.54335097299997,34.805164165000065
-115.52771196999998,34.80501316600004
-115.52765197099995,34.819441167000036
-115.52878697199998,34.833846169000026
-115.528749974,34.84821817100004
-115.51137496999996,34.84848517200004
-115.51137397199994,34.86295617300004
-115.51143097299996,34.87505117500007
-115.51152897399999,34.89210417700008
-115.51154597599998,34.90665117900005
-115.51167897699997,34.92108218000004
-115.51173397799994,34.935576182000034
-115.51169897799997,34.93810018200003
-115.51174197899996,34.94508818300005
-115.51178597899997,34.95018718400007
-115.49438697599999,34.95017418500004
-115.49431797699998,34.96469718700007
-115.49435797899997,34.97919218800007
-115.47671997599997,34.97922118900004
-115.45910597199997,34.979179190000025
-115.45907497099995,34.96465218900005
-115.44205096799999,34.96451319000005
-115.44199196699998,34.94992618800006
-115.42406696299997,34.94986818900003
-115.42416196499994,34.96436219100008
-115.42332796599999,34.978854193000075
-115.40558996299995,34.97870219400005
-115.40559596299994,34.98241619400005
-115.40245396199998,34.982382194000024
-115.38772995999994,34.98242019500003
-115.38868995999997,34.98994019600008
-115.38874696099998,34.99723419700007
-115.40236296399996,34.99723519600008
-115.40231296399998,34.99999319600005
-115.40216396399995,35.004646197000056
-115.40216496499994,35.01174319800003
-115.38450096199995,35.01178919900008
-115.38446096199999,35.01975920000007
-115.38448096299999,35.02629020000006
-115.38452896399997,35.04081520200003
-115.38448496499996,35.05534420400005
-115.36729596199996,35.05523520500003
-115.36731196099998,35.04075920300005
-115.34961695799996,35.04077820400005
-115.34962195699995,35.026284203000046
-115.34958495499995,35.01175420100003
-115.33193195199999,35.01176020200006
-115.31432294899997,35.01172220300003
-115.31427694799999,35.007657202000075
-115.31431094799996,35.00085320200003
-115.31424894799994,34.997384201000045
-115.29118594299996,34.997529203000056
-115.29118894199996,34.98286320100004
-115.28201693999995,34.98284220100004
-115.27355093899996,34.98287120200007
-115.27346293999994,34.99749020400003
-115.27341793999994,35.00000720400004
-115.27349094099998,35.00711920500004
-115.27352094099996,35.011897205000025
-115.27373594299996,35.02638320700004
-115.27372794399997,35.04086620900006
-115.27366394499995,35.05537921100006
-115.25611994199994,35.055436212000075
-115.25610794099998,35.04082121000005
-115.25107093999998,35.04083821000006
-115.23855693699994,35.04087421100007
-115.23848693599996,35.026398209000035
-115.22082193299997,35.02636521000005
-115.22081293199994,35.01193420800007
-115.20318192799999,35.01182921000003
-115.20318392999997,35.02632421100003
-115.18003592499997,35.02633921300003
-115.18013492699998,35.04088621400007
-115.18010592799999,35.05536921600003
-115.16249192499998,35.05545421700003
-115.16255492399995,35.04096721500008
-115.14476091999995,35.040864216000045
-115.12712691699994,35.04094121800006
-115.10956791399997,35.04102721900006
-115.10952091499996,35.055586220000066
-115.09188891199994,35.05561522100004
-115.07306990799998,35.055653223000036
-115.07307490799997,35.05544022200007
-115.06836090799999,35.05542622300004
-115.054479905,35.05538722400007
-115.05447090499996,35.055619224000054
-115.05080790399995,35.055563224000025
-115.05075390599995,35.070113226000046
-115.03314390199995,35.07003722700006
-115.01555889899998,35.06991422800007
-115.00082289599999,35.06983722900003
-114.99792189599998,35.06975222900007
-114.98037989299996,35.06966723000005
-114.98040489399995,35.08428823100007
-114.98041289499997,35.09880323300007
-114.98042489599999,35.11333623500008
-114.98036089699997,35.124984236000046
-114.98034389799994,35.12781423700005
-114.98032989899997,35.14235023900005
-114.98026089999996,35.15684224000006
-114.98027890199995,35.17127224200004
-114.98030390299999,35.18582824400005
-114.98028590399997,35.200376246000076
-114.98027690499998,35.21486024700005
-114.98026890699998,35.22937524900004
-114.98021890799998,35.24390725100005
-114.98022190899997,35.249963251000054
-114.98025690899999,35.25845325300003
-114.98018791099997,35.27294825400003
-114.98015991099999,35.28062125500003
-114.94222790199996,35.249999254000045
-114.92549189699997,35.23705925300004
-114.92539289699994,35.23704425300008
-114.85080687799996,35.17708125000007
-114.84935687799998,35.17591625000006
-114.84933187799999,35.17589625000005
-114.84933087799999,35.17589525000005
-114.80504186599995,35.140289249000034
-114.80426086599999,35.13969424900006
-114.74930285199997,35.095530247000056</coordinates></LinearRing></outerBoundaryIs>
<innerBoundaryIs>
  <LinearRing><coordinates>-114.95597688599997,35.04088722800003
-114.95591988399997,35.02617522600008
-114.95590288299996,35.01195222400003
-114.93832387999998,35.01191722500005
-114.93823087899995,35.00186122400004
-114.93829687899995,34.998968224000066
-114.93833887899996,34.997509223000066
-114.92056087499998,34.997486225000046
-114.92059487499995,35.00000222500006
-114.92057587599999,35.000822225000036
-114.92055687599998,35.011981226000046
-114.90296487299997,35.01186322700005
-114.90304087499999,35.02634022900003
-114.88536887099997,35.02636123000008
-114.88538687199997,35.03696123100008
-114.88537787299998,35.04093023200005
-114.90304287599997,35.04086823100005
-114.91831987899997,35.040922230000035
-114.92391187999999,35.040959230000055
-114.92437887999995,35.040963230000045
-114.92452687999997,35.040963230000045
-114.94304588299997,35.040945228000055
-114.95597688599997,35.04088722800003</coordinates></LinearRing></innerBoundaryIs></Polygon></Placemark>
<Placemark>
<ExtendedData>
  <Data name="COMNAME"><value>Desert Tortoise</value></Data>
  <Data name="SCINAME"><value>Gopherus agassizif</value></Data>
  <Data name="SPCODE"><value>C04L</value></Data>
  <Data name="VIPCODE"><value>V05</value></Data>
  <Data name="UNIT"><value></value></Data>
  <Data name="SUBUNIT"><value></value></Data>
  <Data name="UNITNAME"><value>Ivanpah</value></Data>
  <Data name="SUBUNITNAM"><value></value></Data>
  <Data name="STATUS"><value>FINAL</value></Data>
  <Data name="LEADOFFICE"><value></value></Data>
  <Data name="COOPOFFICE"><value></value></Data>
  <Data name="COOPOFMORE"><value></value></Data>
  <Data name="FEDREG"><value>59FR5820</value></Data>
  <Data name="PUBDATE"><value>19940208</value></Data>
  <Data name="EFFECTDATE"><value>19940310</value></Data>
  <Data name="VACATEDATE"><value></value></Data>
  <Data name="ACCURACY"><value></value></Data>
  <Data name="SHAPE_Leng"><value>0.062797824547</value></Data>
  <Data name="SHAPE_Area"><value>7.85620922044e-7</value></Data></ExtendedData>
  <MultiGeometry>
<Polygon>
<outerBoundaryIs>
  <LinearRing><coordinates>-115.24766997999996,35.49377126400003
-115.25585098199997,35.500298265000026
-115.255233982,35.49982726500008
-115.24795297999998,35.49400226400007
-115.24766997999996,35.49377126400003</coordinates></LinearRing></outerBoundaryIs></Polygon>
<Polygon>
<outerBoundaryIs>
  <LinearRing><coordinates>-115.20673696899996,35.461116263000065
-115.22298997299998,35.47408226400006
-115.22197597299999,35.47330126400004
-115.22002397299997,35.471724263000056
-115.21743697199997,35.46970126300005
-115.21356097099999,35.466565263000064
-115.20657796899997,35.46111726300006
-115.20673696899996,35.461116263000065</coordinates></LinearRing></outerBoundaryIs></Polygon></MultiGeometry></Placemark>
<Placemark>
<ExtendedData>
  <Data name="COMNAME"><value>Desert Tortoise</value></Data>
  <Data name="SCINAME"><value>Gopherus agassizif</value></Data>
  <Data name="SPCODE"><value>C04L</value></Data>
  <Data name="VIPCODE"><value>V05</value></Data>
  <Data name="UNIT"><value></value></Data>
  <Data name="SUBUNIT"><value></value></Data>
  <Data name="UNITNAME"><value>Ivanpah</value></Data>
  <Data name="SUBUNITNAM"><value></value></Data>
  <Data name="STATUS"><value>FINAL</value></Data>
  <Data name="LEADOFFICE"><value></value></Data>
  <Data name="COOPOFFICE"><value></value></Data>
  <Data name="COOPOFMORE"><value></value></Data>
  <Data name="FEDREG"><value>59FR5820</value></Data>
  <Data name="PUBDATE"><value>19940208</value></Data>
  <Data name="EFFECTDATE"><value>19940310</value></Data>
  <Data name="VACATEDATE"><value></value></Data>
  <Data name="ACCURACY"><value></value></Data>
  <Data name="SHAPE_Leng"><value>3.8945408272</value></Data>
  <Data name="SHAPE_Area"><value>0.254281083702</value></Data></ExtendedData>
  <Polygon>
<outerBoundaryIs>
  <LinearRing><coordinates>-115.25585098199997,35.500298265000026
-115.24766997999996,35.49377126400003
-115.24273397799999,35.48973826400004
-115.24023797799998,35.48779426400006
-115.23766497699995,35.48567426400007
-115.23578497699998,35.48426326400005
-115.23335597599998,35.482253264000065
-115.23028097499997,35.479792264000025
-115.22705997399999,35.47730526400005
-115.22485597399998,35.47551926400007
-115.22298997299998,35.47408226400006
-115.20673696899996,35.461116263000065
-115.20832796999997,35.461101263000046
-115.20819396899998,35.450940262000074
-115.20842396699999,35.43637226000004
-115.22623297099994,35.43636125900008
-115.22612296899996,35.42186425700004
-115.21616996699998,35.42186325800003
-115.21604696599996,35.405453256000044
-115.23376696899999,35.405314255000064
-115.23369996799994,35.390782253000054
-115.23364896699997,35.37641725100008
-115.25150696999998,35.37630125000004
-115.25151096799999,35.36186624900006
-115.26963497199995,35.361853247000056
-115.269778971,35.34748224600003
-115.26925796999996,35.34747324600005
-115.26925396899998,35.33288724400006
-115.27387996999994,35.33286824400005
-115.28747697199998,35.33296424300005
-115.29165497299999,35.33291224300007
-115.29159697199998,35.31632624100007
-115.32230597699998,35.316232239000044
-115.32234797599995,35.30422223700003
-115.33973597899995,35.30420223600004
-115.34011797799997,35.289352235000024
-115.35759498099998,35.28907623300006
-115.35769697999996,35.27498723200006
-115.37612198299996,35.27519723100005
-115.39391598699996,35.275218230000064
-115.41158098999995,35.275330229000076
-115.42891799299997,35.275449227000024
-115.42917199199997,35.26081222600004
-115.44625199499995,35.26093622500008
-115.44655199399995,35.25099422400007
-115.44663799399996,35.24639222300004
-115.42934399099994,35.24618322400005
-115.42939698899994,35.23171322200005
-115.44575099199994,35.231882221000035
-115.46346899599996,35.231942220000064
-115.48118099899995,35.23215121900006
-115.48095999699996,35.217414217000055
-115.48064099599998,35.20307821600005
-115.48069999499995,35.18857421400003
-115.48083699299997,35.17384221200007
-115.48055099199996,35.159086211000044
-115.48236399199999,35.15910721000006
-115.48230599099998,35.14526520900006
-115.48228598999998,35.13082920700003
-115.48223998899999,35.12508920600004
-115.48229198899998,35.115328205000026
-115.48222898699998,35.101797204000036
-115.50007799099996,35.10181020300007
-115.50010398899997,35.087272201000076
-115.50017698799996,35.07278219900007
-115.50919898999996,35.07275819900008
-115.51758799099997,35.072794198000054
-115.51762799,35.054827196000076
-115.53515799299998,35.05498119500004
-115.53515299199995,35.04039519300005
-115.55320599499998,35.04058119200005
-115.55320299499999,35.043816193000055
-115.57222199899996,35.04378019100005
-115.57193999699996,35.02894419000006
-115.58958999999999,35.029045189000044
-115.58957999899997,35.01439418700005
-115.58985099799997,35.002216185000066
-115.58985899799995,34.999999185000036
-115.58935899699998,34.98534818300004
-115.59075399699998,34.98534818300004
-115.59075599599998,34.97879818300004
-115.59075299499995,34.96610318100005
-115.59070499499995,34.96457518100004
-115.59085299499998,34.96457618100004
-115.60887299799998,34.96466418000006
-115.61120899899998,34.96466018000007
-115.61119399699999,34.95013917800003
-115.61115099599999,34.93563317600007
-115.61107499499997,34.92119517500004
-115.61102699399999,34.90657517300008
-115.61104099199997,34.89200817100004
-115.61105399199994,34.88516817000004
-115.61113899099996,34.877471169000046
-115.61125899099994,34.871153169000024
-115.61148398999995,34.862608168000065
-115.611336989,34.85434416700008
-115.61146598899995,34.84785016600006
-115.61182198699998,34.83350416400003
-115.62938399099994,34.833620163000035
-115.64695499399994,34.83367216200003
-115.66382899699994,34.83373816100004
-115.66378699799998,34.84844716300006
-115.68180600099998,34.84856116200007
-115.68170800299998,34.863016163000054
-115.69917000599997,34.863196162000065
-115.69908600699995,34.87759116400008
-115.69893900799997,34.89193116600006
-115.69875500999996,34.906568168000035
-115.69846301099994,34.92156116900003
-115.680872008,34.92138417000007
-115.680688009,34.93580017200003
-115.66342300599996,34.93565717300004
-115.66346500699996,34.950637175000054
-115.66350000799997,34.96475517700003
-115.66350000799997,34.96476517700006
-115.66352100899996,34.97502117800008
-115.66347900999995,34.98556917900004
-115.66207700999996,34.98555317900008
-115.662128011,35.00011818100006
-115.66199401199998,35.01476618300006
-115.66188501399995,35.02939218400007
-115.66171501499997,35.043767186000025
-115.66187701599995,35.05827118800005
-115.66194101699995,35.07291618900007
-115.68035602099997,35.07291218800003
-115.68015802199994,35.08525319000006
-115.68017402199996,35.08773019000006
-115.69817102499997,35.08781018900004
-115.69793702699997,35.10253519100007
-115.71619102999995,35.10270619000005
-115.71599603099997,35.11741819200006
-115.73211503399995,35.11760719100005
-115.75809003899997,35.11763818900005
-115.77567904199998,35.11781418800007
-115.79353004499995,35.11799418700008
-115.80836104799994,35.118110186000024
-115.80816304899997,35.131958188000056
-115.82639405199996,35.13205018700006
-115.82618105399996,35.146502188000056
-115.84357505699995,35.14653418700004
-115.84337805799998,35.16075618900004
-115.86436206199994,35.16069718800003
-115.86436206199994,35.16071218800005
-115.86440006299995,35.176037190000045
-115.88183506599995,35.17569218800003
-115.88154206799999,35.19461419100003
-115.88119506899994,35.20580219200008
-115.89905807199995,35.20582119100004
-115.898990073,35.22046919300004
-115.91724007699997,35.22048619200007
-115.91729807799999,35.23532119300006
-115.93481208099996,35.23547019200004
-115.95250608399999,35.23550719100007
-115.95233308599995,35.249233193000066
-115.96984808899998,35.24913019200005
-115.96978708999995,35.26352019300003
-115.97044209099994,35.278142195000044
-115.98774109499999,35.27835519400003
-115.98760209599999,35.29273319600003
-115.98761909699999,35.30694319700007
-115.98744009799998,35.321277199000065
-115.98733909999999,35.33574420100007
-115.98717109999996,35.34315920200004
-115.98712110099996,35.350218202000065
-115.98702210199997,35.36478520400004
-115.98695410399995,35.37932620600003
-115.96935309999998,35.37922920700004
-115.96928710199995,35.393822209000064
-115.96925710299996,35.40730221000007
-115.95281909999994,35.40732721100005
-115.95285010099997,35.42342421300003
-115.94181509899994,35.42336721400005
-115.93512809799995,35.423385214000064
-115.92618309699998,35.42337121500003
-115.91737209499996,35.42337321500003
-115.90646709299995,35.42339621600007
-115.89955609199995,35.423402216000056
-115.88832608999996,35.42337721700005
-115.88823908999996,35.429023218000054
-115.88809909099996,35.438100219000034
-115.87098908799999,35.43789922000008
-115.87078608899998,35.45249822100004
-115.85320708599994,35.452320222000026
-115.85320608699999,35.46681222400008
-115.85324008899994,35.481372226000076
-115.85331808999996,35.495906228000024
-115.85336109099995,35.499987228000066
-115.85335509099997,35.500959228000056
-115.85329909199999,35.51361323000003
-115.85329809299998,35.52813223100003
-115.83552908999997,35.528077232000044
-115.83548309099996,35.536673233000045
-115.83548709099995,35.54288923400003
-115.83545409299995,35.557373236000046
-115.83545009299996,35.558387236000044
-115.83541909399997,35.57180323700004
-115.83541709399998,35.57290723800003
-115.83538409499994,35.58630523900007
-115.83538309499994,35.58738223900008
-115.83535109699994,35.60109124100006
-115.81856309399996,35.60089424200004
-115.81888509499998,35.615622244000065
-115.81915809599997,35.63030224500005
-115.80125109299996,35.63034324600005
-115.80121809499997,35.64504124800004
-115.78359109099995,35.644841249000024
-115.78394009299996,35.65935625100008
-115.76642508999998,35.65933625200006
-115.75246308699997,35.65920025300005
-115.74760008599998,35.65911525300004
-115.72970408299994,35.659258254000065
-115.72978608199998,35.64463325200006
-115.71199607799997,35.645299254000065
-115.71229007699998,35.63077225200004
-115.69366007399998,35.63080225300007
-115.69346807199997,35.61594325100003
-115.69464707299994,35.615916251000044
-115.69458407199994,35.61250625100007
-115.69440407099995,35.60153425000004
-115.68573106999997,35.60170725000006
-115.67688206799994,35.601697251000076
-115.67639606699998,35.58700024900003
-115.67607206499997,35.57212624700003
-115.65849406199999,35.57230924800007
-115.65843206099998,35.557335247000026
-115.65843605899994,35.542949245000045
-115.65847205799997,35.52820224300007
-115.64078505499998,35.52823424400003
-115.64073605399994,35.52366124400004
-115.64070805299997,35.513797243000056
-115.63698405299999,35.51379524300006
-115.63694905199998,35.509024242000066
-115.63696205199994,35.50383724200003
-115.63702505099997,35.50002024100007
-115.63701505099999,35.49821024100004
-115.63702805099996,35.494838241000025
-115.62587504899994,35.494796241000074
-115.60992904599999,35.49478724200003
-115.60982704499997,35.48019324100005
-115.59209804099999,35.480109242000026
-115.59205203999994,35.46573024000003
-115.59208303899999,35.45127023800006
-115.59208503699995,35.43664523700005
-115.57436603399998,35.436651238000024
-115.57434103299994,35.42235623600004
-115.57445803099995,35.40646623400005
-115.55677602799994,35.40627023500008
-115.55606402699999,35.39172823400003
-115.55538602499996,35.37730423200003
-115.53681602199998,35.37708023300007
-115.53605101999995,35.36244023100005
-115.53527801899997,35.34813223000003
-115.53450601799995,35.33366022800004
-115.53432301599997,35.31948822600003
-115.53415901499994,35.30517122500004
-115.53402901399994,35.290370223000025
-115.51674000999998,35.29030222400007
-115.51688601199999,35.30474222600003
-115.51700501299996,35.31920722700005
-115.51683101399999,35.33363322900004
-115.49910601099998,35.33359523000007
-115.49897801199995,35.348059232000026
-115.49922101399994,35.362606234000054
-115.48159901099996,35.36243823500007
-115.46387800699995,35.36240523600003
-115.46382000899996,35.37677823700005
-115.44635800499998,35.376777238000045
-115.44600300699994,35.391534240000055
-115.44578000799999,35.40596724200003
-115.42816900499997,35.40578224300003
-115.42885600599999,35.422100245000024
-115.42083900499995,35.42206424500006
-115.42086000599994,35.43661824700007
-115.43844600899996,35.43658224600006
-115.43845401099998,35.45113024800003
-115.43850201199996,35.46116524900003
-115.45015001399997,35.46111824800005
-115.45019001499998,35.471179249000045
-115.44961001499996,35.471742249000044
-115.44921301499994,35.47223925000003
-115.44851501499994,35.47315025000006
-115.44723801499998,35.475595250000026
-115.44676301499999,35.47670025000008
-115.44608801499999,35.478271250000034
-115.44284901499998,35.485936252000045
-115.44112601499995,35.490030252000054
-115.43248801299995,35.48998125300005
-115.41485700999999,35.49019525400007
-115.39700400699996,35.49014525500007
-115.37925800399995,35.49011225600003
-115.36189599999994,35.490091257000074
-115.34413099699998,35.490000258000066
-115.34398799799999,35.49952925900004
-115.34393199799996,35.50131625900008
-115.34389399799994,35.50439326000003
-115.34340599999996,35.51895026200003
-115.36114100299994,35.51885026000008
-115.36158600399995,35.53342426200004
-115.36135900599999,35.54803126400003
-115.34356300199994,35.54807626500008
-115.32617499899999,35.548089266000034
-115.31648399699998,35.54805326700006
-115.31441899699996,35.546422267000025
-115.31296899599994,35.54525726700007
-115.30853499499995,35.54177826600005
-115.30725899499998,35.54071226600007
-115.30566599499997,35.53944126600004
-115.30219899399998,35.536707266000064
-115.30019199299994,35.535147266000024
-115.29787799299999,35.53336526600003
-115.29600699199995,35.531855266000036
-115.29360699199998,35.52993126600006
-115.29097999099997,35.52786526600005
-115.28944098999995,35.52664126600007
-115.28561198899996,35.52367026600007
-115.28250198899997,35.52115526600005
-115.27950198799999,35.51886326500005
-115.27790598699994,35.51759926500006
-115.27526298699996,35.51546226500005
-115.27308298599996,35.513668265000035
-115.26955898499995,35.51098226500005
-115.26096598299995,35.50416126500005
-115.25899898299997,35.50269726500005
-115.25585098199997,35.500298265000026</coordinates></LinearRing></outerBoundaryIs></Polygon></Placemark>
<Placemark>
<ExtendedData>
  <Data name="COMNAME"><value>Desert Tortoise</value></Data>
  <Data name="SCINAME"><value>Gopherus agassizif</value></Data>
  <Data name="SPCODE"><value>C04L</value></Data>
  <Data name="VIPCODE"><value>V05</value></Data>
  <Data name="UNIT"><value></value></Data>
  <Data name="SUBUNIT"><value></value></Data>
  <Data name="UNITNAME"><value>Fremont-Kramer</value></Data>
  <Data name="SUBUNITNAM"><value></value></Data>
  <Data name="STATUS"><value>FINAL</value></Data>
  <Data name="LEADOFFICE"><value></value></Data>
  <Data name="COOPOFFICE"><value></value></Data>
  <Data name="COOPOFMORE"><value></value></Data>
  <Data name="FEDREG"><value>59FR5820</value></Data>
  <Data name="PUBDATE"><value>19940208</value></Data>
  <Data name="EFFECTDATE"><value>19940310</value></Data>
  <Data name="VACATEDATE"><value></value></Data>
  <Data name="ACCURACY"><value></value></Data>
  <Data name="SHAPE_Leng"><value>2.57973163373</value></Data>
  <Data name="SHAPE_Area"><value>0.161544807447</value></Data></ExtendedData>
  <Polygon>
<outerBoundaryIs>
  <LinearRing><coordinates>-117.45343135899998,35.346445112000026
-117.45347135799994,35.33190711100008
-117.45352835699998,35.31737710900006
-117.45367035499999,35.302750107000065
-117.45366735399995,35.288338106000026
-117.45359135299998,35.27373710400008
-117.45346335099998,35.25932510300004
-117.45385135099997,35.249934102000054
-117.45397834999994,35.24456410100004
-117.45395734899995,35.22979009900007
-117.45396034799995,35.21519709800003
-117.45406834599999,35.20092809600004
-117.45409234499999,35.18563009400003
-117.43665634199999,35.18557009500006
-117.41922633899998,35.18550309600005
-117.40295133599994,35.185147097000026
-117.38518633299998,35.18520209900004
-117.36752532999998,35.18502810000007
-117.36710632799998,35.169641098000056
-117.36671132699996,35.15512509600006
-117.366545326,35.14062009500003
-117.36620132399997,35.12487609300007
-117.36593032299999,35.111602091000066
-117.36567332199996,35.09696309000003
-117.36651032199995,35.09698109000004
-117.36648932099996,35.08416508800008
-117.36624631899997,35.06956408700006
-117.36631531799998,35.05487108500006
-117.36642631699999,35.040292083000054
-117.36642631499996,35.02560408200003
-117.36636731399994,35.01113908000008
-117.36629031299998,35.00383407900006
-117.36615731299997,34.99998307900006
-117.36615731299997,34.99630007900004
-117.34848630999994,34.99621608000007
-117.33028430599995,34.99617308100005
-117.33011930499998,34.98119907900008
-117.33023630399998,34.96616307700003
-117.33009930199995,34.95156407600007
-117.31285829999996,34.95156007700007
-117.31246829799994,34.936890075000065
-117.31210329699996,34.92225507400008
-117.29444029399997,34.92228507500005
-117.27676029099996,34.92212907600003
-117.27663328899996,34.90718407400004
-117.25898728599998,34.90711807500003
-117.25896528499999,34.89265607300007
-117.25893228399997,34.87801507200004
-117.25903128299996,34.87477407100005
-117.25913928199998,34.86334507000004
-117.25897128099996,34.84878006800005
-117.27671928399997,34.84886106700003
-117.29423228699994,34.849072066000076
-117.31221028999994,34.849189065000076
-117.32985229299999,34.84923506400003
-117.32978529199994,34.83455406300004
-117.32957729099996,34.82002406100003
-117.33010728999994,34.805252059000054
-117.33021928799997,34.79066805800005
-117.33026628699997,34.776499056000034
-117.34822428999996,34.77652605500003
-117.36609229299995,34.776716054000076
-117.36561329199998,34.762323052000056
-117.36560629099995,34.75497805100008
-117.36562429099996,34.747851051000055
-117.36558128999997,34.733239049000076
-117.36547928799996,34.718423047000044
-117.36538628699998,34.70386604600003
-117.36520028599995,34.68917904400007
-117.37588028699997,34.68891604300006
-117.38327328899999,34.688837043000035
-117.40111629199998,34.68864404200008
-117.41864729499997,34.68856104100007
-117.43640129799996,34.689419040000075
-117.44966929999998,34.68964103900004
-117.45468630199997,34.704290041000036
-117.45959730499999,34.718654042000026
-117.46234630599997,34.726672043000065
-117.46452730699997,34.73310504300008
-117.472145308,34.73307604300004
-117.47225330699996,34.72611504200006
-117.47232130699996,34.71857404100007
-117.48992331,34.71841304000003
-117.50088731199997,34.71845303900005
-117.50732831299996,34.718430039000054
-117.52530531599996,34.71848603800004
-117.54294031899997,34.71850503700006
-117.56115032199995,34.71858603600003
-117.57904932499997,34.718676035000044
-117.59709632799996,34.71866903400007
-117.60567232999995,34.718860033000055
-117.61459033099999,34.71891403300003
-117.62557033299998,34.718891032000045
-117.63217833399995,34.71883003200003
-117.64986233699995,34.719071031000055
-117.66713533999996,34.71945603000006
-117.66723533999999,34.71945703000006
-117.66730234199997,34.734355031000064
-117.66786434699998,34.79046803800003
-117.66730434899995,34.82253104100005
-117.63202334299996,34.82227504300005
-117.63207234699996,34.86597304800006
-117.63199134699994,34.86597204800006
-117.63195234699998,34.865952048000054
-117.63188434799997,34.874990049000075
-117.63192234799999,34.88063505000002
-117.63201534899997,34.88414605000003
-117.63209734899999,34.887164050000024
-117.63215235299998,34.93600405600006
-117.632079353,34.937991056000044
-117.63209035399996,34.93962805600006
-117.63215935399995,34.94269105700005
-117.63216035399995,34.942729057000065
-117.63220635699997,34.983246061000045
-117.63220735799996,34.98356406100004
-117.62591935599994,34.98367306200004
-117.61468335399996,34.98366706200005
-117.59703535099999,34.983504063000055
-117.57945034799997,34.983395064000035
-117.56184434499994,34.983356065000066
-117.55256934399995,34.98329606600004
-117.54376434199997,34.983240066000064
-117.54378134299998,34.98688506700006
-117.54407034399998,34.99802506800006
-117.54410434399995,35.00188006900004
-117.54573734499996,35.00755006900005
-117.54827934599996,35.01670007000007
-117.55135034699998,35.02757107100007
-117.55348234899998,35.03538207200006
-117.55535734899996,35.042288072000076
-117.55662534999999,35.04660207300003
-117.55815335099999,35.05209507300003
-117.55952235199999,35.05702907400007
-117.56014835199994,35.05933307400005
-117.56036335199997,35.06102907400003
-117.560285352,35.06212107400006
-117.56014235199996,35.06332207400004
-117.55984235199998,35.064607075000026
-117.559632352,35.065395075000026
-117.55946035199997,35.06629107500004
-117.55932335199998,35.06698807500004
-117.55915135199996,35.067707075000044
-117.55914635199997,35.068548075000024
-117.55899435299995,35.06962507500003
-117.55912035299997,35.07088207500004
-117.55946335299996,35.07217807500007
-117.55982935299994,35.07300207500003
-117.56026135299999,35.07388807600006
-117.56078735299997,35.07494107600007
-117.56123835399995,35.07580207600006
-117.56166035399997,35.07658007600003
-117.56202735399995,35.077290076000054
-117.56242235399998,35.078130076000036
-117.56307135399999,35.07943407600004
-117.56364435399996,35.08050307600007
-117.56444235499998,35.082029076000026
-117.56492135499997,35.08293807600006
-117.56545535499998,35.08376007600003
-117.56572835499998,35.084242076000066
-117.56645035499997,35.085301076000064
-117.56715435499996,35.08640607600006
-117.56793335599997,35.087586077000026
-117.56837035599995,35.08899607700005
-117.56903435599997,35.091169077000075
-117.570801357,35.09741807700004
-117.57483235899997,35.11182807900008
-117.57846436099999,35.12497608000007
-117.58316436299998,35.14178808200006
-117.58707736499997,35.155983083000024
-117.59115136699995,35.17047708400003
-117.59548436899996,35.18614108600008
-117.59956237099999,35.20073408700006
-117.60366137299997,35.21543408900004
-117.60786237499997,35.23028509000005
-117.61348537599997,35.23020709000008
-117.613220378,35.24476609100003
-117.62591038,35.24473709000006
-117.63098638099996,35.24472509000003
-117.63098338099996,35.24734309000007
-117.63131238299997,35.27428609300006
-117.63129538899994,35.332469100000026
-117.62587838799999,35.332544100000064
-117.61859238699998,35.33264410100003
-117.61864938699995,35.33218410000006
-117.61860738699994,35.33157410000007
-117.61845338599994,35.33087210000008
-117.61811238599995,35.33020310000006
-117.61762438599999,35.32968610000006
-117.61687438599995,35.32904910000008
-117.61616338599998,35.32856410000005
-117.61537738599998,35.32808010000008
-117.61425238499999,35.32713910000007
-117.61305138499995,35.325924100000066
-117.61151038499997,35.32407010000003
-117.61034538399997,35.322611100000074
-117.60959138399994,35.32151610000005
-117.60917438399997,35.320510100000035
-117.60879338399997,35.31938310000004
-117.60848638399995,35.31819410000003
-117.61336538399996,35.318139099000064
-117.61355238299996,35.30348509800007
-117.59586037999998,35.30367509900003
-117.59573838099999,35.318333100000075
-117.59574438299995,35.333030102000066
-117.59560938399994,35.347191104000046
-117.59548838499995,35.36153010500004
-117.61342738799999,35.361480104000066
-117.61354438999996,35.37499510600003
-117.61353938999997,35.37620310600005
-117.622937391,35.376231105000045
-117.62829539199998,35.37627810500004
-117.63170239299996,35.37633510500007
-117.63189639299998,35.37633710500006
-117.63236839499996,35.39477710700004
-117.63279539599995,35.405412108000064
-117.63130739699994,35.41957110900006
-117.63352239899996,35.43444511100006
-117.63352439899995,35.434641111000076
-117.63341839899999,35.43464211100007
-117.62588239699994,35.434406111000044
-117.61364639499999,35.434011112000064
-117.59589539199999,35.434344113000066
-117.59582539099995,35.419876112000054
-117.59564438899997,35.405377110000074
-117.59574038899996,35.39811210900007
-117.59583538799995,35.390785108000046
-117.57805538499997,35.39093310900006
-117.56008838199995,35.39098711100007
-117.55968737999996,35.376214109000045
-117.54191137699996,35.37641811000003
-117.52424537399997,35.37652611100003
-117.52419837399998,35.37496911100004
-117.52414437299996,35.360897109000064
-117.52423637199996,35.34633610800006
-117.50087736799998,35.34646610900006
-117.48899236599999,35.34654511000008
-117.47133236199994,35.346401111000034
-117.45343135899998,35.346445112000026</coordinates></LinearRing></outerBoundaryIs></Polygon></Placemark>
<Placemark>
<ExtendedData>
  <Data name="COMNAME"><value>Desert Tortoise</value></Data>
  <Data name="SCINAME"><value>Gopherus agassizif</value></Data>
  <Data name="SPCODE"><value>C04L</value></Data>
  <Data name="VIPCODE"><value>V05</value></Data>
  <Data name="UNIT"><value></value></Data>
  <Data name="SUBUNIT"><value></value></Data>
  <Data name="UNITNAME"><value>Fremont-Kramer</value></Data>
  <Data name="SUBUNITNAM"><value></value></Data>
  <Data name="STATUS"><value>FINAL</value></Data>
  <Data name="LEADOFFICE"><value></value></Data>
  <Data name="COOPOFFICE"><value></value></Data>
  <Data name="COOPOFMORE"><value></value></Data>
  <Data name="FEDREG"><value>59FR5820</value></Data>
  <Data name="PUBDATE"><value>19940208</value></Data>
  <Data name="EFFECTDATE"><value>19940310</value></Data>
  <Data name="VACATEDATE"><value></value></Data>
  <Data name="ACCURACY"><value></value></Data>
  <Data name="SHAPE_Leng"><value>1.66974551742</value></Data>
  <Data name="SHAPE_Area"><value>0.0295723285033</value></Data></ExtendedData>
  <MultiGeometry>
<Polygon>
<outerBoundaryIs>
  <LinearRing><coordinates>-117.63189639299998,35.37633710500006
-117.65000339599999,35.37651810300002
-117.66767339899997,35.376859102000026
-117.68573240199999,35.37668210100003
-117.68568340199994,35.37502210100007
-117.68446640099995,35.361828100000025
-117.68434339899994,35.34695609800008
-117.68427439799996,35.332182096000054
-117.66683639499996,35.33287309800005
-117.66675239399996,35.318005096000036
-117.66669139299995,35.31073009500005
-117.65542239199999,35.31776509700006
-117.64907539099994,35.32173709700004
-117.64466238999995,35.32450309800004
-117.63753338999999,35.32893809900003
-117.63697738999997,35.329482099000074
-117.63668938899997,35.329813099000035
-117.636319389,35.33027909900005
-117.63592138899998,35.33083909900006
-117.63565438899997,35.33136909900003
-117.63544338899999,35.331843099000025
-117.63527938899995,35.33246109900006
-117.63130238899998,35.332469100000026
-117.63129538899994,35.332469100000026
-117.63131238299997,35.27428609300006
-117.63098338099996,35.24734309000007
-117.63098638099996,35.24472509000003
-117.63099638099999,35.24472509000003
-117.63105038099997,35.247252090000075
-117.63108538099999,35.24987709100003
-117.63109538199996,35.254295091000074
-117.63118638199995,35.25933309200008
-117.64976938499996,35.25872009100004
-117.64921638699997,35.27388309200006
-117.66738738999999,35.27362209100005
-117.68532339299998,35.273253090000026
-117.70317539599995,35.272953089000055
-117.72081139899996,35.27266508800005
-117.73153840099997,35.272480087000076
-117.73879540099995,35.268200086000036
-117.73883240199996,35.27238108700004
-117.75093040399997,35.272429086000045
-117.75641540499998,35.27246908500007
-117.774140408,35.272452084000065
-117.79174441099997,35.272494083000026
-117.80942241399998,35.27246508200005
-117.82693541699996,35.27251508100005
-117.84470341999997,35.27220808000004
-117.86229642299998,35.272473079000065
-117.87588542499998,35.272586078000074
-117.87983042599996,35.27264607800004
-117.88010942699998,35.287283080000066
-117.88015742899995,35.30179508100008
-117.86195442599995,35.30181008200003
-117.86178142699998,35.31661208400004
-117.84375042399995,35.316558085000054
-117.84355342499998,35.33141508700004
-117.84353842599995,35.34606708800004
-117.84350942799995,35.36073509000005
-117.82545742499997,35.36083209100008
-117.82575442299998,35.34616308900007
-117.80792041999996,35.34638409000007
-117.79027441699998,35.346702092000044
-117.77253641399994,35.34689809300005
-117.77261541599995,35.36161909400005
-117.77258141699997,35.374928096000076
-117.77257441699999,35.376021096000045
-117.77257441699999,35.37607909600007
-117.77253741699997,35.37998609600004
-117.77256341799995,35.39054809700008
-117.79060542199994,35.390553096000076
-117.79048642299995,35.405083098000034
-117.77273942,35.40507609900004
-117.77052942099999,35.41968110100004
-117.75497941799995,35.41971810200005
-117.75087741699997,35.41962210200006
-117.73793841499997,35.41970210300008
-117.72108541199998,35.41995610400005
-117.70397340899996,35.42048410500007
-117.68674340599995,35.42021710600005
-117.66817240299997,35.420230107000066
-117.64974939999996,35.420117108000056
-117.64926840099997,35.43449711000005
-117.63352439899995,35.434641111000076
-117.63352239899996,35.43444511100006
-117.63130739699994,35.41957110900006
-117.63279539599995,35.405412108000064
-117.63236839499996,35.39477710700004
-117.63189639299998,35.37633710500006</coordinates></LinearRing></outerBoundaryIs></Polygon>
<Polygon>
<outerBoundaryIs>
  <LinearRing><coordinates>-117.63216035399995,34.942729057000065
-117.63224035399998,34.94682805700006
-117.63228935499995,34.95108105800006
-117.63235635499996,34.95434505800006
-117.63240135499996,34.95676405800003
-117.63236435499999,34.95932705800004
-117.63244335599995,34.96496405900007
-117.63244535599995,34.96714705900007
-117.63244835599994,34.969482060000075
-117.63245535699997,34.97236306000008
-117.63251935699998,34.97514406000005
-117.63251635699999,34.97937306100005
-117.63257135699996,34.98164706100005
-117.63262635799998,34.983557061000056
-117.63220735799996,34.98356406100004
-117.63220635699997,34.983246061000045
-117.63216035399995,34.942729057000065</coordinates></LinearRing></outerBoundaryIs></Polygon>
<Polygon>
<outerBoundaryIs>
  <LinearRing><coordinates>-117.63209734899999,34.887164050000024
-117.63209834899999,34.88721705000006
-117.63229434999994,34.89303905100007
-117.63235234999996,34.89530105100005
-117.63237034999997,34.897144052000044
-117.63242234999996,34.902918052000075
-117.63247635099998,34.90501305200007
-117.63252235099998,34.91012905300005
-117.63248435099996,34.91144605300008
-117.63245835099997,34.913260053000045
-117.63241635099996,34.914787054000044
-117.63237535199994,34.92083805400006
-117.63232635199995,34.92499405500007
-117.63226435299998,34.92831205500005
-117.63224135299998,34.931015055000046
-117.63219735299998,34.93478405600007
-117.63215235299998,34.93600405600006
-117.63209734899999,34.887164050000024</coordinates></LinearRing></outerBoundaryIs></Polygon>
<Polygon>
<outerBoundaryIs>
  <LinearRing><coordinates>-117.63207234699996,34.86597304800006
-117.63202334299996,34.82227504300005
-117.66730434899995,34.82253104100005
-117.71756235799995,34.822915038000076
-117.73106635999994,34.82277103700005
-117.74028336199996,34.822931037000046
-117.77482836799999,34.82297903500006
-117.79226337099999,34.822850034000055
-117.79226437099999,34.82308103400004
-117.79240237199997,34.83787603500008
-117.77443736899994,34.83793203700003
-117.75659336599995,34.83776103800005
-117.75090336499994,34.83779003800004
-117.73866936299999,34.83781803900007
-117.72087435999998,34.83745304000007
-117.70310035699998,34.83737004100004
-117.68523335399999,34.83736404200005
-117.68517235499996,34.851972043000046
-117.68508635599994,34.86694104500003
-117.66742535299994,34.86643104600006
-117.64956734999998,34.866286047000074
-117.63207234699996,34.86597304800006</coordinates></LinearRing></outerBoundaryIs></Polygon></MultiGeometry></Placemark>
<Placemark>
<ExtendedData>
  <Data name="COMNAME"><value>Desert Tortoise</value></Data>
  <Data name="SCINAME"><value>Gopherus agassizif</value></Data>
  <Data name="SPCODE"><value>C04L</value></Data>
  <Data name="VIPCODE"><value>V05</value></Data>
  <Data name="UNIT"><value></value></Data>
  <Data name="SUBUNIT"><value></value></Data>
  <Data name="UNITNAME"><value>Fremont-Kramer</value></Data>
  <Data name="SUBUNITNAM"><value></value></Data>
  <Data name="STATUS"><value>FINAL</value></Data>
  <Data name="LEADOFFICE"><value></value></Data>
  <Data name="COOPOFFICE"><value></value></Data>
  <Data name="COOPOFMORE"><value></value></Data>
  <Data name="FEDREG"><value>59FR5820</value></Data>
  <Data name="PUBDATE"><value>19940208</value></Data>
  <Data name="EFFECTDATE"><value>19940310</value></Data>
  <Data name="VACATEDATE"><value></value></Data>
  <Data name="ACCURACY"><value></value></Data>
  <Data name="SHAPE_Leng"><value>0.633093239507</value></Data>
  <Data name="SHAPE_Area"><value>0.0143949518379</value></Data></ExtendedData>
  <Polygon>
<outerBoundaryIs>
  <LinearRing><coordinates>-117.66730434899995,34.82253104100005
-117.66786434699998,34.79046803800003
-117.66730234199997,34.734355031000064
-117.66723533999999,34.71945703000006
-117.68491334299995,34.71961902900006
-117.70257834599994,34.71904002800005
-117.71147634799996,34.71913802700004
-117.72049134899999,34.71943502700003
-117.73837735299998,34.71945002500007
-117.73838635299995,34.71945002500007
-117.73853235399997,34.73479402700008
-117.73844735499995,34.74204602800006
-117.73833035499996,34.74997002900005
-117.73845335599998,34.763624030000074
-117.75090235899995,34.76392203000006
-117.75641635999995,34.76406202900006
-117.77415336299998,34.76452002800005
-117.79199936599997,34.76424702700007
-117.80984336899996,34.764144026000054
-117.82732837199995,34.763746025000046
-117.84554737499997,34.764092024000036
-117.86328737799994,34.76369902300007
-117.87593437999999,34.76361302200007
-117.88068238099999,34.763474022000025
-117.88070738199997,34.778260024000076
-117.88056738299997,34.792899025000054
-117.88100738499998,34.807652027000074
-117.87598538399999,34.80769302700003
-117.86350838199996,34.807786028000066
-117.84570437899998,34.80800602900007
-117.82788437599999,34.808142030000056
-117.81001937299999,34.80823103100005
-117.79219636999994,34.80840203200006
-117.79226337099999,34.822850034000055
-117.77482836799999,34.82297903500006
-117.74028336199996,34.822931037000046
-117.73106635999994,34.82277103700005
-117.71756235799995,34.822915038000076
-117.66730434899995,34.82253104100005</coordinates></LinearRing></outerBoundaryIs></Polygon></Placemark>
<Placemark>
<ExtendedData>
  <Data name="COMNAME"><value>Desert Tortoise</value></Data>
  <Data name="SCINAME"><value>Gopherus agassizif</value></Data>
  <Data name="SPCODE"><value>C04L</value></Data>
  <Data name="VIPCODE"><value>V05</value></Data>
  <Data name="UNIT"><value></value></Data>
  <Data name="SUBUNIT"><value></value></Data>
  <Data name="UNITNAME"><value>Superior-Cronese</value></Data>
  <Data name="SUBUNITNAM"><value></value></Data>
  <Data name="STATUS"><value>FINAL</value></Data>
  <Data name="LEADOFFICE"><value></value></Data>
  <Data name="COOPOFFICE"><value></value></Data>
  <Data name="COOPOFMORE"><value></value></Data>
  <Data name="FEDREG"><value>59FR5820</value></Data>
  <Data name="PUBDATE"><value>19940208</value></Data>
  <Data name="EFFECTDATE"><value>19940310</value></Data>
  <Data name="VACATEDATE"><value></value></Data>
  <Data name="ACCURACY"><value></value></Data>
  <Data name="SHAPE_Leng"><value>3.67250719255</value></Data>
  <Data name="SHAPE_Area"><value>0.309110590398</value></Data></ExtendedData>
  <Polygon>
<outerBoundaryIs>
  <LinearRing><coordinates>-117.36631531799998,35.05487108500006
-117.36624631899997,35.06956408700006
-117.36648932099996,35.08416508800008
-117.36651032199995,35.09698109000004
-117.36567332199996,35.09696309000003
-117.36593032299999,35.111602091000066
-117.36620132399997,35.12487609300007
-117.366545326,35.14062009500003
-117.36671132699996,35.15512509600006
-117.36710632799998,35.169641098000056
-117.36752532999998,35.18502810000007
-117.38518633299998,35.18520209900004
-117.40295133599994,35.185147097000026
-117.41922633899998,35.18550309600005
-117.43665634199999,35.18557009500006
-117.45409234499999,35.18563009400003
-117.45406834599999,35.20092809600004
-117.45396034799995,35.21519709800003
-117.45395734899995,35.22979009900007
-117.45397834999994,35.24456410100004
-117.45385135099997,35.249934102000054
-117.45346335099998,35.25932510300004
-117.45359135299998,35.27373710400008
-117.45366735399995,35.288338106000026
-117.45367035499999,35.302750107000065
-117.45352835699998,35.31737710900006
-117.45347135799994,35.33190711100008
-117.45343135899998,35.346445112000026
-117.45338635999997,35.35216611300007
-117.45326536099998,35.361026114000026
-117.45346236199998,35.37553011500006
-117.43575935899997,35.37553411700003
-117.43027935799995,35.37543211700006
-117.41805335599997,35.375231118000045
-117.40825235399996,35.37538611800005
-117.39729535199996,35.375362119000044
-117.38626334999998,35.37539712000006
-117.37588834899998,35.37528812000005
-117.36526634699999,35.37521912100004
-117.34948834399995,35.375214122000045
-117.34947234499998,35.39003712300007
-117.34284034399997,35.39009312400003
-117.33193734199995,35.390114125000025
-117.32947034199998,35.390125125000054
-117.31564133899997,35.39010912600003
-117.30921633799994,35.38998012600007
-117.29773033599997,35.38994712700003
-117.29766233799995,35.40458712800006
-117.28725733599998,35.404599129000076
-117.27991233499995,35.40460912900005
-117.27622333399995,35.404566130000035
-117.26223133199994,35.404611130000035
-117.25865633099994,35.40452813100006
-117.25089632999999,35.40436113100003
-117.24453632799998,35.40428113100006
-117.24320332799999,35.404310132000035
-117.23211432599999,35.40434813200005
-117.226982325,35.40431813300006
-117.22122832399998,35.40434113300006
-117.209231322,35.404301134000036
-117.19135931899996,35.40410413500007
-117.18807631899995,35.40401813500006
-117.17367731599995,35.403786136000065
-117.17401431699994,35.41828713700005
-117.15630931399994,35.418063138000036
-117.13864831099994,35.41795014000007
-117.12076430799999,35.417679141000065
-117.12036930699998,35.403237139000055
-117.11903830499995,35.388769137000054
-117.10106630199999,35.388801139000066
-117.10106730199999,35.387714138000035
-117.08297629899994,35.387751140000034
-117.08299029699998,35.373410138000054
-117.06523429399999,35.373398139000074
-117.06526929299997,35.358772137000074
-117.04741828999994,35.35877213900005
-117.029690287,35.35876414000006
-117.02968828499996,35.34402913800005
-117.01195328199998,35.34404013900007
-117.00081927999997,35.34399014000007
-116.98997927799996,35.34400414000004
-116.97877827599996,35.34399814100004
-116.95686627299995,35.34398014200008
-116.94592827099996,35.343993143000034
-116.93484926899998,35.34397114400008
-116.92710626699994,35.34401914400007
-116.92710626799999,35.346367145000045
-116.91499526599995,35.346236145000034
-116.90869026399997,35.34613514600005
-116.90192326299996,35.346002146000046
-116.89089426099997,35.34581214700006
-116.89081925999994,35.33130714500004
-116.87290125699997,35.33105214600005
-116.86581925499996,35.33090314700007
-116.85513425399995,35.33082514700004
-116.85503225299999,35.322966146000056
-116.85493525199996,35.31576314500006
-116.85470725099998,35.30110814400007
-116.83691724799996,35.30094814500006
-116.819311245,35.30094814600005
-116.81915424299996,35.28634714400005
-116.81895424199996,35.271781143000055
-116.81883024099994,35.25732914100007
-116.81888224,35.249959140000044
-116.81879423899994,35.242785139000034
-116.81874423899995,35.23567513900008
-116.81868723799994,35.22833013800005
-116.81860623699998,35.21375113600004
-116.80132723299994,35.213561137000056
-116.80125123199997,35.19903513600008
-116.78337622899994,35.19889113700003
-116.78335322799995,35.18421713500004
-116.76558322499994,35.18408813600007
-116.75081022199998,35.18404213700006
-116.74802722099997,35.18401113700003
-116.74783221999996,35.16907913500006
-116.748252219,35.15451813400006
-116.73040221599996,35.15449913500004
-116.71255421299998,35.154496136000034
-116.69529420999999,35.15455713700004
-116.67773020599998,35.15459513800005
-116.66014820299995,35.15458513900006
-116.64238519999998,35.154663140000025
-116.62477219699997,35.15438714100003
-116.60657319399996,35.15426114200005
-116.58918719099995,35.15423914300004
-116.57157018799995,35.154151144000025
-116.55388018399998,35.15404014500007
-116.53593518099996,35.153887146000045
-116.51828117799994,35.15378814700006
-116.50674717599998,35.15373314800007
-116.50069017499999,35.15367114900005
-116.49249017399995,35.15356414900003
-116.48336117199995,35.15357515000005
-116.48332817299996,35.168384151000055
-116.48317917499998,35.183047153000075
-116.46545017099999,35.183077154000046
-116.46534217299995,35.19750315600004
-116.44769616999997,35.19739615700007
-116.43042716599996,35.197282158000064
-116.41867516399998,35.197248159000026
-116.41224316299997,35.197187159000066
-116.41235916199997,35.18286015700005
-116.40336815999996,35.18269315800006
-116.39441115899996,35.18246615800007
-116.39456115699994,35.167995157000064
-116.37632615399997,35.16797015800006
-116.37495515399996,35.167923158000065
-116.35872115099994,35.16768115900004
-116.35896414999996,35.15262315700005
-116.35317914899997,35.15254815700007
-116.34124914699998,35.152373158000046
-116.34132214599998,35.14729615700003
-116.34141014599999,35.14075715700005
-116.34146414499997,35.13749115600007
-116.32387114199997,35.13755715700006
-116.32410114099997,35.12495615600005
-116.32412014099998,35.12263015600007
-116.32441413999999,35.10768115400003
-116.32466913799999,35.09272915200006
-116.32477713799994,35.087504152000065
-116.32586213799999,35.08732215100002
-116.32736513799995,35.08726315100006
-116.32876813899998,35.087257151000074
-116.33045713899998,35.08736415100003
-116.33168113899995,35.08754015100004
-116.33324413899999,35.087797151000075
-116.33449013999996,35.08808215100004
-116.33548113999996,35.08825815100005
-116.33615913999995,35.08833915100007
-116.33695013999994,35.08836515100006
-116.33803213999994,35.088233151000054
-116.33940413999994,35.08809215100007
-116.34243514099995,35.08783715000004
-116.34798814199996,35.087216150000074
-116.35527314299998,35.08640815000007
-116.36016914399994,35.085881149000045
-116.37589314699994,35.084039148000045
-116.37689714699997,35.083892148000075
-116.37771514699995,35.08371314800007
-116.37886914699999,35.08338314800005
-116.37972614699999,35.08296014800004
-116.38095614699995,35.08241714800005
-116.38375114799999,35.08111814700004
-116.38594914799995,35.080122147000054
-116.38661914799997,35.07988114700004
-116.38721414799994,35.079762147000054
-116.38806914799994,35.079706147000024
-116.39501414999995,35.07961814600003
-116.39663814999994,35.079567146000045
-116.39808814999998,35.079405146000056
-116.39923614999998,35.07925114600005
-116.40047115099998,35.07884114600006
-116.40171615099996,35.078190146000054
-116.40520215099997,35.07585814500004
-116.408543152,35.07369314500005
-116.41252515199994,35.07106314400005
-116.41956615299995,35.066506143000026
-116.42386915299994,35.06364114300004
-116.43006015399999,35.059610142000054
-116.43509515499994,35.05633614100003
-116.44154615499997,35.05209314000007
-116.44385715599998,35.05066814000003
-116.44769815599994,35.04812214000003
-116.45262015699996,35.04487813900005
-116.455937157,35.04272513800004
-116.46149215799994,35.03908713800007
-116.46563015799995,35.036388137000074
-116.46741915899997,35.03520513700005
-116.46879815899996,35.03429513700007
-116.47017715899995,35.03344713700005
-116.47088415899998,35.033053136000035
-116.47218715899999,35.032509136000044
-116.47467916,35.031635136000034
-116.48319716099996,35.028558135000026
-116.48557816099998,35.02765213500004
-116.49022716199994,35.02605313400005
-116.49662416299998,35.02376013400004
-116.50086416299996,35.02222113300007
-116.50361716399999,35.02119413300005
-116.50759616399995,35.01977613300005
-116.51882616599994,35.015730132000044
-116.52377216699995,35.01394813100006
-116.52864216699999,35.01219713100005
-116.53139416799996,35.01120013000008
-116.53604116799994,35.009539130000064
-116.542590169,35.00718412900005
-116.55325417099999,35.003345128000035
-116.55942417199998,35.00117012700008
-116.56225217199994,34.99999212700004
-116.56249117199997,34.99990212700004
-116.57801817399996,34.99310712500005
-116.59144317599998,34.98728812400003
-116.59687117699997,34.98491712300006
-116.60906117899998,34.979636122000045
-116.62580218099998,34.97237712000003
-116.63943018299994,34.96636311900005
-116.65036318399996,34.961541117000024
-116.66216118599999,34.956418116000066
-116.67228718699994,34.95197811500003
-116.67954418799997,34.94862811400003
-116.69759219099996,34.94027511200005
-116.70518119199994,34.93674011100006
-116.71617619299997,34.93166011000005
-116.72203319399995,34.928867109000066
-116.72350219399999,34.92826910900004
-116.72488619499995,34.92786810900003
-116.72711319499996,34.927431109000054
-116.73302519599997,34.926174109000044
-116.74033719699997,34.924662108000064
-116.75092619899999,34.92256310700003
-116.75755319999996,34.92119310600003
-116.76820020099996,34.918986106000034
-116.76836820099999,34.908791104000045
-116.78582220399994,34.90885310300007
-116.80272120699999,34.90869910200007
-116.82043620999997,34.908665101000054
-116.82051521099999,34.923380103000056
-116.82044621199998,34.93782010500007
-116.80357820899997,34.937916106000046
-116.78563620599999,34.93779410700006
-116.76828620299995,34.93785310800007
-116.76832020399996,34.952110109000046
-116.78571020699997,34.95214210800003
-116.80335921099999,34.95226310700008
-116.80343521199995,34.96676410900005
-116.80339521299999,34.974156110000024
-116.80336821299994,34.98107111100006
-116.80342021399997,34.99530111200005
-116.80205721399994,34.995340112000065
-116.80210221499999,34.999986113000034
-116.80207021499996,35.00571211300007
-116.80210921499997,35.00981111400006
-116.81912021799997,35.009982113000035
-116.83677122199998,35.00979311200007
-116.85462622499995,35.00965111100004
-116.87241722799996,35.009495110000046
-116.88974523099995,35.00965010900006
-116.90755923399996,35.00980310800003
-116.90746123299999,34.99999710700007
-116.90735223299998,34.995279106000055
-116.92586323599994,34.99544410500005
-116.92609823499998,34.98158510300004
-116.92625923299994,34.96751210200006
-116.90853322999999,34.96713310300004
-116.90869822899998,34.952602101000025
-116.90878822799999,34.93810109900005
-116.90876722699994,34.92357009800003
-116.90888622599999,34.91651809700005
-116.90919022499997,34.909252096000046
-116.90901322499997,34.90155909500004
-116.92309422699998,34.901752094000074
-116.92468822699999,34.901845094000066
-116.92661422799995,34.90193709400006
-116.93128322899997,34.902825094000036
-116.93721122999995,34.90389709400006
-116.94258323099996,34.904694094000035
-116.94417723099997,34.90487709300004
-116.94954823199998,34.90562009300004
-116.95280623299999,34.90611109300005
-116.95745423399995,34.90673009300008
-116.96066623399997,34.90725109300007
-116.96200023399996,34.90747909300006
-116.96463123499996,34.90796809300008
-116.96692823499995,34.90839609300008
-116.96837423599999,34.90851909200006
-116.96993023599998,34.90858009200008
-116.97137523599997,34.908459092000044
-116.97341423699999,34.90803209200004
-116.97667523699994,34.90699409200005
-116.97986223699996,34.906049092000046
-116.98034423799999,34.905896091000045
-116.99742824099997,34.905806090000056
-116.99728524099999,34.91712009200006
-116.99724224199997,34.92055109200004
-116.997188242,34.92058109200008
-116.99711924299999,34.935189094000066
-117.00084824399994,34.935089094000034
-117.01495224599995,34.93498609300008
-117.01496324499999,34.92733709200007
-117.01494824499997,34.920418091000045
-117.01935224599998,34.92044909100008
-117.02543424699996,34.92042509000004
-117.02959324699998,34.920441090000054
-117.04758325099999,34.92052908900007
-117.06510625399994,34.92077808800008
-117.06970225399999,34.92083708800004
-117.07648525599996,34.92095508700004
-117.08267525699995,34.921073087000025
-117.08397225699997,34.921163087000025
-117.08552925699996,34.92131508700004
-117.08834625799994,34.92152708700007
-117.09064425799994,34.92173908700005
-117.09234925899995,34.92179808700007
-117.10058225999995,34.92187108600007
-117.11827826299998,34.92198408500008
-117.11810826399994,34.93621608700005
-117.12589526599999,34.93638808600008
-117.13624326699994,34.93647608600003
-117.13622226899997,34.95111608700006
-117.13605826999998,34.96557008900004
-117.13595827099999,34.97989409100006
-117.13590127299994,34.99456509200007
-117.13588527299999,35.00001109300007
-117.13581527299999,35.00421309300003
-117.13578727399994,35.00933109400006
-117.13577827499995,35.023906096000076
-117.13571927599997,35.038368097000046
-117.15349327999996,35.038541096000074
-117.17119228299998,35.03860309500004
-117.18909428599994,35.03883309400004
-117.20658528899997,35.038959093000074
-117.22435729199998,35.039181092000035
-117.24207329499995,35.039038091000066
-117.24176729599998,35.05355909200006
-117.25086829799994,35.05371209200007
-117.25967429899998,35.05373209100003
-117.27752630199996,35.053820090000045
-117.27743030399995,35.06850809200006
-117.29484530699995,35.06868009100003
-117.29508930599997,35.05402608900005
-117.31294630899998,35.054226088000064
-117.31297630999995,35.06882409000008
-117.33063531299996,35.06904308900005
-117.33052731199996,35.054410087000065
-117.34862231499994,35.05464008600006
-117.36631531799998,35.05487108500006</coordinates></LinearRing></outerBoundaryIs></Polygon></Placemark>
<Placemark>
<ExtendedData>
  <Data name="COMNAME"><value>Desert Tortoise</value></Data>
  <Data name="SCINAME"><value>Gopherus agassizif</value></Data>
  <Data name="SPCODE"><value>C04L</value></Data>
  <Data name="VIPCODE"><value>V05</value></Data>
  <Data name="UNIT"><value></value></Data>
  <Data name="SUBUNIT"><value></value></Data>
  <Data name="UNITNAME"><value>Chemehuevi</value></Data>
  <Data name="SUBUNITNAM"><value></value></Data>
  <Data name="STATUS"><value>FINAL</value></Data>
  <Data name="LEADOFFICE"><value></value></Data>
  <Data name="COOPOFFICE"><value></value></Data>
  <Data name="COOPOFMORE"><value></value></Data>
  <Data name="FEDREG"><value>59FR5820</value></Data>
  <Data name="PUBDATE"><value>19940208</value></Data>
  <Data name="EFFECTDATE"><value>19940310</value></Data>
  <Data name="VACATEDATE"><value></value></Data>
  <Data name="ACCURACY"><value></value></Data>
  <Data name="SHAPE_Leng"><value>4.5330424542</value></Data>
  <Data name="SHAPE_Area"><value>0.372142135987</value></Data></ExtendedData>
  <Polygon>
<outerBoundaryIs>
  <LinearRing><coordinates>-114.90789585899995,34.836930206000034
-114.89027785599995,34.83688920700007
-114.89031285599998,34.84056820700005
-114.88376685499998,34.84058620800005
-114.88142985399998,34.84059220800003
-114.87523385299994,34.840609208000046
-114.87278385299999,34.840583208000055
-114.86828785199998,34.84053520800006
-114.86824785199997,34.83570420800004
-114.86828485099994,34.832564208000065
-114.86840384999999,34.82239920600006
-114.85519084799995,34.822399207000046
-114.83768984499994,34.82243120800007
-114.83750484299998,34.80727220600005
-114.82023483999996,34.80719520700006
-114.82007183899998,34.79213120500003
-114.80252783599997,34.792073206000055
-114.80261783399999,34.77766220500007
-114.78487183099998,34.777183206000075
-114.78476582999997,34.76265020400007
-114.76719682699996,34.76268020500004
-114.76721082599994,34.75000420300006
-114.76714582499994,34.748172203000024
-114.75083182199995,34.74820320400005
-114.74971482199999,34.74822120400006
-114.74968282099996,34.73380320200005
-114.74080081899996,34.73378920300007
-114.73205481799994,34.73446520300007
-114.73208881699998,34.72054220200005
-114.73201481599995,34.71579720100004
-114.73189381499998,34.70600220000006
-114.71317381199998,34.706011201000024
-114.71316981099994,34.69150119900007
-114.69565080699999,34.69142920000007
-114.695654806,34.676867198000025
-114.67807280299996,34.67682919900005
-114.67814480199996,34.66232119800003
-114.66055879799995,34.662348199000064
-114.66051679699996,34.64807919700007
-114.66023479699999,34.645636197000044
-114.65882379499999,34.62868919500005
-114.65759979399996,34.614255193000076
-114.65615479199994,34.599555191000036
-114.63863878899997,34.59949319200007
-114.63737278699995,34.584907190000024
-114.63737078699995,34.58488619000008
-114.63533878599998,34.569581189000075
-114.63373178399996,34.55574218700008
-114.64777178699995,34.55601618600008
-114.64815878599995,34.54311218500004
-114.64439878499996,34.54306718500004
-114.61314377899998,34.54255718700006
-114.61375277699995,34.51390718300007
-114.59508277399999,34.51358518400008
-114.59563577299997,34.49945018200003
-114.57786676899997,34.49923118300006
-114.57778676799995,34.48481818100004
-114.57075776699998,34.48480018200007
-114.56015076499995,34.484773182000026
-114.56034876399997,34.47040118100006
-114.56029976399998,34.47040118100006
-114.56026276399996,34.47040118100006
-114.56026076399996,34.47040118100006
-114.55378476199996,34.47040718100004
-114.54280675999996,34.470416182000065
-114.52530175699997,34.47042918300008
-114.50783275399999,34.47050118400006
-114.49019975099998,34.47046118500003
-114.48992874899994,34.456491183000026
-114.49006574799995,34.44104518100005
-114.49058674699995,34.426521179000076
-114.49063074699995,34.425438179000025
-114.49067674699995,34.42431117900003
-114.49117174599996,34.41207417700008
-114.495365747,34.41218017700004
-114.50076974799998,34.41228117700007
-114.50905174899998,34.41229517600004
-114.50909174799995,34.39782717400004
-114.52511775099998,34.39791817400004
-114.52656474999998,34.383417172000065
-114.52546874999996,34.38339217200007
-114.52547674899995,34.36946517000007
-114.52547874799995,34.36552516900008
-114.525485748,34.35495416800006
-114.52558374599994,34.33989416600008
-114.54316874999995,34.33990616500006
-114.54316074799999,34.32597416400006
-114.56077975199997,34.32597016300008
-114.56073475099998,34.31139616100006
-114.57808675399997,34.31140216000006
-114.57809475299996,34.29659415800006
-114.57808775099994,34.282394156000066
-114.57808074999997,34.26795115400006
-114.57802774899994,34.253308152000045
-114.56054274599995,34.25358615400006
-114.56048474499994,34.23896715200004
-114.54300674099994,34.23896115300005
-114.52549573799996,34.238943154000026
-114.52547073699998,34.224359152000034
-114.50800173399995,34.224361153000075
-114.50154473199996,34.22436815300006
-114.49042772999996,34.22429615400006
-114.47291972699998,34.224342155000045
-114.47275072599996,34.209769153000025
-114.46435272399998,34.20983115300004
-114.45603272299996,34.20977615400005
-114.45498872199994,34.20267115300004
-114.45406572099995,34.195708152000066
-114.45424971999995,34.18127215000004
-114.45449071899998,34.16670714900005
-114.45536371799994,34.152086147000034
-114.47241172099996,34.152229146000025
-114.47235871999999,34.137763144000075
-114.48991472299997,34.137749143000065
-114.48988772199999,34.12502714100003
-114.48991272199999,34.123499141000025
-114.49721772399994,34.12346614100005
-114.50080772399997,34.12344814000005
-114.50736872499999,34.123356140000055
-114.51017872599999,34.12332214000003
-114.51008172599995,34.12284514000004
-114.51014272599997,34.12179714000007
-114.51014772599996,34.120888140000034
-114.51015172599995,34.12023214000004
-114.51240772599999,34.12003813900003
-114.51524772699997,34.119852139000045
-114.51644172699997,34.11979113900003
-114.51779372699997,34.11973713900005
-114.52033572799996,34.11981313900003
-114.52242872799997,34.11994313900004
-114.52568072899999,34.120063139000024
-114.53630573099997,34.120505138000055
-114.54253073199999,34.12072913800006
-114.54397573199998,34.12081413800007
-114.54535273199997,34.12096113800004
-114.54628073199996,34.12110413800008
-114.54926773299997,34.12171213800008
-114.55641073399994,34.12325813700005
-114.55999673499997,34.124029137000036
-114.56409173599997,34.124896137000064
-114.56623273599996,34.12532113700007
-114.56706773699995,34.12545013700003
-114.56824673699998,34.125654137000026
-114.56959473699999,34.12580213700005
-114.57216173799998,34.126123137000036
-114.57544873799998,34.12655713700008
-114.57755273899994,34.126805137000076
-114.58650473999995,34.12797713600003
-114.59497674199997,34.12899013600003
-114.59940574299998,34.12955913600007
-114.60178374299994,34.12980913600006
-114.60498274399998,34.13025313600008
-114.60930974499996,34.13084613500007
-114.61144274499998,34.13111613500007
-114.61263074599998,34.131292135000024
-114.61412874599995,34.131321135000064
-114.61538274599997,34.13132013500007
-114.61605574599997,34.13130813500004
-114.61731274599998,34.13120513500007
-114.61986374699995,34.13077113500003
-114.62324374699995,34.13022613500004
-114.62579574799997,34.129767134000076
-114.62923774799998,34.129235134000055
-114.63145274899995,34.128781134000064
-114.63865574999994,34.12703613300005
-114.64520775099999,34.125401133000025
-114.64758275199995,34.12486013300003
-114.65237775199995,34.12377413200005
-114.65460875299999,34.12312613200004
-114.65718775299996,34.122166132000075
-114.65949575299999,34.12114313100005
-114.66290575399995,34.11974113100007
-114.66506775399995,34.11886213100007
-114.671304755,34.11621413000006
-114.67719375599995,34.11373412900008
-114.68252775699995,34.11147512900004
-114.68669575799998,34.109752128000025
-114.68951775799997,34.10848412800004
-114.69477375899999,34.10847012800008
-114.70008175999999,34.10848012800005
-114.70007376099994,34.12068112900005
-114.70003376099999,34.123124129000075
-114.70018776199998,34.12959913000003
-114.70020476199994,34.137361131000034
-114.70027776299997,34.15190613300007
-114.70033776499997,34.16643813500008
-114.68280976099999,34.16643413600008
-114.68271076299999,34.18095513800006
-114.68291276399998,34.19523513900003
-114.68311176499998,34.209699141000044
-114.68311076599997,34.22420614300006
-114.68309076699995,34.23879014500005
-114.68305176799998,34.25001314600007
-114.68305176799998,34.25323314700006
-114.68296276899997,34.26414114800008
-114.68293376999998,34.26770114800007
-114.70036777299998,34.26764114700006
-114.70043377399998,34.28203314900003
-114.70049477499998,34.29656915100003
-114.70052277599996,34.31103615300003
-114.71797677999996,34.311039152000035
-114.71802878099999,34.32539615400003
-114.71802678099999,34.32591015400004
-114.73548578399999,34.32588315300006
-114.75319178699999,34.32586215200007
-114.75283178899997,34.33990715300007
-114.77041879199999,34.339974152000025
-114.78792479499998,34.33994515100005
-114.78795279599996,34.35476915300006
-114.78798679699997,34.36705115500007
-114.78796579699997,34.36912115500007
-114.80401579999995,34.36945315400004
-114.80546780099996,34.369452154000044
-114.80548780199996,34.383278156000074
-114.80543680299996,34.397911158000056
-114.80538780399996,34.41225415900004
-114.80535880499997,34.420927161000066
-114.80533880499996,34.42688616100003
-114.80529280699994,34.441317163000065
-114.82273780999998,34.441501162000066
-114.84843381499996,34.441284161000056
-114.87536881999995,34.44117815900006
-114.87535981899998,34.42923515800004
-114.87527981799997,34.42685215700004
-114.89270282199999,34.42690315600004
-114.89273281999999,34.412581155000055
-114.89276581899998,34.39802515300005
-114.892582818,34.38342615100004
-114.89257281799996,34.37917715000003
-114.89240381699994,34.37093814900004
-114.89225681599999,34.355843148000076
-114.90961581899995,34.355976147000035
-114.90966781799995,34.34187614500007
-114.90966981699995,34.339920145000065
-114.91001681599994,34.32707414300006
-114.91796881799996,34.327167143000054
-114.92710681999995,34.32730714200005
-114.92717881799996,34.312811140000065
-114.94476282199997,34.31279513900006
-114.94470582099996,34.302174138000055
-114.94468481999996,34.298359137000034
-114.92715981699996,34.29833813800008
-114.92718381599997,34.283886137000025
-114.94423081899998,34.283762136000064
-114.95399482099998,34.28370913500004
-114.96293382299996,34.28370513500005
-114.96295682099998,34.26920913300006
-114.97950982499998,34.26924113200005
-114.97960182299994,34.254743130000065
-114.99756182699997,34.254541129000074
-115.00075782699997,34.25457012900006
-115.00361482799997,34.25455512900004
-115.01563482999995,34.25463112800003
-115.03367483299996,34.254542127000036
-115.05027483599997,34.25440212600006
-115.06812783999999,34.254506125000034
-115.06852284099995,34.26903312700006
-115.08594584399998,34.26904412600004
-115.10364084699995,34.26898112500004
-115.10366584799999,34.283507127000064
-115.12114385199999,34.28349512600005
-115.12130485299997,34.29786512700008
-115.13871185599999,34.297871126000075
-115.13876285699996,34.312032128000055
-115.15638885999999,34.311860127000045
-115.15673986199994,34.32648112900006
-115.15689986299998,34.34091913100008
-115.15689986299998,34.34093113100005
-115.15692986399995,34.35551013200006
-115.15698686499996,34.37002013400007
-115.13923486199997,34.369973135000066
-115.13933486299999,34.384487137000065
-115.12155785999994,34.38451813800003
-115.12147786099996,34.39919414000008
-115.10439085799999,34.39917414100006
-115.10444885899994,34.413378143000045
-115.10445786099996,34.42788914400006
-115.08693685699996,34.42783114500003
-115.08687785899997,34.44243014700004
-115.08688185999995,34.45687414900004
-115.06991285699996,34.456888150000054
-115.07040085799997,34.472320152000066
-115.07038685899994,34.48473515300003
-115.07044185899997,34.48703815400006
-115.069441859,34.48705315400008
-115.06960585999997,34.49907415500007
-115.06962385999998,34.50006215500008
-115.06966385999999,34.50142415500005
-115.08708586299997,34.501400154000066
-115.08692086499997,34.515887156000076
-115.10442486799997,34.515821155000026
-115.12198987099998,34.51582015400004
-115.12203187199998,34.530319156000076
-115.12194287399996,34.54507315800004
-115.12310987399997,34.54507315800004
-115.13943187699999,34.54495515700006
-115.13942587799994,34.55709115800005
-115.14559287899999,34.55707515800003
-115.15715988099998,34.55708015700003
-115.16321288199998,34.55706015700002
-115.16304288299995,34.571583159000056
-115.18064788699996,34.571532158000025
-115.18068988799996,34.58607715900007
-115.19819189099996,34.58616715800002
-115.198243892,34.60079716000007
-115.21577189499999,34.60080215900007
-115.23344689899994,34.60079515800004
-115.24220689999999,34.60086315800004
-115.25082590199997,34.600816157000054
-115.26843390499994,34.60079615600006
-115.26839690399999,34.58609215400003
-115.28597590699997,34.58587815300007
-115.28616890599994,34.57173215100005
-115.28599990499998,34.557280150000054
-115.30013890699996,34.55737914900004
-115.30011790599997,34.54388614700008
-115.31767790899994,34.54381314600005
-115.33526491199996,34.54392514500006
-115.35294291599996,34.54387914400007
-115.35627891599995,34.54386114400006
-115.37005691899998,34.543786143000034
-115.38765692199996,34.543755142000066
-115.40522692499997,34.54375514100008
-115.42271492799995,34.543647140000076
-115.42269592799994,34.54290314000008
-115.42274592799998,34.542902140000024
-115.43936893099999,34.54279013900003
-115.45672193399997,34.54273913800006
-115.45662793599996,34.55805514000008
-115.46177893699996,34.55810814000006
-115.46146893799994,34.57270014100004
-115.47899394099994,34.57285714000005
-115.47883694199999,34.587388142000066
-115.49657094499997,34.587190141000065
-115.49648494699994,34.60169214300004
-115.50681894899998,34.60181814200007
-115.51432294999995,34.601887142000066
-115.51395795099995,34.616278144000034
-115.51314895199994,34.63120914600006
-115.51264395299995,34.64572614700006
-115.53007295599997,34.64579514600007
-115.52959595799996,34.66025514800003
-115.52903995899999,34.67468315000008
-115.52896895899994,34.67684415000008
-115.52846495999995,34.68907915200003
-115.54611496299998,34.68914815100004
-115.54549796399999,34.703521152000064
-115.54490096499995,34.718132154000045
-115.54435696699994,34.732660156000065
-115.54642696699995,34.73268615600006
-115.55867596899998,34.732728155000075
-115.55707796899998,34.73319715500003
-115.55536696899998,34.733757155000035
-115.55190596799997,34.735059156000034
-115.54527996699994,34.73757515600005
-115.53705296599998,34.74068115700004
-115.52606996399999,34.74482315800003
-115.51568296299996,34.74869515900008
-115.51214696199997,34.749995160000026
-115.50726796099997,34.751889160000076
-115.50302196099994,34.75351616100005
-115.50078795999997,34.754343161000065
-115.49590895999995,34.75620616200007
-115.49307895899994,34.757270162000054
-115.49095695899996,34.75803716200005
-115.48771695799996,34.75924916200006
-115.48391695799995,34.76072816300007
-115.48205195799994,34.76159016300005
-115.48070795699999,34.76227516300003
-115.47816495699999,34.76380016400003
-115.47487295699995,34.76580416400003
-115.47311395599996,34.76688116400004
-115.47101895599997,34.76816716400003
-115.46944795599995,34.76912416500005
-115.46780095599996,34.77014116500004
-115.46623195599994,34.77100716500007
-115.46466395499999,34.77178116500005
-115.46332195499997,34.77231316500007
-115.46175795499994,34.772904166000046
-115.45996895499997,34.77358316600004
-115.45822095399996,34.77411116600007
-115.45390195399995,34.77558216600005
-115.449023953,34.777260167000065
-115.44500195199998,34.77867416700008
-115.44172695199995,34.77973116800007
-115.43796595099997,34.78102616800004
-115.43502395099995,34.782056168000054
-115.43223194999996,34.78293616800005
-115.42977294999997,34.78385116900006
-115.42370294899996,34.785909169000035
-115.42146594899998,34.78682617000004
-115.42023494899996,34.787360170000056
-115.41862894799999,34.78813217000004
-115.41664494799994,34.78935817000007
-115.41533194799996,34.790257170000075
-115.41394594799999,34.79118517100005
-115.41278394799997,34.79193317100004
-115.41203694799998,34.79229017100005
-115.41054594699995,34.792850171000055
-115.40920494699998,34.79332117100006
-115.40619594699996,34.793953171000055
-115.40143994599998,34.79499017200004
-115.39776194499996,34.795765172000074
-115.39393594499995,34.79650917200007
-115.38880794399995,34.79760117300003
-115.38646794299996,34.79805817300007
-115.38497994299996,34.79843517300003
-115.38297194299997,34.798958173000074
-115.37976994199994,34.79995317400005
-115.37723694199997,34.80080517400006
-115.37578294199994,34.80136517400007
-115.37406894099996,34.80198317400004
-115.37272894099999,34.80233217400007
-115.37094494099995,34.802766174000055
-115.36908894099997,34.80304617500008
-115.36764193999994,34.80324017500004
-115.36612293999997,34.80334217500007
-115.36419793999994,34.80337717500004
-115.36105093899994,34.80342617500003
-115.35723893899996,34.80346717500004
-115.35372293799998,34.80345017600007
-115.35006093699997,34.803400176000025
-115.34614193599998,34.803194176000034
-115.34362993599996,34.80297717600007
-115.34052893499995,34.80262917600004
-115.33698293499998,34.80227617600008
-115.33277393399999,34.80182117700008
-115.32823093299999,34.801362177000044
-115.325683933,34.801083177000066
-115.32284093199996,34.80076917700006
-115.31936393099994,34.800660177000054
-115.31732793099997,34.800723177000066
-115.31491893099997,34.800873178000074
-115.31132292999996,34.80122017800005
-115.30731992899996,34.80153117800006
-115.30179492799999,34.80206417800008
-115.29541992699995,34.80258617900006
-115.28411592499998,34.80343418000007
-115.27992792399999,34.80374118000003
-115.27351292299994,34.80432218000004
-115.26654392199998,34.804925181000044
-115.26257692099995,34.80526518100004
-115.25653291999998,34.80585018200003
-115.24897091899999,34.806444182000064
-115.24070191799996,34.807209183000055
-115.23176791599997,34.80793518300004
-115.22301591399997,34.80875318400007
-115.21445191299995,34.809483184000044
-115.20788891199999,34.81005818500006
-115.19683790999994,34.81108518600007
-115.19294190899996,34.811576186000025
-115.19019490899996,34.811932186000035
-115.18588990799998,34.812479186000076
-115.17924790699999,34.81326518700007
-115.17379290599996,34.813946187000056
-115.16777990499997,34.81471018800005
-115.16180690399995,34.815383188000055
-115.15642490299996,34.81606518900003
-115.15301090199995,34.816501189000064
-115.14421490099994,34.81758819000004
-115.13103889899998,34.81921819100006
-115.12668189799996,34.81973719100006
-115.12576789799999,34.819900191000045
-115.12016389699994,34.82054619100006
-115.10914089499994,34.82190119200004
-115.09819089299998,34.823257193000074
-115.09165789199994,34.82407019300007
-115.08723989099997,34.824642194000035
-115.06533888699994,34.82734719500007
-115.06058388599996,34.82806519600007
-115.05649388599994,34.82885519600006
-115.05448488499997,34.82928019600007
-115.05243988499996,34.82967519600004
-115.05091388499994,34.830017197000075
-115.05016988499995,34.83015719700006
-115.04935288399997,34.83026619700007
-115.04809388399997,34.830307197000025
-115.04705688399997,34.830321197000046
-115.04528288399996,34.83023219700004
-115.04332388299997,34.83010919700007
-115.03877988199997,34.82970019700008
-115.03571388199998,34.829436197000064
-115.03246288099996,34.82917019700005
-115.02998688099996,34.829008198000054
-115.02902388099994,34.82902319800007
-115.02817087999995,34.829101198000046
-115.02694587999997,34.829233198000054
-115.02564587999996,34.82945719800006
-115.02359687999996,34.82997319800006
-115.02042987899995,34.83083719800004
-115.01483987799998,34.83242419900006
-115.01047987799996,34.83363519900007
-115.00280287599998,34.835768200000075
-115.00172187599998,34.83605520000003
-114.99944687599998,34.83675020000004
-114.99381787499999,34.83836720100004
-114.98848887399998,34.839836201000026
-114.98517187399995,34.84075720200008
-114.97749287199997,34.842919202000076
-114.97007487099995,34.84496220300008
-114.96761487099997,34.84562320300006
-114.96313886999997,34.846983204000026
-114.95549886899994,34.84902220400005
-114.94994386799999,34.85057620500004
-114.94446186699997,34.85216320500007
-114.93227386499996,34.85540520700005
-114.92865586399995,34.85644220700004
-114.92660586399995,34.85698720700003
-114.92548686399999,34.85730420700003
-114.92466686399996,34.85753420700007
-114.92381186399996,34.857672207000064
-114.92306886399996,34.857751207000035
-114.92232786299996,34.85779920700003
-114.92132686299999,34.85784320700003
-114.91995586299998,34.85785020800006
-114.91873686299999,34.85776820800004
-114.91711286199995,34.85755720800006
-114.91511786199999,34.85737020800008
-114.91382586199995,34.85722620800004
-114.91260686199996,34.85711420800004
-114.91153586099995,34.856973208000056
-114.90795086099996,34.85657920800003
-114.90797285999997,34.85141620700006
-114.90789585899995,34.836930206000034</coordinates></LinearRing></outerBoundaryIs></Polygon></Placemark>
<Placemark>
<ExtendedData>
  <Data name="COMNAME"><value>Desert Tortoise</value></Data>
  <Data name="SCINAME"><value>Gopherus agassizif</value></Data>
  <Data name="SPCODE"><value>C04L</value></Data>
  <Data name="VIPCODE"><value>V05</value></Data>
  <Data name="UNIT"><value></value></Data>
  <Data name="SUBUNIT"><value></value></Data>
  <Data name="UNITNAME"><value>Ord-Rodman</value></Data>
  <Data name="SUBUNITNAM"><value></value></Data>
  <Data name="STATUS"><value>FINAL</value></Data>
  <Data name="LEADOFFICE"><value></value></Data>
  <Data name="COOPOFFICE"><value></value></Data>
  <Data name="COOPOFMORE"><value></value></Data>
  <Data name="FEDREG"><value>59FR5820</value></Data>
  <Data name="PUBDATE"><value>19940208</value></Data>
  <Data name="EFFECTDATE"><value>19940310</value></Data>
  <Data name="VACATEDATE"><value></value></Data>
  <Data name="ACCURACY"><value></value></Data>
  <Data name="SHAPE_Leng"><value>1.71107652346</value></Data>
  <Data name="SHAPE_Area"><value>0.101297475212</value></Data></ExtendedData>
  <Polygon>
<outerBoundaryIs>
  <LinearRing><coordinates>-116.99783323699995,34.86205408500007
-116.99775223499995,34.84759708400003
-116.98013423199995,34.847748085000035
-116.96243422899994,34.847609086000034
-116.94481622599994,34.84758508700003
-116.94463222599995,34.847551087000056
-116.92666522299999,34.84750808800004
-116.926662223,34.85102508800003
-116.90904421999994,34.85081008900005
-116.89142521699995,34.85091409000006
-116.87610421399995,34.850848091000046
-116.87400821399996,34.85077909100005
-116.87058721299996,34.85077509200005
-116.86033621099995,34.84861609200004
-116.85754721099994,34.848038092000024
-116.85590721099999,34.847715092000044
-116.85477920999995,34.847545092000075
-116.85123220999998,34.84706709200003
-116.84737720899994,34.84657209300008
-116.83866320699997,34.845428093000066
-116.82101020399995,34.843154094000056
-116.80327520099996,34.840895095000064
-116.78621819799997,34.83873609500006
-116.76854719399995,34.83647209600008
-116.75934319299995,34.83535509700005
-116.75116319099999,34.83462809700006
-116.73316318799999,34.83310209800004
-116.73344618699997,34.821859096000026
-116.73320018699997,34.82184109700006
-116.73320618599996,34.807199095000044
-116.71565818199997,34.807277096000064
-116.69798717899994,34.80726909700007
-116.69797917799997,34.79271109500007
-116.69795017699994,34.77820309400005
-116.68042917399998,34.77827709500008
-116.66290817099997,34.77824709600003
-116.65407616899995,34.778256096000064
-116.64524316799998,34.77828109700005
-116.62768116399997,34.778364098000054
-116.610099161,34.778360099000054
-116.61032416199998,34.785748100000035
-116.61007216299998,34.792731100000026
-116.59224015899997,34.79282510100006
-116.59218915799994,34.778284100000064
-116.57468915499999,34.77817310100005
-116.57457415599998,34.79266310300005
-116.55717315299995,34.79265210400007
-116.53960814999999,34.79253610500007
-116.52200314699996,34.79251910600004
-116.50462214399994,34.79251710700004
-116.50085114299998,34.79246810700005
-116.49025614099997,34.792322107000075
-116.48854014099999,34.79230610800005
-116.48613914099997,34.791642108000076
-116.47693713899997,34.790566108000064
-116.47511613799998,34.790394108000044
-116.47178913799996,34.790003108000064
-116.45692713499994,34.78832010900004
-116.45640413499996,34.78828510900007
-116.45283913399999,34.78749410900008
-116.45289313299998,34.77758810800003
-116.45287613199997,34.76358810600004
-116.45306113099997,34.74998310500007
-116.45305513099999,34.74875510500004
-116.45223712999996,34.73410810300004
-116.45210012799998,34.71964610100002
-116.45208412799997,34.71941710100003
-116.45332612799996,34.718827101000045
-116.46447912999997,34.71353410000006
-116.47265213099996,34.706637099000034
-116.48973513299995,34.69211809600006
-116.48900213199994,34.69150609600007
-116.49178013299996,34.68916809500007
-116.49247213299998,34.68972809500008
-116.49862413399995,34.68451209400007
-116.49787013299999,34.683951094000065
-116.50052513399999,34.68168009400006
-116.50083013399995,34.681918094000025
-116.50117613399999,34.68225709400008
-116.50232813399998,34.68124709400007
-116.50255513399998,34.681062094000026
-116.50304713399998,34.680844094000065
-116.50270213399995,34.68033609400004
-116.50416013399996,34.67959809400003
-116.50456613399996,34.68010709400005
-116.504507134,34.67630209300006
-116.50451813399997,34.676120093000065
-116.50455113399994,34.67579909300008
-116.50454313299997,34.66164709100008
-116.50432313099998,34.647071090000054
-116.52242913499998,34.64709208900007
-116.53992313799995,34.647109088000036
-116.55751814099995,34.647140087000025
-116.575093144,34.647169086000076
-116.59264814699998,34.64716108500005
-116.61020214999996,34.64720208400007
-116.62589515299999,34.64728508300004
-116.62779715299996,34.64729008300003
-116.64535215599994,34.64732608200006
-116.66284515899997,34.64737608100006
-116.68044116199997,34.64740607900006
-116.69803616599995,34.647417078000046
-116.71614316899996,34.64742707700003
-116.71616616899996,34.646869077000076
-116.71615416699996,34.63236107600005
-116.73382817099997,34.63238407500006
-116.73346317,34.62499407400003
-116.73313816899997,34.61774007300005
-116.73363516799998,34.603149071000075
-116.75085317099996,34.60310007000004
-116.75132417099996,34.60311807000005
-116.75126416999996,34.588932069000066
-116.76901117299997,34.588967068000045
-116.76903117199998,34.574374066000075
-116.76903017099994,34.55991706400005
-116.78787417399997,34.56001906300003
-116.80543117699995,34.56009906200006
-116.82235417999999,34.56017506100005
-116.83999218299999,34.56025106000004
-116.85769218599995,34.56030605900003
-116.87469718899996,34.560359058000074
-116.87453218999997,34.57469706000006
-116.87440819199998,34.58925606100007
-116.874509193,34.60376406300003
-116.87458919399995,34.61837306500007
-116.87465019499996,34.63267806600004
-116.89214019799999,34.632711065000024
-116.909733201,34.63262406400003
-116.92765320499996,34.63255206300005
-116.92762220599997,34.64503006500007
-116.94499220899996,34.64500506400003
-116.94521620899997,34.64634106400007
-116.94533820899994,34.646950064000066
-116.94542020899996,34.647322064000036
-116.94549020899996,34.64762406400007
-116.94566520899997,34.648117064000076
-116.94591020899998,34.64857406400006
-116.94604120899999,34.648932064000064
-116.94640120899999,34.64935206400003
-116.94662620899999,34.649690064000026
-116.946871209,34.649994064000055
-116.94723920999996,34.650434064000024
-116.94760720999994,34.65077206400008
-116.94793420999997,34.65116206400006
-116.94828220999995,34.651551064000046
-116.94854720999996,34.65187206400003
-116.94879320999996,34.652227064000044
-116.94912020999999,34.652650064000056
-116.94948820999997,34.65331006400004
-116.94983520999995,34.654054064000036
-116.94999920999999,34.65474706500004
-116.95036621099996,34.655982065000046
-116.95057021099996,34.65672606500004
-116.95085621099997,34.65747006500004
-116.95126521099996,34.65836606500005
-116.95159221099999,34.658924065000065
-116.95175621099997,34.65921206500008
-116.95208321099994,34.65965106500005
-116.95453721199999,34.66284806500005
-116.95832021299998,34.667922066000074
-116.95909721299995,34.668954066000026
-116.95985421299997,34.66998506600004
-116.96057021399997,34.670983066000076
-116.96099921399997,34.671626066000044
-116.96296221399996,34.675228066000045
-116.96455821499995,34.678069066000035
-116.96615321599995,34.680961067000055
-116.97040821699994,34.68853706700003
-116.97849021999997,34.70313106800006
-116.98035221999999,34.70654706900007
-116.98651322199999,34.71775807000006
-116.99435522499999,34.732097071000055
-117.00082722699995,34.74373007200006
-117.00240922799998,34.746449072000075
-117.00347022799997,34.74831207200003
-117.00691222899997,34.75446707300006
-117.00924822999997,34.758660073000044
-117.00955522999999,34.75920107300004
-117.00999822999995,34.760952073000055
-117.01109223099996,34.76435807400003
-117.01459823199997,34.775889075000066
-117.01541823299999,34.778712075000044
-117.01886323399998,34.78992207600004
-117.02337623599999,34.80441207700005
-117.02776623799997,34.81899107900006
-117.028743239,34.82207707900005
-117.02881923899997,34.82246907900003
-117.02906123899999,34.82322907900004
-117.02912323899994,34.82360107900007
-117.02910223899994,34.82404107900004
-117.02883623899999,34.824819079000065
-117.02840623899999,34.826087080000036
-117.02831223899994,34.82601808000004
-117.02811923899998,34.826831080000034
-117.02787323899997,34.82737208000003
-117.02760723899996,34.82781208000006
-117.02725923899999,34.828353080000056
-117.02697223899997,34.82874208000004
-117.02674623899998,34.829029080000055
-117.02648023899997,34.82945208000007
-117.02619323899995,34.829960080000035
-117.02578323899996,34.83055108000008
-117.02559823899998,34.830890080000074
-117.02551723899995,34.83117708000003
-117.02533223899997,34.831667080000045
-117.02514823899998,34.83237808000007
-117.02467723899997,34.833933081000055
-117.02449223899998,34.83461008100005
-117.02430823899999,34.83518508100008
-117.02395923899996,34.83567508100003
-117.02354923899998,34.83614808100003
-117.02303723899996,34.836571081000045
-117.02231923899996,34.83704508100004
-117.02152023899998,34.83756908100003
-117.02051523899996,34.83819508100004
-117.02014623899998,34.83858408100008
-117.01963323899997,34.83924308200005
-117.01916223899997,34.83995408200008
-117.01881323899994,34.84044408200003
-117.01836223899994,34.84115408200006
-117.01774723799997,34.84206708200003
-117.01610723799996,34.84468808200006
-117.01471323799996,34.84680208300006
-117.01422123799995,34.84763108300007
-117.01397523799994,34.848172083000065
-117.01389323799998,34.84849308300005
-117.01389323799998,34.84879708300008
-117.01387223799998,34.849220083000034
-117.01393423799999,34.84962608300003
-117.01405723899995,34.85023408300003
-117.01426223899995,34.85119808300004
-117.01459123899997,34.852196083000024
-117.01520623899995,34.85447808400005
-117.01638023999999,34.85834308400007
-117.01739123999994,34.86225908400007
-117.01521723999997,34.86222808400004
-117.00088523699998,34.862071085000025
-116.99783323699995,34.86205408500007</coordinates></LinearRing></outerBoundaryIs></Polygon></Placemark>
<Placemark>
<ExtendedData>
  <Data name="COMNAME"><value>Desert Tortoise</value></Data>
  <Data name="SCINAME"><value>Gopherus agassizif</value></Data>
  <Data name="SPCODE"><value>C04L</value></Data>
  <Data name="VIPCODE"><value>V05</value></Data>
  <Data name="UNIT"><value></value></Data>
  <Data name="SUBUNIT"><value></value></Data>
  <Data name="UNITNAME"><value>Pinto Mountains</value></Data>
  <Data name="SUBUNITNAM"><value></value></Data>
  <Data name="STATUS"><value>FINAL</value></Data>
  <Data name="LEADOFFICE"><value></value></Data>
  <Data name="COOPOFFICE"><value></value></Data>
  <Data name="COOPOFMORE"><value></value></Data>
  <Data name="FEDREG"><value>59FR5820</value></Data>
  <Data name="PUBDATE"><value>19940208</value></Data>
  <Data name="EFFECTDATE"><value>19940310</value></Data>
  <Data name="VACATEDATE"><value></value></Data>
  <Data name="ACCURACY"><value></value></Data>
  <Data name="SHAPE_Leng"><value>1.62185408465</value></Data>
  <Data name="SHAPE_Area"><value>0.0421375185989</value></Data></ExtendedData>
  <Polygon>
<outerBoundaryIs>
  <LinearRing><coordinates>-115.31617486799996,34.04859808600003
-115.31622386699996,34.034115084000064
-115.37140187699998,34.034438081000076
-115.37139987699999,34.03472108100004
-115.36934787699994,34.034743081000045
-115.36920687799994,34.04917208300003
-115.42115088699995,34.04914308000008
-115.42116688699997,34.04825108000006
-115.45686589399998,34.04921707800003
-115.46107589499996,34.04933807800006
-115.47447089699995,34.04948507700004
-115.49218289999999,34.049627076000036
-115.50971190399997,34.04972307500003
-115.52704790699994,34.049845074000075
-115.52708890599996,34.03529207200006
-115.53838390799996,34.035291072000064
-115.54923790999999,34.03529807100006
-115.56027591199995,34.03530507100004
-115.56185191199995,34.03535407100003
-115.57087391299996,34.035276070000066
-115.58293791599999,34.03529406900003
-115.595153918,34.03528206900006
-115.595153918,34.03526106900006
-115.66633093099995,34.03531006500003
-115.69561193599998,34.03532006300003
-115.71116593899995,34.035328062000076
-115.74344894499995,34.03536806000005
-115.96128798399997,34.03515704800003
-115.98391198799999,34.03441104700005
-116.00084499099995,34.03446004600005
-116.001075991,34.03443604600005
-116.00140999099995,34.03443604600005
-116.00140999099995,34.034454046000064
-116.00152399199999,34.048938048000025
-116.00156699299998,34.06344504900005
-116.00155499399995,34.07798305100005
-116.01898999799994,34.07794105000005
-116.01898099799996,34.07813005000003
-116.03655800099995,34.07826304900004
-116.03665300199998,34.09251805100007
-116.03680600299998,34.107015053000055
-116.01880999999997,34.10712505400005
-116.00960599799998,34.107115054000076
-116.00143199699994,34.10723405500005
-115.99251299499997,34.10733705500007
-115.98383599399995,34.107250056000055
-115.96540198999998,34.10758605700005
-115.94803598699997,34.107553058000065
-115.93069298399996,34.10758405900003
-115.91410198099999,34.107563060000075
-115.89598097799995,34.10744906100007
-115.87866897499998,34.107323062000034
-115.87458197399997,34.10753806200006
-115.87329697399997,34.10761806200003
-115.87182597399999,34.10777106200004
-115.87006397299996,34.10784606200008
-115.86312797199997,34.10778206200007
-115.86088897199994,34.107731063000074
-115.85246196999998,34.10670606300005
-115.85011296999994,34.106684063000046
-115.84346896799997,34.10671406300003
-115.82585096499997,34.10676006400007
-115.80830696199996,34.10683506500004
-115.79078895899994,34.106874066000046
-115.77318995599995,34.106923067000025
-115.76480195399995,34.106843068000046
-115.75555195299995,34.106741068000076
-115.75077795199996,34.10677506900004
-115.73783694899998,34.10686706900003
-115.72036494599996,34.10687007000007
-115.70277694299995,34.10691007100007
-115.68529693999994,34.10690807200007
-115.68534993899999,34.092223071000035
-115.66766593599999,34.092361072000074
-115.66767293599997,34.09314707200008
-115.65314093299997,34.093187072000035
-115.64432193099998,34.09320307300004
-115.63184592899995,34.09322907400008
-115.61410892599997,34.09328007500005
-115.59903292299998,34.093244076000076
-115.59892592299997,34.09324307600008
-115.59518992299996,34.09325507600005
-115.58083791999996,34.09327007700006
-115.56182391599998,34.093420078000065
-115.54442991299999,34.09345907900007
-115.53803891199999,34.093434079000076
-115.52708390999999,34.093473080000024
-115.50960490699998,34.09341808100004
-115.49402690399995,34.093014081000035
-115.47242989999995,34.09272508300006
-115.46154789799999,34.09259508300005
-115.45619589699999,34.09253208300004
-115.43887689399997,34.092510084000025
-115.42141689099998,34.09253708500006
-115.41411788999994,34.09254608600003
-115.40410488799995,34.092558086000054
-115.38663388499998,34.092629087000034
-115.36889488099996,34.092733088000045
-115.35712787899996,34.09273808900008
-115.35150487799996,34.09269708900007
-115.33338687499997,34.09259509000003
-115.33346587399996,34.077997088000075
-115.33348587399996,34.07634008800005
-115.33364087299998,34.06342108700005
-115.33370987099994,34.04890308500006
-115.31617486799996,34.04859808600003</coordinates></LinearRing></outerBoundaryIs></Polygon></Placemark>
<Placemark>
<ExtendedData>
  <Data name="COMNAME"><value>Desert Tortoise</value></Data>
  <Data name="SCINAME"><value>Gopherus agassizif</value></Data>
  <Data name="SPCODE"><value>C04L</value></Data>
  <Data name="VIPCODE"><value>V05</value></Data>
  <Data name="UNIT"><value></value></Data>
  <Data name="SUBUNIT"><value></value></Data>
  <Data name="UNITNAME"><value>Pinto Mountains</value></Data>
  <Data name="SUBUNITNAM"><value></value></Data>
  <Data name="STATUS"><value>FINAL</value></Data>
  <Data name="LEADOFFICE"><value></value></Data>
  <Data name="COOPOFFICE"><value></value></Data>
  <Data name="COOPOFMORE"><value></value></Data>
  <Data name="FEDREG"><value>59FR5820</value></Data>
  <Data name="PUBDATE"><value>19940208</value></Data>
  <Data name="EFFECTDATE"><value>19940310</value></Data>
  <Data name="VACATEDATE"><value></value></Data>
  <Data name="ACCURACY"><value></value></Data>
  <Data name="SHAPE_Leng"><value>1.34714533146</value></Data>
  <Data name="SHAPE_Area"><value>0.025836079016</value></Data></ExtendedData>
  <MultiGeometry>
<Polygon>
<outerBoundaryIs>
  <LinearRing><coordinates>-115.37140187699998,34.034438081000076
-115.31622386699996,34.034115084000064
-115.31617486799996,34.04859808600003
-115.31612386799998,34.04859708600003
-115.31617486699997,34.034163084000056
-115.31618386699995,34.03409708400005
-115.29848686399998,34.034200085000066
-115.29812386299994,34.019668083000056
-115.29775386099999,34.00513508100005
-115.29768886099998,34.002085081000075
-115.29760986099996,33.99760408100008
-115.29754885999995,33.98987308000005
-115.29763685899997,33.97536107800005
-115.297584858,33.96080107600005
-115.29746285699997,33.953506075000064
-115.29746085699998,33.953082075000054
-115.29741685699997,33.946197074000054
-115.29746185599998,33.93882307300004
-115.29750585499994,33.93149007200003
-115.29749585399998,33.91686107100003
-115.31487185799995,33.916904070000044
-115.33228286099995,33.91689906900007
-115.33235386699994,33.99806407900007
-115.33249486799997,34.00454207900003
-115.35396787199994,34.00454707800003
-115.35404287299997,34.01979108000006
-115.37151987599998,34.01986407900006
-115.37140187699998,34.034438081000076</coordinates></LinearRing></outerBoundaryIs></Polygon>
<Polygon>
<outerBoundaryIs>
  <LinearRing><coordinates>-115.595153918,34.03526106900006
-115.59524491599996,34.01499906600003
-115.63105992299995,34.015057064000075
-115.64859592599998,34.01502206300006
-115.66611492899995,34.01508606200008
-115.66612992799998,34.00184106100005
-115.67311992899994,34.00183106000003
-115.68344493099994,34.00184406000005
-115.68338593099998,33.99928205900005
-115.68306092999995,33.98743605800007
-115.69086393099997,33.987484058000064
-115.70094093299997,33.987481057000025
-115.70102093199995,33.97299805500006
-115.77288394499999,33.97272005100007
-115.77284794499997,33.974792051000065
-115.79930494999996,33.97479505000007
-115.83177295599995,33.97481104800005
-115.86411896099997,33.974780046000035
-115.87747496399999,33.97482304600004
-115.91838197099997,33.97479504300003
-115.95085297699995,33.974830042000065
-115.98382398299998,33.97478404000003
-115.98390298399994,33.98984604200007
-116.000844987,33.98987104100007
-116.00130498699997,33.989870041000074
-116.00145898799997,34.000023042000066
-116.001421989,34.00682904300004
-116.00141598999994,34.01968304400003
-116.00140999099995,34.03443604600005
-116.001075991,34.03443604600005
-116.00084499099995,34.03446004600005
-115.98391198799999,34.03441104700005
-115.96128798399997,34.03515704800003
-115.74344894499995,34.03536806000005
-115.71116593899995,34.035328062000076
-115.69561193599998,34.03532006300003
-115.66633093099995,34.03531006500003
-115.595153918,34.03526106900006</coordinates></LinearRing></outerBoundaryIs></Polygon></MultiGeometry></Placemark>
<Placemark>
<ExtendedData>
  <Data name="COMNAME"><value>Desert Tortoise</value></Data>
  <Data name="SCINAME"><value>Gopherus agassizif</value></Data>
  <Data name="SPCODE"><value>C04L</value></Data>
  <Data name="VIPCODE"><value>V05</value></Data>
  <Data name="UNIT"><value></value></Data>
  <Data name="SUBUNIT"><value></value></Data>
  <Data name="UNITNAME"><value>Chuckwalla</value></Data>
  <Data name="SUBUNITNAM"><value></value></Data>
  <Data name="STATUS"><value>FINAL</value></Data>
  <Data name="LEADOFFICE"><value></value></Data>
  <Data name="COOPOFFICE"><value></value></Data>
  <Data name="COOPOFMORE"><value></value></Data>
  <Data name="FEDREG"><value>59FR5820</value></Data>
  <Data name="PUBDATE"><value>19940208</value></Data>
  <Data name="EFFECTDATE"><value>19940310</value></Data>
  <Data name="VACATEDATE"><value></value></Data>
  <Data name="ACCURACY"><value></value></Data>
  <Data name="SHAPE_Leng"><value>4.04906797614</value></Data>
  <Data name="SHAPE_Area"><value>0.26881648892</value></Data></ExtendedData>
  <Polygon>
<outerBoundaryIs>
  <LinearRing><coordinates>-114.88276774099995,33.430095032000054
-114.90307474399998,33.43009403100007
-114.929795749,33.42990903000003
-114.93600275099999,33.42986602900004
-114.95005975299995,33.429769029000056
-114.950649753,33.429765029000066
-115.00081276199995,33.429418026000064
-115.04659477099995,33.42847302300004
-115.05558577199997,33.42852502300008
-115.06320877399997,33.42810802200006
-115.10008677999997,33.42827102000007
-115.12581778499998,33.42905101900004
-115.14590478899999,33.42892501800003
-115.16847479299997,33.428802017000066
-115.22325580299997,33.42847501400007
-115.22364680299995,33.42850601400005
-115.24135180599995,33.428561013000035
-115.25641880899997,33.428212012000074
-115.36658782899997,33.42831000600006
-115.36658682899997,33.428714006000064
-115.36808582899994,33.428729006000026
-115.37024082999994,33.428722006000044
-115.37459483099997,33.42873400600007
-115.37697583099998,33.428680006000036
-115.38042483199996,33.42865500600004
-115.38219683199998,33.42865600500005
-115.38396183199995,33.42867400500006
-115.38826583299999,33.42867100500007
-115.39359183399995,33.428639005000036
-115.39771083499994,33.428621005000025
-115.39914383499996,33.42864700500007
-115.40127483499998,33.428648004000024
-115.40457483599994,33.42861500400005
-115.40889083699994,33.42865200400007
-115.41264383699996,33.428658004000056
-115.41505383799995,33.42870200400006
-115.41499083899998,33.44317500500006
-115.43232484199996,33.44316200500003
-115.44961984499997,33.44319300400008
-115.46686384799995,33.44322200300007
-115.46687984799996,33.44166900300007
-115.48419485099998,33.44174100200007
-115.50152185499996,33.44177600100005
-115.50151385599997,33.45627200200005
-115.51886785899995,33.456265002000066
-115.53618986199996,33.45621500100003
-115.53618086299997,33.47075200200004
-115.55346486599996,33.47077100200005
-115.57142186899995,33.47077100100006
-115.58875787299996,33.47077200000007
-115.60602487599999,33.470702999000025
-115.606042877,33.48528200100003
-115.60606187699995,33.49352100200008
-115.60610287799994,33.49972700200004
-115.60602887899995,33.51045100400006
-115.609906879,33.51048500300004
-115.62346388199995,33.51054800300005
-115.62687188199999,33.510539003000076
-115.64075788499997,33.51056500200008
-115.64388588599996,33.51058100200004
-115.65802388799995,33.51061800100007
-115.66073188899998,33.51067800100003
-115.67808389199996,33.51072400000004
-115.67815389299994,33.52521400200004
-115.67824989299999,33.52521500200004
-115.69560089599997,33.52545100100008
-115.69568389699998,33.54002400200005
-115.70836989899999,33.54014900200008
-115.71308589999995,33.54023200200004
-115.71332790099996,33.55471800300006
-115.73081490499999,33.55481400200006
-115.73105690599999,33.56942000400005
-115.74859690899996,33.569525003000024
-115.74882591,33.58445300500006
-115.75140391099995,33.58446000500004
-115.76655391299994,33.584364004000065
-115.78368191599998,33.58429100300003
-115.80123991999994,33.58421000200008
-115.80165292099997,33.599025004000055
-115.81715792399996,33.599048003000064
-115.81922592399997,33.59905400300005
-115.83448292699995,33.59906300200004
-115.83685892699998,33.599033002000056
-115.85190492999999,33.599158001000035
-115.85453692999994,33.59911100100004
-115.86923893299996,33.59919000000008
-115.87220293299998,33.599143000000026
-115.87624393399994,33.599162000000035
-115.88943793699997,33.599165999000036
-115.90646993999997,33.59908999800007
-115.92422794299995,33.59907899700005
-115.92427394399999,33.61308199900003
-115.92413994499998,33.62508100100007
-115.92413794499998,33.62803700100005
-115.94149494799996,33.62786100000005
-115.95888395099996,33.627990999000076
-115.95889195199999,33.64258300100005
-115.95889795299996,33.65705600300004
-115.95886695499996,33.671585004000065
-115.95887895499999,33.677795005000064
-115.95885495599998,33.68611900600007
-115.97144395799995,33.686028005000026
-115.97626895899998,33.68604400500004
-115.97624995999996,33.70056100700003
-115.99121996299999,33.700519006000036
-115.99122496399997,33.71506700800006
-116.00124596599994,33.71493200700007
-116.00857196699997,33.71487700700004
-116.00849796799997,33.72923400900004
-116.008552969,33.74371901000006
-116.00846296999998,33.75017801100006
-116.00853696999997,33.75849601200008
-116.02593097299996,33.75841301100007
-116.04332497599995,33.75840701000004
-116.05607197899997,33.75836701000003
-116.06071797999999,33.75838800900004
-116.06072697999997,33.763752010000076
-116.06072697999997,33.76412701000004
-116.06076998099996,33.772911011000076
-116.06950998199994,33.77288401100003
-116.07457198299994,33.772886010000036
-116.07817898399998,33.77287701000006
-116.09195098599997,33.772879009000064
-116.09447698699995,33.772879009000064
-116.10931798899998,33.772868008000046
-116.10933499099997,33.787374010000065
-116.12677199399997,33.78738400900005
-116.12679199499996,33.80197001100004
-116.14414499799994,33.80188001000005
-116.14415699899996,33.81643001200007
-116.16155300199995,33.81652501100007
-116.16164000299995,33.83105901300007
-116.17899100599999,33.831062012000075
-116.17899700799995,33.845625013000074
-116.19629501099996,33.84562401200003
-116.19625901199998,33.860432014000025
-116.19625901199998,33.86052601400007
-116.17895100899995,33.86037301500005
-116.16163200599999,33.86030001600005
-116.14425700299995,33.860246017000065
-116.12684299899996,33.860160018000045
-116.10950399599994,33.86004101900005
-116.09213299299995,33.85997402000004
-116.07474498999994,33.85997902100007
-116.07464198899999,33.84538901900004
-116.05726598599995,33.845454020000034
-116.03983598299999,33.845437021000066
-116.02247997999996,33.84545302200007
-116.02250197799998,33.83095902000008
-116.02250397699999,33.816452018000064
-116.00508597399994,33.81640101900007
-116.00014897299997,33.81635502000006
-115.98765397099999,33.81648902000006
-115.97037096799994,33.81653902100004
-115.95301596499996,33.81650002200007
-115.93565296199995,33.816573023000046
-115.93569696099996,33.802000021000026
-115.91825495699999,33.80197902200007
-115.91821595599998,33.78745302100003
-115.91822895499996,33.773058019000075
-115.90676995299998,33.773074020000024
-115.90673095199998,33.75870301800006
-115.88940494899998,33.75874001900007
-115.88936594799998,33.744432017000065
-115.88941194699999,33.72989901500006
-115.86943894299998,33.72976801600004
-115.85206493999999,33.72964101700006
-115.83464693699995,33.729681018000065
-115.83466793599996,33.72209901700006
-115.83469893599994,33.715104016000055
-115.83460593499996,33.70064901500007
-115.83471093299994,33.686144013000046
-115.834670932,33.67164001100008
-115.81727492899995,33.671590012000024
-115.79983392599996,33.67150801300005
-115.78256492299994,33.67146001400005
-115.78256092299995,33.67581301400003
-115.78148192299994,33.675652014000036
-115.77324992199999,33.67561301500007
-115.76811092099996,33.676038015000074
-115.76681891999999,33.67616501500004
-115.76643491999994,33.67611601500005
-115.76551091999994,33.67602501500005
-115.76457891999996,33.675978015000055
-115.76409491999999,33.67597301500007
-115.76385191999998,33.67603401500003
-115.76363191999997,33.67610601500007
-115.76339891999999,33.676176016000056
-115.76317891999997,33.676248016000045
-115.76294691999999,33.676338016000045
-115.76274691999998,33.676428016000045
-115.76254791999997,33.67652501600003
-115.76232691999996,33.67662501600006
-115.76216091999999,33.67671601600006
-115.76197291999995,33.67680601600006
-115.76172791999994,33.676950016000035
-115.76151591999997,33.677126016000045
-115.76133191999998,33.67726401600004
-115.76114591999999,33.67746501600004
-115.76097991999995,33.67759001600007
-115.76082891899995,33.67768301600006
-115.76068891899996,33.677722016000075
-115.76056891899998,33.677757016000044
-115.76042491899995,33.67777801600005
-115.76030491899996,33.67779301600007
-115.76014191899998,33.67778401600003
-115.75985291899997,33.67775001600006
-115.75967091899997,33.67773901600003
-115.75948291899999,33.67770101600007
-115.75914391899994,33.677655016000074
-115.75879891899996,33.67758801600007
-115.75817791899999,33.67750701600005
-115.75758391899996,33.67741801600005
-115.75746991899996,33.67740601600008
-115.75738391899995,33.677400016000036
-115.75726791899996,33.677388016000066
-115.75705991899997,33.67737701600004
-115.756825919,33.677374016000044
-115.75650591899995,33.677396016000046
-115.75561891899997,33.67744801600003
-115.75536991799999,33.67748801600004
-115.75485691799997,33.677587016000075
-115.75451491799998,33.677640016000055
-115.75416691799995,33.67770601600006
-115.75388991799997,33.67779101600007
-115.75365191799995,33.67787201600004
-115.75329691799999,33.67796601600003
-115.75288191799996,33.67808301600007
-115.75187591799994,33.67831201600006
-115.75182491799995,33.67832001600004
-115.75169091799995,33.678330016000075
-115.75156491799999,33.678327016000026
-115.75136291799998,33.67827101600005
-115.75131091799994,33.67824301600007
-115.75125791799996,33.678215016000024
-115.75121391799996,33.678192016000025
-115.75113591799999,33.67817101600008
-115.750885918,33.67810301600008
-115.74979291799997,33.67786201600006
-115.74950491699997,33.67764101600005
-115.74938291699999,33.67754901600006
-115.74930791699995,33.67746301600005
-115.74898291699998,33.676973016000034
-115.74893391699999,33.676871016000064
-115.74881391699995,33.676694016000056
-115.74869291699997,33.67657701600007
-115.74857791699998,33.67644801600005
-115.74775191699996,33.67615101600006
-115.74771691699999,33.678540017000046
-115.74556891699996,33.678487017000066
-115.74557491699994,33.675479016000054
-115.74539891699999,33.675505016000045
-115.74531091699998,33.67550801600004
-115.74517691599999,33.67550201600005
-115.74505791599995,33.67548501600004
-115.74460591599995,33.67545801600005
-115.74403491599998,33.675430016000064
-115.74064591599995,33.675362017000054
-115.73961291499995,33.675351017000025
-115.73939691499999,33.67532001700005
-115.73928091499994,33.67527801700004
-115.73906591499997,33.675163017000045
-115.73874991499997,33.675092017000054
-115.73830291499996,33.674961017000044
-115.73802091499999,33.674818017000064
-115.73780691499996,33.67467701700008
-115.73759191499994,33.67457701700005
-115.73731091499997,33.67447801700007
-115.73689691499999,33.674334017000035
-115.73641591499995,33.674135017000026
-115.73549291499995,33.673857017000046
-115.73539691499997,33.673845017000076
-115.73513391499995,33.673804017000066
-115.73495491499995,33.67377001700004
-115.73479991399995,33.67369901700005
-115.73465691399997,33.67364801700006
-115.73447791399997,33.673614017000034
-115.73428691399994,33.673583017000055
-115.73415491399999,33.673561017000054
-115.73402391399998,33.67346101700008
-115.73097891399999,33.67270801700005
-115.73032191399994,33.67255001700005
-115.73001091399999,33.67246601700003
-115.72974791299998,33.67238401700007
-115.72938991299998,33.67227901700005
-115.72917591299995,33.672187017000056
-115.72896891299996,33.672097017000056
-115.72621791299997,33.671209017000024
-115.72611591299994,33.67117701700005
-115.72459991199997,33.67075201700004
-115.72343691199995,33.670435017000045
-115.72241691199997,33.67024101700002
-115.72154091199997,33.670202017000065
-115.72004291199994,33.670308017000025
-115.71836191099999,33.670382017000065
-115.71730191099999,33.67046301700003
-115.71627691099997,33.67060501700007
-115.71554291099994,33.67084201700004
-115.71492891099996,33.67111101800003
-115.71489091099994,33.671121018000065
-115.71360190999997,33.67143701800006
-115.71285690999997,33.671770018000075
-115.71208890999998,33.67201201800003
-115.71137490999996,33.67213101800007
-115.71079490999995,33.67225601800004
-115.71021190999994,33.67245201800006
-115.70928990999994,33.672810018000064
-115.70807390999994,33.67316701800007
-115.70570590899996,33.674491018000026
-115.70501990899999,33.674738019000074
-115.70310190899994,33.67644801900008
-115.70278290899995,33.676809019000075
-115.70263390899999,33.67704001900006
-115.70241790899996,33.677308019000066
-115.70224490899994,33.67764501900007
-115.70155490899998,33.67888901900005
-115.70116590899994,33.679473019000056
-115.700851909,33.680284019000055
-115.70046790899994,33.68129002000006
-115.70029390899998,33.681829020000066
-115.70021090899996,33.68204502000003
-115.70005390899996,33.682453020000025
-115.69999990899998,33.682730020000065
-115.69995990899997,33.68341502000004
-115.69992090899996,33.68398302000003
-115.69990290899995,33.68450302000008
-115.69991190899998,33.68523902000004
-115.69994690899995,33.68559102000006
-115.69992690899994,33.68568202000006
-115.69565790799999,33.68567802000007
-115.69558690899999,33.69093602100003
-115.69565290899999,33.70017602200005
-115.67818590599995,33.70006802300003
-115.67818890699999,33.714538025000024
-115.67821190899997,33.72901902700005
-115.67822490999998,33.74354402800003
-115.65817890599999,33.74337102900006
-115.65814090699996,33.75863203100005
-115.65808090799999,33.772579033000056
-115.66883290999999,33.77261303200004
-115.66878591099999,33.78701003400005
-115.66888591299994,33.801539036000065
-115.66891291399997,33.816026038000075
-115.66888091499999,33.83053004000004
-115.66893491599996,33.84500404100004
-115.66892891699996,33.85914504300007
-115.66646691699998,33.859136043000035
-115.66647191699997,33.86421004400006
-115.66632591799998,33.87038004500005
-115.66627391799994,33.875465045000055
-115.66618191899994,33.88495204600002
-115.66615592,33.90262804900004
-115.63831191499997,33.90272005000003
-115.61646591099998,33.90267605100007
-115.61660290999998,33.888049049000074
-115.59965190699995,33.88785105000005
-115.59969090599998,33.87402104900008
-115.58215290299995,33.87385905000008
-115.58207490099994,33.85924804800004
-115.58192389999999,33.844909046000055
-115.58192289999994,33.840621046000024
-115.58192289899995,33.83028204400006
-115.58195389799994,33.81594404300006
-115.56467089499995,33.81585804300005
-115.56455389399997,33.80131304200006
-115.56218089299995,33.80130304200003
-115.54682388999998,33.80123204300003
-115.52984288699997,33.80114804400006
-115.51239488399995,33.80106004500004
-115.49507988099998,33.80096304500006
-115.49511287999997,33.78652104400004
-115.47778587699997,33.78637804500005
-115.46030987399996,33.78636904600006
-115.46031587399995,33.78677804600005
-115.44216586999994,33.786889047000045
-115.43377386899999,33.78685104700003
-115.42497786699994,33.78701704800005
-115.42515386599996,33.77217804600008
-115.41417786399995,33.77231004600003
-115.41383886399996,33.764676045000044
-115.41358086299999,33.75781204500004
-115.41382486199996,33.74322304300006
-115.41389486099996,33.728797041000064
-115.41365885999994,33.714232039000024
-115.41365785899995,33.706966038000076
-115.37880685299996,33.707394040000054
-115.37884885299997,33.71460104100004
-115.36140484999999,33.71456804200005
-115.34396984699998,33.71472304300005
-115.32658184399997,33.714814044000036
-115.30922484099995,33.71485004500005
-115.30905083899995,33.70029104300005
-115.29172383599996,33.70033704400004
-115.28301483499996,33.700383045000024
-115.27433583299995,33.70040604500008
-115.27419983199997,33.68581704300004
-115.25680282899998,33.68590304400004
-115.24958482699998,33.68584004500008
-115.23909982599997,33.68589304500006
-115.22159582199998,33.685927046000074
-115.22162282099998,33.67137104400007
-115.20417181799996,33.67129204500003
-115.20409081699995,33.65677104300005
-115.18657481399998,33.65676304400006
-115.16924081099995,33.65672904500008
-115.16918080899995,33.64218404300004
-115.15192180599996,33.64216504400002
-115.15185980499996,33.627717043000075
-115.13409480199999,33.62767704400005
-115.11682379899997,33.62771404500006
-115.11677679799999,33.613001043000054
-115.09930179399998,33.613127044000066
-115.08203879099995,33.61310304500006
-115.06462578799994,33.612914045000025
-115.04732578499994,33.61303004600006
-115.02971578199998,33.61300504700006
-115.01236577799995,33.61279804800006
-115.00085177599999,33.612736049000034
-114.99480177499998,33.61266504900004
-114.97746477199996,33.61277005000005
-114.96016976899995,33.61293305100003
-114.94271776599999,33.61287805200004
-114.92518676199995,33.61283705300008
-114.90789575899998,33.61279005400007
-114.89317175699995,33.612995055000056
-114.89046475599997,33.61302505500004
-114.88876475599994,33.61301905500005
-114.87740675399999,33.61298405600007
-114.87302675299998,33.61284605600002
-114.87293175199994,33.598357054000076
-114.87301275099998,33.58385805200004
-114.87300474999995,33.56931805000005
-114.85555974599998,33.56931405100005
-114.85558674499998,33.55478304900004
-114.85556774399998,33.54020004800003
-114.85567874299994,33.52588504600004
-114.85569074199998,33.511404044000074
-114.86547374399998,33.51141804300005
-114.86559574299997,33.50206104200004
-114.86542474199996,33.488509040000054
-114.86543074099995,33.473684039000034
-114.86540273999998,33.45943803700004
-114.88274774299998,33.459324036000055
-114.88277374199998,33.44484003400004
-114.88276774099995,33.430095032000054</coordinates></LinearRing></outerBoundaryIs></Polygon></Placemark>
<Placemark>
<ExtendedData>
  <Data name="COMNAME"><value>Desert Tortoise</value></Data>
  <Data name="SCINAME"><value>Gopherus agassizif</value></Data>
  <Data name="SPCODE"><value>C04L</value></Data>
  <Data name="VIPCODE"><value>V05</value></Data>
  <Data name="UNIT"><value></value></Data>
  <Data name="SUBUNIT"><value></value></Data>
  <Data name="UNITNAME"><value>Chuckwalla</value></Data>
  <Data name="SUBUNITNAM"><value></value></Data>
  <Data name="STATUS"><value>FINAL</value></Data>
  <Data name="LEADOFFICE"><value></value></Data>
  <Data name="COOPOFFICE"><value></value></Data>
  <Data name="COOPOFMORE"><value></value></Data>
  <Data name="FEDREG"><value>59FR5820</value></Data>
  <Data name="PUBDATE"><value>19940208</value></Data>
  <Data name="EFFECTDATE"><value>19940310</value></Data>
  <Data name="VACATEDATE"><value></value></Data>
  <Data name="ACCURACY"><value></value></Data>
  <Data name="SHAPE_Leng"><value>2.28529583672</value></Data>
  <Data name="SHAPE_Area"><value>0.133317607293</value></Data></ExtendedData>
  <Polygon>
<outerBoundaryIs>
  <LinearRing><coordinates>-115.36658782899997,33.42831000600006
-115.25641880899997,33.428212012000074
-115.24135180599995,33.428561013000035
-115.22364680299995,33.42850601400005
-115.22325580299997,33.42847501400007
-115.16847479299997,33.428802017000066
-115.14590478899999,33.42892501800003
-115.12581778499998,33.42905101900004
-115.10008677999997,33.42827102000007
-115.06320877399997,33.42810802200006
-115.05558577199997,33.42852502300008
-115.04659477099995,33.42847302300004
-115.00081276199995,33.429418026000064
-114.950649753,33.429765029000066
-114.95005975299995,33.429769029000056
-114.93600275099999,33.42986602900004
-114.929795749,33.42990903000003
-114.90307474399998,33.43009403100007
-114.88276774099995,33.430095032000054
-114.88276774099995,33.43005203200005
-114.88244173799995,33.39913402800005
-114.88255073699997,33.38457202600006
-114.88249973599994,33.370412025000064
-114.88248473599998,33.36577902400006
-114.88244873499997,33.35538702300005
-114.86517673199995,33.355601024000066
-114.86513773099995,33.34099002200003
-114.84777572799999,33.340998023000054
-114.84758572599998,33.32620202100003
-114.83035372299997,33.32619002200005
-114.81287771999996,33.326240023000025
-114.81302971899999,33.31120202100004
-114.79120471499999,33.31399402200003
-114.79152571399999,33.300413020000065
-114.77410371099995,33.30208302200003
-114.77395671099998,33.30210302200004
-114.75682670799995,33.30172802200008
-114.75682270699997,33.28670302100005
-114.75686670599998,33.271824019000064
-114.73955070199997,33.27164402000005
-114.73943070099995,33.25710501800006
-114.75061770299999,33.25709501700004
-114.75067370299996,33.25636401700007
-114.75624270399999,33.25594601700004
-114.75633970399997,33.25216201600006
-114.75633870399997,33.25000701600004
-114.75625570299997,33.23630501400004
-114.77355970599996,33.236315013000024
-114.77352770499999,33.22183301100006
-114.79086170799997,33.221744010000066
-114.81210671199995,33.22172800900006
-114.81215571099995,33.207194008000045
-114.82932371399994,33.20717000700006
-114.82927471299996,33.19263400500006
-114.82928071199996,33.17809500300007
-114.846634715,33.17815900200003
-114.84666171399999,33.16365300000007
-114.84670671299995,33.14756699800006
-114.84662470999996,33.10393999300004
-114.84657670899998,33.08949899100003
-114.84661570799994,33.07494298900008
-114.84658670599998,33.05599498600003
-114.84651470499995,33.04160198500006
-114.82915070199999,33.041332985000054
-114.82912870099995,33.026781984000024
-114.82909669999998,33.01219098200005
-114.82913769899994,32.99837998000004
-114.84601070199994,32.99862197900006
-114.84631870099997,32.984088977000056
-114.85440570299994,32.984318977000044
-114.86354170399994,32.98447497600006
-114.86638770499997,32.98452597600004
-114.87114370599994,32.984606976000066
-114.87613170699996,32.98469197600008
-114.88079170699996,32.98479297600005
-114.88646070899995,32.98490697500006
-114.89258570999999,32.98504097500006
-114.89608870999996,32.98508497500006
-114.90168171099998,32.985223974000064
-114.90979171299995,32.98534097400005
-114.91525471399996,32.985460974000034
-114.92463771599995,32.985445973000026
-114.93251071699996,32.98541497300005
-114.93535371799999,32.985426973000074
-114.94601071899996,32.985427972000025
-114.95668972099998,32.985411972000065
-114.96235572199998,32.98541797100006
-114.96686972299995,32.985419971000056
-114.96671972399997,33.00001797300007
-114.96693372699997,33.030228977000036
-114.91528771699996,33.030230980000056
-114.91526371799995,33.045098981000024
-114.94950372399995,33.04494898000007
-114.94922672699994,33.07487798400007
-114.95428372799995,33.07490898300006
-114.95417472899999,33.08936198500004
-114.95421972999998,33.103940987000044
-114.95421473099998,33.118430989000046
-114.95413773199999,33.13297199100003
-114.95419673199996,33.14021999200003
-114.95422473299999,33.14756599300006
-114.95424573399998,33.16362899500007
-114.95427773499995,33.178146996000066
-114.95426373599997,33.19263599800007
-114.97158673899997,33.192578997000055
-114.98884174199998,33.192684996000025
-114.999363744,33.19267799600004
-115.00617474599994,33.19276599600005
-115.02747874999994,33.192740994000076
-115.04475275299995,33.19268299400005
-115.06201975599998,33.19270499300006
-115.07928275899997,33.19268899200006
-115.09655476199998,33.19268799100007
-115.11380276499995,33.19269999000005
-115.12584876799997,33.192679989000055
-115.13531176899994,33.19265698900006
-115.13538876999996,33.20718699100007
-115.15265477399998,33.20716299000003
-115.16991877699996,33.20711898900004
-115.18718377999994,33.207062988000075
-115.18722778099999,33.221628990000056
-115.20437878399997,33.221557989000075
-115.22170878699995,33.22151598800008
-115.22170278799996,33.23604399000004
-115.22173178899999,33.24956699100005
-115.22167578899996,33.251943992000065
-115.24304979299995,33.251835991000064
-115.243052794,33.26362299200002
-115.25080379599996,33.26354799200004
-115.26016979699995,33.26354199100007
-115.27736479999999,33.26358099000004
-115.27749680199997,33.27801499200007
-115.294609805,33.27797599100006
-115.29468880599995,33.292536993000056
-115.31209080899998,33.29254999200003
-115.31216580999995,33.307099994000055
-115.312145811,33.32156699600006
-115.32943081399998,33.32155699500004
-115.32934781599994,33.33990399700008
-115.32939481699998,33.35458299900006
-115.32943581799998,33.36905100100006
-115.32953781799995,33.37444300100003
-115.32961481899997,33.38358200300007
-115.32966581999995,33.39809700400008
-115.34938082399998,33.398084003000065
-115.34930082499994,33.41255000500007
-115.36664282799995,33.41249000400006
-115.36658782899997,33.42831000600006</coordinates></LinearRing></outerBoundaryIs></Polygon></Placemark></Document></kml>