<kml xmlns="http://www.opengis.net/kml/2.2"><Document>
<Placemark>
<ExtendedData>
  <Data name="COMNAME"><value>Gray wolf</value></Data>
  <Data name="SCINAME"><value>Canis lupus</value></Data>
  <Data name="SPCODE"><value>A00D</value></Data>
  <Data name="VIPCODE"><value>V02</value></Data>
  <Data name="UNIT"><value>2</value></Data>
  <Data name="SUBUNIT"><value></value></Data>
  <Data name="UNITNAME"><value>Zone 2</value></Data>
  <Data name="SUBUNITNAM"><value></value></Data>
  <Data name="STATUS"><value>Final</value></Data>
  <Data name="LEADOFFICE"><value>FF03E19000</value></Data>
  <Data name="COOPOFFICE"><value>N/A</value></Data>
  <Data name="COOPOFMORE"><value>N/A</value></Data>
  <Data name="FEDREG"><value>43FR9607</value></Data>
  <Data name="PUBDATE"><value>19780309</value></Data>
  <Data name="EFFECTDATE"><value>19780410</value></Data>
  <Data name="VACATEDATE"><value></value></Data>
  <Data name="ACCURACY"><value></value></Data></ExtendedData>
  <Polygon>
<outerBoundaryIs>
  <LinearRing><coordinates>-92.27835205147352,47.80535486526703
-92.27098268032641,47.80534222712811
-92.26905741643894,47.80556526999546
-92.26233292207658,47.806786680982775
-92.25956186501583,47.8074137852898
-92.25650683889405,47.8087952289719
-92.25458085405008,47.81039006260953
-92.25269920689908,47.81144655839885
-92.25019872956231,47.81194896200353
-92.24151260862367,47.81283689264079
-92.23277111161991,47.81320773081806
-92.23087542263903,47.81342331301765
-92.22857366954604,47.81422331656191
-92.22568704359576,47.815300863832334
-92.2161463618938,47.8165540741998
-92.20815658532817,47.81788567196081
-92.19744123051647,47.82050929512913
-92.19348293471474,47.82155825917828
-92.19031264849663,47.82239826813188
-92.18727185956988,47.82369438184636
-92.18204392041173,47.826888520634235
-92.17333338540347,47.83198587860248
-92.16550300255015,47.8349605865517
-92.16372317186062,47.83614052869468
-92.16125620307497,47.83847439765337
-92.15846845555342,47.84028373504362
-92.15560592686097,47.842027762148746
-92.15313937899208,47.84358164229062
-92.15167205409605,47.84407763975903
-92.14896965306436,47.844426448541675
-92.14430077224281,47.844760774625385
-92.14132629352316,47.84498568330802
-92.13900509903448,47.845637264668966
-92.13722145669209,47.84624534009026
-92.1337672806358,47.847401147617134
-92.13191775424967,47.84755426142614
-92.13052210017379,47.84731970283834
-92.12669120920921,47.84649493158737
-92.12548319529425,47.846477727977124
-92.12370919173385,47.846718324680026
-92.11997527226156,47.84723294326328
-92.11759474678519,47.84757273921394
-92.11416859253288,47.84858106996465
-92.11245836004082,47.84861005930685
-92.11078989546593,47.84822078144338
-92.10938221801376,47.8478326029532
-92.1042653231184,47.84780607875761
-92.10079168183529,47.84801028056933
-92.09424766334253,47.84988994224461
-92.08693964607126,47.851862021951284
-92.08316959024596,47.852847707501574
-92.08204532637306,47.85331136398073
-92.08086903585816,47.854138363146326
-92.07841603554633,47.85639822247563
-92.07707967125006,47.857085065619486
-92.07587248993289,47.857286346797814
-92.07143006324492,47.85723181661935
-92.0668571554016,47.85702357593873
-92.06560429898263,47.85663234036632
-92.06393163724842,47.85556070869037
-92.06087717889031,47.85411764750351
-92.05866224769515,47.853709194299725
-92.05495284649027,47.85389893817091
-92.05027565603801,47.854182130155785
-92.04810535970255,47.85454142588579
-92.04426910231872,47.857136204911455
-92.04212268288673,47.85912665616784
-92.0398252074858,47.860709475771614
-92.03643663971349,47.86335521169399
-92.03531152395922,47.8642907131539
-92.03302674044974,47.86538241690841
-92.03118861831715,47.86642278029443
-92.02818010968,47.86980470592642
-92.02621010138824,47.871831270460405
-92.02445620346663,47.87343053572472
-92.02208254066751,47.87447418902433
-92.01816597186948,47.87577582289122
-92.01570384214772,47.87671568638415
-92.01276555913833,47.87841303258657
-92.00953346132472,47.88017579028064
-92.00542208060006,47.88163897869829
-92.00144979296499,47.88305244618282
-91.99799717404105,47.88411710193668
-91.99629960673363,47.884153290404974
-91.99363929813319,47.88374631231879
-91.98674007200931,47.882667180941645
-91.98401504860377,47.88215486531114
-91.97955665705115,47.88040291911531
-91.97676786106935,47.87978399256777
-91.97369033902197,47.88005380194523
-91.96996097243574,47.880750040970376
-91.96018840498827,47.882851743972516
-91.95334451819409,47.88481858522665
-91.94568741587179,47.88737976159872
-91.94094594602528,47.889292544305206
-91.93626085385986,47.89130948477893
-91.92997268085657,47.89253392026037
-91.9256066159996,47.89249440766728
-91.920495955032,47.89148193720675
-91.91859544993378,47.89108193246229
-91.91643691397498,47.89090178163809
-91.91494283467331,47.89109668409706
-91.91102663907176,47.89237548651718
-91.90595597954929,47.89416039967887
-91.89787096111222,47.89700566990091
-91.89253089483026,47.8987845874412
-91.8873072798144,47.89931930543193
-91.88162615238717,47.89982304183828
-91.87813069919628,47.90028863544808
-91.87627910200008,47.901552315277634
-91.87468708284273,47.90283074608979
-91.87355391103225,47.90322326315309
-91.87007814588831,47.903277938366244
-91.84103293629829,47.90321785017903
-91.84098445157257,47.89525544573169
-91.84072713521107,47.894070661448914
-91.83996737040619,47.89238755572833
-91.83990712731443,47.891778533254964
-91.84010672627858,47.890856052295504
-91.84114093704356,47.88861459003243
-91.8411717722934,47.88825778861834
-91.84104719169513,47.88785191141342
-91.83986223181226,47.88603251615827
-91.83960510857193,47.88523732337957
-91.84016095507434,47.88041755073233
-91.84135722095986,47.87663274833994
-91.8416664432807,47.87033217138817
-91.84023207140665,47.8671099640207
-91.83997103426233,47.86615232349913
-91.84005460083763,47.86207762213214
-91.8401950728227,47.861510483796614
-91.84048968296165,47.86091404043186
-91.84160682592304,47.85899020662268
-91.84189354427569,47.858086412041345
-91.84189268121142,47.857092709112024
-91.84130114658558,47.850220761872436
-91.84129446819273,47.84932048403693
-91.84150321258842,47.848236399714835
-91.84260663338688,47.84451199206429
-91.84291098273901,47.84015472541354
-91.8427573507325,47.83925062544564
-91.8414507507164,47.83469301560584
-91.84098249050864,47.83391350280214
-91.84051378591799,47.83343045540098
-91.83982523535082,47.832961020100164
-91.83905850428718,47.83262431480685
-91.83628789705973,47.831691008504414
-91.83589405705152,47.83158947209971
-91.83477468918048,47.83148382832001
-91.82730672519223,47.831737001458656
-91.82586011257943,47.831902256353246
-91.82223305371774,47.832554408047216
-91.82081802651408,47.83268627233754
-91.81970009031448,47.832633573609954
-91.81902847633042,47.832504118050394
-91.81785363172962,47.832139137602695
-91.81670898014636,47.83166936388156
-91.81589693723821,47.831140926457905
-91.8138779020667,47.829281412803866
-91.80724587674744,47.82413765606241
-91.80657526350382,47.823387839191284
-91.80637982709749,47.82306621030343
-91.80619723573511,47.82227773622251
-91.80618747523486,47.82122931748217
-91.80594421119805,47.820622684253806
-91.80561666155467,47.820231207283655
-91.80159159729472,47.81696736990278
-91.80088844119172,47.81654181468422
-91.79991069122781,47.81621280869093
-91.79911033132728,47.816139654601194
-91.7983952874229,47.81622484731581
-91.79619967848632,47.817062648417966
-91.79530683176063,47.81720471180628
-91.79489926601025,47.817198453997584
-91.79444153345,47.817143350364134
-91.79354673222372,47.81687364616545
-91.78935694232104,47.81515398486152
-91.78803299749838,47.814993530894014
-91.78756895493109,47.81500977468882
-91.78704040073875,47.815054307406264
-91.78585650048409,47.81528742684875
-91.78362604254653,47.81604319021808
-91.78279950624395,47.816233726669225
-91.77653491291854,47.815959276349936
-91.77167386306577,47.81610773717027
-91.76782356915976,47.816941762957185
-91.7669273536163,47.81694644489186
-91.76332085543963,47.816745506089276
-91.7621642207433,47.81676399041043
-91.75557276107473,47.81780959888118
-91.75165905197586,47.81873723079776
-91.7494226698711,47.818906156751446
-91.74869330284727,47.81869845922984
-91.74796565463011,47.81820284995034
-91.74622329883056,47.81750648541312
-91.74588354478317,47.81728062085727
-91.74470885437242,47.816739525803605
-91.74337137822754,47.81627464649593
-91.74077211534075,47.81622834456896
-91.73956230066042,47.81611501127581
-91.73873504141552,47.81591499291569
-91.73639457597746,47.81477227733249
-91.73565093604552,47.81418310717288
-91.7344345621956,47.8125886268247
-91.73421909154887,47.8119900634343
-91.73399388663177,47.81163828902872
-91.7331538831013,47.81088967980156
-91.73230402324187,47.81041529530365
-91.73067499511681,47.80985068109437
-91.7300193643007,47.809503045516514
-91.72502749771357,47.80525810078275
-91.7242342836507,47.80484969834013
-91.72390286042057,47.80460172610833
-91.72365358761722,47.80422249009039
-91.72355410569058,47.80330064779869
-91.72313622781937,47.80263007883767
-91.72121380245902,47.80053911082331
-91.72099095513983,47.80037970745881
-91.72020599678359,47.799954812824936
-91.71685224810464,47.79871527164021
-91.71601679984468,47.79854792831473
-91.71326578282626,47.79826464291741
-91.71236902222952,47.79807175185737
-91.71167838609232,47.797654694954396
-91.71117049806216,47.79709491273582
-91.7106664073287,47.79577765207561
-91.71060009633666,47.7954192473708
-91.71064239526763,47.79477287574298
-91.71047359981297,47.79450896540527
-91.70999751439673,47.79407406354954
-91.70913914281958,47.79372015910152
-91.70823847470794,47.793629405729845
-91.70673627392412,47.79362985391694
-91.70632267816485,47.79354619253904
-91.70546636404546,47.792933418869495
-91.70476640484262,47.79197770006977
-91.70412998671114,47.791565977697836
-91.70310682277993,47.791275400607304
-91.70012105736954,47.79093066058206
-91.69767489348814,47.79009403207975
-91.69663671403788,47.78992595591552
-91.69521549143575,47.78998133906646
-91.6946960420837,47.78994115093138
-91.69440468051991,47.7898195164586
-91.69350753663343,47.78923498105424
-91.69234294464376,47.78748110357985
-91.68980652123425,47.785684027603075
-91.6892729183247,47.78537498033904
-91.68853067176944,47.7847361182766
-91.6881031386462,47.784356115551375
-91.68680686283494,47.782859539973096
-91.68625369346172,47.78191960168958
-91.6852854309709,47.78110438384789
-91.68485704849326,47.7808395302951
-91.6831789944221,47.77941843697017
-91.68271173578857,47.778928545017386
-91.68045008107724,47.7774065041987
-91.67918260677259,47.77646398382873
-91.67856263032253,47.775798030043696
-91.67477217958759,47.7735847788217
-91.67397435673045,47.77282487858211
-91.67326411232969,47.772301187074895
-91.67295881592212,47.771883219520845
-91.6723449448459,47.771485975639244
-91.67180235338945,47.77131944668261
-91.67070714107673,47.77124414123352
-91.66693069623368,47.77153739237912
-91.66595766961657,47.77140767461013
-91.66445101909518,47.77101260348847
-91.66402218533787,47.77082999577568
-91.66313079344735,47.77064568797852
-91.66200034359888,47.769889926296045
-91.66095170097368,47.76905772693925
-91.66042019773674,47.7685346010623
-91.6599620410903,47.76795699275433
-91.65898624056022,47.76612669086642
-91.6585745508085,47.76584537712731
-91.65738384550063,47.76554469285057
-91.65589144024575,47.7654293265487
-91.654887107878,47.7651786673243
-91.65462075622375,47.76499657886443
-91.65406232481952,47.7647970278953
-91.65314961106833,47.764239523336364
-91.65268794104195,47.764128019949254
-91.65191954324695,47.763806952297664
-91.65126371813137,47.7636124519402
-91.64991414497732,47.76290519151288
-91.64913249064713,47.7622109902686
-91.64850578366453,47.761424221583354
-91.64829065346727,47.760940665228944
-91.64796087098293,47.76056634065578
-91.64758484522821,47.75990668961109
-91.6476270637126,47.75870004157179
-91.64818391255959,47.75807135751644
-91.64857884993978,47.757392715752594
-91.64882435992135,47.7571303514105
-91.6488517778726,47.75674655779312
-91.64805423272281,47.755031989363836
-91.64775639175949,47.75472921276475
-91.64746866450253,47.75419594062875
-91.64685437529603,47.75389195074719
-91.64587490140786,47.75361388143846
-91.64460209054062,47.75348269283386
-91.64414852808635,47.753376739080885
-91.64363164990353,47.75307856162734
-91.64271225178095,47.75240023255809
-91.6421814575127,47.75182223168926
-91.64202194612577,47.75148148626428
-91.64173327448061,47.74989544308886
-91.6417370512773,47.749432459876694
-91.64206372207197,47.74817339166548
-91.64219685795068,47.745265789952995
-91.64193183815,47.74394582137146
-91.64189682980921,47.74250197491125
-91.64203706503831,47.74042873406597
-91.64186316057805,47.739417028648745
-91.64155443679049,47.73902970638194
-91.64052364688888,47.73861844437905
-91.63975468855361,47.738105632342624
-91.63948059267109,47.73722464341068
-91.63968316587184,47.7360740616408
-91.63965078664475,47.735678582481384
-91.64011979219894,47.734591173672
-91.64107921021919,47.73295989338747
-91.64198989407843,47.731723303489446
-91.64412089737368,47.73075163295774
-91.64528338227373,47.72989086279436
-91.64551156073912,47.72945410156438
-91.64538891147873,47.72871186057622
-91.64505261333827,47.72808820774853
-91.64475104195274,47.72775577465971
-91.64454343304152,47.72679865000124
-91.64427178962715,47.72619213449957
-91.64403078262545,47.725284102228116
-91.64405529222017,47.724093255393434
-91.64364334532245,47.72321091515568
-91.643659601073,47.722815921265116
-91.6441514785809,47.72139935267108
-91.64473890253844,47.72047231439363
-91.64600878538141,47.719903435443754
-91.64650110165935,47.71964506673845
-91.64677382078025,47.719411819621314
-91.64730627324475,47.71839081180498
-91.6474399751571,47.717804917264
-91.64768115727964,47.71752747655956
-91.64850716747397,47.71722300355421
-91.64882923433376,47.71695740055932
-91.64893072480308,47.716755333842436
-91.64859050294127,47.7159340506649
-91.64782771021368,47.71513595046209
-91.64680658889847,47.71427478280293
-91.64645453762445,47.713628991837716
-91.64630198691319,47.712760246872456
-91.64631340950588,47.71220602252109
-91.6458349275068,47.71021976339538
-91.64570219148247,47.709965896152674
-91.64512816372067,47.709466125184925
-91.64388124912197,47.70814706091021
-91.64351038589595,47.70763834545323
-91.64013493762445,47.70408003399138
-91.63990569441158,47.703786774764495
-91.63955437601868,47.70272940628411
-91.63957328089124,47.70181850378606
-91.63999782647025,47.70090620172134
-91.64104935748328,47.70028583962114
-91.64128309392215,47.69996990245308
-91.64128252099177,47.69842756611516
-91.64161351758223,47.697327713273864
-91.64125785315261,47.696478868761474
-91.6412249027524,47.696110734289405
-91.64148924266004,47.69549327934157
-91.64149839061434,47.69504880127883
-91.64111008194844,47.69421054685097
-91.64120908241696,47.693739509358984
-91.64143611403831,47.693352138796
-91.64159476494657,47.69274449920228
-91.64147761549718,47.69016917032515
-91.64100501030754,47.68870429172152
-91.64069295343432,47.68810286342026
-91.6398183447646,47.687243184276824
-91.63804244656386,47.686429039164565
-91.63408121608914,47.684994195909525
-91.63221769662147,47.684107743136174
-91.63167827954594,47.68391010487385
-91.6304054827136,47.68387494167229
-91.63011259744415,47.683915894525235
-91.62978646160137,47.684000269393856
-91.62892646802463,47.68439211198778
-91.62739445026489,47.68434328956425
-91.62663384643639,47.68424753684963
-91.6256675026177,47.683913658950246
-91.62454061426995,47.68387855884202
-91.62416574130363,47.683738465012816
-91.62356028639357,47.68333754315039
-91.6231556714242,47.68324432826643
-91.62251973715631,47.68327277607642
-91.62150017713799,47.68348358834577
-91.62107530012625,47.683517173389404
-91.62025477080256,47.683375488415464
-91.6197699970489,47.68309351073419
-91.61914905204527,47.68251368021496
-91.61867165251346,47.68037839262486
-91.61806403731134,47.679628475464675
-91.61802821733578,47.67905262604428
-91.61832093765067,47.678361331281415
-91.61836408103278,47.67793336915029
-91.61792469868361,47.67728193475824
-91.61656417020772,47.675819477173434
-91.6157320980827,47.67465356444029
-91.61512491187213,47.672975228037124
-91.61493382313513,47.67139657083684
-91.61478802491439,47.67112703150519
-91.61408652173378,47.670407270931115
-91.60569348031576,47.66427810574021
-91.59670515402505,47.657738016170875
-91.59530400634958,47.65685724150776
-91.59398575117362,47.656382824425485
-91.59277717326252,47.65610481378474
-91.59110267339847,47.6558892735111
-91.58685284667384,47.65570742719042
-91.58623624126128,47.65559392325074
-91.58232520652605,47.6544545594675
-91.5816927314325,47.65439194344556
-91.58041664895484,47.654377868235684
-91.57895554107148,47.65417909769624
-91.57815771505774,47.653972695375174
-91.57763589163885,47.65372957911412
-91.57730306324251,47.65335824382772
-91.576960315389,47.65179365111807
-91.57689920764305,47.65165585363435
-91.57662821920613,47.651435189929565
-91.5702145992102,47.64886811150656
-91.56925089353028,47.64856222072866
-91.56713765042973,47.64838773583997
-91.56586043479086,47.64836214668187
-91.561428169413,47.64795392488372
-91.5588831066539,47.64779069765889
-91.5573961438978,47.647858567502894
-91.55550885017836,47.64807821267413
-91.55486994468878,47.64809814906766
-91.55402304921552,47.64803600784331
-91.55320763932114,47.647870510497384
-91.55244879155939,47.64760989238497
-91.55150557303921,47.64713107901917
-91.55055986439362,47.64649746062988
-91.55001257135304,47.646243728351656
-91.54964474646623,47.64614001008085
-91.54898800704656,47.64606907822148
-91.54820307159699,47.64615569491651
-91.5391123857631,47.64790223561743
-91.53818299743874,47.647862411514005
-91.53145751985785,47.64722591681963
-91.53009121606632,47.646675464033294
-91.52775680315516,47.64533811400761
-91.52716495325375,47.64513435931353
-91.49838005420398,47.6384088914606
-91.497906225374,47.63841384491935
-91.49744541874871,47.638507867630594
-91.49665163050634,47.63886683602799
-91.4956317066552,47.6395525214053
-91.49314744591317,47.64193462559526
-91.49205662990806,47.6427944494827
-91.49094807849934,47.64341360216002
-91.48796101560639,47.64476311170659
-91.48725774342847,47.645205000325156
-91.48604327022137,47.64640776064115
-91.48546573198084,47.64669509187341
-91.48477988811837,47.646836661138394
-91.48190475483571,47.646774530560236
-91.48167209414854,47.64680807309139
-91.48083246232937,47.6471189055344
-91.4801194478087,47.64717748515826
-91.47724728629221,47.647085943610165
-91.47680488576496,47.646964354976305
-91.47571501714,47.646337380853524
-91.47526222989052,47.646234454097495
-91.47454285738294,47.646237216679566
-91.46739331438393,47.646743340374634
-91.46571923582061,47.64680914088771
-91.46217590969923,47.64721573166607
-91.46145975194945,47.64724454960867
-91.45549975505658,47.64684106278729
-91.45265954409676,47.646535361901286
-91.44916969222433,47.64595599652082
-91.4475006422902,47.64585216579391
-91.44438725054793,47.64587108064103
-91.44273172527092,47.646056201251206
-91.44089734225919,47.64643439458925
-91.44018301826432,47.64647759142319
-91.42269118434014,47.646308034699175
-91.42126784383227,47.646168778871676
-91.42018199497635,47.645832777673846
-91.4193623379906,47.64524497979647
-91.41881871237648,47.644525020750805
-91.41839840329521,47.6432579676848
-91.4177516837704,47.63890793152633
-91.41692092611838,47.63180463614142
-91.41674965950757,47.624928725326185
-91.4166599319236,47.624726649315136
-91.41634489035356,47.62453270999239
-91.40598404738581,47.62116516422245
-91.40535332389238,47.62110429754716
-91.39534675006634,47.62111652996963
-91.39492781650402,47.62106765695487
-91.3849456485711,47.61751400176762
-91.36411634147176,47.617597523100855
-91.35730655899953,47.61745429804788
-91.35390477657917,47.61734766568027
-91.35349681290602,47.61726946462372
-91.3532313877592,47.617042680222944
-91.35303012942276,47.61648901490387
-91.35301327613804,47.61361072119659
-91.35286196663729,47.61304328553763
-91.35268588008405,47.612781790182446
-91.35215954085707,47.61233035093235
-91.35039634525697,47.6110798173047
-91.34321681541329,47.60747982664886
-91.34296836944104,47.60724498489877
-91.34292170311811,47.60696167889015
-91.34223654629393,47.576161486668376
-91.34231782147107,47.57155666641729
-91.34281688100741,47.56206114721666
-91.34286061326195,47.5580321994745
-91.34243393959949,47.54536804899123
-91.34211633530148,47.53126266780312
-91.3419131531796,47.531019386285195
-91.3416076322097,47.53081943551247
-91.33220155211308,47.525881165727164
-91.3318711933991,47.52569990369976
-91.3316260598552,47.52546625121802
-91.32771491431724,47.514558249417725
-91.3232061434648,47.50760988309724
-91.32300149283547,47.507367613922426
-91.32286034908164,47.50729204477547
-91.320087553191,47.502858488931345
-91.31938755279668,47.50167848881907
-91.31894755222275,47.49884848846082
-91.31849755157565,47.49556848804129
-91.32000755053816,47.48601848661728
-91.31869754866665,47.47653848540461
-91.31841754834257,47.4749984852124
-91.31713754754558,47.472348484938806
-91.3106175433859,47.45819848345447
-91.30179753984437,47.452438483291324
-91.2937575368343,47.448588483335534
-91.29187753621451,47.44822848342039
-91.29046753575119,47.447968483485425
-91.28613753414312,47.44597848352058
-91.28247753278423,47.44429848355052
-91.28188753246737,47.44339848346847
-91.28154753207316,47.44151848323321
-91.28008753146432,47.44041848318576
-91.27870753078781,47.43872848305107
-91.27827753041488,47.43715848286502
-91.27782753011059,47.43606848274664
-91.2768275296491,47.435028482674525
-91.275107528995,47.43413848267461
-91.27441752873835,47.433818482679726
-91.2741075285988,47.433518482660475
-91.27260752792373,47.43206848256744
-91.26676752567846,47.428888482545645
-91.26017752325338,47.42599848261737
-91.25355752063942,47.4219484825307
-91.24780751836258,47.41838848244939
-91.2463875176746,47.41669848231718
-91.24618751719909,47.41401848196087
-91.24610566874627,47.40140780638027
-91.24582751378034,47.39264847903034
-91.24566751343515,47.390728478776055
-91.24805751404342,47.39002847850855
-91.25182751501434,47.388998478096866
-91.25558751603327,47.38829847773155
-91.25777751649788,47.38705847740357
-91.25975751672306,47.384678476932805
-91.26110751697917,47.383718476703585
-91.26403751771045,47.382768476362884
-91.26671751848593,47.38258847614663
-91.2684575188914,47.38183847591859
-91.26913751893734,47.38081847572885
-91.2692375186361,47.37867847542553
-91.26908751838532,47.377348475252134
-91.26850751798402,47.37587847509008
-91.26836751766976,47.37411847485643
-91.2700575176472,47.37069847426233
-91.27092751775325,47.36969847406177
-91.27853751948624,47.366158473028385
-91.28059751989782,47.364828472697184
-91.28190752004754,47.36325847238626
-91.28249751994288,47.36143847209214
-91.28261751961702,47.35909847175955
-91.2828075195317,47.35817847161858
-91.28548752001774,47.35612847114338
-91.28913752078968,47.354048470594755
-91.29223752150813,47.352688470185136
-91.29559752227041,47.351108469726434
-91.29767752258586,47.34911846930234
-91.2985675227365,47.34836846913493
-91.30292752375956,47.3465384685702
-91.30958752541262,47.344328467788614
-91.31314752637518,47.343658467441635
-91.3144875267131,47.34324846728916
-91.31638752704713,47.34172846694297
-91.3179975272773,47.34009846660227
-91.31927752751376,47.33914846637929
-91.32291752839812,47.33781846593515
-91.32744524561322,47.33619121567066
-91.3325917421738,47.33434454113263
-91.3426592318873,47.32577897901692
-91.36121089055618,47.3108004602945
-91.36566382618983,47.306892580010086
-91.37546577569645,47.30049824283094
-91.38315192596782,47.29548246487077
-91.38509663379631,47.29346009083897
-91.38799784699246,47.290938694665655
-91.39202026024454,47.28868919087516
-91.39697172550665,47.28683688616653
-91.40018660776197,47.286369371252874
-91.40356651126453,47.28667274141879
-91.40711543179826,47.28761892460913
-91.41048778472627,47.28817821033437
-91.41581115617105,47.28645836388943
-91.43064254131326,47.28153797412537
-91.44107935411066,47.278733868626766
-91.44543755617443,47.28038844922539
-91.45106755802959,47.281508448978
-91.45832375723008,47.281623687283364
-91.46474756211063,47.28146844799409
-91.46712756286642,47.28175844786402
-91.47123237190124,47.28315208033803
-91.47887438198772,47.28680115350566
-91.48791601595975,47.29026384645399
-91.49720822197193,47.29296731308978
-91.50381757586207,47.29492844706098
-91.50628757675915,47.295958447026585
-91.51196223253424,47.29970875350239
-91.51697758107262,47.30319844726221
-91.51945758200067,47.30440844725184
-91.52272758315691,47.30556844717789
-91.52663758445007,47.30637844700966
-91.53113758588995,47.30699844677282
-91.53550758728322,47.30756844653836
-91.53876758842094,47.30862844645112
-91.54088758927873,47.31007844649955
-91.54243759006867,47.312188446680004
-91.54291559351518,47.314918986100466
-91.54306336867572,47.31748144705534
-91.54323759152805,47.32005844771015
-91.5443475923079,47.322948448029784
-91.54627759323806,47.3252284482063
-91.54848759413856,47.32677844826184
-91.55203764467561,47.32625298957725
-91.56046759738373,47.32463844710661
-91.56433759838708,47.32365844669351
-91.56561759863266,47.32277844648012
-91.57547760153903,47.322538445739234
-91.57871760239756,47.32183844540998
-91.58219760291003,47.31844844469202
-91.5871276041906,47.31721844416825
-91.59162760545141,47.31668844377196
-91.60125760826944,47.316328443030734
-91.60171760797508,47.31354844261385
-91.60431760835347,47.31098844207367
-91.60762760909273,47.30938844161501
-91.61070761002567,47.30947844140624
-91.61269761042692,47.308238441092115
-91.61594761129409,47.307578440767564
-91.62017761243494,47.30679844035605
-91.62561761411679,47.30717844001774
-91.63212761588012,47.30602843939127
-91.6427776184789,47.30230843811252
-91.64995426574778,47.30046587348921
-91.65513929216237,47.300704379108936
-91.66261084018484,47.3037843749396
-91.66446762523432,47.304158436808926
-91.66472389021234,47.304112343346866
-91.66471414461057,47.317513738757405
-91.66669189470998,47.317562623286875
-91.66898028681423,47.31799963245375
-91.67091258956813,47.318636490383454
-91.67189611175158,47.31933322341995
-91.67288511285692,47.31977664042367
-91.67699904000727,47.315298245951176
-91.6824230228755,47.309198892094464
-91.68304404862943,47.30843216302653
-91.68342913125693,47.307343274286296
-91.68411509770117,47.304486147846234
-91.68473344374158,47.302296612515654
-91.68563486934775,47.30118664554664
-91.68729737749,47.29979167065144
-91.70555421605378,47.28961492967166
-91.70711751001964,47.288675701625934
-91.70798743715564,47.2879476378425
-91.70873558983492,47.28682226153681
-91.71173006457087,47.27958264944094
-91.7144787498063,47.272889671150025
-91.71503307065801,47.27173508104108
-91.7155441253119,47.270758417967784
-91.71625766252959,47.27012907559659
-91.71820924748246,47.268414720570064
-91.72694284093123,47.2611153618773
-91.73329999761162,47.25580047543534
-91.74218294044562,47.24840622283082
-91.74512421240853,47.24595487836555
-91.74688556531764,47.244286929717454
-91.74742861773134,47.24335701933479
-91.74756775991067,47.24242282237923
-91.74755020872392,47.24152714412506
-91.74706055033661,47.24064893086444
-91.74589237776539,47.23818404396822
-91.74546539930151,47.237486480530976
-91.74857395707242,47.237750712618634
-91.75274369167157,47.23806142693848
-91.75575932073387,47.23799274445622
-91.75713369290371,47.2379614160282
-91.75936369230303,47.23768141044346
-91.76180809818878,47.23720013969084
-91.76481101571468,47.23665406735472
-91.76661083437486,47.23631595411708
-91.76774368695166,47.23605138935003
-91.76874368724603,47.23603138686535
-91.76993368943498,47.23635138397232
-91.77132369411088,47.23712138066648
-91.77521371252001,47.24027137159871
-91.78385375570292,47.248115479392155
-91.78990217715797,47.253731776708364
-91.79165380012326,47.255411333601366
-91.79307415092349,47.256075192915006
-91.7938715249047,47.256472066459914
-91.79514138660188,47.25647634438216
-91.80323318877399,47.256503273528594
-91.81068539243984,47.256527568594606
-91.82285383193522,47.2565306005801
-91.82763161883646,47.25652644515988
-91.83425745982639,47.25652035266215
-91.84241280900633,47.256522003720725
-91.84540633490316,47.25652276619963
-91.84543379213864,47.2499311991268
-91.84542215599943,47.249128393540445
-91.86125160747332,47.249178202894115
-91.8612737740802,47.24539115899109
-91.8623637745088,47.245391156286146
-91.86376377473802,47.245331152801036
-91.86461615916696,47.24515876225542
-91.86545849899747,47.245655625383186
-91.86678377175049,47.2445511451651
-91.86872376817782,47.24374114020393
-91.8713360048524,47.24267229234526
-91.87255276108158,47.242134130410854
-91.87552975088482,47.2400101226387
-91.8801127446128,47.23850211099354
-91.88110474131003,47.23781210840719
-91.88400373915468,47.23719710110264
-91.887101716212,47.23268109259944
-91.88726171470229,47.2323870921493
-91.8873306730409,47.224590090568874
-91.88661325149396,47.22354006393145
-91.88550665982531,47.22225109467086
-91.88321865424312,47.22137410018802
-91.87836564859175,47.22067211209949
-91.8775406980858,47.220125966730144
-91.87555962290607,47.21607111822603
-91.8733556090328,47.21363612325126
-91.87176699580718,47.21196003775451
-91.87113359516982,47.21120412832114
-91.8720008904655,47.20975688899283
-91.87327657934563,47.20808412244001
-91.87338357624728,47.207496122067965
-91.87258256744215,47.20590612376601
-91.87195256272557,47.20506912517648
-91.87067655677335,47.20404812815557
-91.86972554772397,47.2024231302189
-91.87092453562687,47.20006912681816
-91.8702755214241,47.197456127953004
-91.87051351030371,47.195355126981305
-91.87339249893385,47.19301311941752
-91.87447749210183,47.19165311648047
-91.87483148662189,47.19060011541168
-91.87442247030123,47.187571115876025
-91.87537645826698,47.185245113088726
-91.87841433513526,47.18362460066425
-91.88148044154052,47.18166109730623
-91.88234443722273,47.18078809500613
-91.8853194180642,47.17697708694085
-91.88576241232985,47.17586908564205
-91.8869955206175,47.1746732165621
-91.88860994040091,47.173360965373945
-91.88990949185785,47.171602098380305
-91.89053043606636,47.17109168335838
-91.89239694666104,47.170059157124065
-91.89223462655761,47.16910166384202
-91.89352434163243,47.1677673948522
-91.89561512726524,47.16661681519763
-91.89671426346837,47.165153646832465
-91.89669166763079,47.16453720310418
-91.89686395946316,47.16410503853181
-91.89929865588489,47.16111643762411
-91.89956870787567,47.160695556555275
-91.89945120832753,47.160252234791876
-91.89969621815001,47.15952317944519
-91.90033662397349,47.157884447729906
-91.9005873477759,47.15724284244215
-91.90135880477565,47.15651496542422
-91.90160339867049,47.15324981396807
-91.90219862264817,47.15206355950831
-91.90400929082001,47.15172803605478
-91.90607029184523,47.151770030955376
-91.90751729270067,47.15182502737978
-91.90899729231742,47.15164502368003
-91.91018728975547,47.15107702062894
-91.91227827970096,47.14903601507994
-91.91475726675299,47.1464230084669
-91.91522184639564,47.14588146303209
-91.91576526088963,47.1452480057578
-91.9164502587761,47.144801003980156
-91.91950325304072,47.143500996182006
-91.92096825186279,47.14317299249333
-91.92341725343952,47.14329098644689
-91.92462725511623,47.14351798348983
-91.92618025741525,47.143836979699394
-91.92718504831419,47.14396467772234
-91.9291922569147,47.14352397218055
-91.9352154008387,47.13991447268624
-91.9423072177498,47.135211938198374
-91.94689546470966,47.13367558991211
-91.95526919982422,47.13090390531811
-91.95884019462791,47.12966889625179
-91.95960319489967,47.129664894361014
-91.96046519470417,47.129565892208085
-91.96119819309754,47.12921089032905
-91.9630291849775,47.12755188549775
-91.96690615544192,47.12647697961225
-91.96850717812865,47.125868871628796
-91.970093173871,47.12495386753743
-91.97473216540153,47.12302685570418
-91.97630416123941,47.12213085165123
-91.98145414280597,47.118292838213954
-91.98672213107831,47.11570782470813
-91.98914812606228,47.114589818501656
-92.00048908187914,47.10546078880029
-92.00322008329665,47.10401737815225
-92.0046530712512,47.103161778083
-92.00480806776767,47.10249477758134
-92.0043421944516,47.101727809872585
-92.00102303323698,47.096262785851344
-92.00122101083609,47.092028784612204
-92.00081700481215,47.090922785416744
-91.99762399462287,47.08923179302213
-91.99572699029746,47.08855279759804
-91.9941649842421,47.087523801282515
-91.99284097579955,47.08602780429493
-91.99209697221045,47.08540480602619
-91.98513549294444,47.07684278515587
-91.9853513950837,47.069630567851846
-91.98516455619718,47.068570922168085
-91.98366640735274,47.06687909063107
-91.97921784541157,47.06241883381807
-91.9756248197656,47.057837841892905
-91.97485217739246,47.05489093843826
-91.97530012796942,47.052003908937614
-91.97686239946155,47.04945827605262
-91.97999653665255,47.043907241570075
-91.9820717818735,47.04545685236392
-92.00021441177957,47.04727561351557
-92.00778956173647,47.047949456555436
-92.01064089599522,47.04897605073341
-92.01267503639467,47.05135932675091
-92.01507096984668,47.05469147691391
-92.01995490598101,47.057816626186344
-92.02214433414538,47.058989703912516
-92.0235010061156,47.064970085367186
-92.02687781740376,47.0684924304309
-92.02891242505117,47.070093718702125
-92.03195416515153,47.068483779439426
-92.03549028183251,47.071653785036645
-92.03349577400573,47.075398165001126
-92.03259179060682,47.07971590382849
-92.03752272813249,47.081073866421384
-92.03464099766697,47.0881958689126
-92.03266622429595,47.0908120358726
-92.03015425562923,47.09267138351635
-92.0269102751011,47.091703284247
-92.01854921405993,47.09482923269958
-92.02015216227217,47.09750634739444
-92.02455699268828,47.097545884358354
-92.0247857839312,47.100148159018985
-92.02935074311999,47.10658093738346
-92.0267237517532,47.111611979893446
-92.02554799102693,47.11575510738456
-92.02669156175406,47.11445264380189
-92.0472556242973,47.106980898875214
-92.0507272493928,47.10711257972267
-92.05309466610447,47.10770530288139
-92.05452329992232,47.10759130350603
-92.05989289992361,47.109789877653604
-92.06243774992119,47.10986859906026
-92.06508234673285,47.109528019841804
-92.06942982555758,47.10909675306488
-92.07181777622016,47.111118065265174
-92.07477939416329,47.110624243743
-92.07984010853586,47.108807865701166
-92.08140312966027,47.10784495546333
-92.08422708682073,47.10680869490033
-92.08863214782701,47.10566113477542
-92.09154570605791,47.10467282961165
-92.09736772110003,47.103306247218605
-92.10040126302313,47.10256324639175
-92.10234911586723,47.10208369152923
-92.10673263825758,47.10256303803634
-92.10705376121653,47.10533983503981
-92.10787809337138,47.10748812361868
-92.10930940084998,47.108731181514386
-92.1118440032401,47.110766025997236
-92.11576289696761,47.11131144386793
-92.14192355355507,47.11110790962718
-92.17912103856169,47.1109822693978
-92.20088064435028,47.11109039421407
-92.25999557469342,47.11092089903856
-92.26766177324079,47.104443365732614
-92.27121959353819,47.10406620466467
-92.28133993603632,47.1042973206398
-92.28449277814885,47.10402736445554
-92.28799477924267,47.104408364254176
-92.29476178123231,47.104348363755314
-92.29704278183719,47.10390536352891
-92.31230978633688,47.103844362413426
-92.33016419177599,47.10364444227698
-92.35051179749607,47.103070359535046
-92.3506136208838,47.10527778281985
-92.3527586556635,47.11312899432323
-92.35889733259458,47.12975319024243
-92.3603840490883,47.13412383459744
-92.36109236112391,47.14346650516039
-92.36318727740685,47.16270147229805
-92.36394346075214,47.1706166274098
-92.3649643816261,47.18129930097583
-92.36261087941539,47.182511544128985
-92.35969565586632,47.18374714927798
-92.35932745321162,47.18500372874249
-92.35785374695548,47.18694697492281
-92.35614356326522,47.18715331748963
-92.35584250933672,47.186399136433025
-92.3556729766571,47.18473124007991
-92.35402988585344,47.183086521727
-92.35104482750441,47.18299538237398
-92.35188436975913,47.184366766464485
-92.35000763575786,47.18443597351805
-92.34521385923367,47.18477980368289
-92.34109162744065,47.18711256215036
-92.33750524716494,47.189581002645916
-92.3331139716872,47.190679142752174
-92.3329467461586,47.19125068584195
-92.33224186288396,47.19337692487883
-92.33133722448851,47.19353698271808
-92.33110220487687,47.19280561928452
-92.32865412429554,47.193011731785425
-92.3256702047675,47.1946116228261
-92.32936004999956,47.19500000390513
-92.32986694733297,47.19635028461496
-92.32843043521943,47.19745006938497
-92.32720059269006,47.198274000827354
-92.32557478567517,47.198264441762454
-92.32396305475424,47.19714674647846
-92.32275430098103,47.196308460218766
-92.32093063893043,47.19588209172083
-92.31747063122762,47.19627710484889
-92.31644386863431,47.197102130753734
-92.31501419135228,47.1976476900129
-92.31441165927285,47.197089987747376
-92.31258446094242,47.19694051439158
-92.30990847606991,47.199556393292234
-92.30866570430864,47.201349719235836
-92.30615566116649,47.20254275255145
-92.30354032095907,47.201238971531566
-92.30215064178297,47.20242285754645
-92.30028659452799,47.203181866325465
-92.30115860507327,47.20414214384315
-92.30058752804494,47.204895635221554
-92.29927988125627,47.20505522386524
-92.29565688721891,47.20743214057713
-92.29374393665664,47.208917435491216
-92.29639378786686,47.21024302162518
-92.29468352084152,47.211500121788
-92.29300528667456,47.21195654593703
-92.2921350973853,47.20937427559215
-92.2917994352119,47.20855110256171
-92.28965243272042,47.209876284310376
-92.29022234332494,47.210585064408
-92.2875720911185,47.21126932807445
-92.28421886339527,47.2105836411989
-92.28193848227414,47.210765059385615
-92.28039365313005,47.21209047209951
-92.27730629780162,47.21382679720423
-92.27687021297854,47.21506018131476
-92.27710342971905,47.21599747797253
-92.27532651006543,47.21604247212421
-92.27482366743523,47.215630987434054
-92.27549428071798,47.214877131455175
-92.27529494454973,47.21375783055031
-92.27234272788897,47.21464791344735
-92.27217375244572,47.2151732383933
-92.27458800629243,47.217414528781084
-92.27529148747189,47.21848866003081
-92.27398258893473,47.21967600601248
-92.27294177279474,47.2196075310675
-92.27179970123933,47.22102424375956
-92.2702911601851,47.220268896229925
-92.27036083160692,47.21796128022694
-92.2694217977011,47.2179372891983
-92.26579644778866,47.220084910824774
-92.26408325685846,47.221477632809375
-92.2626404763891,47.22241428492541
-92.26163296742651,47.222916188125346
-92.259820718347,47.22346461751218
-92.2592169301059,47.223783521828906
-92.25867900730141,47.22446952975881
-92.25841105556177,47.22485809308053
-92.25841101796051,47.22545197919183
-92.25901300093416,47.226092508827996
-92.25948349225516,47.22657246457649
-92.25971648881371,47.226914782534124
-92.25971606881491,47.22741868320644
-92.25934797131256,47.227646880938494
-92.25911254854834,47.22771509282676
-92.25770344223203,47.22775994616041
-92.25716590339057,47.22794204572073
-92.25673045763834,47.22826202991324
-92.2565285762579,47.22876462111818
-92.2567956362535,47.2292680104132
-92.25679589483643,47.229839402324295
-92.25662698562506,47.230227479863935
-92.25639132197585,47.230547636132954
-92.2558214169536,47.230798130691646
-92.25538483460923,47.230843655020465
-92.25454628568971,47.23082132114634
-92.25323842491001,47.230705935330654
-92.2516616502238,47.23033907349157
-92.2511907116216,47.23036186138016
-92.25085521433043,47.23049913767234
-92.25021796694499,47.230956123492845
-92.25001652494436,47.23107177997117
-92.24988750676181,47.23155459063979
-92.25018358901191,47.23187034720717
-92.25095391722994,47.23228144136303
-92.2510210145149,47.232441599996
-92.2509871368485,47.232853048870425
-92.25061799583712,47.233149823325824
-92.25018073864833,47.233241439488
-92.24890587705667,47.23335792338288
-92.24840148776686,47.233408598704365
-92.24779429088188,47.23348896469295
-92.24732118603276,47.23366244242639
-92.24657992080017,47.23411309784136
-92.24536980673956,47.234435804292495
-92.24372664239692,47.23455204890249
-92.24282070574675,47.23473501713702
-92.24221632028397,47.234963843531126
-92.2418487347774,47.235262848777325
-92.24191516283894,47.23558385232505
-92.24221643038992,47.235881667122655
-92.24285327027737,47.23627281098729
-92.24295504110836,47.236547931797574
-92.24295513448516,47.237004594170315
-92.24268695679719,47.237280639663595
-92.24225133319764,47.23748583850873
-92.24097572604826,47.23764609570606
-92.24013748383838,47.238056698031784
-92.23896634331798,47.238992602022186
-92.23842929940062,47.239357955107195
-92.23729012799485,47.2397890275438
-92.2370212900069,47.23999306920479
-92.23705502123451,47.24028911194337
-92.23722284069873,47.240448825779765
-92.23772657188991,47.240679390801645
-92.23772794435854,47.24104382928509
-92.23742573287092,47.24127126979308
-92.23645263142636,47.24163595424132
-92.23605096559878,47.24188747217372
-92.23578143199332,47.24213874704074
-92.2356159561942,47.24250431983571
-92.23514792635858,47.24392178928365
-92.23514761315565,47.2442873411066
-92.2348466806892,47.24465313133867
-92.23427519211818,47.244995738524906
-92.23333702549078,47.24533700984083
-92.23253130208417,47.24588499734477
-92.23172619493107,47.24661744733689
-92.23068346757282,47.248015288139015
-92.23021195104666,47.248408037753755
-92.22949221259162,47.248717004191995
-92.22848151950048,47.24881366952213
-92.2282109178358,47.24890632506737
-92.2281067771023,47.24913845170034
-92.22830694417904,47.24945924027871
-92.22850678650195,47.249688919097224
-92.2285741645282,47.249940199641884
-92.22847304742979,47.25007786592132
-92.22827182803523,47.25016986523298
-92.22642695545572,47.25026200496929
-92.22575462190898,47.25037555719306
-92.22484832715624,47.250673109202275
-92.22434605391035,47.25113086495421
-92.22360808993578,47.25222814542084
-92.22310481499613,47.25263977270317
-92.22102379954666,47.25339384347218
-92.22085623525595,47.25355467079689
-92.22055412098088,47.254102631244656
-92.2200518495867,47.254330912152746
-92.2191117977496,47.25444597353577
-92.21894453408524,47.25469790757041
-92.21904461480149,47.25485718554992
-92.21904519667007,47.25515413236986
-92.2185072301212,47.25533717138083
-92.217869489081,47.255452038516985
-92.21773593498204,47.255658085179164
-92.21783617571333,47.25636625955025
-92.21790489323998,47.2564117208566
-92.21793823994923,47.25650305635157
-92.21817276851404,47.25673186617887
-92.21904563896226,47.25714275223839
-92.21918074706265,47.25727977355852
-92.21914629023314,47.257600101453136
-92.21881115552783,47.257919500571006
-92.21814092086548,47.25833108992866
-92.21803942867597,47.25849123994991
-92.21743644809753,47.2593824424564
-92.21726818950508,47.259588250962146
-92.21646239352583,47.260114755117904
-92.21606008496391,47.26061702538672
-92.21565779758055,47.26100569133017
-92.21542266893233,47.261486610122596
-92.21549052900156,47.2621484476336
-92.21548998323759,47.26274345364973
-92.21512140110111,47.26308623273772
-92.21367761262758,47.26306394224303
-92.2130399819496,47.26349822134577
-92.21287207875233,47.26356680233123
-92.21246925342824,47.26354378303273
-92.2122680609672,47.26340629877946
-92.21209970442071,47.262949602270204
-92.21189719750562,47.26278961264748
-92.21156241285989,47.262858166368694
-92.21125961076413,47.263109154403374
-92.21112567656907,47.26333768616806
-92.21095825172553,47.26381793788662
-92.21085726261124,47.26427502734552
-92.21075660668606,47.26470962334384
-92.21028741667371,47.26525865232307
-92.21008641923409,47.265440603646894
-92.21001826857137,47.26557848106547
-92.20954884535055,47.26592054552806
-92.20907877095708,47.266195116656036
-92.20753490470454,47.26656123117031
-92.20706481424865,47.26683579391604
-92.20699792197242,47.267109776804496
-92.20696400994717,47.26749871604136
-92.20686315634603,47.26761274436857
-92.20636074685653,47.26772736110133
-92.20568820008155,47.267727191190474
-92.20427872110552,47.267612788651064
-92.20364080209939,47.26772757535089
-92.20310259903844,47.26802414315911
-92.20313675737609,47.26838993511407
-92.20343930118315,47.26871035580211
-92.20488342766866,47.2696011084778
-92.20501750098632,47.269806750657175
-92.20495121714067,47.2701493480968
-92.20474997455679,47.27067547120387
-92.20454783763346,47.27104074404364
-92.2039768246366,47.27142931964621
-92.20307128905172,47.27186392749759
-92.2030372088798,47.27193230164324
-92.20273491739337,47.27225300683648
-92.2026346654915,47.27243564718247
-92.20266717061108,47.27280142747147
-92.20280289568005,47.27300708364351
-92.20280227940614,47.27348736058375
-92.20260122482725,47.27366929819671
-92.20203050787718,47.27403537043968
-92.19981390280883,47.27515591176671
-92.19917567255114,47.2756126045655
-92.19847143753465,47.27638939353256
-92.19810167827343,47.276687117896074
-92.19746356843194,47.2769154716218
-92.19692677416035,47.27689258253524
-92.1962207020539,47.27691574219072
-92.19598688473455,47.277076067072144
-92.19598638326755,47.27732688945124
-92.19608711929645,47.27744120030775
-92.19659105071061,47.27766969717609
-92.19652277849985,47.27792116824018
-92.19622154221334,47.27805852434831
-92.19501196940851,47.27815012296751
-92.19437453005469,47.27833234822823
-92.19289674837333,47.27899567264352
-92.19239351522582,47.27915521346892
-92.19128534446713,47.27931497550184
-92.1905792978776,47.2796586627855
-92.1899085397175,47.28050424727453
-92.18940449192387,47.280823487860246
-92.18816069639585,47.2814175480199
-92.18911837338506,47.281730423606284
-92.18971529606792,47.28189328761921
-92.19035194792963,47.2819571769788
-92.19063397919713,47.281967267852444
-92.19085259797393,47.28216425677339
-92.19098261878904,47.282361429664796
-92.1912498962888,47.2826022235472
-92.19148496014468,47.2828484584994
-92.19158244585518,47.28298547185866
-92.19147832036722,47.28308461935431
-92.19127818371072,47.28328837035642
-92.1910146329661,47.283678929792124
-92.19085477740653,47.28387711544742
-92.19086617127306,47.28444805356445
-92.19070627898121,47.284657126777226
-92.1901664599354,47.284614890046896
-92.18987513308718,47.284407217741624
-92.18942576665182,47.28469405804919
-92.18894471802966,47.28506345750495
-92.18891340578351,47.28521728824775
-92.18835882698232,47.285422124192635
-92.1876416579928,47.2853804189943
-92.18715051356952,47.28541490940408
-92.1866608837111,47.285712881184764
-92.18587424968607,47.28618196011436
-92.18589164384028,47.28640146430206
-92.18613331273328,47.286406240375726
-92.18626272563367,47.28650461191268
-92.18615998656166,47.28683988196782
-92.18581502351186,47.28707696852143
-92.1853407036027,47.28723763806522
-92.18495614849014,47.28760671678075
-92.18482944846248,47.287985907240184
-92.18436493939902,47.28845393725333
-92.18402926459186,47.28889417795098
-92.18334692627968,47.28931899002995
-92.18261739387927,47.28993062770657
-92.18192744953686,47.29042682415827
-92.18138096161655,47.290659129043924
-92.18067573488295,47.29128712496539
-92.1800590708381,47.291925828382425
-92.17950566672526,47.2923557691322
-92.17909646984216,47.29263700732323
-92.17889684570201,47.29295600931264
-92.17852075588038,47.293396303956996
-92.17821685949914,47.29380346114858
-92.17782486456768,47.294287821413334
-92.17747912823806,47.29439862993054
-92.17722970195534,47.29446531702102
-92.1769893229381,47.29470753682132
-92.17722515281001,47.29509112119437
-92.17787969568438,47.29543505738014
-92.17847565141314,47.29539478927279
-92.17898312417618,47.29537134101751
-92.17910269612159,47.295140399553944
-92.17940758916949,47.29492536249369
-92.17996230180387,47.294720571026424
-92.18056546937109,47.29452107246676
-92.18125697846966,47.29430483506398
-92.18175488203289,47.29401783380942
-92.18238947620353,47.293692032895216
-92.18287139579681,47.29345449377022
-92.18321654736724,47.29321732764193
-92.18370667070765,47.2929962205061
-92.18405984593849,47.29277008699693
-92.18426184774286,47.29287923563915
-92.1847532181739,47.29287769324092
-92.185100174061,47.292969964756224
-92.18534126246362,47.29285946916102
-92.1856138932138,47.29264994514696
-92.18560400389363,47.29232062432775
-92.1853464709039,47.29236531544281
-92.18510563458943,47.292519814902484
-92.18485607274212,47.29255349359645
-92.18467166470316,47.29270227461621
-92.18430079340725,47.29264303557252
-92.18434034685681,47.292522108995904
-92.18468615261638,47.292422258279686
-92.18508778895205,47.292217882495684
-92.18553012121806,47.292084791729
-92.18616652984367,47.292077345265675
-92.18665914330673,47.29227889685882
-92.1868781381147,47.29253078573998
-92.1873062116879,47.292732596436316
-92.18796714725083,47.29279091204957
-92.18880374735122,47.29257970638596
-92.1892372427097,47.29231480256639
-92.18906665843018,47.292079277886764
-92.18929128362548,47.291902879351895
-92.19001561546247,47.291801820501306
-92.19061795852718,47.29148699398014
-92.19080836781413,47.29098676918713
-92.19121803658615,47.29078242861923
-92.19151438533234,47.290507009831025
-92.19183508079799,47.290247959048784
-92.19205882080531,47.289928834537854
-92.19255066500368,47.289998619204006
-92.1927507250057,47.28978388763236
-92.19295725619345,47.28930014976487
-92.1932953628786,47.28926059794889
-92.19361767375398,47.289259627012974
-92.19396982664863,47.28889614042572
-92.19381475299765,47.28856174960818
-92.193853135815,47.288237718017875
-92.19431875625439,47.287978239885945
-92.1946876669231,47.28768604603599
-92.19529025754439,47.28743715468011
-92.1956922374521,47.287309590219444
-92.19594812848528,47.286995812720924
-92.19568871178996,47.2867221511189
-92.19600228846663,47.286633287977565
-92.19650931172194,47.28655486887466
-92.19694203456906,47.2861691720094
-92.19730314157034,47.28595394114746
-92.19734107802513,47.285552968960914
-92.1980645068275,47.285303649517004
-92.19865846387697,47.28496685574051
-92.19900319354377,47.284696704803565
-92.1991631521904,47.28449859854079
-92.19900948664068,47.284411230038465
-92.19879884458148,47.28420882355279
-92.19906281853157,47.283900494509204
-92.1995845315748,47.2835913558602
-92.19952610691553,47.28325665769965
-92.19892067637407,47.283049963261774
-92.19907471535966,47.28320869172694
-92.19924536564669,47.28344969132691
-92.19893910788853,47.28342325521458
-92.19871151641982,47.28310006167343
-92.19858941742999,47.28287541794436
-92.19824219191278,47.28273378403562
-92.19828385259119,47.282969653297506
-92.19797061255706,47.28310792621565
-92.19742849612801,47.28271989955735
-92.19745060479447,47.28236848736649
-92.19781198054818,47.28218610078995
-92.19819872955603,47.28222336131143
-92.19839095188638,47.282025031869885
-92.19851075060006,47.28187649657247
-92.19884246314746,47.282116913530785
-92.19931076640519,47.2822966450271
-92.19981837058805,47.28231692764876
-92.19993793709209,47.28211340909496
-92.20025875342057,47.28189284840394
-92.20023297193583,47.281629375610784
-92.19981366234248,47.281559320418346
-92.19921817329218,47.281632636793525
-92.19931334298023,47.28140726225885
-92.19954511624763,47.28109357789245
-92.19981810636443,47.280966447542944
-92.20023615946725,47.280838799327256
-92.20063806110483,47.28069474983236
-92.2011370039971,47.280621832872086
-92.20106318484362,47.28041336542027
-92.20059456070733,47.280167860538036
-92.20065770529145,47.27996997647134
-92.20074517941165,47.279772082090915
-92.20105738417504,47.279463634719406
-92.2014419324402,47.27912752567694
-92.20163237646143,47.278676683405706
-92.20167111623913,47.27841312039614
-92.20191134345554,47.278203691410965
-92.20215955139706,47.27795580435359
-92.20239992243246,47.27776293237948
-92.20235834802632,47.277537953076056
-92.20241371514135,47.277373037936144
-92.20261489956792,47.27735041233602
-92.20319486739133,47.27736506467269
-92.2050876966575,47.27738630923757
-92.20563540295562,47.277400995371956
-92.2057243821922,47.2774720695834
-92.20586271226533,47.27769123938028
-92.2061298172483,47.27789348437959
-92.20626806799476,47.278118142138986
-92.20622094670455,47.278315960363834
-92.2066892934752,47.278501061166295
-92.20708412161008,47.27852718966424
-92.20744614579539,47.27846562554588
-92.20732388791319,47.278240989873005
-92.20712905199981,47.27798903669707
-92.2071351996996,47.277692582154394
-92.20698017509275,47.27736918694251
-92.20719715144165,47.27728061436651
-92.20766514068039,47.27742728560112
-92.20815582654579,47.277337903905796
-92.20866392877599,47.27744597517201
-92.20948486893737,47.27734995953485
-92.21001415002758,47.27698584519102
-92.21039115287533,47.27674305736855
-92.2108826964391,47.27679089542945
-92.21139069783978,47.276887975877806
-92.21156641434592,47.27665684645317
-92.21183846354504,47.276375898370695
-92.21232875753289,47.276231605897564
-92.21243195953245,47.275995117523586
-92.2121884897375,47.275704955358044
-92.21225935624801,47.27544673864037
-92.21250979512637,47.275561209880536
-92.21260797321607,47.27579692264598
-92.2127298709523,47.275966750053634
-92.21295678772755,47.2761965081133
-92.21336201661673,47.27659045084337
-92.21320175736936,47.276733774834
-92.21251836856239,47.27691714702707
-92.21203695276449,47.27719332782404
-92.21203907070921,47.27752268360118
-92.21160647749689,47.27790294974605
-92.21171376443723,47.27830879546974
-92.21217476263938,47.27859829461047
-92.21246451182665,47.27858633876974
-92.21248144596441,47.27870154457877
-92.21211163320216,47.278807073184126
-92.21170935119429,47.278890781101914
-92.21126732593312,47.2790239751684
-92.21105116737066,47.27924429750271
-92.21081136453398,47.279525105742614
-92.21048318408761,47.279844627568146
-92.21091914183876,47.28001338072895
-92.21156341963538,47.28000026852576
-92.21211750901311,47.27972944864507
-92.21256753488204,47.27957417024819
-92.21291173082128,47.27924368443611
-92.21299782815058,47.27885905465014
-92.21324758296431,47.278869228141005
-92.2135701785502,47.27893398133597
-92.21349636225827,47.27873110090277
-92.2135511451394,47.2784784421187
-92.2140497047048,47.27833950809676
-92.21454028798489,47.27823903035049
-92.21479722779603,47.27811193425261
-92.21500582203396,47.277990445343065
-92.21480326219337,47.277793432509064
-92.21486431750188,47.27727716312014
-92.21528135272223,47.276990361420026
-92.21583697099115,47.27698849592744
-92.21649696348018,47.276920393380536
-92.21714760315511,47.276643640367375
-92.21771694774117,47.276257448131574
-92.21818211954624,47.27595944650504
-92.21876810972074,47.275671984994396
-92.21909178706551,47.2758960016583
-92.21897466765694,47.27647829942504
-92.21924491986496,47.277152680995606
-92.21960191094028,47.277557700826364
-92.22072523557604,47.27816328853221
-92.22133814893132,47.27827651545169
-92.22151674454997,47.27849548993313
-92.22164830599093,47.27890131117511
-92.22169191120061,47.2794172150611
-92.22184045400805,47.27995470778591
-92.22179390051045,47.28023487140056
-92.22156100991656,47.280345499488824
-92.22119087053865,47.28040165399522
-92.22048974816794,47.2803326383236
-92.22004737160806,47.280427440713545
-92.2194457102715,47.28079731704455
-92.21894511289364,47.28060691962846
-92.21847779786634,47.28058105756772
-92.21822927318708,47.28077399749064
-92.21792710101417,47.28136798879119
-92.21734154767023,47.28173778400284
-92.21697424335666,47.28225502153785
-92.21631688215886,47.28274039994777
-92.21568901220137,47.282786405326675
-92.21517476150026,47.28299128709185
-92.21476687716249,47.2834428212886
-92.21424550791893,47.283779476411055
-92.21389301975567,47.284088043038324
-92.21329067409218,47.28436456897721
-92.21271307175566,47.2847288159975
-92.21246628089484,47.285185317838355
-92.2121216160576,47.285455509637636
-92.21162247027918,47.28549553892917
-92.21132298674058,47.28528795514507
-92.21136153305704,47.28500783084783
-92.21149498031443,47.28446389709401
-92.21130712798923,47.28404174997269
-92.2109424334276,47.28370260984363
-92.21101270287083,47.28333451984778
-92.2109379207328,47.28298342786249
-92.2107347111459,47.28268760126002
-92.21052301302896,47.28233142661121
-92.21000731792434,47.28229475857576
-92.20962005354303,47.28220273419226
-92.20908692439923,47.28195187013579
-92.20851474954839,47.28189887839803
-92.20776642394893,47.2820330923632
-92.20763225434908,47.28247272573913
-92.2074485335195,47.28271495157545
-92.20702800908684,47.28244182082694
-92.20669888134634,47.28261852074568
-92.20686973209622,47.28289253444667
-92.2071203143183,47.28303437338184
-92.20762787737267,47.283049222077786
-92.20787113548343,47.283300968990346
-92.20763200646066,47.28370253339764
-92.20735151147638,47.283934011648704
-92.20732057311133,47.28413725111195
-92.20694448028792,47.28454470530834
-92.2065903292804,47.28458985528894
-92.20619572638715,47.28460754885021
-92.20590713515686,47.28482259039927
-92.2056739233256,47.28488927182592
-92.20544973245782,47.28510412871086
-92.20559673457907,47.285416581893166
-92.20589608203994,47.28564064675735
-92.2061645186755,47.28605706206682
-92.20611026029951,47.28638665682324
-92.20610375450342,47.28664468530915
-92.20636290588521,47.286868920337064
-92.20653134891246,47.28674761882599
-92.20645744881745,47.28653375551021
-92.20677971282413,47.286543635282854
-92.20699856117268,47.28675706178732
-92.20697588793728,47.286982224319395
-92.20721847099331,47.28712967654322
-92.20746139523237,47.28734290875982
-92.20706719078508,47.287421077197585
-92.20648637196922,47.28729674846206
-92.20614758277218,47.28721548622826
-92.20557594075262,47.28725579680549
-92.20544009873521,47.28744292113877
-92.20574717010939,47.287584614705956
-92.20562746304338,47.287771671112694
-92.2053063636815,47.2879484225597
-92.20507966749453,47.287773451488405
-92.20474729015707,47.28742317805921
-92.20440086989456,47.28741879384897
-92.20369295960077,47.28758583588929
-92.20342081063383,47.28786667351367
-92.20332692678795,47.288306221551615
-92.20336919530885,47.28863549609962
-92.20324979352353,47.28887195321424
-92.20368488623167,47.2888814562943
-92.20434535728002,47.28886291811812
-92.20492493530209,47.28880611171972
-92.2052470449032,47.28878306065348
-92.20536108061364,47.28897488701283
-92.20533905319478,47.289315322824756
-92.20521972640982,47.28957373851489
-92.2052293337229,47.289815231570834
-92.20510148399646,47.289980364837916
-92.20523204334174,47.29024348304644
-92.20550736231431,47.29048411904184
-92.20589533332392,47.29069152119613
-92.20617914470117,47.29099250350611
-92.2060511767815,47.29113019194137
-92.20560602095046,47.29080226564426
-92.20528251097235,47.29060016868752
-92.20493719039975,47.29077693102489
-92.20506736535866,47.290968689612164
-92.20535914020779,47.29125875116725
-92.2057966165647,47.29165807225366
-92.20590324845557,47.291965115808125
-92.20545219362351,47.291977646507355
-92.20504842856438,47.291808736363414
-92.20471652905329,47.29155726856531
-92.20442467380597,47.291272693836596
-92.20404492081639,47.29108181082672
-92.2038827263597,47.290917633614825
-92.20373685111677,47.29075887860263
-92.20364144959515,47.29097336680314
-92.20372342972377,47.291203664961984
-92.20376485296005,47.291395708127496
-92.20350822097953,47.29156669348794
-92.20346887862776,47.291720562168265
-92.20321918227734,47.291737812888336
-92.2029375115954,47.29178813465554
-92.20270647405748,47.292200632583096
-92.20299854130387,47.29252363616944
-92.20336209699603,47.29269263393731
-92.20357312345311,47.29296090243544
-92.2038313275147,47.293020466155
-92.20429702427685,47.29275545921928
-92.20453740675411,47.29255700428124
-92.20489894458728,47.292402131769954
-92.20524561530826,47.29244493922165
-92.20564968750864,47.292646694830864
-92.20586041970303,47.292838200964155
-92.20588576516113,47.29303580085569
-92.2060477050586,47.293155971365
-92.20625659596436,47.29307301369961
-92.20646867779163,47.29348399828791
-92.20596971956067,47.293568006306714
-92.20580162052684,47.29374428929495
-92.20570086914618,47.29438688441115
-92.20540577802682,47.294881998536134
-92.20489364312736,47.29543814482088
-92.20402700228864,47.29599542634723
-92.20307900640631,47.29643767635403
-92.20238098114896,47.296906584073135
-92.20195725398052,47.29742958851976
-92.20207201037155,47.29775855794721
-92.2016874274148,47.29810573590563
-92.20146438825326,47.298529174655144
-92.20115924893143,47.29869486747396
-92.20107219046018,47.29894216546352
-92.20134667507851,47.299029113230134
-92.20084117254486,47.299376615308226
-92.20064252761019,47.29982190853864
-92.20044315217008,47.30015750628366
-92.20029976730171,47.30043788452812
-92.19977878019422,47.300889744754826
-92.19923298420818,47.30123191920829
-92.19831587241669,47.301459914457155
-92.19779215882214,47.301478115625756
-92.19775392169308,47.3018021488031
-92.19707731087672,47.301853649990875
-92.19626211846416,47.30163116513142
-92.19577206456277,47.30186330415692
-92.19520933076008,47.302090161571904
-92.19483776546024,47.30193214995636
-92.19437855538466,47.30194457983466
-92.19383034116521,47.30188592464387
-92.19329078928278,47.30195357478388
-92.19292085995113,47.30205355141295
-92.19267902155426,47.30203781054987
-92.19231575620283,47.30193464922469
-92.19188219680709,47.3021995638665
-92.19135150115179,47.30237137833853
-92.19074229558395,47.30291129870975
-92.19028511829912,47.303275112415065
-92.18965969004888,47.30379313632191
-92.18860211897001,47.30481749484527
-92.18778303168024,47.30529769376076
-92.18734135183755,47.305562623551005
-92.18700468902313,47.30585466186235
-92.18641220034029,47.30651525550022
-92.18574688283203,47.30711027049585
-92.18500805707609,47.30754620789475
-92.18425935905994,47.30768575452521
-92.18356406376711,47.30868708886015
-92.183172351938,47.30922626820984
-92.18241733226812,47.30966234332611
-92.18169389874842,47.309988409220715
-92.18115630661275,47.31038535577346
-92.18055528071416,47.3109910578085
-92.18026629769729,47.31118965426545
-92.17971996769334,47.311465773709934
-92.1789579896035,47.31209946978348
-92.17814756629271,47.312733263252994
-92.17740199498827,47.31343275444903
-92.17635119293703,47.31430875455459
-92.17472979732739,47.3154829817445
-92.17383166530169,47.316287261236205
-92.17315075757593,47.31702489363241
-92.17239497015223,47.31736209503296
-92.17218685168213,47.31763171188291
-92.17209246096367,47.31803271585732
-92.1720632863984,47.31858734258375
-92.17186509299023,47.31916981267391
-92.1713272944788,47.319577689142726
-92.17157958352794,47.32002160129358
-92.1722331466605,47.320140512548925
-92.17280414916355,47.319902760097996
-92.17288262019788,47.31951270872814
-92.17305130595292,47.31942988157161
-92.17334160504657,47.319439984411744
-92.17335688587026,47.31929171207871
-92.17315476156317,47.319176964937576
-92.17352455126121,47.31901118342303
-92.17427388239804,47.31897051329672
-92.1751514994026,47.3187812093106
-92.17585871402615,47.318427803452366
-92.17651027188346,47.31818971192461
-92.1774034928204,47.317940033983646
-92.17816703674204,47.31755336437365
-92.17881716343823,47.31709029100374
-92.17969946910047,47.31632995119646
-92.18068694792616,47.31564621246869
-92.1813691633535,47.31515006005615
-92.18211630437685,47.314741470863794
-92.18286268489025,47.314201225620764
-92.18308599827597,47.313799781908045
-92.18335016496385,47.313486002768954
-92.18355787603055,47.31317793970099
-92.18391068868391,47.312863890894064
-92.18460191201565,47.31254334090878
-92.18498660343738,47.31216886673549
-92.18532431135547,47.31203602276759
-92.18573491952493,47.31196344479946
-92.18560730250397,47.31218344735937
-92.18527070659653,47.31251939269233
-92.18511922041137,47.31279429486302
-92.18489523331144,47.31308595800872
-92.18463874361991,47.313322859507394
-92.18426096782929,47.31350517707809
-92.18460900082266,47.31375114896873
-92.18437602905267,47.313878167458796
-92.18410942433765,47.313774678462444
-92.18380433414829,47.31396228108313
-92.18346841681618,47.31442447260736
-92.18318878303165,47.31483154451445
-92.18282000008786,47.31516761305361
-92.18281377855779,47.31550248691075
-92.18302507467124,47.31580381804088
-92.18298654505737,47.31610588756501
-92.18288273001498,47.31626540783554
-92.18304583754876,47.316594290143314
-92.1834891281868,47.31659295009812
-92.18339439513741,47.31694456004967
-92.1829865706192,47.31749478119219
-92.18248853611752,47.3177762969454
-92.18213533820477,47.31803544855255
-92.18179064767429,47.318360437634794
-92.1815184816393,47.3187016007444
-92.18149737220828,47.319228752400846
-92.18138096794318,47.32001410541239
-92.18141666894884,47.32060699060724
-92.18138650471933,47.32097489691255
-92.18163856839953,47.32133645037604
-92.18163331899414,47.321830601212945
-92.1825691235908,47.321953988013846
-92.18316692816131,47.32219922557023
-92.18362855299468,47.32256559735293
-92.18442800974039,47.322804705937585
-92.18517913180837,47.323054983151614
-92.18592053526265,47.32302524842311
-92.18646122202735,47.323122400432815
-92.18683246491682,47.32321456846382
-92.18704304565716,47.323367594227655
-92.18778350012838,47.32318414928748
-92.18851459625465,47.32276460717094
-92.18935069912695,47.322383236211465
-92.19012235421744,47.32201850055506
-92.1906765586846,47.32169829575553
-92.19173624827856,47.32095387374022
-92.19212102868087,47.320617709661
-92.19228787572662,47.320210991348716
-92.19239804215155,47.31975492244206
-92.1921865174601,47.3194206733646
-92.19250764223362,47.319205626682106
-92.19296695352091,47.319187715913436
-92.19308899883788,47.319384918879535
-92.19295229137101,47.31942930786689
-92.1926779728819,47.319386253422955
-92.19267083228107,47.3195509625807
-92.1927608309995,47.319775744975054
-92.19275510838091,47.320160113376225
-92.19257988657131,47.32051746251675
-92.19223600049517,47.32095775710283
-92.19191521646053,47.32122778516702
-92.1914500238556,47.32162996887851
-92.19069570898661,47.32220332720134
-92.19012561008567,47.32256742157565
-92.18972360337634,47.32273887767333
-92.18935345065479,47.322860796925234
-92.18903243444512,47.32309239235995
-92.18823825033735,47.32374274790906
-92.1879891945505,47.32388072758049
-92.18803047593343,47.32404532948904
-92.18776638112136,47.32437000735741
-92.18733989280855,47.32451410661381
-92.18698470208,47.32442736314366
-92.18668617945454,47.324373414702904
-92.18629081851807,47.32430869984915
-92.18587093809646,47.32419476857851
-92.185404860371,47.32444322993295
-92.18507345023265,47.32429051186216
-92.18474333071835,47.32434647318811
-92.18452686405486,47.324550274944194
-92.18393871780393,47.32461240621538
-92.1833510570449,47.324745984632976
-92.18300584197539,47.32499961657819
-92.18329796803506,47.325322578930525
-92.18363830857533,47.325634456091834
-92.18376874002138,47.32587015136372
-92.18344784623514,47.32615113274601
-92.18317607819023,47.32654179297771
-92.182877416746,47.32648774367038
-92.1824567710231,47.32622550211951
-92.18208507600312,47.32606744901904
-92.18153531230223,47.325811121242396
-92.18104413185209,47.325900475153865
-92.18070567881504,47.325912453476626
-92.18045694394344,47.32612186574359
-92.17997309346794,47.326079352051025
-92.17986734317832,47.32592598377262
-92.17945700571,47.32605901134054
-92.17919211014559,47.32625192820841
-92.17864425775876,47.326308471976915
-92.17828173219384,47.32635347443597
-92.17795923259106,47.3263435131385
-92.17764515477774,47.326404878089264
-92.17750837069542,47.32644366912072
-92.17728208264016,47.32634009391166
-92.17716204490655,47.326510650223376
-92.17692292618709,47.32699448273526
-92.17657882084347,47.32742923947459
-92.17612249679716,47.32799051476331
-92.17594771585833,47.32844673285523
-92.17543329915934,47.328717301787606
-92.17539720868899,47.32968400159478
-92.17539102022175,47.331984170969925
-92.17538227684594,47.33523278443478
-92.17534970762114,47.348310503423846
-92.17532969404628,47.35744677402172
-92.17527300869826,47.37168792083434
-92.15429621510525,47.37180852770756
-92.15830719377544,47.37355464840151
-92.1595571229403,47.37494568172157
-92.15954889594855,47.378472755271915
-92.15881417375135,47.38053948176517
-92.15661475897848,47.38302258199375
-92.15441928344511,47.384989529350435
-92.15325550178012,47.39020036410397
-92.15253749020106,47.39516603815371
-92.15368692058748,47.39886613956261
-92.15125957508884,47.40447774489583
-92.15570109246735,47.41978803987382
-92.1552961613045,47.43126595177012
-92.15461174460799,47.443251007874075
-92.15004149268405,47.44940056133097
-92.14684978682462,47.458198534872274
-92.12886234162939,47.47047636364227
-92.11712373171572,47.47417774935376
-92.1131919112208,47.480362306896716
-92.11309714541937,47.482380926942895
-92.1123367132615,47.485130168857516
-92.11122512111353,47.489183025402525
-92.10613714091112,47.491458052184726
-92.10337726564741,47.49215779076479
-92.10141370895631,47.497949509972415
-92.10299396442358,47.49993893927969
-92.10294103219316,47.5015262346043
-92.10143497358492,47.50303727562261
-92.10288518718082,47.50460434608258
-92.10491393007409,47.50555054948232
-92.10554824125822,47.5065645969626
-92.10712395461898,47.506955288751975
-92.10877994914595,47.50810340597859
-92.11053228371635,47.50906304055631
-92.11228680916007,47.5098965279398
-92.1125585850226,47.51034011150439
-92.11264209117127,47.51090837477452
-92.11456801252822,47.51262611261925
-92.11539087189259,47.5135154227378
-92.1149127519679,47.51426855567888
-92.11470962029979,47.51527608385689
-92.1142997576343,47.516262375857984
-92.11590273898145,47.516294384678844
-92.11655220940841,47.516425527045016
-92.11811139342028,47.51782503505383
-92.12463061677462,47.51768577971817
-92.12639088825844,47.51820375099935
-92.12973265718118,47.51879677653247
-92.132147764538,47.51913042159072
-92.13818928450027,47.5197436001455
-92.13967667218186,47.51988090541097
-92.1432151538398,47.519844329001586
-92.14664943882752,47.51926988717735
-92.14834740411624,47.51912573827027
-92.15283601840964,47.517897617451865
-92.15339961673634,47.51758643754441
-92.15580780508421,47.51751443042279
-92.15894380605532,47.517758430226735
-92.16402480766828,47.51840242994285
-92.1723769374858,47.5183302900491
-92.17679747813234,47.51823396452907
-92.18108881260716,47.51756842858167
-92.18552811294629,47.517254455760806
-92.1918398157402,47.517180427742495
-92.21233851745082,47.51731575943569
-92.22875482677671,47.51761542510005
-92.23223882782047,47.51767142485259
-92.23563417743749,47.517244648412074
-92.23767082936315,47.517228424394624
-92.23832683064467,47.52403742527159
-92.23808283071156,47.524910425408024
-92.23670183067479,47.52724942582689
-92.23705988153017,47.529934315519654
-92.24928905184173,47.53028258602377
-92.25465383653861,47.53057942496384
-92.26128383862103,47.53128942457437
-92.26116361002944,47.53433968573762
-92.26133634516012,47.53604578013582
-92.26304062165335,47.54303194045135
-92.26414643193003,47.547316533067644
-92.26481453902709,47.5660262887919
-92.26423445722021,47.574930377093544
-92.26377070196199,47.58000310243875
-92.26315802629006,47.582042774521874
-92.2619012574939,47.583597451431864
-92.25957838892165,47.58480835559522
-92.25696849304123,47.58522853054213
-92.24956335564823,47.585892412861654
-92.22852912412814,47.58763078188034
-92.2269686630984,47.587963655411215
-92.22528261891539,47.588890582031226
-92.2243125040796,47.59051111481263
-92.22391754342993,47.59343735369984
-92.22428783433037,47.59451906678177
-92.22602844728563,47.59653510676696
-92.22771954348366,47.597420390891166
-92.22916947892,47.598024084474616
-92.23023845817852,47.59845227454284
-92.23208437712513,47.599763484182915
-92.23356673132724,47.60069097598512
-92.23573033235077,47.601868175365794
-92.23675474120101,47.602530201930925
-92.2383005882463,47.604752337130314
-92.23823234244776,47.60686140351715
-92.23781838626755,47.60943776412935
-92.23823650038412,47.61213493917467
-92.23978747324365,47.61516775196779
-92.24188217781764,47.61950920678261
-92.24292488303128,47.62167002301723
-92.24358801062505,47.62374581733364
-92.24347942978129,47.62629663429407
-92.24294749102117,47.62994256112474
-92.24279172780969,47.63127132407528
-92.24279736692864,47.633424184172135
-92.24370353541087,47.636050601141825
-92.24460999890809,47.63841337522765
-92.24584669532892,47.641639411506496
-92.24762408942371,47.644178562523166
-92.24988530738047,47.64703452752569
-92.25207635892643,47.64933255998977
-92.25408779746726,47.65233706657319
-92.25514005205588,47.65499762523529
-92.25605191364185,47.65681924609541
-92.25795638870724,47.659639573418204
-92.25923763571892,47.66080669838825
-92.2620667553513,47.66249957876226
-92.26737321171164,47.665234929074586
-92.27288687736753,47.6682765846666
-92.27484417187787,47.669291927258804
-92.2758539697266,47.66984116780309
-92.2783288406287,47.67181208562926
-92.28098681052603,47.67648402135133
-92.2875172790255,47.686195598515596
-92.28952261811118,47.68926073318567
-92.2895777236031,47.693016778339775
-92.28963866674364,47.711838451511994
-92.28855570832708,47.71452663461924
-92.28653809891401,47.718432616796626
-92.28609878871698,47.71972897198889
-92.2859548831708,47.722381540324776
-92.28624325378338,47.72709420951249
-92.28518348059292,47.732785483646985
-92.28484816079082,47.73417065589355
-92.28476113335256,47.7366006544338
-92.28358995152074,47.74034429191761
-92.28219632307395,47.745696393795406
-92.28213654470431,47.74755043642017
-92.28346687743485,47.749942137719664
-92.28527043422723,47.75268488939938
-92.285207911914,47.753977132029554
-92.28504878836316,47.755547301329706
-92.28353793511685,47.75873496185421
-92.281514532902,47.76238401453642
-92.28041721521582,47.76720805751577
-92.27976867257263,47.77005875253343
-92.27989460785422,47.77208337666024
-92.2799292331963,47.77718895371068
-92.2787167877028,47.78218251779752
-92.27747731108263,47.78664142465869
-92.27653957961829,47.787957444224034
-92.27428339880366,47.78998683304392
-92.27377749464891,47.79063163061887
-92.27329749979612,47.791684909396935
-92.27306186806412,47.792924181962306
-92.27256298604522,47.79554778015279
-92.27251898948347,47.79662711859833
-92.27294251165856,47.79765453612723
-92.27384651523293,47.79868247319078
-92.27531269135243,47.79971557306433
-92.27841581893806,47.80175795625952
-92.28040833869743,47.80361879180973
-92.28127466710282,47.804390045298994
-92.28005791349965,47.80503393399302
-92.27835205147352,47.80535486526703</coordinates></LinearRing></outerBoundaryIs></Polygon></Placemark>
<Placemark>
<ExtendedData>
  <Data name="COMNAME"><value>Gray wolf</value></Data>
  <Data name="SCINAME"><value>Canis lupus</value></Data>
  <Data name="SPCODE"><value>A00D</value></Data>
  <Data name="VIPCODE"><value>V02</value></Data>
  <Data name="UNIT"><value>3</value></Data>
  <Data name="SUBUNIT"><value></value></Data>
  <Data name="UNITNAME"><value>Zone 3</value></Data>
  <Data name="SUBUNITNAM"><value></value></Data>
  <Data name="STATUS"><value>Final</value></Data>
  <Data name="LEADOFFICE"><value>FF03E19000</value></Data>
  <Data name="COOPOFFICE"><value>N/A</value></Data>
  <Data name="COOPOFMORE"><value>N/A</value></Data>
  <Data name="FEDREG"><value>43FR9607</value></Data>
  <Data name="PUBDATE"><value>19780309</value></Data>
  <Data name="EFFECTDATE"><value>19780410</value></Data>
  <Data name="VACATEDATE"><value></value></Data>
  <Data name="ACCURACY"><value></value></Data></ExtendedData>
  <Polygon>
<outerBoundaryIs>
  <LinearRing><coordinates>-95.34068151888363,48.37556165043353
-95.34070073921568,48.37691668750095
-95.34069534088452,48.38193607635825
-95.34072304694247,48.417668853825674
-95.34071974719592,48.43099408517799
-95.34070396561776,48.439173039221195
-95.34042302179648,48.43958813761178
-95.33482143766842,48.441281593144204
-95.32909617949663,48.442995063043774
-95.32542410518396,48.444522862063295
-95.32213418807221,48.44628637796335
-95.32084357451244,48.44716028389249
-95.31900940602245,48.45230727019348
-95.31894456421085,48.458136054467325
-95.31895819535947,48.470424964725574
-95.31914977454447,48.470870969159115
-95.32287479695219,48.47195196752579
-95.3257488159776,48.47430968101722
-95.32597412015055,48.47487195761913
-95.32590516957845,48.475611132966634
-95.32567667141711,48.478566876732984
-95.32519439924104,48.478896030788164
-95.324341506876,48.47896275200929
-95.32224662055995,48.479077038850946
-95.32146461708798,48.479205288910464
-95.3210720622149,48.479712561410416
-95.32034301596688,48.48250294192125
-95.32019622997986,48.48447631483692
-95.31987244311229,48.48686342085421
-95.31978345045745,48.48735928078574
-95.31933640166454,48.48857701655729
-95.31907369587196,48.49028871859377
-95.3189654109918,48.49340396879692
-95.31875088616302,48.494348510821375
-95.31863817857612,48.49479010042555
-95.31846288006659,48.49566773945753
-95.31811905266494,48.49902634256994
-95.3161603743019,48.5015625399537
-95.31379263379287,48.509455813157906
-95.31325701092707,48.51016387253948
-95.31075350645256,48.51259845762857
-95.303346441072,48.52002126637959
-95.30342500648906,48.521837138963974
-95.30356483792993,48.52368777348959
-95.3036496496933,48.52455880878591
-95.30492237485845,48.527344960819505
-95.30527631244188,48.52826908530344
-95.30557745581352,48.529158277516494
-95.30585413828446,48.53001197008509
-95.30641235025195,48.530828528804165
-95.31259099824304,48.53703857506627
-95.31301750247474,48.53780376518356
-95.31345090628425,48.53873402596549
-95.3136685481181,48.539203243022946
-95.31485420927822,48.540088118093145
-95.3167412153739,48.54114655365011
-95.32015942127354,48.54240152796373
-95.32079230191033,48.542694671566146
-95.32106668094147,48.542981547697096
-95.32105735319746,48.55270445665412
-95.3210848658967,48.563071986347865
-95.3210477003999,48.5689943759877
-95.32098286533326,48.58352017874095
-95.29878607855213,48.5835068111343
-95.2937221873485,48.583481882496244
-95.24617244207009,48.58347048745266
-95.24478483521507,48.583466069393374
-95.24088940147254,48.586470541946966
-95.24013327341478,48.587034085198226
-95.2340933117956,48.58953452984189
-95.22721461045863,48.59190930674003
-95.2210899362736,48.59402051386517
-95.20962097530101,48.59801553155675
-95.20430151344256,48.60254781954667
-95.19916340331946,48.60727135336504
-95.19769739844104,48.60858143267999
-95.19682369429557,48.60887701890265
-95.19603825661385,48.60890100289503
-95.17999198089738,48.60904855909643
-95.1797820596522,48.609263964912756
-95.17942675310911,48.61038632571017
-95.17932280913121,48.61094611015708
-95.17906751210523,48.612107062724284
-95.17876089998052,48.61249973903813
-95.17037674679962,48.6126716160771
-95.1703213963593,48.618678175313924
-95.17003505251317,48.61901196476237
-95.16527093197074,48.61983942811683
-95.1497925853326,48.61983261904232
-95.14740531259413,48.62063742228631
-95.14508260380688,48.620766197456014
-95.14342828363534,48.621026434825204
-95.14067767406105,48.62074472683471
-95.13895853455809,48.620475282309265
-95.13801233730611,48.62053334550299
-95.13709924711279,48.62062227579239
-95.13531442936858,48.62044396608655
-95.1333732398805,48.62035849661604
-95.13141781122769,48.62057915577828
-95.13048283657403,48.62055147779488
-95.12891620168342,48.620256568515416
-95.12596458829384,48.61973980597122
-95.12509948924931,48.61959833151086
-95.12317593041695,48.61914348820704
-95.11858766990261,48.61839579759045
-95.1136542407826,48.61701547661059
-95.1116766640088,48.61698879012784
-95.10972975266047,48.61666010880498
-95.10651421076028,48.61621066401285
-95.10544769602092,48.61600525025334
-95.09943356898822,48.614041284076215
-95.09630080038534,48.613495576831156
-95.09441916823376,48.61290453612803
-95.09004960968852,48.612120241955445
-95.08755667505967,48.61111732871036
-95.0854448446767,48.61019292952896
-95.08423667514026,48.60891024916391
-95.08315388473926,48.60820358933973
-95.07816554370518,48.60519629650435
-95.07572412598167,48.60379815926513
-95.06659824168075,48.600303257278824
-95.05998925154017,48.598001532372116
-95.05288744492617,48.597925971830605
-95.04405533898138,48.5951501328419
-95.0429284505438,48.59501718933479
-95.0378712534942,48.5948549154492
-95.03253231635671,48.59510675591238
-95.023150261525,48.59554194081092
-95.01564262144976,48.59593005852027
-95.01014130817357,48.59733980854342
-95.00787096457917,48.59788325964625
-94.99826790812463,48.59787042036131
-94.99227518706473,48.600425952700114
-94.98829997569291,48.60198367117657
-94.98733643587636,48.60218924454119
-94.97831493226359,48.602542565631175
-94.97760490032614,48.60216339986899
-94.97662281071159,48.60106461091503
-94.97421077677116,48.598415964690446
-94.97361511835564,48.59796733602929
-94.96954712739435,48.597803088367925
-94.96516280820494,48.597788047965
-94.95453453936614,48.594086829965
-94.95280163766154,48.593234543239525
-94.95292812487138,48.5800789097236
-94.95278584476772,48.56134070655802
-94.94203749024484,48.56219733434162
-94.94026398834964,48.56233070932755
-94.93829968196592,48.56207140501635
-94.9346306140637,48.561381890384176
-94.93191077035173,48.56130161738991
-94.92690263130085,48.56118313784118
-94.92490104984981,48.56105468461676
-94.92204661529074,48.5613003187372
-94.92047846350279,48.56139847004094
-94.91717533509767,48.557215983317285
-94.91341553085587,48.55627089266079
-94.90723256218438,48.555226406030705
-94.90319217674507,48.55456003746335
-94.90000927221993,48.55446417532065
-94.89681450832603,48.55443589750625
-94.89499481565582,48.55434891190997
-94.87699153807836,48.54868795775174
-94.85709477056444,48.54238449332798
-94.85525126285738,48.542072342068465
-94.84836932200805,48.54129687505125
-94.842350500292,48.540732106395005
-94.83936007459721,48.54181907942199
-94.83778579261079,48.54677452871289
-94.83688095259357,48.54780562220146
-94.83614303235687,48.54805581434681
-94.83415145636485,48.54810106421644
-94.831300053235,48.54828142149898
-94.83079445111557,48.54873930944356
-94.83027210867948,48.54917946753124
-94.82943668532727,48.549498643516586
-94.82863727918529,48.54988921624194
-94.82738279012365,48.55096627420998
-94.82666504428445,48.5514500037438
-94.82503633957207,48.5521686002745
-94.82316855037328,48.55263454980976
-94.82090310106967,48.55297180748078
-94.81526651244785,48.55404150058125
-94.81081779393416,48.55475935048349
-94.80791511582464,48.555070387569444
-94.80307311923343,48.55556019537639
-94.8021869565286,48.555960938763945
-94.80131501934787,48.556392941636524
-94.79967333480694,48.55699891914309
-94.79567080910924,48.557137903796715
-94.77863461132732,48.55773979827422
-94.77788753134473,48.5581516995773
-94.77665777998266,48.5590523781093
-94.77609144074577,48.55958293498504
-94.77436337977184,48.55994696777094
-94.77355442749726,48.5598874603429
-94.77238838089596,48.55901473407197
-94.771515114814,48.55864131330321
-94.77013420838294,48.55748397198408
-94.76842203809544,48.55559396310455
-94.76768627200823,48.555213902338444
-94.76664601999045,48.5551623969265
-94.76112541537748,48.55518401896099
-94.75756701738189,48.555210173276095
-94.74473468513969,48.5551891044463
-94.69214872839791,48.555048373174195
-94.68621068255555,48.55536893847138
-94.68113765141305,48.55567344014672
-94.6480387156032,48.5555683767344
-94.64769871290306,48.541088374935214
-94.60621870076103,48.5409883782048
-94.56065868743183,48.540958381802874
-94.56063868621301,48.5341883809491
-94.56072868469572,48.52556837985261
-94.56047867963954,48.497708376349024
-94.55945867416246,48.468698372756805
-94.53865274569412,48.468667626812866
-94.5377217199113,48.468666163041156
-94.515898661442,48.468778376200966
-94.49440865517113,48.468858377904176
-94.47295305113197,48.46881496351317
-94.42984293615683,48.46879191590768
-94.42939404860255,48.46802826748423
-94.42824562387034,48.46808301279765
-94.42655050284134,48.468769801960725
-94.4255203433669,48.4693493656726
-94.4242579592418,48.46930651813839
-94.42317025626457,48.46888813000527
-94.42136813892314,48.46882043601664
-94.41895479492443,48.468787242816305
-94.41773785660926,48.46888771186841
-94.41614176745422,48.46920425901284
-94.41482667800507,48.46972875366167
-94.41341664409651,48.46992601702418
-94.4126160464127,48.46996283814697
-94.41160046118652,48.470708538037925
-94.41089049398173,48.471589932083106
-94.409432198722,48.47206213963679
-94.40803693396782,48.47270449602205
-94.40645714659361,48.47309718119506
-94.40561263286452,48.47318397238109
-94.40306482641653,48.473448981003216
-94.40221085539834,48.473499875422675
-94.40132825801943,48.47337117677276
-94.3999015800563,48.47283074182317
-94.3983635218458,48.472282645969294
-94.39789854893199,48.47174848927723
-94.39678496593065,48.4705969300559
-94.39494718715967,48.46950494308799
-94.39382003558391,48.46922938485348
-94.39173252185665,48.46976296823348
-94.39055357113311,48.47031252836923
-94.38869888015068,48.471153631102666
-94.38823240548345,48.471505634894946
-94.38784835862955,48.47188813134326
-94.38637061870998,48.472477238351075
-94.38561270720622,48.47267080040907
-94.38499619432145,48.472498286946966
-94.38397943418151,48.47222262343766
-94.37588370610881,48.4722027460927
-94.36956637202174,48.4723725709959
-94.36636578083343,48.472266670131226
-94.36464855907762,48.47219707946897
-94.36392863502185,48.47182325265208
-94.36286233223073,48.47029294299993
-94.36088297260744,48.46890837613908
-94.35894144964382,48.4683825184853
-94.3556631849408,48.468524648431845
-94.35111379508983,48.468515176619285
-94.33155798546663,48.46846694869464
-94.33055536784882,48.46853879908292
-94.32913027560684,48.46878539598266
-94.32757773414852,48.46900953139916
-94.32628623441038,48.46891646281061
-94.3248244059901,48.46853294677785
-94.32115916412107,48.46854359664224
-94.31896630837699,48.468433800513715
-94.31741374266277,48.468609028090604
-94.31585470758444,48.4685998755862
-94.31161605854776,48.46848857592772
-94.30804207900908,48.46840105010827
-94.29908044852884,48.46823716276921
-94.29872833223281,48.467593372752674
-94.29863424630118,48.46715359479665
-94.29774723169916,48.46680373222386
-94.29715450350687,48.46672044783243
-94.29620349640757,48.467077537984125
-94.29495629923153,48.46792377696456
-94.29337970891919,48.4683373636369
-94.28801681098564,48.468640425725646
-94.28424195086973,48.46931688363275
-94.28365447608151,48.469710297255226
-94.28231925503601,48.47034595718083
-94.2804530147421,48.47143734708953
-94.27952251551729,48.472180929128236
-94.27873745886113,48.472572015616855
-94.27822993631342,48.4729870044725
-94.27764397205262,48.47384819917897
-94.27725148417244,48.47411346064808
-94.2751721464824,48.474186002088615
-94.26545455666286,48.47377146143002
-94.2631114497122,48.47369374109435
-94.2613955635553,48.47329871342002
-94.25905546266875,48.47306793361087
-94.25637534297476,48.47303874637925
-94.25376885431965,48.473355067587725
-94.25111848445819,48.47319498157961
-94.24963719873531,48.47289619170822
-94.24904983197793,48.473185964439025
-94.24786816931358,48.4740354769181
-94.24549641154017,48.475446661843016
-94.24367438782191,48.47572277259499
-94.24153960440572,48.47562436790437
-94.23978576874256,48.475350883071684
-94.23862436706425,48.47540837263795
-94.23744955692217,48.47587084579144
-94.23482024571254,48.47640740126718
-94.23224087038454,48.476214630035564
-94.22914702917697,48.47551898410091
-94.22703571096056,48.47537507630466
-94.22523793127367,48.475538177777075
-94.22342433212,48.476749533157836
-94.2227923119058,48.477107121031786
-94.22160940752589,48.47739858092096
-94.21932334672117,48.47751729006555
-94.21754587958922,48.477720540905246
-94.21646370357976,48.47865414462073
-94.21533835194056,48.47955220717626
-94.2143114266985,48.48034125989035
-94.21395032834101,48.4807859065348
-94.21381993999087,48.48177241764559
-94.21321932733228,48.482547966331104
-94.2110189382533,48.48298948676949
-94.21020459783469,48.48322746807723
-94.20844494185081,48.483745273688996
-94.20669965288964,48.48438885495653
-94.20389240951417,48.48430129843691
-94.20198807219651,48.48417725685203
-94.19830143237982,48.484458611741545
-94.19649519799715,48.4846033576296
-94.19497413568885,48.485095984265726
-94.19277124866765,48.48560465582506
-94.19248568210381,48.484788919064094
-94.19238870676602,48.4837912944723
-94.19220082653814,48.48292056466251
-94.19246216254713,48.48210815740077
-94.1929613150829,48.481104354500175
-94.19327874568427,48.480466798613854
-94.19335623900494,48.48000266670946
-94.1929090647923,48.479759894393574
-94.19216203149617,48.47974964200773
-94.19137156284488,48.47969035275825
-94.19006250783305,48.4792270734645
-94.18941365533686,48.478460067829694
-94.18923228596245,48.468439645049834
-94.18905308361566,48.46674112337126
-94.18924496414525,48.465978920563465
-94.18939875546847,48.46557697853791
-94.1894483352039,48.464539401170725
-94.18738477742961,48.46454516415496
-94.18632185346603,48.46441217966187
-94.185372655225,48.46413406694505
-94.18332275583332,48.46451503157863
-94.16819268391758,48.46440421499671
-94.16796585539926,48.464743892934415
-94.16797286325796,48.46738884541802
-94.16733737050461,48.467975579096056
-94.16645938971682,48.46812842858033
-94.15692937034721,48.468080684566054
-94.15603648331188,48.46806266754044
-94.1539559067261,48.46722281788222
-94.15130855411182,48.466098404482075
-94.15022088058136,48.466110314798975
-94.14732855299401,48.466388404830305
-94.14676855286665,48.46659840490087
-94.14511855241379,48.46677840505287
-94.14380855206787,48.46699840518337
-94.14218855169804,48.467598405386575
-94.14088855139924,48.468068405548166
-94.13573701467632,48.4680610230218
-94.13279854901896,48.468048406178156
-94.13161854862275,48.467768406234704
-94.13001854803068,48.46707840627178
-94.12921854777264,48.466948406317734
-94.12587854676478,48.4667984065597
-94.1236309192319,48.46716212029732
-94.12203854577076,48.46755840695678
-94.12048854537541,48.46789840712132
-94.11793854463316,48.46793840732574
-94.11659854427121,48.468118407453424
-94.11482854394191,48.46919840772954
-94.11421854404192,48.47077840797879
-94.11315854392308,48.4718684082007
-94.11215854370164,48.472278408331164
-94.10883854284963,48.47297840867992
-94.1079785425774,48.472868408733106
-94.1064785420411,48.472328408781465
-94.10434854139031,48.47218840893004
-94.10279238385324,48.47256752358551
-94.1019385408145,48.47293840921403
-94.10164854079464,48.47330840928392
-94.10150854120953,48.47588840962403
-94.10157937330587,48.4794361307885
-94.10131854228345,48.482278410453986
-93.98913705241692,48.48339713424126
-93.95327849890644,48.48330842213878
-93.94923849738167,48.481408422210684
-93.94903849682925,48.4786084218682
-93.94694849583837,48.47647842175866
-93.93909383693138,48.47605059588282
-93.9291884904877,48.4757984230549
-93.92755848971872,48.474158422971996
-93.92517848807213,48.46878842247019
-93.85606846772127,48.468868427856634
-93.85209846670385,48.469738428276685
-93.84795846598603,48.472598428964886
-93.8096684547379,48.47284843197205
-93.80700845460676,48.47656843265547
-93.80726846109538,48.513018437303955
-93.71018843233743,48.51250844477857
-93.66796842031584,48.51510844838636
-93.64909841486298,48.51582844994134
-93.63174841018478,48.5184084516167
-93.61351840486415,48.51881845308138
-93.59692840002053,48.51918845441344
-93.58356839651594,48.52174845577632
-93.57518639402349,48.52168245641658
-93.576170390533,48.500102453567955
-93.58106238968334,48.48698045150277
-93.58150838660984,48.46865144911081
-93.58126938408417,48.454598447320684
-93.57105437857574,48.44034344627398
-93.57085037241721,48.40533944177761
-93.5738453725151,48.40081444096288
-93.57117937149458,48.39947744099604
-93.56820037028677,48.39759544098298
-93.56536136881508,48.39395744073251
-93.5625543673414,48.39025244047074
-93.560997366608,48.388680440387894
-93.55636636480384,48.38617444042137
-93.55236136330863,48.38438144049858
-93.55054536254121,48.38305344046703
-93.54968336206778,48.381794440370896
-93.54931536151464,48.37923544006877
-93.54927935686536,48.352497436616545
-93.54933460847901,48.33764688154358
-93.54933567405239,48.33736162838451
-93.5495943535828,48.33301043407211
-93.55095735317467,48.32832643336117
-93.5512040551682,48.3181891851325
-93.55112534979912,48.30852243078485
-93.55180434888416,48.30206742989669
-93.55158083088493,48.297188803382134
-93.55112255306034,48.28993875384744
-93.55111125606022,48.28227278446739
-93.55104934377493,48.2737584262864
-93.55023234316546,48.27162242607222
-93.54795416131203,48.26961134783102
-93.53326533616094,48.26003742587293
-93.53025133483902,48.25752742577867
-93.52728348909781,48.25401433441293
-93.52266733103237,48.2484174251784
-93.51807432866552,48.24253942476764
-93.51702232793319,48.24008642452977
-93.51571500445826,48.233690484417494
-93.51620132701609,48.23616142408293
-93.51340932402235,48.22353342265631
-93.51178189860173,48.22129351658705
-93.50878204467739,48.218667645501014
-93.50017431810365,48.21180742214652
-93.49161631441739,48.20504042192208
-93.48817173304309,48.2026274252131
-93.48709931256772,48.2020274218761
-93.48431519244177,48.20069304292115
-93.48092736178955,48.19907904290158
-93.47852230932567,48.19788042199334
-93.47745830889632,48.19720742198718
-93.47696030866352,48.19670642196012
-93.47618830830429,48.195939421919405
-93.47550030788625,48.19468442180871
-93.47528030766408,48.19376642170606
-93.47522057636671,48.19066778930052
-93.47530357505735,48.177280953408626
-93.4753513037057,48.170514418672326
-93.47530530312886,48.167220418246636
-93.47015630157594,48.16702341861491
-93.46980230144875,48.16689041862465
-93.46980030129653,48.166003418509206
-93.46973130112833,48.16513841840175
-93.46927530086747,48.1643994183403
-93.46796930029906,48.16332841830062
-93.46692394697237,48.16282444154037
-93.46656529975184,48.16255041830661
-93.46651029969152,48.162292418277175
-93.46757658227637,48.1614535389037
-93.46837829998312,48.160773417936305
-93.46952230004624,48.15916741763944
-93.4701422999382,48.15746441737003
-93.47016871870855,48.15479139394239
-93.47006950360165,48.15313468860661
-93.46980423583128,48.15275184484015
-93.46855829863166,48.152551416850606
-93.46610252087429,48.15240054238244
-93.46424748061325,48.15179447165911
-93.46229037453155,48.151746578465996
-93.45991289390656,48.152121992826295
-93.45738248661405,48.151937974188826
-93.45184650635167,48.15212607536841
-93.44597229187666,48.152019418507976
-93.43993224241134,48.15240185703859
-93.43427028861178,48.15312441954644
-93.43144841359862,48.1532725387875
-93.42896812791767,48.15364873468525
-93.42377556273559,48.15429338426247
-93.42198228520186,48.1543964206513
-93.4209902848954,48.15431642071665
-93.41902885377031,48.15357015968956
-93.41521162307252,48.15179726176442
-93.41285028187559,48.15070042086656
-93.40601338067027,48.148119973732136
-93.40380127863888,48.14738542112491
-93.40255827825568,48.1472904212074
-93.40153155636683,48.147578258789835
-93.39995627758297,48.14785042147917
-93.39821727703834,48.14766742158806
-93.3937312756112,48.14706542185195
-93.39061827472051,48.14723242211139
-93.38877127418228,48.147274422257844
-93.38737527374536,48.14712942234548
-93.38543027307166,48.146546422417806
-93.37799271044821,48.14406661829445
-93.36565984072956,48.139954780887514
-93.35794126340272,48.137440423325444
-93.35643026293431,48.1373104234237
-93.34825315160118,48.13465592440128
-93.33696201135508,48.13093453849597
-93.32867173114015,48.12815998169327
-93.31576390656957,48.12395466112613
-93.31172224720454,48.12247542489084
-93.30960324482712,48.12148816910665
-93.30748546391158,48.12068476296297
-93.30399604483797,48.119527977455995
-93.29876130764592,48.11779386609274
-93.29148124001296,48.11534542549861
-93.2845108649939,48.11202933918659
-93.27939289512106,48.10959493889357
-93.27364861866386,48.10686249260598
-93.26916523161721,48.10472942580607
-93.26859323141137,48.104512425821156
-93.2266092189703,48.1043364289896
-93.22659321330276,48.0708664246
-93.22629621313048,48.0703664245569
-93.22558621285945,48.070004424563294
-93.2223169801371,48.06961015185189
-93.21933827422356,48.0692816098913
-93.21816321051189,48.069096425007544
-93.21644762635404,48.06841888685493
-93.21591220969631,48.06820742506165
-93.21504220941804,48.06808242511126
-93.21374671891532,48.06800535690127
-93.19417765939394,48.0678710686861
-93.18757337346204,48.06787622192469
-93.17936278394262,48.06784731103268
-93.17540819762856,48.06766242806275
-93.17461419733701,48.06732642807882
-93.17332034452107,48.066444785420465
-93.17182219624213,48.06573142808092
-93.17044119576047,48.065297428128595
-93.1681876117928,48.064319910597504
-93.16622219416699,48.06324842817916
-93.16570319390215,48.06258842813175
-93.16433518580187,48.06197357548995
-93.16106481711154,48.060655359785656
-93.16053019200669,48.06042142823904
-93.15807419128936,48.060475428432284
-93.15631119082002,48.0607844286065
-93.15272214641767,48.06205563010162
-93.15081768643753,48.06265179395111
-93.14777492182775,48.06274143598806
-93.14382938461331,48.062733793686235
-93.14199476340428,48.06268413970645
-93.13907654265464,48.06239449511797
-93.13634518513244,48.06208143028979
-93.13382818441087,48.06221843049847
-93.13223796070484,48.062132644097474
-93.12593133935118,48.06184166495602
-93.12310118112502,48.06155443122363
-93.11965218000806,48.06098243140957
-93.11776367076028,48.060221183545096
-93.11463217823075,48.05925043156187
-93.11215037888617,48.05903108022013
-93.11029917687792,48.058831431834804
-93.11042942726408,48.03424562411764
-93.11025360182973,48.01513630605326
-93.11012600308044,48.00722622785515
-93.10992332280624,48.00598344074697
-93.1095400424999,48.0032931347569
-93.10909701959014,47.99866951424545
-93.10889755387359,47.99424700147453
-93.10918149307115,47.987992716447984
-93.10929116437055,47.9861804223407
-93.11634916647193,47.98626742181886
-93.11747816676231,47.986008421699374
-93.11898116718554,47.98588242156916
-93.119751167412,47.985875421510045
-93.1205683594791,47.9861042219562
-93.12096416783768,47.986275421471134
-93.14156417398138,47.98659941995663
-93.14175082325693,47.98413223696059
-93.14213618972167,47.97903761652354
-93.14231917274331,47.9778874187508
-93.14270117273013,47.97713541862276
-93.1431271727871,47.97672441853635
-93.14444017296269,47.975457418270004
-93.1451651730031,47.97442041807845
-93.14533717288741,47.97342741793447
-93.14538333270502,47.96748925397947
-93.1454621702514,47.95747441582033
-93.16706117663836,47.957512414193005
-93.16712427404093,47.9426811689956
-93.16709917179627,47.928517410362986
-93.16721416594548,47.89328640569868
-93.16655494144486,47.893128709416274
-93.16561216544382,47.89311340579672
-93.16569489417816,47.88730155115548
-93.165730178263,47.884758114773405
-93.16581223419978,47.878842275109356
-93.14493638898944,47.87862129584614
-93.12396790422021,47.87851169779469
-93.1240622003887,47.87538889082582
-93.12456314832072,47.86219793944552
-93.12472183964036,47.85996409807709
-93.12468742891028,47.85949671992618
-93.12430862070825,47.85885903419716
-93.12437088637039,47.85817725811983
-93.1245005960634,47.85757192608734
-93.12472055080224,47.857252729001274
-93.12478487819843,47.85692821229882
-93.12497420301689,47.85046456326835
-93.1250031429819,47.84947640015717
-93.12502056273424,47.8490946327769
-93.12518615601644,47.845465252430095
-93.12547780255997,47.8349370105611
-93.12566480950208,47.831118327134426
-93.12588110076655,47.8250863950969
-93.12596896674272,47.82083070220919
-93.13073284279734,47.820896186114595
-93.13101908412726,47.82087552550074
-93.13117486594213,47.820826671275704
-93.13155280174216,47.82061398841875
-93.13188076713948,47.820505462494225
-93.13215897611094,47.82047922982987
-93.132730580153,47.820514830186895
-93.13317069892366,47.8206432542749
-93.13362522158458,47.82096960431285
-93.13470860905143,47.82103667264031
-93.13521859607444,47.82106824036452
-93.14754670719336,47.82138290495653
-93.15587349012749,47.821390343148984
-93.15815569738716,47.82139230114867
-93.16823917885853,47.82140040911059
-93.16906920961824,47.82140103707099
-93.16945544950687,47.82132620363199
-93.17797169865736,47.8212651902318
-93.19088082215836,47.821057564423036
-93.19357009165797,47.82098576028873
-93.19572911644823,47.820807368564154
-93.19884630899706,47.82039622537286
-93.20233304523471,47.82172382881269
-93.20744614116116,47.82207892098557
-93.20864641796457,47.822220975302585
-93.21623710695457,47.82200375561792
-93.23098497648412,47.82186428024454
-93.23503844199348,47.82176259932876
-93.24716722862124,47.82158782805503
-93.24719195190285,47.81796845278965
-93.24708798136626,47.81496446778115
-93.24686631445505,47.813234631884335
-93.24652351677828,47.811588507187274
-93.24685120886708,47.810385557826876
-93.24796592556874,47.80990016980878
-93.24911501725575,47.80920586442046
-93.25001189068725,47.80834024479876
-93.25064833131917,47.80784372455453
-93.25165784109215,47.807633673653015
-93.25401108276465,47.80758170834683
-93.26495208459295,47.80745925891517
-93.27556135167701,47.80736342636681
-93.27839856094276,47.8073821793159
-93.2791099583429,47.80739268843131
-93.2803020390176,47.80648472499981
-93.28076726730622,47.80607204223447
-93.28162499268706,47.805681158986566
-93.2825403145337,47.80542212095609
-93.28421408465577,47.80452821428017
-93.28770992212986,47.80248796964527
-93.2881670079818,47.80214131869993
-93.28868089321881,47.80151416061569
-93.28907279756102,47.80128841651818
-93.29044569957682,47.801012506318344
-93.29335648154698,47.80114204668024
-93.2941985880637,47.80118532897517
-93.29480341200616,47.80109128284392
-93.29506477962167,47.8009536691574
-93.29754753070736,47.79979152978443
-93.29851160778402,47.79954330461007
-93.29942705623868,47.79943259025349
-93.30084033685955,47.79897506032283
-93.30113405101854,47.79875484074269
-93.3018039679209,47.7985398402007
-93.30234316145975,47.79839644046537
-93.3032664601508,47.79766531803869
-93.30441536820844,47.796563837511904
-93.30573035885187,47.79605684138681
-93.30683411273053,47.79609978369536
-93.30809838553353,47.79641685971431
-93.3104043317062,47.79688478113714
-93.31159417720488,47.79711771730673
-93.31211777829849,47.79729858457546
-93.31302698962195,47.798340130626364
-93.31361021617714,47.79910571749416
-93.31488019613916,47.800236917723225
-93.31542039805502,47.80048376607702
-93.31779705927903,47.800595759892836
-93.32040672769251,47.80079011414278
-93.32234608056392,47.800804773964046
-93.32405465489055,47.80088133989664
-93.32589510329991,47.801236660018766
-93.32717192186529,47.80176847012437
-93.32947997548258,47.80269491086116
-93.33033967229565,47.803144745094436
-93.33146055952558,47.80402872060818
-93.33286367703413,47.80518132866493
-93.33631775253521,47.80656420684832
-93.33779108925579,47.80702258115832
-93.34239863865876,47.80716457038462
-93.35017702546173,47.807427603627744
-93.35536122240366,47.80777483668922
-93.36119056439108,47.80816181763241
-93.36786076088889,47.80846063601457
-93.36980654383301,47.808447096208404
-93.37731199959717,47.807977543861014
-93.38112908062715,47.80772758132465
-93.38357461652927,47.80764927511744
-93.39377272496851,47.80732196671331
-93.39815634446748,47.80727659781359
-93.40325695227558,47.80754338776777
-93.40709162208147,47.80780258076551
-93.41099706659874,47.80810438716506
-93.41347048622865,47.808573362781054
-93.41450317044618,47.80898955244557
-93.41571677369627,47.80968040160303
-93.41678364420189,47.810574844503854
-93.4178937298285,47.81217290513424
-93.42110973988221,47.81694539548354
-93.42428451287138,47.82145386813504
-93.4252679806544,47.8225538176944
-93.42907695924654,47.827202096896265
-93.42998271806334,47.828704554459065
-93.43148217850184,47.83138743824574
-93.43311847289442,47.833341826962936
-93.43542162361045,47.83464981433348
-93.4421040596492,47.83653759491468
-93.44471175846893,47.83702641690471
-93.45577833060484,47.83722755196616
-93.45764477694823,47.83724911377324
-93.45928328159988,47.83738329100113
-93.46049629446902,47.83758153419093
-93.46266044392607,47.83809123811314
-93.4654331720922,47.83895593449532
-93.46720861959885,47.83950485484286
-93.46897487616447,47.84004659075547
-93.47061399193446,47.840279665929174
-93.47196622566653,47.84045820309371
-93.47846161470414,47.840468566358986
-93.48523696040276,47.84046955245961
-93.48928957633844,47.84046838690682
-93.50021368521446,47.84045026132409
-93.51312385931531,47.840253381627356
-93.52058144657408,47.84017777850777
-93.52828422451586,47.840099180925016
-93.53387512379197,47.840073963860085
-93.54019921030176,47.840095554116104
-93.55771327486548,47.8401196878187
-93.57165733706546,47.84006396848703
-93.59500919726219,47.84009297289597
-93.60181868567258,47.84009971134137
-93.61381830916095,47.84010878582547
-93.62606649046333,47.84004787761644
-93.6278778802658,47.83995691774478
-93.62983703493815,47.839641890885204
-93.6323419952845,47.839593480443526
-93.6337405248733,47.839699227176624
-93.63542996882255,47.83999054340162
-93.63726685515726,47.84018005758399
-93.64381449339483,47.84019007692821
-93.66635329135569,47.84020126362952
-93.67771090767285,47.84023771198816
-93.68541055360302,47.840251586278164
-93.71256838079188,47.84025365703456
-93.73859416413703,47.84021545352735
-93.76145422757197,47.84025509760689
-93.77622135072411,47.84027125743842
-93.776200341981,47.87518735707376
-93.7860943448891,47.8752453563254
-93.80513066496867,47.875358288483376
-93.81886335451857,47.87543935384591
-93.82541999082969,47.875477424419394
-93.84131543366523,47.875569460218
-93.85689910288244,47.87566415024534
-93.86737129158658,47.87575026122996
-93.8758108916098,47.87583719697824
-93.89156737587717,47.87591234834409
-93.90046537375794,47.87594417640004
-93.90453437968064,47.875973347358865
-93.90629455848854,47.87610971981651
-93.9086671649973,47.876225630724434
-93.91394245742367,47.8762976496093
-93.9411204935174,47.876303546449186
-93.94642639198712,47.87630434419163
-93.94931350712295,47.87630496002785
-93.95921411069011,47.876306628121796
-93.9660312118059,47.87630809560368
-93.97358132628752,47.87626449448555
-93.98233840244521,47.87607634140738
-93.98801875328127,47.876156553400286
-93.99750618655585,47.876226029537804
-94.0075647335379,47.87622852521222
-94.01860214465279,47.87623088876195
-94.02938849445923,47.87623220816182
-94.03279873659682,47.876233006488576
-94.03537841797421,47.876278337361875
-94.0366014183509,47.87639333728297
-94.03788841874744,47.87651533720001
-94.03929641917595,47.87661733710515
-94.07475826084857,47.87654587268357
-94.0917057833829,47.87663659184982
-94.09900656782892,47.87668188831359
-94.10127733337566,47.87669588220256
-94.11223769499324,47.87672380114177
-94.1260274480406,47.87671319333436
-94.14298523839278,47.87670970195037
-94.15937165869879,47.87670683274803
-94.16267745518256,47.87663532761743
-94.1645974556927,47.87634332743152
-94.16606245603158,47.875824327251074
-94.16775480126441,47.875271218394914
-94.16864757316847,47.87502431926509
-94.16917545677823,47.87487832688809
-94.17490858012879,47.874875593937325
-94.1904103636749,47.87486878799651
-94.20330477893489,47.87486010086465
-94.22594550246455,47.87484017667238
-94.23705697004844,47.874818159009955
-94.24841298444022,47.8747564656775
-94.25198200374138,47.87473698136576
-94.25341748129512,47.87469032036962
-94.25801889871849,47.87343557141274
-94.26098748313471,47.87254831950688
-94.26276448361642,47.87233831934245
-94.2650626738491,47.87237506586301
-94.26920154868122,47.872441350245694
-94.27463024127873,47.872528967706366
-94.28110548900699,47.87263131796502
-94.28106048926657,47.874230318176444
-94.28198248966105,47.87496931820137
-94.28265448988486,47.87513431817096
-94.28366149021181,47.87533231811898
-94.2844356519006,47.87548667284902
-94.28527149073533,47.875653318036406
-94.286568491014,47.87507331786086
-94.29049008741684,47.87349717723842
-94.29287049241852,47.87255131704636
-94.30186366713347,47.870226645889986
-94.30992249664604,47.86823731516868
-94.31239449725032,47.867562314890016
-94.31871877567468,47.864709455214715
-94.32241949937496,47.862915313511564
-94.32567650007549,47.86146631307163
-94.32868886925063,47.86032782135237
-94.33185771389833,47.85919283541959
-94.33541029548807,47.85792024412912
-94.34095050357567,47.85593531117269
-94.34844050611143,47.85827673349901
-94.35266682181128,47.85962404604375
-94.36202390829519,47.86258250240769
-94.37492451528206,47.866631309936714
-94.37730951609807,47.86734830984542
-94.4112095259897,47.86755830725018
-94.41523852726779,47.86818430701963
-94.41863052863151,47.87039430704391
-94.42365785769975,47.87347108564125
-94.42731836301924,47.874476918969684
-94.4340023108036,47.87447945904825
-94.43896364574064,47.87424030335883
-94.44146597931582,47.9029016871016
-94.44369810940498,47.92374306066989
-94.44637235268834,47.92943376307863
-94.44818128228886,47.93357009660074
-94.44851336165553,47.94192510715425
-94.44981027071412,47.955698582528456
-94.44989640816671,47.96947811825944
-94.44992472355081,47.97439191731433
-94.45000728038856,47.986581033096286
-94.45006282404849,47.994407111468526
-94.45024594908773,48.01009429887092
-94.45032302526754,48.0245217541817
-94.45041422152032,48.0267689284343
-94.45091272890868,48.02913249271115
-94.45177630268925,48.031022503821
-94.45280171874302,48.032609810757926
-94.45491292439367,48.03499690210522
-94.46251584746663,48.0412550391503
-94.47192272756348,48.0489697823371
-94.47462742851476,48.05120611557793
-94.48330629639985,48.058384799919374
-94.48487858574946,48.059758155261974
-94.48539335237137,48.06026140102315
-94.48640088079624,48.06147335052845
-94.49053741724448,48.067740799592706
-94.49338670661017,48.07210778155364
-94.49759682759995,48.07854131386839
-94.50381637224845,48.088078876502365
-94.50879814741566,48.095800066031
-94.50965949115057,48.09787839039376
-94.51010546247659,48.1000258693187
-94.51012734745157,48.10228011904257
-94.51014662571966,48.105644630020755
-94.51016190957523,48.108327620668426
-94.51026506309843,48.1305003424266
-94.5102859475581,48.14057194609178
-94.51032002387842,48.153154947375306
-94.51046093032694,48.155587862728076
-94.51110821925234,48.15728073929658
-94.51243668198576,48.15995291024618
-94.51267656078852,48.161817767675785
-94.51268979298213,48.16876503665511
-94.51270353858628,48.17596757859888
-94.51289630952931,48.17951537001412
-94.51345932677125,48.18092322453793
-94.51466787052101,48.18280657636678
-94.51675722910859,48.18592165438986
-94.5211525474467,48.19247335856691
-94.5227109543852,48.19427718182961
-94.52328899950851,48.19472460227477
-94.52389886467678,48.19507847656862
-94.53423315001868,48.19867989361412
-94.54249949939518,48.20150326190592
-94.54862071853186,48.2035825480551
-94.54973969263709,48.203962592855156
-94.55100760899019,48.2045436263864
-94.55209785161094,48.205350626484766
-94.55323392932054,48.206612796481735
-94.55384586128143,48.20787754343758
-94.6824857341785,48.20789803613246
-94.68292632681154,48.2087210107493
-94.70818208274315,48.20945433603465
-94.72931738173081,48.2091037189043
-94.74741627027117,48.20917557144025
-94.76492712724314,48.20718003141217
-94.78033372694102,48.20417764459158
-94.79472924871791,48.20188017066547
-94.80956708619999,48.19750034297536
-94.81723112945775,48.19496023330595
-94.94644226990144,48.19457240610779
-95.07566063769141,48.1943846690975
-95.20485816914537,48.193706309316475
-95.24797014534258,48.19391272264687
-95.24805134794987,48.20565876620995
-95.24828929706423,48.219129961030205
-95.24839804181552,48.22753378519509
-95.24893951435664,48.2289161988303
-95.24963139796772,48.23011949245652
-95.25115920855309,48.23126705009759
-95.25781947223072,48.235557066947166
-95.26662525071512,48.24108385225094
-95.27353460107143,48.2454458332992
-95.2859220944348,48.253293865689585
-95.29231872070805,48.257155121509626
-95.31323242111155,48.27048752806724
-95.32247501609542,48.276311931843466
-95.32704164806131,48.27918463625521
-95.32890075842899,48.280135637376816
-95.33181645444851,48.28086606154874
-95.3332413716577,48.28102411506668
-95.3359198105936,48.281030986146554
-95.3358703385288,48.28371379339169
-95.33590397920153,48.29566404792934
-95.33597667921345,48.30846712413124
-95.33601842268345,48.30980718749534
-95.33561385522363,48.324270417052944
-95.33564544481072,48.325365460902766
-95.33565661896424,48.32537228632561
-95.33559361922111,48.337762157606406
-95.33549054994222,48.347584477854234
-95.33536801866279,48.35766573040314
-95.33562412954774,48.35926208175501
-95.33593082354352,48.359953156818854
-95.33593634174694,48.36083929749496
-95.3356993355692,48.369576170291445
-95.33611026561505,48.37042258251702
-95.3367512138339,48.37125082269553
-95.3380338702904,48.37284879324548
-95.33885446468918,48.373506915398956
-95.33975126651137,48.374087002507586
-95.34068151888363,48.37556165043353</coordinates></LinearRing></outerBoundaryIs></Polygon></Placemark>
<Placemark>
<ExtendedData>
  <Data name="COMNAME"><value>Gray wolf</value></Data>
  <Data name="SCINAME"><value>Canis lupus</value></Data>
  <Data name="SPCODE"><value>A00D</value></Data>
  <Data name="VIPCODE"><value>V02</value></Data>
  <Data name="UNIT"><value>1</value></Data>
  <Data name="SUBUNIT"><value></value></Data>
  <Data name="UNITNAME"><value>Zone 1</value></Data>
  <Data name="SUBUNITNAM"><value></value></Data>
  <Data name="STATUS"><value>Final</value></Data>
  <Data name="LEADOFFICE"><value>FF03E19000</value></Data>
  <Data name="COOPOFFICE"><value>N/A</value></Data>
  <Data name="COOPOFMORE"><value>N/A</value></Data>
  <Data name="FEDREG"><value>43FR9607</value></Data>
  <Data name="PUBDATE"><value>19780309</value></Data>
  <Data name="EFFECTDATE"><value>19780410</value></Data>
  <Data name="VACATEDATE"><value></value></Data>
  <Data name="ACCURACY"><value></value></Data></ExtendedData>
  <Polygon>
<outerBoundaryIs>
  <LinearRing><coordinates>-91.32300149283547,47.507367613922426
-91.3232061434648,47.50760988309724
-91.32771491431724,47.514558249417725
-91.3316260598552,47.52546625121802
-91.3318711933991,47.52569990369976
-91.33220155211308,47.525881165727164
-91.3416076322097,47.53081943551247
-91.3419131531796,47.531019386285195
-91.34211633530148,47.53126266780312
-91.34243393959949,47.54536804899123
-91.34286061326195,47.5580321994745
-91.34281688100741,47.56206114721666
-91.34231782147107,47.57155666641729
-91.34223654629393,47.576161486668376
-91.34292170311811,47.60696167889015
-91.34296836944104,47.60724498489877
-91.34321681541329,47.60747982664886
-91.35039634525697,47.6110798173047
-91.35215954085707,47.61233035093235
-91.35268588008405,47.612781790182446
-91.35286196663729,47.61304328553763
-91.35301327613804,47.61361072119659
-91.35303012942276,47.61648901490387
-91.3532313877592,47.617042680222944
-91.35349681290602,47.61726946462372
-91.35390477657917,47.61734766568027
-91.35730655899953,47.61745429804788
-91.36411634147176,47.617597523100855
-91.3849456485711,47.61751400176762
-91.39492781650402,47.62106765695487
-91.39534675006634,47.62111652996963
-91.40535332389238,47.62110429754716
-91.40598404738581,47.62116516422245
-91.41634489035356,47.62453270999239
-91.4166599319236,47.624726649315136
-91.41674965950757,47.624928725326185
-91.41692092611838,47.63180463614142
-91.4177516837704,47.63890793152633
-91.41839840329521,47.6432579676848
-91.41881871237648,47.644525020750805
-91.4193623379906,47.64524497979647
-91.42018199497635,47.645832777673846
-91.42126784383227,47.646168778871676
-91.42269118434014,47.646308034699175
-91.44018301826432,47.64647759142319
-91.44089734225919,47.64643439458925
-91.44273172527092,47.646056201251206
-91.44438725054793,47.64587108064103
-91.4475006422902,47.64585216579391
-91.44916969222433,47.64595599652082
-91.45265954409676,47.646535361901286
-91.45549975505658,47.64684106278729
-91.46145975194945,47.64724454960867
-91.46217590969923,47.64721573166607
-91.46571923582061,47.64680914088771
-91.46739331438393,47.646743340374634
-91.47454285738294,47.646237216679566
-91.47526222989052,47.646234454097495
-91.47571501714,47.646337380853524
-91.47680488576496,47.646964354976305
-91.47724728629221,47.647085943610165
-91.4801194478087,47.64717748515826
-91.48083246232937,47.6471189055344
-91.48167209414854,47.64680807309139
-91.48190475483571,47.646774530560236
-91.48477988811837,47.646836661138394
-91.48546573198084,47.64669509187341
-91.48604327022137,47.64640776064115
-91.48725774342847,47.645205000325156
-91.48796101560639,47.64476311170659
-91.49094807849934,47.64341360216002
-91.49205662990806,47.6427944494827
-91.49314744591317,47.64193462559526
-91.4956317066552,47.6395525214053
-91.49665163050634,47.63886683602799
-91.49744541874871,47.638507867630594
-91.497906225374,47.63841384491935
-91.49838005420398,47.6384088914606
-91.52716495325375,47.64513435931353
-91.52775680315516,47.64533811400761
-91.53009121606632,47.646675464033294
-91.53145751985785,47.64722591681963
-91.53818299743874,47.647862411514005
-91.5391123857631,47.64790223561743
-91.54820307159699,47.64615569491651
-91.54898800704656,47.64606907822148
-91.54964474646623,47.64614001008085
-91.55001257135304,47.646243728351656
-91.55055986439362,47.64649746062988
-91.55150557303921,47.64713107901917
-91.55244879155939,47.64760989238497
-91.55320763932114,47.647870510497384
-91.55402304921552,47.64803600784331
-91.55486994468878,47.64809814906766
-91.55550885017836,47.64807821267413
-91.5573961438978,47.647858567502894
-91.5588831066539,47.64779069765889
-91.561428169413,47.64795392488372
-91.56586043479086,47.64836214668187
-91.56713765042973,47.64838773583997
-91.56925089353028,47.64856222072866
-91.5702145992102,47.64886811150656
-91.57662821920613,47.651435189929565
-91.57689920764305,47.65165585363435
-91.576960315389,47.65179365111807
-91.57730306324251,47.65335824382772
-91.57763589163885,47.65372957911412
-91.57815771505774,47.653972695375174
-91.57895554107148,47.65417909769624
-91.58041664895484,47.654377868235684
-91.5816927314325,47.65439194344556
-91.58232520652605,47.6544545594675
-91.58623624126128,47.65559392325074
-91.58685284667384,47.65570742719042
-91.59110267339847,47.6558892735111
-91.59277717326252,47.65610481378474
-91.59398575117362,47.656382824425485
-91.59530400634958,47.65685724150776
-91.59670515402505,47.657738016170875
-91.60569348031576,47.66427810574021
-91.61408652173378,47.670407270931115
-91.61478802491439,47.67112703150519
-91.61493382313513,47.67139657083684
-91.61512491187213,47.672975228037124
-91.6157320980827,47.67465356444029
-91.61656417020772,47.675819477173434
-91.61792469868361,47.67728193475824
-91.61836408103278,47.67793336915029
-91.61832093765067,47.678361331281415
-91.61802821733578,47.67905262604428
-91.61806403731134,47.679628475464675
-91.61867165251346,47.68037839262486
-91.61914905204527,47.68251368021496
-91.6197699970489,47.68309351073419
-91.62025477080256,47.683375488415464
-91.62107530012625,47.683517173389404
-91.62150017713799,47.68348358834577
-91.62251973715631,47.68327277607642
-91.6231556714242,47.68324432826643
-91.62356028639357,47.68333754315039
-91.62416574130363,47.683738465012816
-91.62454061426995,47.68387855884202
-91.6256675026177,47.683913658950246
-91.62663384643639,47.68424753684963
-91.62739445026489,47.68434328956425
-91.62892646802463,47.68439211198778
-91.62978646160137,47.684000269393856
-91.63011259744415,47.683915894525235
-91.6304054827136,47.68387494167229
-91.63167827954594,47.68391010487385
-91.63221769662147,47.684107743136174
-91.63408121608914,47.684994195909525
-91.63804244656386,47.686429039164565
-91.6398183447646,47.687243184276824
-91.64069295343432,47.68810286342026
-91.64100501030754,47.68870429172152
-91.64147761549718,47.69016917032515
-91.64159476494657,47.69274449920228
-91.64143611403831,47.693352138796
-91.64120908241696,47.693739509358984
-91.64111008194844,47.69421054685097
-91.64149839061434,47.69504880127883
-91.64148924266004,47.69549327934157
-91.6412249027524,47.696110734289405
-91.64125785315261,47.696478868761474
-91.64161351758223,47.697327713273864
-91.64128252099177,47.69842756611516
-91.64128309392215,47.69996990245308
-91.64104935748328,47.70028583962114
-91.63999782647025,47.70090620172134
-91.63957328089124,47.70181850378606
-91.63955437601868,47.70272940628411
-91.63990569441158,47.703786774764495
-91.64013493762445,47.70408003399138
-91.64351038589595,47.70763834545323
-91.64388124912197,47.70814706091021
-91.64512816372067,47.709466125184925
-91.64570219148247,47.709965896152674
-91.6458349275068,47.71021976339538
-91.64631340950588,47.71220602252109
-91.64630198691319,47.712760246872456
-91.64645453762445,47.713628991837716
-91.64680658889847,47.71427478280293
-91.64782771021368,47.71513595046209
-91.64859050294127,47.7159340506649
-91.64893072480308,47.716755333842436
-91.64882923433376,47.71695740055932
-91.64850716747397,47.71722300355421
-91.64768115727964,47.71752747655956
-91.6474399751571,47.717804917264
-91.64730627324475,47.71839081180498
-91.64677382078025,47.719411819621314
-91.64650110165935,47.71964506673845
-91.64600878538141,47.719903435443754
-91.64473890253844,47.72047231439363
-91.6441514785809,47.72139935267108
-91.643659601073,47.722815921265116
-91.64364334532245,47.72321091515568
-91.64405529222017,47.724093255393434
-91.64403078262545,47.725284102228116
-91.64427178962715,47.72619213449957
-91.64454343304152,47.72679865000124
-91.64475104195274,47.72775577465971
-91.64505261333827,47.72808820774853
-91.64538891147873,47.72871186057622
-91.64551156073912,47.72945410156438
-91.64528338227373,47.72989086279436
-91.64412089737368,47.73075163295774
-91.64198989407843,47.731723303489446
-91.64107921021919,47.73295989338747
-91.64011979219894,47.734591173672
-91.63965078664475,47.735678582481384
-91.63968316587184,47.7360740616408
-91.63948059267109,47.73722464341068
-91.63975468855361,47.738105632342624
-91.64052364688888,47.73861844437905
-91.64155443679049,47.73902970638194
-91.64186316057805,47.739417028648745
-91.64203706503831,47.74042873406597
-91.64189682980921,47.74250197491125
-91.64193183815,47.74394582137146
-91.64219685795068,47.745265789952995
-91.64206372207197,47.74817339166548
-91.6417370512773,47.749432459876694
-91.64173327448061,47.74989544308886
-91.64202194612577,47.75148148626428
-91.6421814575127,47.75182223168926
-91.64271225178095,47.75240023255809
-91.64363164990353,47.75307856162734
-91.64414852808635,47.753376739080885
-91.64460209054062,47.75348269283386
-91.64587490140786,47.75361388143846
-91.64685437529603,47.75389195074719
-91.64746866450253,47.75419594062875
-91.64775639175949,47.75472921276475
-91.64805423272281,47.755031989363836
-91.6488517778726,47.75674655779312
-91.64882435992135,47.7571303514105
-91.64857884993978,47.757392715752594
-91.64818391255959,47.75807135751644
-91.6476270637126,47.75870004157179
-91.64758484522821,47.75990668961109
-91.64796087098293,47.76056634065578
-91.64829065346727,47.760940665228944
-91.64850578366453,47.761424221583354
-91.64913249064713,47.7622109902686
-91.64991414497732,47.76290519151288
-91.65126371813137,47.7636124519402
-91.65191954324695,47.763806952297664
-91.65268794104195,47.764128019949254
-91.65314961106833,47.764239523336364
-91.65406232481952,47.7647970278953
-91.65462075622375,47.76499657886443
-91.654887107878,47.7651786673243
-91.65589144024575,47.7654293265487
-91.65738384550063,47.76554469285057
-91.6585745508085,47.76584537712731
-91.65898624056022,47.76612669086642
-91.6599620410903,47.76795699275433
-91.66042019773674,47.7685346010623
-91.66095170097368,47.76905772693925
-91.66200034359888,47.769889926296045
-91.66313079344735,47.77064568797852
-91.66402218533787,47.77082999577568
-91.66445101909518,47.77101260348847
-91.66595766961657,47.77140767461013
-91.66693069623368,47.77153739237912
-91.67070714107673,47.77124414123352
-91.67180235338945,47.77131944668261
-91.6723449448459,47.771485975639244
-91.67295881592212,47.771883219520845
-91.67326411232969,47.772301187074895
-91.67397435673045,47.77282487858211
-91.67477217958759,47.7735847788217
-91.67856263032253,47.775798030043696
-91.67918260677259,47.77646398382873
-91.68045008107724,47.7774065041987
-91.68271173578857,47.778928545017386
-91.6831789944221,47.77941843697017
-91.68485704849326,47.7808395302951
-91.6852854309709,47.78110438384789
-91.68625369346172,47.78191960168958
-91.68680686283494,47.782859539973096
-91.6881031386462,47.784356115551375
-91.68853067176944,47.7847361182766
-91.6892729183247,47.78537498033904
-91.68980652123425,47.785684027603075
-91.69234294464376,47.78748110357985
-91.69350753663343,47.78923498105424
-91.69440468051991,47.7898195164586
-91.6946960420837,47.78994115093138
-91.69521549143575,47.78998133906646
-91.69663671403788,47.78992595591552
-91.69767489348814,47.79009403207975
-91.70012105736954,47.79093066058206
-91.70310682277993,47.791275400607304
-91.70412998671114,47.791565977697836
-91.70476640484262,47.79197770006977
-91.70546636404546,47.792933418869495
-91.70632267816485,47.79354619253904
-91.70673627392412,47.79362985391694
-91.70823847470794,47.793629405729845
-91.70913914281958,47.79372015910152
-91.70999751439673,47.79407406354954
-91.71047359981297,47.79450896540527
-91.71064239526763,47.79477287574298
-91.71060009633666,47.7954192473708
-91.7106664073287,47.79577765207561
-91.71117049806216,47.79709491273582
-91.71167838609232,47.797654694954396
-91.71236902222952,47.79807175185737
-91.71326578282626,47.79826464291741
-91.71601679984468,47.79854792831473
-91.71685224810464,47.79871527164021
-91.72020599678359,47.799954812824936
-91.72099095513983,47.80037970745881
-91.72121380245902,47.80053911082331
-91.72313622781937,47.80263007883767
-91.72355410569058,47.80330064779869
-91.72365358761722,47.80422249009039
-91.72390286042057,47.80460172610833
-91.7242342836507,47.80484969834013
-91.72502749771357,47.80525810078275
-91.7300193643007,47.809503045516514
-91.73067499511681,47.80985068109437
-91.73230402324187,47.81041529530365
-91.7331538831013,47.81088967980156
-91.73399388663177,47.81163828902872
-91.73421909154887,47.8119900634343
-91.7344345621956,47.8125886268247
-91.73565093604552,47.81418310717288
-91.73639457597746,47.81477227733249
-91.73873504141552,47.81591499291569
-91.73956230066042,47.81611501127581
-91.74077211534075,47.81622834456896
-91.74337137822754,47.81627464649593
-91.74470885437242,47.816739525803605
-91.74588354478317,47.81728062085727
-91.74622329883056,47.81750648541312
-91.74796565463011,47.81820284995034
-91.74869330284727,47.81869845922984
-91.7494226698711,47.818906156751446
-91.75165905197586,47.81873723079776
-91.75557276107473,47.81780959888118
-91.7621642207433,47.81676399041043
-91.76332085543963,47.816745506089276
-91.7669273536163,47.81694644489186
-91.76782356915976,47.816941762957185
-91.77167386306577,47.81610773717027
-91.77653491291854,47.815959276349936
-91.78279950624395,47.816233726669225
-91.78362604254653,47.81604319021808
-91.78585650048409,47.81528742684875
-91.78704040073875,47.815054307406264
-91.78756895493109,47.81500977468882
-91.78803299749838,47.814993530894014
-91.78935694232104,47.81515398486152
-91.79354673222372,47.81687364616545
-91.79444153345,47.817143350364134
-91.79489926601025,47.817198453997584
-91.79530683176063,47.81720471180628
-91.79619967848632,47.817062648417966
-91.7983952874229,47.81622484731581
-91.79911033132728,47.816139654601194
-91.79991069122781,47.81621280869093
-91.80088844119172,47.81654181468422
-91.80159159729472,47.81696736990278
-91.80561666155467,47.820231207283655
-91.80594421119805,47.820622684253806
-91.80618747523486,47.82122931748217
-91.80619723573511,47.82227773622251
-91.80637982709749,47.82306621030343
-91.80657526350382,47.823387839191284
-91.80724587674744,47.82413765606241
-91.8138779020667,47.829281412803866
-91.81589693723821,47.831140926457905
-91.81670898014636,47.83166936388156
-91.81785363172962,47.832139137602695
-91.81902847633042,47.832504118050394
-91.81970009031448,47.832633573609954
-91.82081802651408,47.83268627233754
-91.82223305371774,47.832554408047216
-91.82586011257943,47.831902256353246
-91.82730672519223,47.831737001458656
-91.83477468918048,47.83148382832001
-91.83589405705152,47.83158947209971
-91.83628789705973,47.831691008504414
-91.83905850428718,47.83262431480685
-91.83982523535082,47.832961020100164
-91.84051378591799,47.83343045540098
-91.84098249050864,47.83391350280214
-91.8414507507164,47.83469301560584
-91.8427573507325,47.83925062544564
-91.84291098273901,47.84015472541354
-91.84260663338688,47.84451199206429
-91.84150321258842,47.848236399714835
-91.84129446819273,47.84932048403693
-91.84130114658558,47.850220761872436
-91.84189268121142,47.857092709112024
-91.84189354427569,47.858086412041345
-91.84160682592304,47.85899020662268
-91.84048968296165,47.86091404043186
-91.8401950728227,47.861510483796614
-91.84005460083763,47.86207762213214
-91.83997103426233,47.86615232349913
-91.84023207140665,47.8671099640207
-91.8416664432807,47.87033217138817
-91.84135722095986,47.87663274833994
-91.84016095507434,47.88041755073233
-91.83960510857193,47.88523732337957
-91.83986223181226,47.88603251615827
-91.84104719169513,47.88785191141342
-91.8411717722934,47.88825778861834
-91.84114093704356,47.88861459003243
-91.84010672627858,47.890856052295504
-91.83990712731443,47.891778533254964
-91.83996737040619,47.89238755572833
-91.84072713521107,47.894070661448914
-91.84098445157257,47.89525544573169
-91.84103293629829,47.90321785017903
-91.87007814588831,47.903277938366244
-91.87355391103225,47.90322326315309
-91.87468708284273,47.90283074608979
-91.87627910200008,47.901552315277634
-91.87813069919628,47.90028863544808
-91.88162615238717,47.89982304183828
-91.8873072798144,47.89931930543193
-91.89253089483026,47.8987845874412
-91.89787096111222,47.89700566990091
-91.90595597954929,47.89416039967887
-91.91102663907176,47.89237548651718
-91.91494283467331,47.89109668409706
-91.91643691397498,47.89090178163809
-91.91859544993378,47.89108193246229
-91.920495955032,47.89148193720675
-91.9256066159996,47.89249440766728
-91.92997268085657,47.89253392026037
-91.93626085385986,47.89130948477893
-91.94094594602528,47.889292544305206
-91.94568741587179,47.88737976159872
-91.95334451819409,47.88481858522665
-91.96018840498827,47.882851743972516
-91.96996097243574,47.880750040970376
-91.97369033902197,47.88005380194523
-91.97676786106935,47.87978399256777
-91.97955665705115,47.88040291911531
-91.98401504860377,47.88215486531114
-91.98674007200931,47.882667180941645
-91.99363929813319,47.88374631231879
-91.99629960673363,47.884153290404974
-91.99799717404105,47.88411710193668
-92.00144979296499,47.88305244618282
-92.00542208060006,47.88163897869829
-92.00953346132472,47.88017579028064
-92.01276555913833,47.87841303258657
-92.01570384214772,47.87671568638415
-92.01816597186948,47.87577582289122
-92.02208254066751,47.87447418902433
-92.02445620346663,47.87343053572472
-92.02621010138824,47.871831270460405
-92.02818010968,47.86980470592642
-92.03118861831715,47.86642278029443
-92.03302674044974,47.86538241690841
-92.03531152395922,47.8642907131539
-92.03643663971349,47.86335521169399
-92.0398252074858,47.860709475771614
-92.04212268288673,47.85912665616784
-92.04426910231872,47.857136204911455
-92.04810535970255,47.85454142588579
-92.05027565603801,47.854182130155785
-92.05495284649027,47.85389893817091
-92.05866224769515,47.853709194299725
-92.06087717889031,47.85411764750351
-92.06393163724842,47.85556070869037
-92.06560429898263,47.85663234036632
-92.0668571554016,47.85702357593873
-92.07143006324492,47.85723181661935
-92.07587248993289,47.857286346797814
-92.07707967125006,47.857085065619486
-92.07841603554633,47.85639822247563
-92.08086903585816,47.854138363146326
-92.08204532637306,47.85331136398073
-92.08316959024596,47.852847707501574
-92.08693964607126,47.851862021951284
-92.09424766334253,47.84988994224461
-92.10079168183529,47.84801028056933
-92.1042653231184,47.84780607875761
-92.10938221801376,47.8478326029532
-92.11078989546593,47.84822078144338
-92.11245836004082,47.84861005930685
-92.11416859253288,47.84858106996465
-92.11759474678519,47.84757273921394
-92.11997527226156,47.84723294326328
-92.12370919173385,47.846718324680026
-92.12548319529425,47.846477727977124
-92.12669120920921,47.84649493158737
-92.13052210017379,47.84731970283834
-92.13191775424967,47.84755426142614
-92.1337672806358,47.847401147617134
-92.13722145669209,47.84624534009026
-92.13900509903448,47.845637264668966
-92.14132629352316,47.84498568330802
-92.14430077224281,47.844760774625385
-92.14896965306436,47.844426448541675
-92.15167205409605,47.84407763975903
-92.15313937899208,47.84358164229062
-92.15560592686097,47.842027762148746
-92.15846845555342,47.84028373504362
-92.16125620307497,47.83847439765337
-92.16372317186062,47.83614052869468
-92.16550300255015,47.8349605865517
-92.17333338540347,47.83198587860248
-92.18204392041173,47.826888520634235
-92.18727185956988,47.82369438184636
-92.19031264849663,47.82239826813188
-92.19348293471474,47.82155825917828
-92.19744123051647,47.82050929512913
-92.20815658532817,47.81788567196081
-92.2161463618938,47.8165540741998
-92.22568704359576,47.815300863832334
-92.22857366954604,47.81422331656191
-92.23087542263903,47.81342331301765
-92.23277111161991,47.81320773081806
-92.24151260862367,47.81283689264079
-92.25019872956231,47.81194896200353
-92.25269920689908,47.81144655839885
-92.25458085405008,47.81039006260953
-92.25650683889405,47.8087952289719
-92.25956186501583,47.8074137852898
-92.26233292207658,47.806786680982775
-92.26905741643894,47.80556526999546
-92.27098268032641,47.80534222712811
-92.27835205147352,47.80535486526703
-92.27823915497727,47.80740566997357
-92.28019122723909,47.807303658204084
-92.28256337725287,47.80748991261529
-92.28584803240491,47.80916729841887
-92.29303737557777,47.81527437382471
-92.29349874720833,47.816171750220384
-92.29447271735184,47.81702863813425
-92.29606461788804,47.81716005779937
-92.29760535768996,47.818203043124754
-92.29906412679742,47.81955421256297
-92.30861416268614,47.8660636208297
-92.32627173623838,47.86609685769051
-92.32917189360204,47.866161450832486
-92.33320437655661,47.86620874656679
-92.33415829229415,47.86630950587134
-92.33514454303895,47.86664850272008
-92.33602528700166,47.86693926932224
-92.33845743979575,47.867643677479386
-92.34071066120994,47.86851364732786
-92.3427166161228,47.86935835168096
-92.34479129243489,47.870370053601086
-92.34682977330816,47.871452929258574
-92.34830584423933,47.87224690809502
-92.3493906929697,47.873205292136966
-92.35113890336632,47.87488158992725
-92.3522969966285,47.875649913642015
-92.35363203647589,47.87641922178947
-92.35461772024965,47.876829464559
-92.35560519067386,47.87709687423127
-92.35698247490207,47.87731884757343
-92.35811473444035,47.87732518294341
-92.35928237749656,47.87733170460051
-92.36062605805613,47.877410612086145
-92.36221508846336,47.87768131306238
-92.36383194247041,47.87857109597182
-92.37475819095368,47.88513008121145
-92.37654872418734,47.88633010344528
-92.37725137546744,47.88676241943444
-92.3776689225084,47.88735982622531
-92.37790777801814,47.88808664947481
-92.3778284819646,47.88881283949155
-92.37750111922195,47.889549042233966
-92.37678015024298,47.89064019388531
-92.37637968888326,47.89156644206349
-92.37651754605692,47.891876664788704
-92.37690287286463,47.892212036179586
-92.37813651150572,47.89264722638192
-92.37965417582603,47.89301252099214
-92.38081791960606,47.893375887583126
-92.38223142296566,47.89357394649724
-92.38343426585146,47.893628022901694
-92.38442418047109,47.89372855678364
-92.38562646627182,47.89383021860385
-92.38827853489065,47.894058628912646
-92.39796759560191,47.89489542452423
-92.39863983173625,47.89492275273228
-92.40044279791334,47.89512262628389
-92.40196370931474,47.89522578017425
-92.40320146148613,47.895327442580985
-92.40472265755263,47.895406755718774
-92.40603066685826,47.895556363156196
-92.40786935194885,47.89573249911101
-92.40910685749814,47.89585790222413
-92.40977965362364,47.89583755673501
-92.41020521751689,47.89576832636221
-92.4109139481555,47.89570054745729
-92.41176318226371,47.89572870670686
-92.41349731830545,47.89576138287775
-92.4155513609088,47.89567663322512
-92.41671969637504,47.89565876819619
-92.41760406241288,47.89571086836059
-92.4188083269537,47.89564555297185
-92.42518013892949,47.895630015288425
-92.42588937526541,47.895514535171294
-92.42688361435098,47.89523383385963
-92.42848113941602,47.8948132942028
-92.43036467243884,47.894132289165384
-92.43221250144752,47.89347488232226
-92.43313535926058,47.89324138519906
-92.43384376723876,47.893197268865144
-92.43572510303113,47.8927066103539
-92.43618651835666,47.89258984853452
-92.43640094891929,47.892400455845554
-92.43711114865468,47.8921896884502
-92.43835327654257,47.89188629700318
-92.43908275213313,47.891767994742104
-92.44066231767968,47.89111198069666
-92.44250939904867,47.890502015722014
-92.44375145547217,47.8901985655047
-92.444566499802,47.8901072882076
-92.444885540031,47.890061219666066
-92.44513226938251,47.890157634902025
-92.44516511914524,47.89039585040475
-92.44418684950803,47.89250982411593
-92.44414763419546,47.892866719299576
-92.44424566618325,47.8936289750894
-92.44438087888409,47.89422477098172
-92.44447407879552,47.89543931048967
-92.44435897683779,47.896271951477
-92.44424463531952,47.89703317896472
-92.44384175566971,47.89829292766125
-92.44311975635348,47.89959873879925
-92.44232589837134,47.9009994187097
-92.44163922346117,47.90230539153918
-92.44187832822767,47.90311594524307
-92.44250890485523,47.90373795456177
-92.44331701747494,47.904313209897175
-92.44472928111573,47.90467713188388
-92.44702688257159,47.90502149759869
-92.44844121502499,47.90519493890072
-92.44971268423822,47.90548670630542
-92.45084028922449,47.90599202218798
-92.45270963516867,47.90666750369787
-92.45440551153064,47.907008852148905
-92.45617496186112,47.90708866233993
-92.4575567140324,47.906999975303584
-92.45939995205373,47.90679441709645
-92.46062062946439,47.90682263598533
-92.46187624788014,47.90699649288897
-92.46329265407238,47.90697931603039
-92.46474495433726,47.906914677813795
-92.46594746462064,47.90703930460701
-92.46665383371759,47.907209226725904
-92.46739365794828,47.9075697444403
-92.46813154133203,47.90812069312422
-92.47072722645595,47.91051324490013
-92.47167472040378,47.91135080333202
-92.47198563463733,47.91211401183375
-92.47208435165405,47.91285243850749
-92.47203998429244,47.91373304067478
-92.47174775055994,47.9146125027633
-92.47142373365348,47.91513473424525
-92.4709590410115,47.91556109453048
-92.46949409568157,47.91683983659304
-92.46935897065961,47.91736652790919
-92.4694377548256,47.918886853901355
-92.46981610059821,47.91998365642104
-92.47051313257099,47.92455753502867
-92.47081512319167,47.926201508005626
-92.47083160091537,47.92805841407428
-92.47074230596881,47.92986722112608
-92.4703771721353,47.93093678537024
-92.47001445540431,47.93176830446927
-92.4690476117929,47.93278747481087
-92.4673625048423,47.934755527332825
-92.46653675805199,47.93582294136131
-92.4658809891902,47.937581498703935
-92.46595073597095,47.94112883749615
-92.46626370101261,47.94170162335683
-92.46685862914512,47.94241855028139
-92.4684766134008,47.94356871139707
-92.46882675747763,47.943975023935245
-92.46913977127619,47.94454780185912
-92.46924216115592,47.94492916216461
-92.46969641954671,47.94555020199754
-92.47102431390122,47.9473655387487
-92.47295030288662,47.94961210329183
-92.47385972563389,47.9507827384999
-92.47389226022959,47.951068552519374
-92.47378184941972,47.95147273873631
-92.47309480195315,47.95282649722752
-92.4729831708136,47.95334970399201
-92.47311716990272,47.954112091709256
-92.47346572812572,47.95468501979554
-92.47441479211167,47.95545113949438
-92.47593185002076,47.95612462275905
-92.4761758230276,47.956530427388365
-92.47606589935474,47.95688700685541
-92.47603672096577,47.960893871207496
-92.47424614835583,47.96326590414837
-92.47280644360762,47.96445780946971
-92.46540503106147,47.969231156288146
-92.4577862832534,47.972123156962375
-92.45333320544854,47.97279205028083
-92.44861532620189,47.97387233139033
-92.44673366220368,47.97458238491286
-92.44663260380624,47.977262738270504
-92.44311579853087,47.979059285543954
-92.43703833730596,47.97736133176838
-92.42805550348339,47.976825883080494
-92.42487053450577,47.976463314841226
-92.42342850104151,47.97756760824841
-92.42293888046215,47.97961886735126
-92.42568958119621,47.98107085610786
-92.43049257113465,47.982592897272184
-92.43617729841667,47.985137794178094
-92.44106829508362,47.98683959841242
-92.44229404251982,47.989062781514626
-92.43881740601442,47.99228283481529
-92.44026609848603,47.99498548929687
-92.4436346596118,47.99721907611448
-92.44673773721458,48.00085520090323
-92.45108439369642,48.00192905680572
-92.45339569374863,48.00289887547088
-92.45499276786632,48.003865261056035
-92.45272314219719,48.007390034644736
-92.45445722503179,48.01231211374748
-92.46160412023396,48.020675363182164
-92.4747489712083,48.02804701532077
-92.47329036565736,48.030916715488004
-92.468092226587,48.03251072866281
-92.46674244849406,48.033818678469494
-92.4671506510105,48.03718047604174
-92.46517323815583,48.03830985276098
-92.46514470720669,48.04106624446685
-92.47019054752633,48.04570380271422
-92.47120461544405,48.05140128748843
-92.47660768273674,48.059715454001044
-92.47762176947944,48.06337866228757
-92.4822609380621,48.07019698563367
-92.48551283009942,48.07413451345036
-92.4904467608254,48.08022594587402
-92.49042513861231,48.08433212495533
-92.49528807809953,48.087900239847784
-92.49550394887686,48.09184685904249
-92.49974762175846,48.09470560895228
-92.4984950638005,48.099654747205165
-92.50242966083782,48.10386750884715
-92.5068417284038,48.11414255717347
-92.51369333342704,48.12022715829962
-92.51577705399254,48.12126106147553
-92.51767416938023,48.12219792543355
-92.52079594596093,48.12335534257605
-92.5234982542118,48.12420622248838
-92.52602780636252,48.127724513168836
-92.5287342529023,48.128141223755534
-92.53245593413678,48.127677886646545
-92.53520438194066,48.12838816213329
-92.53475943761677,48.130075387148764
-92.53490292723494,48.13337688927322
-92.53757418161221,48.13231401382016
-92.54116928740966,48.1336986953176
-92.54490830316193,48.137370787064306
-92.5419975276523,48.13946795023872
-92.54651464153102,48.14047108639824
-92.55050843169458,48.14279053742853
-92.55160889348629,48.14747671793218
-92.55341254883969,48.1472185831471
-92.55527198274557,48.146780828053394
-92.55699191892397,48.14899361740274
-92.55723888608385,48.15111237502045
-92.55501875712179,48.15191341043969
-92.55544156419215,48.154610205340525
-92.55755264652028,48.154314884646965
-92.56013606050327,48.153121073468746
-92.56259427611974,48.15307894868384
-92.56260782256378,48.15588629002416
-92.5643547824263,48.15979634696773
-92.56907387884348,48.16285015724245
-92.57150716354944,48.163373592816114
-92.57190715659695,48.16250345843967
-92.57339770803762,48.162441476117664
-92.57567952492234,48.16422048234712
-92.57869435582249,48.16777193044636
-92.58188466924103,48.16857678894533
-92.58269019097601,48.167329949751554
-92.58491398919317,48.167199271553926
-92.58699509576104,48.168283812012675
-92.58662523503276,48.170233448329405
-92.58780942961177,48.17142188144566
-92.58953166042406,48.17027813036454
-92.59189853233501,48.17168297592287
-92.59466129279876,48.17522714832852
-92.59780162872732,48.18025300860304
-92.59723047614663,48.18263641235845
-92.59275686882485,48.183154510876264
-92.59046855277352,48.18441049267086
-92.5890543089575,48.18643242671393
-92.59063219823959,48.18752511275401
-92.59282788695117,48.18684465709381
-92.5950423462837,48.188510806454
-92.59668491242451,48.19132546506359
-92.60123618839278,48.19180379099619
-92.605486184507,48.190058883079864
-92.60929795156527,48.188497330482164
-92.61239370382026,48.186748615679605
-92.61548061434158,48.18711946533416
-92.61632022690635,48.18847561549665
-92.61924070367112,48.18794414753714
-92.6247446580665,48.18641302100701
-92.62667523532934,48.187408877452945
-92.62597691766224,48.188499802923346
-92.62391276022332,48.18948269620093
-92.62245551898064,48.19049288831834
-92.62374014565412,48.19381572650557
-92.62609659111786,48.19577603774053
-92.62843854713078,48.19918278978067
-92.63149584138733,48.20253351142681
-92.63555969346606,48.204710353103614
-92.63802280797205,48.206355859148815
-92.64054478776809,48.206983046813036
-92.64189402987765,48.20946881647671
-92.64256569047278,48.21168096391491
-92.64124632918283,48.21275306592187
-92.63553157788347,48.209580000888785
-92.63013780289303,48.20698257453433
-92.62648337986906,48.20509338064414
-92.62201343092973,48.205580013788115
-92.61877167239238,48.207546754729556
-92.61793500873496,48.21155878755094
-92.61809292441406,48.214435592429915
-92.62396413220975,48.218413522958954
-92.6251935505984,48.21891026557682
-92.62559622174429,48.22111096646412
-92.62686222918235,48.22404792105542
-92.62544570648595,48.22662403277015
-92.62519344776587,48.22915957515039
-92.62714519132417,48.23065807063483
-92.6307794098741,48.23317281707289
-92.63218996341084,48.23659290707165
-92.63352084599727,48.23863451269245
-92.63540239837971,48.238940105399955
-92.63799946121415,48.2395475332229
-92.63853471071965,48.23996867256816
-92.63871031627401,48.24050852431503
-92.63816153714316,48.24200485354664
-92.63802759468821,48.24268323304394
-92.6379711335029,48.243562230860384
-92.63849840187493,48.24512186596063
-92.64019365519462,48.24644547034614
-92.64269643233838,48.24777156146407
-92.64340957150996,48.24843291852833
-92.642328379563,48.24908870377305
-92.64214100145946,48.250226640749005
-92.64239538524505,48.25253146065326
-92.64194022825103,48.25328204192658
-92.64184590032134,48.25394089085593
-92.64254950750595,48.2559804298371
-92.64459418291406,48.25874318055221
-92.64923823667986,48.26199322742079
-92.65235394918948,48.26571784976137
-92.6538622443253,48.26829904195231
-92.65662405947624,48.271363337817384
-92.65885600897519,48.273167636265306
-92.66171922498707,48.274554296586
-92.6637762867271,48.27569884382365
-92.6661897239576,48.27736431686827
-92.66728093873498,48.27808458567582
-92.6683311359596,48.27838844281866
-92.66885924865255,48.278746286866976
-92.66952154373094,48.27898935005893
-92.67034600157704,48.279149015124446
-92.67161308607075,48.27954687444915
-92.67231370011994,48.280089038455685
-92.67291575915347,48.28050202350661
-92.67339483031235,48.281059892018774
-92.67394845517418,48.28137781162925
-92.6741470091377,48.281761422858956
-92.67412962758102,48.282225263127245
-92.67448389203044,48.28245905448203
-92.67470979549454,48.28302031944427
-92.67500105395891,48.28356367329286
-92.67497771582389,48.283847232700126
-92.67512670115623,48.28407246781099
-92.67563147762154,48.28462587364171
-92.67584138151484,48.28509530461505
-92.67650647039142,48.28530454960201
-92.67683030677007,48.28532405044015
-92.67714333639228,48.285520721322506
-92.67749906492507,48.285664203218715
-92.677573768944,48.28592359914138
-92.67817998058456,48.28660466190542
-92.67839554312803,48.28691205239047
-92.67834261007445,48.2871649991027
-92.6787449267355,48.28741716470601
-92.67917176425694,48.28798900827994
-92.67984626766574,48.28848452481794
-92.68119628777161,48.2875272240661
-92.68528872950083,48.285520288218216
-92.68836590375277,48.28466372145714
-92.69095933329054,48.28441443936277
-92.69220592401767,48.28464202778657
-92.69416599416063,48.28596069372836
-92.69603035467587,48.287247037946
-92.69755955491179,48.2884043305976
-92.69937345462775,48.290138977496674
-92.70138136348399,48.291553749047985
-92.70214359766017,48.29261850025635
-92.70190021040506,48.292934693726004
-92.70208216445127,48.293277849304786
-92.7022901970744,48.29405625369691
-92.70242277364873,48.29445770756237
-92.70269525864315,48.29468012243152
-92.70285131552892,48.29502695368264
-92.70316366341696,48.295209683250576
-92.70439484180879,48.295476429834785
-92.7048510820279,48.295953548571674
-92.70504683431619,48.296356740554145
-92.70536019210948,48.296900220040044
-92.70546586986659,48.297325823417594
-92.70587264599733,48.298072379271254
-92.70587586489359,48.29835207852949
-92.70570509258435,48.29877058619014
-92.70559053826346,48.29911454219347
-92.70574435609421,48.29945950491409
-92.70602514157424,48.30000797449413
-92.70602413210845,48.30028575401174
-92.70562235865849,48.30111037409771
-92.70532591460847,48.30157280751277
-92.70504164356882,48.301922413325514
-92.70485786538384,48.30233037019931
-92.70505774410294,48.30238209185075
-92.70477063963489,48.303191194514675
-92.70452557122636,48.304055508514885
-92.70418464580462,48.304887540433526
-92.7037474885669,48.30575135832221
-92.70364830048122,48.30629569651809
-92.70369112654596,48.30719278464326
-92.70373692065918,48.307577321619256
-92.70402503697058,48.30757806340139
-92.704601084758,48.30761157924156
-92.70493685138591,48.307676510942386
-92.70488698497863,48.3079967321482
-92.70445369715415,48.30818782906324
-92.70373098733677,48.30860242356496
-92.70310486472891,48.3089211581391
-92.70267267896203,48.30892004171462
-92.70209848220641,48.308566171921136
-92.70152130455004,48.308724850091735
-92.69978862281793,48.30939307365936
-92.69892254767404,48.30967912397113
-92.69868130946737,48.30987070166746
-92.69829543787864,48.310158004263016
-92.69786248543859,48.310285007372045
-92.6966609887832,48.310442019410324
-92.69584207422409,48.310867701082245
-92.69521269703358,48.31171958664214
-92.69448240445254,48.31338346347429
-92.69462437613922,48.31373622424347
-92.69476214617762,48.31479374104539
-92.69480386759011,48.31585100266679
-92.69479909105716,48.31665186176349
-92.69440893754073,48.31764390669172
-92.69332612136192,48.318601168768566
-92.69305639034818,48.318975827933755
-92.69253781047921,48.31922161639933
-92.69098124036663,48.319706343640746
-92.69026256178039,48.32025967401195
-92.68892068887565,48.32117044362892
-92.68842762137135,48.32185646045329
-92.6881341526549,48.322720605797855
-92.68793674263127,48.32358501092033
-92.6876905084417,48.32457742233059
-92.68763984547252,48.32506791352057
-92.6868682224285,48.32550419665607
-92.68605180479189,48.32546993639555
-92.68537831432204,48.32562827030528
-92.68446483535315,48.32575390736199
-92.6835043064609,48.325719233605945
-92.68244929721824,48.32542801244674
-92.68206973495923,48.32501107117502
-92.68182901284626,48.324753566991575
-92.68101500774713,48.324334859687056
-92.68029428244384,48.324364893537044
-92.67942784519495,48.32465079550354
-92.6789970583837,48.324979599371254
-92.67855515815062,48.325929753052726
-92.67850228962826,48.32669844098448
-92.67869222507669,48.32705135469154
-92.67974784788257,48.327246507487025
-92.6804213769479,48.327088206675235
-92.68099742852222,48.327153875329316
-92.68157308275075,48.32728360962495
-92.68224461672385,48.32744564075407
-92.68286593213536,48.32795991242682
-92.68320001863317,48.32831321593738
-92.68363216931083,48.32834644014825
-92.68454411609541,48.32847708398682
-92.68506879663617,48.3290871829972
-92.68568366389758,48.33065856990613
-92.6868340973419,48.3310781600637
-92.6874064821344,48.33175244754471
-92.68720843643506,48.332712952701456
-92.68619639046803,48.3332227527127
-92.68494351300868,48.33382798874218
-92.68436322905254,48.334435058630504
-92.68310771955092,48.33545671933863
-92.68238126741741,48.336383723947165
-92.6821346634949,48.337408155083004
-92.68260797807427,48.33856271316684
-92.68356635119694,48.33942107766934
-92.68437370586487,48.340521691015226
-92.6854764964589,48.34090912844142
-92.6867265973209,48.340784400768314
-92.6878343013269,48.34037096053044
-92.6885566140255,48.34011664051899
-92.68903957941353,48.33948385099718
-92.69039162646774,48.338615961175705
-92.69140122438462,48.33852256986394
-92.69202450275374,48.33874848350463
-92.69338207671787,48.33910106319451
-92.69475917415788,48.33954163665262
-92.69624535873533,48.340009061601066
-92.69691558735266,48.34042728104202
-92.69676763690728,48.341067585796985
-92.69614183420475,48.34125814282235
-92.69532191319493,48.34176852974583
-92.6946939922312,48.34231145525863
-92.69464345290699,48.34272777252744
-92.69497695242751,48.34320917814948
-92.69516591640257,48.34375426927208
-92.69506503272162,48.3445548697646
-92.69510850135471,48.34532381803902
-92.69539415772283,48.345773060700864
-92.69649638463333,48.346288529336015
-92.69678034833157,48.34702607629734
-92.69754697621882,48.34741251085734
-92.69778385082394,48.34798975790718
-92.69806841014515,48.34863119895363
-92.69787390624246,48.34901510453466
-92.69758233442936,48.349558928044324
-92.69877965074998,48.350266832426335
-92.69968863948903,48.35097397190344
-92.70016247507814,48.35212845609901
-92.70029970799774,48.353314096325974
-92.7004363838008,48.35459583865558
-92.7013467827882,48.35507872555656
-92.70273989335578,48.355210472392535
-92.70393908380903,48.355630015285804
-92.70441583777222,48.35630396882083
-92.70446205018911,48.35662443398167
-92.7046032835642,48.35713735097702
-92.70508209411148,48.35745892584247
-92.70555980311262,48.357972703683636
-92.70637675355327,48.35800682636435
-92.70671358869508,48.35794361632544
-92.70748393984965,48.35772133525756
-92.70791708776561,48.357626331915206
-92.70834822277216,48.35788370282178
-92.70839427842203,48.358236200535536
-92.7081522966969,48.35852389858356
-92.70791031224167,48.358811596102626
-92.70762080718782,48.35900306845179
-92.7078593141341,48.35932402064573
-92.70824294364965,48.35948516734162
-92.70872326010372,48.359550453725696
-92.7096838967203,48.35968102048275
-92.71001928436891,48.35987407411029
-92.71016203620701,48.36013071082367
-92.71030333636791,48.360643620640644
-92.71078384771613,48.36067686427442
-92.71135760269166,48.361222893740404
-92.71202696888584,48.361865263492135
-92.71226389304978,48.36247451388086
-92.71259714619646,48.36305196980241
-92.71331588240962,48.36347021295264
-92.7139388444858,48.363824144270566
-92.71427302119372,48.36424142450361
-92.71470281275795,48.36475504466956
-92.71542384954621,48.36507611771834
-92.71542874239786,48.36533649844942
-92.71623563749438,48.36575190801369
-92.71685758223968,48.36629802835985
-92.71724005126053,48.366683384036655
-92.71747759128897,48.36719652091055
-92.71814852666684,48.36758258154224
-92.71867594934568,48.36784014908423
-92.71905788612617,48.36831308537036
-92.71934390992618,48.36877078312622
-92.71967833885894,48.36915601330711
-92.72001242161427,48.36960531077463
-92.72034493161789,48.370342914462256
-92.72096645103875,48.37098511474449
-92.72130038222639,48.37146644250325
-92.721634668901,48.37188370100674
-92.72216197927897,48.372173286620615
-92.72268755616757,48.3727832110915
-92.72297412917136,48.373136281489984
-92.72297221766986,48.37348865686087
-92.7235464199609,48.374002590716586
-92.72407220523642,48.374580474614866
-92.72450373747776,48.37480575052008
-92.72512898445402,48.37477521150868
-92.72522273651603,48.37522391892158
-92.72574872535775,48.375769760976944
-92.72622921756418,48.3758349744162
-92.72690393033317,48.37554826722735
-92.72767189748616,48.37580636384426
-92.72834506806076,48.375807955310265
-92.72872990716347,48.37577682882479
-92.72872735448203,48.376257340698395
-92.72872241910773,48.377186330206094
-92.72948702585816,48.37808509701626
-92.73001190398548,48.37885515823383
-92.730584039943,48.37978550014455
-92.73125338492338,48.380523859160654
-92.73235168556745,48.3820000062252
-92.73307034767654,48.38251422765998
-92.73369389157835,48.382845849071856
-92.73489260907344,48.38351151004511
-92.73628393550469,48.384155397161415
-92.73747377391807,48.38489490742175
-92.73872988069574,48.38547439100114
-92.73968993902132,48.38582894630358
-92.74098471417648,48.38656866115848
-92.74165575757912,48.3870186523514
-92.74247045027917,48.387597099043184
-92.74290152836672,48.38795044214417
-92.7428986239279,48.38852705581988
-92.74251175787553,48.38894263854652
-92.7424610756278,48.38945507628604
-92.74303775010962,48.38955246899804
-92.74366252351575,48.38964996598838
-92.7441882156551,48.390323859310406
-92.74418564664279,48.39083640464186
-92.74456914671404,48.39109353217239
-92.74442244620127,48.39157372293629
-92.74389030804255,48.392181193887694
-92.74350326123026,48.392628813719284
-92.74354975099828,48.392949261629795
-92.7440764393566,48.39343095073753
-92.74479634158327,48.393752893998624
-92.7456599169406,48.39420328809687
-92.74604424678948,48.3943002402866
-92.74652589431199,48.39417316469088
-92.74681465917018,48.39414176606022
-92.74729471696794,48.394335027938254
-92.7481578499973,48.394881505501885
-92.74887748321058,48.39526749136176
-92.74959665572898,48.39574957491719
-92.75012531247415,48.39584682744837
-92.75084653834236,48.39591246029739
-92.75123073480063,48.39604142924211
-92.75137379443579,48.39629801371759
-92.75127587081992,48.39665018053512
-92.7511787268925,48.39684217692055
-92.75112952969087,48.39706631133719
-92.75132225685643,48.39700265923444
-92.75185295512252,48.396683460975545
-92.75228681856017,48.39649218943833
-92.75257466107202,48.39665298080063
-92.75310209288648,48.397006492217955
-92.75329813308066,48.39736525111592
-92.75357941682329,48.397776341068955
-92.75348150554703,48.39812850969373
-92.75367284195765,48.39835316023915
-92.75424948425649,48.39848253087448
-92.75448831409821,48.39883541904233
-92.75434199281779,48.399251553805115
-92.7542437753329,48.39966779110662
-92.7546281627222,48.39976471462782
-92.75515533342472,48.400182284630915
-92.75524801230394,48.40091927258094
-92.75524586080704,48.401367749297044
-92.75519636960105,48.40165595339504
-92.75500316814014,48.401815714055125
-92.7547139027411,48.40194323526698
-92.75452116109844,48.40200689297157
-92.75418393924414,48.4021022761525
-92.75403915044917,48.40219806985637
-92.75418270442756,48.402358548492664
-92.75427830471838,48.40248689017662
-92.754566649616,48.40255157433207
-92.75495028996531,48.40280866697136
-92.75557540209186,48.40287406531731
-92.75600792547853,48.40297108640703
-92.75643999169671,48.40316420800086
-92.75658294454061,48.40345281979899
-92.75658172171704,48.40370909212455
-92.75672498240976,48.4039336356453
-92.75701272826298,48.404126449828
-92.757396240438,48.40441556831916
-92.75753889765981,48.404768246954085
-92.75753798410328,48.404960451168805
-92.75768079598778,48.40528109556491
-92.75753524337605,48.40553706377413
-92.75758213723047,48.4057934373973
-92.75806280127114,48.40589055211362
-92.75835071496059,48.406051328880615
-92.75863756942933,48.40643634313718
-92.75898299066758,48.40691769105768
-92.7589815301452,48.40717392105529
-92.75863241563863,48.407525500039306
-92.75897769615169,48.40784652994257
-92.75935124839835,48.40813565811596
-92.75978216404283,48.408585039242126
-92.76016452032485,48.409130420509186
-92.76083632977557,48.40951623079403
-92.7617000141961,48.410030571964015
-92.76261153431754,48.41060907394177
-92.76333179598426,48.41093090084809
-92.76395583962295,48.41125333253013
-92.76387838454706,48.41125363824022
-92.79135991013729,48.411366220231635
-92.79133892454823,48.41189169729978
-92.79486114307636,48.411644501969555
-92.79528114318539,48.41154950192531
-92.79568514329941,48.41151150188968
-92.79604414339606,48.41145050185448
-92.7964481434943,48.411320501806856
-92.79668514353503,48.41114550176602
-92.79755414373145,48.41077850165219
-92.79777614377093,48.41062250161499
-92.79892814399044,48.40989750143293
-92.80017114424236,48.4092035012523
-92.8004761443092,48.40906250121076
-92.8008201443916,48.40894450116922
-92.80120114448813,48.408844501127284
-92.80209414474217,48.40877250105011
-92.80285714495005,48.40865750097718
-92.80345214511779,48.408600500924585
-92.80401614526905,48.40850150086886
-92.80455114540773,48.40837950081233
-92.80495514550529,48.40824550076419
-92.80548914562091,48.40799050069037
-92.80600814572792,48.40771150061454
-92.80665614585527,48.40732650051512
-92.80858514622463,48.40612350021173
-92.80881514626873,48.40598050017563
-92.80922714635685,48.405777500117864
-92.80960114644493,48.405640500071605
-92.81022714661792,48.40556050001363
-92.81064614674428,48.405568499982884
-92.81102014686162,48.40560249995892
-92.81141714699235,48.40567449993817
-92.81236314730786,48.405869499891814
-92.81285914748526,48.40604149987664
-92.8134391476738,48.406132499844446
-92.81388914781589,48.40617849981631
-92.81427014792693,48.406163499785436
-92.81465914804484,48.40617449975733
-92.81498814813436,48.40612449972583
-92.81575014832585,48.40591549964071
-92.81602514838234,48.405766499600404
-92.81627714842682,48.4055874995579
-92.81652914846721,48.40538449951228
-92.81672714849303,48.405190499471935
-92.81693314851663,48.40496949942749
-92.81705514851706,48.40475949939079
-92.81791014848591,48.40308849910784
-92.81810014846347,48.40262649903313
-92.81829914845176,48.402211498963865
-92.81855814846615,48.40184449889632
-92.81867114847623,48.401706498869714
-92.81905414851221,48.40124949877673
-92.8193741485496,48.40091049870821
-92.81977914860889,48.400551498630634
-92.82012214866802,48.40029949857169
-92.8204351487242,48.40008249851959
-92.8208701488219,48.399895498462186
-92.82119814890346,48.39980049842489
-92.82158714901483,48.39977349839182
-92.82190014910232,48.399739498363644
-92.82228114921524,48.39973549833846
-92.82300614942612,48.399704498279405
-92.82466914992332,48.399712498154194
-92.82707315063823,48.39970149797024
-92.82808015093504,48.39968149789118
-92.82880415114712,48.39965949783333
-92.82933815129711,48.39960549778576
-92.83249115222361,48.39952649753606
-92.83394215265007,48.39949049742118
-92.83633615335367,48.39943149723169
-92.84027515451116,48.39933349691977
-92.84175915494721,48.39929649680224
-92.84332115541285,48.399296496683625
-92.84342215544297,48.399296496675944
-92.84551315602262,48.399041496483875
-92.8521431577839,48.39778649581658
-92.85799015932088,48.39658549521578
-92.85997815984332,48.39617649501141
-92.8652501612425,48.39517249447993
-92.8677301618947,48.39466549422536
-92.86801916196899,48.39459649419442
-92.86930116225047,48.39400949402044
-92.87004916232362,48.39313549384962
-92.87068216233789,48.39211749366873
-92.87069016233515,48.3920874936642
-92.8712541621007,48.389737493314804
-92.87180416186658,48.38741349296982
-92.8719561618545,48.38707849291458
-92.87214116184626,48.386708492852264
-92.8724831618403,48.38607849274408
-92.87301716190076,48.385502492628355
-92.87326116193236,48.38526249257849
-92.87390216203656,48.384755492463654
-92.8748171621994,48.384114492310516
-92.87571816237968,48.383599492174866
-92.8762671624929,48.38330549209479
-92.87729716272665,48.38287849196085
-92.87869316308758,48.3825574918129
-92.88011216349338,48.38245849169219
-92.88117316380294,48.382420491606624
-92.8861321652619,48.38231349121589
-92.8884971659592,48.3822714910307
-92.89016816650012,48.38252349093659
-92.89136516693236,48.38296549090331
-92.89211316722779,48.38338949090176
-92.89328816774562,48.38436949094029
-92.89382216795968,48.38469049094158
-92.89461616824777,48.384991490920505
-92.90507517174662,48.38723049041748
-92.90605217207118,48.38742649036877
-92.90794417269983,48.38780649027444
-92.91136217384668,48.38855849011264
-92.91389517467495,48.38898948997621
-92.91566517526086,48.389332489886336
-92.91792317600462,48.389748489768856
-92.91815617608225,48.38979648975738
-92.9191291764063,48.38999648970948
-92.91991517665272,48.390068489659086
-92.92081517691027,48.390007489582665
-92.9217381771637,48.38988248949618
-92.92262317738918,48.389660489399944
-92.9233711775545,48.38932548929937
-92.92375117762222,48.389060489235916
-92.92425617771207,48.38870748915151
-92.92522517787376,48.38796748898136
-92.92655217811648,48.38707848876453
-92.92757517829543,48.38634548859116
-92.92839117848938,48.38605948849182
-92.92923817870762,48.385861488401574
-92.93029117902373,48.38587648832344
-92.93194617955388,48.386094488226
-92.93342618004544,48.386391488152114
-92.93432718034047,48.386547488103915
-92.93574618077409,48.38661248800444
-92.93967518197196,48.386776487726905
-92.94174218260382,48.38687248758217
-92.94342018312017,48.38697048746728
-92.94396218328684,48.38700148743008
-92.94606118392818,48.387097487282865
-92.94757118440327,48.3872464871874
-92.94957018506182,48.3876164870835
-92.95166118576404,48.388081486984966
-92.95312118625098,48.38838648691359
-92.95439918667721,48.38865348685111
-92.95665018741863,48.38906948673398
-92.95896218818937,48.389550486620685
-92.96152518903858,48.39005348649113
-92.96388018982158,48.39053148637413
-92.96620219058856,48.390973486254936
-92.9678881911472,48.39130448616968
-92.96993319179911,48.39155648604681
-92.97102419211593,48.391510485957745
-92.97273319257154,48.39120148578738
-92.97404519288682,48.39076348563044
-92.97531219323248,48.390580485510114
-92.97688319367445,48.390431485371096
-92.97837919406265,48.39009948521394
-92.97948519435317,48.38987448510039
-92.98054519467514,48.389912485024645
-92.98214819517123,48.39002348491701
-92.98369619566125,48.39019448482141
-92.98475719597303,48.39017148473759
-92.98482419598936,48.39015048472976
-92.9861611963163,48.389737484574155
-92.99060119737014,48.388180484033235
-92.99294619793653,48.38741548375498
-92.99607119868071,48.3863344833762
-92.9960973083994,48.386348946586104
-93.00018190611918,48.38884619301085
-93.00284594393399,48.390604898494765
-93.00886061367424,48.394490391474804
-93.01571684275834,48.398985422406625
-93.01875802618926,48.40096349014935
-93.01931879768767,48.40117238739702
-93.02364059499853,48.4023163024652
-93.0335550139035,48.40503763490112
-93.04088837524473,48.40706029609236
-93.04417177550545,48.407901069395095
-93.04604453484222,48.40826937358219
-93.04752170432846,48.40838491840809
-93.04893284389858,48.408401600322115
-93.04895611238828,48.41362147560207
-93.04876229870418,48.42731507140134
-93.04844166784878,48.44777413443011
-93.04912654835053,48.448163236654985
-93.0502406970388,48.44895966416655
-93.0510490009991,48.44991518468451
-93.05123853371337,48.450250129412765
-93.05178360153928,48.450310611690895
-93.05333638680042,48.45029982646776
-93.05581394610763,48.45043188945182
-93.0569864207991,48.45076148568507
-93.0571178498576,48.45158513819405
-93.05647277980675,48.45234287004193
-93.0563320676925,48.452655836487345
-93.05665400792671,48.452831559580915
-93.05764481746783,48.45319956324947
-93.05808243568957,48.453287418725324
-93.05906554227354,48.453177701146316
-93.05980871437698,48.453408346840966
-93.06098962638971,48.45358963582564
-93.06226135679965,48.453930191171224
-93.06370672381894,48.454023503293016
-93.06378090361237,48.45418278977958
-93.06335121063466,48.45439147543086
-93.06215297158062,48.45499543232851
-93.06064945477199,48.455269907198776
-93.06020352578493,48.45514904880271
-93.0597331315308,48.45469326265914
-93.05926257008393,48.4544352171548
-93.05784215394728,48.45404522291564
-93.05669455148615,48.45365525697996
-93.0558769745451,48.45339709811954
-93.05491904622737,48.453287172465124
-93.05405153916686,48.453501249471174
-93.0533904254132,48.45385808839404
-93.05370386942745,48.45418757339896
-93.0543148651567,48.45439087688348
-93.0553143839725,48.454297557208726
-93.056413233345,48.45413841597404
-93.05675144920042,48.454467970484394
-93.056552616187,48.45506093598705
-93.05579232784864,48.45551122068722
-93.05507343421914,48.4557307210168
-93.05475071416711,48.456351181727975
-93.05446119484581,48.45665872851293
-93.05402349432042,48.45664220136982
-93.0530986096245,48.456367519717496
-93.05237167821315,48.45642237142376
-93.05194986429268,48.45686159037585
-93.05242831346348,48.457438227072146
-93.05387336315772,48.457921569756856
-93.05522768751204,48.45841042567724
-93.05612778953858,48.45861367026186
-93.05617717545188,48.45875093226324
-93.05584664570293,48.45891563851539
-93.05573890339605,48.45921770214609
-93.05539187326832,48.459387902913
-93.0549706153284,48.45933844439471
-93.05419423290064,48.459228515919584
-93.05292194531246,48.45933823513151
-93.05151727339592,48.45962352066788
-93.05113695441185,48.45993100955475
-93.0505420685987,48.460068198543006
-93.05021117134899,48.460436028910976
-93.04964904200295,48.46074350204735
-93.04927706321143,48.46102345194864
-93.04951622596303,48.46131456482928
-93.04935892241637,48.4616055780196
-93.04930095946794,48.461814230836154
-93.04935028534543,48.462044878993794
-93.0489121731662,48.4622095213477
-93.04848240827384,48.462335743621026
-93.04868885691096,48.46250595948864
-93.04905226588602,48.46258290485133
-93.04984505525506,48.462830146845334
-93.05015860740909,48.46309927469504
-93.05013350624247,48.46343422385171
-93.05032321273885,48.46362639540952
-93.04995129802687,48.46385146891696
-93.04996746515778,48.464060179754746
-93.05040512615258,48.46424693532896
-93.05037201164599,48.46441167498591
-93.05085108050268,48.4644721004471
-93.05153706426482,48.46420864889799
-93.05220614830023,48.46422517072254
-93.05212336527595,48.4644942023584
-93.05264356744958,48.4646919776401
-93.05317234859207,48.46468102877433
-93.053783796372,48.464554794246695
-93.0538831862484,48.46426380228521
-93.05424698184072,48.4640496955944
-93.05456128775648,48.46373125228554
-93.05513145061701,48.46359405445917
-93.05576742798952,48.46364898631949
-93.05644481861445,48.46372044784821
-93.05661800211503,48.46411584714149
-93.05700612206535,48.46425312145134
-93.05793942290124,48.464527767104705
-93.05834413183177,48.46461563798455
-93.05888115003204,48.464593683034934
-93.05892208866857,48.46490125098974
-93.05906233382579,48.46521974367321
-93.05953278733942,48.46564809250686
-93.05921855178823,48.46601045195806
-93.0594826996511,48.4661971721368
-93.0599868598321,48.4659445598767
-93.06034221689393,48.4658128459217
-93.06064781351927,48.46592819979587
-93.06194458441458,48.46636203799176
-93.06281210862888,48.46634006628173
-93.06325817472315,48.46637850673713
-93.06350560228975,48.46681235948742
-93.0634802291134,48.46761953537578
-93.06336376836431,48.468503591031826
-93.06300807741688,48.46892086182079
-93.06238011603314,48.46895386100184
-93.06170276278067,48.4688659709354
-93.06075266762984,48.46877255340672
-93.06037237368994,48.46899766480993
-93.05905035436312,48.469003118795314
-93.05772814226546,48.46931596643161
-93.0576618045571,48.46951365171079
-93.05790948463563,48.469722334975266
-93.05877668109879,48.47006834867709
-93.05895008118362,48.47026600195912
-93.05943753922502,48.47027150898603
-93.0603795655862,48.470156313916725
-93.06147880895585,48.4697170650918
-93.06206543560552,48.46972808577397
-93.06262733163227,48.46976106826471
-93.06320537082742,48.47004656950446
-93.06376667500153,48.470683568373204
-93.06452623266219,48.47134798259013
-93.06527771512455,48.47192459097731
-93.06629362611581,48.47242979054533
-93.06706155175577,48.473033816867414
-93.06770548066834,48.47378059461872
-93.0683828381867,48.474016620722054
-93.06915075836474,48.47477986998449
-93.06982802404394,48.47523018285123
-93.07022453306064,48.475378382903685
-93.07048878680185,48.47567492401326
-93.07012474552624,48.47611417270242
-93.06976920712658,48.476443658484065
-93.07010802407775,48.47654799123777
-93.07039695344996,48.47677866352828
-93.06995900799515,48.47691045849678
-93.06910792082766,48.47681165196423
-93.06849642975686,48.47668534762397
-93.06759581205418,48.476575493751824
-93.06657981981556,48.47608137170029
-93.06652240258421,48.47563104306729
-93.06666329113901,48.47514236480642
-93.06645694957243,48.47472504920626
-93.06565575558515,48.47435710468451
-93.0650441704643,48.474444987321796
-93.06367254464564,48.47449433507739
-93.06275496940347,48.47485676591651
-93.06225826385176,48.47595496138924
-93.06194388223572,48.4763447668452
-93.06154716982947,48.476350287564486
-93.0612662895357,48.476251476577076
-93.0611009811455,48.47639415802627
-93.06107592273584,48.47659740090104
-93.06042255779785,48.47719582902324
-93.05977784344371,48.47745391363042
-93.05912481879244,48.477552671966635
-93.05789353655952,48.4775855950865
-93.0554056790164,48.47816196181503
-93.05490115271542,48.47858467624344
-93.05538855690747,48.4787165104101
-93.05598349783915,48.47868914330015
-93.05793363169796,48.47893090209621
-93.05850341341777,48.47938115538848
-93.05828826296192,48.4796173309999
-93.05800728558597,48.47956232480198
-93.0576685061769,48.4796063076769
-93.05746172178074,48.479825924102144
-93.05699878138773,48.479924665242784
-93.05619732382837,48.47982034084601
-93.05451954787593,48.47995195594296
-93.05304769689381,48.48071500148955
-93.05306411261435,48.480885206432895
-93.05343568099369,48.48112685863872
-93.0546089064521,48.48138513534205
-93.05580729484072,48.48137970246219
-93.05636936107913,48.48120957592962
-93.05703890394517,48.48119314246715
-93.05789784202223,48.48172584216703
-93.0582776657574,48.48206085751135
-93.05817822240864,48.482313437630744
-93.05801265503403,48.482609863614265
-93.05779758023445,48.482807533415986
-93.05717751499283,48.48303815170615
-93.056846534881,48.483422463170854
-93.05680463752894,48.48395516238195
-93.05733339848705,48.48422974108519
-93.05868040302842,48.48430670141953
-93.05939142324777,48.48408160597476
-93.0599374076527,48.483455621366645
-93.06068980028799,48.4832141228135
-93.06204504449532,48.483296527261025
-93.06243327777837,48.48350521441229
-93.06231745076914,48.48373576568202
-93.06260669738582,48.48366993478954
-93.0631029278593,48.483225150255905
-93.06421062888826,48.48295608418894
-93.065648626762,48.48298909958162
-93.06644992890456,48.483439360878634
-93.06714407378598,48.48358757905221
-93.06900358843319,48.48348877807876
-93.06936723833086,48.483510690711974
-93.07030099587747,48.48371389330086
-93.07077214617529,48.48357658896197
-93.07127659306818,48.483252586169804
-93.07248356835017,48.48278572739799
-93.07350850360172,48.48259354339593
-93.07485526491315,48.48297781260033
-93.07579697945981,48.48379038355983
-93.07592046618615,48.484471331785436
-93.07558972254975,48.48465255758538
-93.07541603980445,48.48488864779773
-93.07501912816451,48.48526207894867
-93.07335724843364,48.48618465396265
-93.0733166186323,48.486351653492235
-93.07299316350523,48.48672287160383
-93.07277806306556,48.48706325255414
-93.07257112491564,48.4875300276765
-93.07268669644147,48.48781010334939
-93.07318242637074,48.48799124707064
-93.07453779670378,48.488243716597324
-93.07562876214574,48.488337017561264
-93.07606689373888,48.48818324990251
-93.0765627973808,48.48819965446082
-93.07733113505692,48.48874873221067
-93.07777719078688,48.48935272123413
-93.07775207190795,48.48974255306893
-93.07809081491826,48.49008292818198
-93.07826430757213,48.49033551974891
-93.07875174236804,48.490637466945735
-93.07920643202796,48.49059352233616
-93.07976851289234,48.49041770403035
-93.08042161906539,48.4902913896792
-93.08109939881209,48.49036261559094
-93.08194215818773,48.4909336511311
-93.08239670659016,48.491136735646705
-93.08387627246461,48.49111452543579
-93.0848600518778,48.49092218067127
-93.08497585718499,48.49073002171611
-93.0852568985383,48.49052676473865
-93.08589334338731,48.49055966828761
-93.08661237316346,48.49084503566085
-93.08721577026057,48.49086140335025
-93.08747192858299,48.49114693519894
-93.08734773043203,48.491569771152264
-93.08770290243172,48.49205287853718
-93.08816571692007,48.492398707054036
-93.08881045294673,48.4924370759297
-93.08929821469326,48.492184349105635
-93.08929023332159,48.49133878210878
-93.09008426885076,48.49009215950259
-93.09086955711744,48.48965269689506
-93.09108453687732,48.48960871441439
-93.09219221050343,48.48918014274514
-93.09269649007891,48.489180007636214
-93.09309310953705,48.48936663316633
-93.09336592580584,48.48920186766739
-93.09329995751285,48.48894930166008
-93.093994150872,48.488894218567296
-93.09448183931956,48.48899844766795
-93.09530834565416,48.48927827468009
-93.0963580400873,48.48920111108874
-93.09728377351111,48.48934364538852
-93.0976473366742,48.48957418568829
-93.09852350449403,48.489486083833626
-93.0990525542275,48.4892772726821
-93.09947413069924,48.48892568885104
-93.09944946039965,48.48862918811524
-93.09899481654747,48.48847007346509
-93.09898663931793,48.48837129978326
-93.09924660511085,48.48829181744741
-93.09995371393254,48.48848085016535
-93.10122648254321,48.48870554808278
-93.101449608818,48.488952573306165
-93.10192071019327,48.48907873677676
-93.10196333149254,48.489140774335
-93.10225951369428,48.489572879566744
-93.10301162416422,48.49018207624168
-93.1039456963313,48.490214793167034
-93.10467309881741,48.489983915613635
-93.1051937646228,48.49011550840216
-93.10554927850447,48.490164843189426
-93.10553269272044,48.489868336401116
-93.10497073257339,48.48920410474144
-93.10467321866032,48.48826658867162
-93.10516094987864,48.48642007791125
-93.10511967851346,48.48596426671634
-93.10415264198612,48.485657108173015
-93.10356587704979,48.485141152746074
-93.10334280964678,48.48405395496001
-93.10366526896685,48.483510280652126
-93.10411162260209,48.482873200402175
-93.1042850983433,48.48240639846739
-93.10439266887249,48.482203161524424
-93.10451660171486,48.48245575882532
-93.10461574935624,48.48289496449225
-93.1045247894581,48.48334522851523
-93.10466527092481,48.4840096671201
-93.10540074058592,48.484712246820536
-93.10574783491299,48.48554679692865
-93.10626021683962,48.48607378553317
-93.10665691052814,48.48634816947796
-93.10721068682288,48.48621621722916
-93.10780580067112,48.48585904305528
-93.10811981452046,48.485370242547965
-93.10840090323913,48.48429391541461
-93.10912811259567,48.48408496091757
-93.10954955411333,48.48384867420079
-93.11012806942382,48.48359586224946
-93.11126040317828,48.4838096080284
-93.11215297896926,48.48416068210815
-93.1129298894599,48.484341560389495
-93.11354967955971,48.484215000624395
-93.11426054401392,48.48445090324006
-93.1154259307491,48.48454375316369
-93.11646714544037,48.484010655495844
-93.1174671651975,48.48369719326748
-93.1188967288094,48.483224312496354
-93.11992148031935,48.482680314766355
-93.12018577641177,48.48205415730294
-93.120747642968,48.481488323343555
-93.12187140040872,48.48083435770298
-93.12243312585208,48.48027949118917
-93.12327612861993,48.480158309050324
-93.12402814142823,48.480514839592296
-93.12478015763493,48.480316734961036
-93.12492040806623,48.479460122083914
-93.12474673583101,48.479103241843276
-93.12506889252039,48.47887249346297
-93.1251781350717,48.47889063747629
-93.12543161784328,48.47918157621072
-93.12571373778167,48.479670314747096
-93.12625932956873,48.479724685782955
-93.12674689813808,48.47973521553014
-93.12766341486497,48.47942103665506
-93.12853814980417,48.47890906545889
-93.12955404827382,48.47868265565488
-93.13073492766743,48.47836815439094
-93.13127191650857,48.47829062365093
-93.13152831691224,48.47838929176991
-93.13127239860681,48.4784774791401
-93.13025654000818,48.478714879731406
-93.12958814216282,48.47910571976186
-93.12899340487036,48.47919977084705
-93.1286052243328,48.47932111734881
-93.128622566219,48.47965081739442
-93.12828419432124,48.47983247322221
-93.12763982414539,48.47988815782199
-93.12661602288513,48.48032327668351
-93.12606327297712,48.48071405881204
-93.12594036913262,48.48113729568573
-93.1258498698074,48.48131327496347
-93.12554437292494,48.48144540634272
-93.12517795392449,48.48145687103678
-93.12440047203708,48.48170619545701
-93.12318572709373,48.48227787578453
-93.12249167305242,48.48250883519582
-93.12227679985918,48.48285488650678
-93.12221907533377,48.483217324070374
-93.12312000741711,48.48335967705389
-93.12325230183623,48.48367261125506
-93.12284744580079,48.483969296509706
-93.12216152000859,48.484101374419524
-93.12128555596419,48.48433242943538
-93.12074020334103,48.48502455826557
-93.12002131072606,48.48587601230279
-93.11989745494375,48.486381290726825
-93.12009597883876,48.48660626430319
-93.1204843064793,48.48645786727459
-93.12064960580527,48.48642485717518
-93.12094726526604,48.48696280093165
-93.12185654931548,48.48740167710847
-93.12262541466289,48.48774722290686
-93.12301395161889,48.48807652725772
-93.12356768296867,48.48815861127744
-93.12405533228777,48.4881693322709
-93.12430274674054,48.48834215653512
-93.1245266544715,48.488531559113916
-93.12444402750802,48.48866884392092
-93.12413818631427,48.488734938018766
-93.12350170603416,48.48852105800834
-93.12266699618901,48.488658786170916
-93.12184865380407,48.48885127916243
-93.12210515887146,48.489768192517055
-93.12255157869113,48.49013036379626
-93.1232211654483,48.49037165264901
-93.12363467578875,48.49094257184216
-93.12399849164593,48.49116754078761
-93.12453573163107,48.49129902821612
-93.12517716462817,48.49136463605486
-93.12675859947642,48.49165411945458
-93.12727217855158,48.49211515893232
-93.12728080609088,48.49226350031227
-93.12704099373133,48.49221977275813
-93.12632951522674,48.491967756476456
-93.12561832887589,48.49183115950904
-93.12532938900448,48.491952296360715
-93.12530463396347,48.4920127792368
-93.12540429127938,48.492194038479155
-93.1256363617094,48.49244658472945
-93.1262732509782,48.492638231206016
-93.12656302651035,48.49285220759179
-93.12636573649255,48.493308542626856
-93.12591156703094,48.493501293714836
-93.12592035413442,48.49371557870594
-93.12613560746512,48.49384174265729
-93.12635102694,48.49408881782908
-93.12645118401295,48.494467906690836
-93.12648509890454,48.49482502703725
-93.12607145072529,48.49471554465773
-93.12573257562019,48.494737866557784
-93.12540180781966,48.494644844611116
-93.12517695631591,48.49441424138185
-93.12441256327618,48.493676734390796
-93.12374272208434,48.49307298729418
-93.12234558190167,48.492266512626884
-93.12176691528516,48.492019724760596
-93.12152716032988,48.49182763473459
-93.12211393023527,48.491448444476596
-93.12231217351994,48.491206770125444
-93.12217999024458,48.49105855956414
-93.121403045285,48.49114682682256
-93.12053493391048,48.49074631893884
-93.12055131819534,48.489950118626844
-93.12036931780446,48.48945055791676
-93.1202782673218,48.48883556774351
-93.12007977115304,48.48851172385359
-93.11926967297231,48.48772133068648
-93.11872413340573,48.48749095646835
-93.11779843505599,48.48766715789514
-93.11720334598338,48.487837617853806
-93.11714554313544,48.488007889028545
-93.11686456047124,48.48805738508559
-93.11640979676092,48.48745355612198
-93.11664116130957,48.48677805026012
-93.11611213677021,48.486421337075484
-93.11473196422521,48.48682279210194
-93.11443440550211,48.487322659778854
-93.11394690119327,48.48779500584897
-93.11331875262351,48.487833770801394
-93.11278668983256,48.48799335014404
-93.11255834752531,48.488103150095036
-93.1121945978135,48.48805933278569
-93.11196322267536,48.48826764534062
-93.11176490642691,48.48849328842286
-93.11112841491185,48.488806530354
-93.11083093160238,48.48911413493804
-93.1108557282954,48.48943807218442
-93.11083926550393,48.48964680499874
-93.10961590385537,48.49014691797593
-93.10845868608828,48.49044930427095
-93.10813638348345,48.490872259267604
-93.10867364365919,48.491097203529485
-93.10888853087305,48.49139361235088
-93.10878935045068,48.491596845239755
-93.10826861831528,48.49150917132453
-93.10737593949011,48.49173464805314
-93.10677252397517,48.4924266739395
-93.1071444954366,48.49301964190775
-93.1076569389924,48.493277540809636
-93.10833473301645,48.49325531349546
-93.10866547572886,48.493798834986706
-93.10883907286629,48.494402780139566
-93.10864059427568,48.49463345573415
-93.10820250973056,48.494534727902874
-93.10748328735711,48.49411221045969
-93.1059953829985,48.494326895148674
-93.10524322780866,48.494200825841574
-93.10463970689148,48.49427793553492
-93.10396180388047,48.49465154106391
-93.10354032749126,48.494794424126994
-93.10291209429835,48.49450359371343
-93.10216808456013,48.494454416363524
-93.10141592215078,48.49438877795239
-93.10045698337893,48.49434508658861
-93.09981229862657,48.49400486328623
-93.09962219932834,48.49383463589763
-93.09935765916836,48.493873189266914
-93.09933275985327,48.49415326910242
-93.09939873341357,48.495289908830586
-93.09876196177437,48.49686599822511
-93.09824903379143,48.49852438510049
-93.09761227581723,48.49993565310185
-93.09771985589117,48.50069027010193
-93.09881154769009,48.50127653334867
-93.10031556547904,48.501631579944146
-93.10129918068523,48.501965294714836
-93.10202506646662,48.50156350411138
-93.10268564674647,48.50147484196207
-93.10288534842509,48.502089567666985
-93.10335637189854,48.502182348419986
-93.10409087330174,48.501961724584774
-93.10497467730235,48.50199906674409
-93.10529854982885,48.502679528556904
-93.10574524318818,48.50298094828722
-93.10451696731548,48.503905010599894
-93.10295603779782,48.503972810683486
-93.10197431803466,48.50447379426887
-93.10184385392486,48.50517131041721
-93.10176316787798,48.50598402615357
-93.10240018362042,48.506400534093146
-93.10387045642759,48.50638770143159
-93.10477183816202,48.50677094061046
-93.10408783459208,48.50741975123706
-93.10159364296824,48.50759857867042
-93.1016118801808,48.508323311870235
-93.10237246545707,48.50856949895128
-93.10191172312929,48.509311300264486
-93.10112711028961,48.50937820563332
-93.09937799556701,48.51030284833155
-93.09809107351502,48.51101826525616
-93.0965980677027,48.51196450813022
-93.09758116439346,48.51200722148906
-93.09849092187139,48.5124234291494
-93.09978100303334,48.513025885560786
-93.10260717581475,48.51336823258041
-93.10450867848594,48.513898478125185
-93.10527703052591,48.51392494709392
-93.10630113821134,48.51380831249931
-93.10631809425021,48.514016922945736
-93.10529433386087,48.51423782543372
-93.10450233814184,48.514700151446334
-93.10284957127938,48.514515504810795
-93.10076822351179,48.51472678127549
-93.10013401579245,48.5152317617281
-93.09882199395457,48.51618975038511
-93.09804691439909,48.51683320433259
-93.09761801376924,48.51716319608606
-93.09736117728562,48.516834056222756
-93.09716142106497,48.51618630585573
-93.09680569090412,48.51597258169966
-93.09646583783989,48.51548985139356
-93.09609433780231,48.51516746195939
-93.09562957460304,48.51471659054299
-93.09463011183661,48.51478371979059
-93.09424295750249,48.515137954988674
-93.09378926481799,48.51561387413912
-93.09278188775157,48.5158072129708
-93.09165830323379,48.51584148962484
-93.09058190226709,48.51515078995478
-93.0905097371968,48.515079505423444
-93.09015224168235,48.51469015271512
-93.08923487915963,48.51455394255925
-93.08845011110738,48.514587744849486
-93.08767452802688,48.51507981040241
-93.08688249921175,48.515544983925025
-93.08675199648319,48.51635772520997
-93.08732383114565,48.51713682894951
-93.08811011937104,48.51780034230965
-93.08749948173137,48.51816893973532
-93.08644135531421,48.51786809066493
-93.08565538401074,48.517380264911786
-93.08471287437304,48.51704638709497
-93.08384691972924,48.517799657889356
-93.083782175544,48.51844762395172
-93.08493107283626,48.51869346265603
-93.08455203530156,48.51918251465397
-93.08344565867654,48.51951870671988
-93.08253757904133,48.51988758288806
-93.08220761939957,48.520178941579985
-93.08169460442353,48.519822600632054
-93.08045558219091,48.51996669547146
-93.07962078994758,48.519764407673144
-93.07860473600134,48.51986433590669
-93.07886172206287,48.520358240883
-93.07953151638088,48.52061012831327
-93.0788223406368,48.52133572351378
-93.07840260552793,48.52218175879584
-93.07773317515012,48.52208910034445
-93.07683206826133,48.52184293487352
-93.07654358697793,48.52218912738246
-93.07746107035933,48.52233650395763
-93.07776936811048,48.52370338404887
-93.07711757095495,48.52417622167546
-93.0763582181906,48.52464381910505
-93.0763343397066,48.525066574093756
-93.07662454539444,48.525582412710484
-93.08157075471613,48.52708795336065
-93.0855007572535,48.52859236072999
-93.08698441241012,48.52950802241495
-93.08724893825661,48.53009830776616
-93.08716304900625,48.530909973468376
-93.08742729489549,48.53230108822363
-93.08672999729308,48.53288133017099
-93.08585908801987,48.53404141185306
-93.08516252642359,48.53508541501546
-93.08376759582723,48.53612992401825
-93.08315854180086,48.537347765176946
-93.08333436801635,48.53810126625202
-93.0828992134752,48.53891317990462
-93.08281314539903,48.539666869847444
-93.08360055135887,48.54070978554187
-93.08403839696253,48.54152106590708
-93.08377754385937,48.54215894096718
-93.0830801641428,48.54279713119151
-93.08203270330914,48.54291382497684
-93.08089857992614,48.5434363695677
-93.07968546195448,48.54391464106505
-93.0785440325875,48.54517713992318
-93.0835263385309,48.54659406768682
-93.08429670274964,48.54729602962227
-93.0853555869596,48.547690188321845
-93.08679454743763,48.54791914867128
-93.08833223532314,48.547955853759845
-93.09030211139044,48.54842069525032
-93.09137714460039,48.549165822506176
-93.09320469577489,48.54941625470807
-93.09399796625218,48.54929451925705
-93.09492346277727,48.54909026304811
-93.09565937357229,48.54916621271561
-93.09699782067318,48.54879669331465
-93.0982784890376,48.54854811830538
-93.09824610494152,48.54882820161559
-93.09790810818681,48.549218390340954
-93.09705144044253,48.5505482327661
-93.09707746448316,48.55104786666468
-93.09738471976252,48.551646042611985
-93.09834486741542,48.55210601813434
-93.09867682481244,48.55264371414687
-93.09861236494167,48.55336311517144
-93.09770465550174,48.554110943388075
-93.09719324635739,48.554616789397194
-93.09637698855545,48.5555896175847
-93.09651062128313,48.55616598958307
-93.09699184838702,48.55687377513164
-93.09704303281383,48.557560060796284
-93.09635772546385,48.558005593995304
-93.09621094972731,48.55843286164561
-93.09589706054146,48.558999981094864
-93.09475736638299,48.55962733777583
-93.0943457769272,48.56043491461306
-93.0934954876342,48.56103998018497
-93.09189274432448,48.5616732610497
-93.09118182547547,48.56180040426046
-93.09099965305396,48.561641403714034
-93.09088276064844,48.56115281662968
-93.09013825211456,48.56113738844363
-93.08956794132098,48.5611434112067
-93.0890061670342,48.56138008986727
-93.0884030020493,48.56158944878968
-93.08771668839522,48.56160670680776
-93.08650114775718,48.561564174243365
-93.08620423006926,48.56190490712427
-93.08560148279383,48.56237235504772
-93.08483253577636,48.56242258375164
-93.08390609247994,48.56222597361091
-93.08279787499373,48.562177745986894
-93.08339380475752,48.5624131990495
-93.08411375692867,48.5627308746759
-93.08521427972072,48.56303162159972
-93.08496731986321,48.56359200395564
-93.08584432956064,48.5637941301261
-93.08665468276011,48.5637713022517
-93.087457527621,48.564110845467596
-93.08756688680232,48.564961722575426
-93.08831225243057,48.565515505386834
-93.08902384798289,48.56566294655935
-93.08947974252453,48.56615658001952
-93.09005915559604,48.566435823246515
-93.0907111290487,48.56582572219382
-93.091348380788,48.566006133997
-93.09167049601574,48.565813627066184
-93.09286897804252,48.565587039458045
-93.0940026672887,48.56587670001241
-93.0944484446233,48.56556875170635
-93.09536584398471,48.56529855632847
-93.09600365644694,48.565769972250564
-93.09650894780505,48.56611536762806
-93.09710462054115,48.56622992949724
-93.09784167091665,48.56669576369157
-93.09846368756277,48.56745820954634
-93.09859743947722,48.56806750428431
-93.09874704053055,48.568391242768556
-93.09912094243042,48.56911008540641
-93.09962615877072,48.56938952413654
-93.10055244534716,48.56941031008251
-93.10100604515038,48.568882640207256
-93.10103711642721,48.56808095297341
-93.10182920143313,48.56730027620632
-93.10171135140678,48.56646030597066
-93.10074244764418,48.56590698567948
-93.10058318035559,48.56501766062165
-93.10004450777805,48.564524142960636
-93.09927368129462,48.56376192361668
-93.09941121842073,48.56249881372735
-93.10018649489344,48.56167974776799
-93.10160051872998,48.561677968950086
-93.10217880549015,48.56145758747207
-93.10274105488973,48.56141849299182
-93.10306250473867,48.56100077702737
-93.10351672152639,48.56075863875834
-93.10362214252511,48.55995130510214
-93.10351371456234,48.55955061701151
-93.10382779007635,48.55951183001518
-93.1045141375835,48.5595274024193
-93.10488584402309,48.55937313754319
-93.10522418097422,48.55874821494632
-93.104899462945,48.558159702600065
-93.10515504629377,48.55789029978122
-93.10613889043597,48.55786159844753
-93.10780975484717,48.55811203281541
-93.10936508665014,48.55845035673474
-93.1103447529435,48.55892703625242
-93.11114514874504,48.55934855327423
-93.11199344546716,48.55985224439985
-93.11199357245665,48.55984837586288
-93.11229890971312,48.56008872976579
-93.11279352252929,48.56042245920899
-93.11395142039629,48.56056921842962
-93.11496804469948,48.56039206008728
-93.11542366940002,48.560676967182914
-93.11647390234965,48.56073591497163
-93.11754174506476,48.56114074327967
-93.11870250178066,48.56226472068662
-93.11981159752143,48.562669485311304
-93.1211762252027,48.56274443590482
-93.12177219446303,48.562919325096544
-93.12319679062746,48.56374088164407
-93.12448763389756,48.564057512644894
-93.12517137111654,48.56386658951559
-93.12559907751667,48.56362430309284
-93.12590356055694,48.563266907201864
-93.12610845962348,48.56287120536591
-93.1266046715093,48.562820821292014
-93.12732652924684,48.563247529775495
-93.12807454576203,48.56393770637876
-93.12836629522874,48.564392684453324
-93.12910495961223,48.56485777715641
-93.13099374965324,48.565331548286636
-93.13188876287822,48.565598706370565
-93.13262602429133,48.56576734986639
-93.1331048826527,48.565552235505194
-93.13287128323445,48.56516854311132
-93.13359122269324,48.5651944291017
-93.13436322765422,48.56568688805693
-93.13476151203781,48.5659111502291
-93.13549849070411,48.56601941047426
-93.13656809746819,48.566478217678
-93.13677613452792,48.5667193414973
-93.13738849055667,48.56670160946723
-93.13744461855448,48.56635563471138
-93.1379975170288,48.56605809545791
-93.13856986031367,48.56633134547983
-93.13925850881903,48.566703141462504
-93.13884584282472,48.566929087101286
-93.13836630535681,48.566990479335516
-93.13841771784033,48.56735269854358
-93.13853106717262,48.56850516803131
-93.13890606034654,48.56902029407975
-93.13945435963169,48.5694582907671
-93.14013339778549,48.569572169157205
-93.1409361358704,48.56956498198095
-93.14134796350746,48.569179795532946
-93.1418431424265,48.5689372761791
-93.14313485121382,48.5690881649772
-93.14370724105444,48.56935599149939
-93.14398121390919,48.56955293803017
-93.14349489001083,48.56990530029343
-93.14289992156795,48.57009325311657
-93.1418588533024,48.57038638022252
-93.13971885836729,48.57104410693627
-93.13881778534297,48.57123807730536
-93.1376095636815,48.57124609485318
-93.13680047033567,48.57162103484635
-93.13572012827595,48.572358839724316
-93.13405220134227,48.57314176158626
-93.13339122165198,48.57336086914555
-93.13285092915802,48.57359494748959
-93.13185497975023,48.57398059364947
-93.13086399637997,48.574405269413035
-93.13035405821822,48.57506500581964
-93.13039659836241,48.575317393468595
-93.13055388780249,48.57532810075173
-93.1308592942328,48.57515727444539
-93.13132140336873,48.57487642404902
-93.13229730405101,48.57474818940616
-93.13336444341061,48.57467372861803
-93.1344065281147,48.57450779493486
-93.1358140291579,48.57462012641296
-93.1363924467054,48.57444878314838
-93.13620093361857,48.57421312714566
-93.13680142074988,48.57368190413006
-93.13679315401137,48.573481926427704
-93.13767775042578,48.57329338946625
-93.13845528852673,48.573220396887024
-93.13904314009771,48.573285091580544
-93.14016797522079,48.57315643032172
-93.14022330424191,48.57262387248756
-93.14023749856308,48.57216828298105
-93.14120535883353,48.572100347675466
-93.14179423415776,48.57234063470199
-93.14212710467484,48.57270214513834
-93.14228664645556,48.573179381274905
-93.14295646103054,48.57307914263518
-93.14336024582423,48.57272148786691
-93.1437543777801,48.572116895487014
-93.14472166361199,48.571944664308035
-93.1452659236654,48.57155920751951
-93.14611779880885,48.57146951618165
-93.1466498791679,48.571940425454954
-93.14733072091596,48.572378125598405
-93.14781271077351,48.572772265178806
-93.14760730251797,48.57304169771249
-93.14719465413097,48.573278648470435
-93.1478745835072,48.57353516118178
-93.14838623974106,48.57396263641997
-93.14842455428177,48.57426945047678
-93.14765515638206,48.57429859803012
-93.14697740777959,48.57447021467786
-93.14626505912187,48.57435102126605
-93.1457625695666,48.57479670484756
-93.14594691410578,48.575257441143755
-93.14579994525612,48.5756309732519
-93.1456699178711,48.57609786516982
-93.14671227451963,48.57602969941359
-93.14728114147184,48.57561127561737
-93.1479670940099,48.57541220800145
-93.14872212549007,48.57579474703573
-93.14901426437264,48.576249761379664
-93.14878334197553,48.57642044964123
-93.14795705318097,48.57666369432257
-93.14762825875353,48.57712004805568
-93.14662024942298,48.57744610183088
-93.14655588562925,48.577786513189864
-93.14746629670427,48.57779002894962
-93.14834219466108,48.57753565851579
-93.14901192568574,48.57739148298041
-93.15002332639368,48.57771313632757
-93.15039542298702,48.577646438291715
-93.15117368952767,48.57771055228352
-93.15106854977573,48.57818839293034
-93.15057458452003,48.578672500156316
-93.14994639327234,48.57883858158889
-93.14912940990708,48.57930690941943
-93.14939662567211,48.579761954795835
-93.14995277387685,48.58007907050323
-93.15001272100659,48.580452158117744
-93.15092374562671,48.58055451486843
-93.15149485689817,48.580564200611335
-93.15212496501326,48.58076038843378
-93.15316951893973,48.58107648245047
-93.15370117845166,48.58144309209453
-93.15379427142805,48.58182710887245
-93.1522972028617,48.582038981730896
-93.15197596807506,48.58234707881276
-93.15203596600018,48.58273123058417
-93.15255806132782,48.582845332565924
-93.15336974625652,48.582947801501284
-93.15371907577155,48.58327632951169
-93.15420964274027,48.5836760078515
-93.15470803295183,48.58401521860232
-93.15494132833696,48.584305574553625
-93.1545783187734,48.584520443618594
-93.1542980192222,48.58473520073482
-93.15363580700541,48.58474760137468
-93.15338972780495,48.58515986875634
-93.15383791090318,48.58539488326129
-93.15363251697201,48.58567530137639
-93.1531535889202,48.58590138590092
-93.15250932546819,48.58616079378644
-93.15170634284576,48.58617354959531
-93.15068162041574,48.586494172655634
-93.15055089906053,48.58681290155227
-93.15017936433425,48.58700032916906
-93.1506277497069,48.587257306725654
-93.15124886615357,48.58732180552057
-93.152151794154,48.58744053631275
-93.15216983973302,48.587714988624285
-93.15173106165646,48.587726902899064
-93.15117701180417,48.587826950392405
-93.15164307468137,48.58839586100619
-93.15471121068671,48.5885457588101
-93.15400949844229,48.6033187500635
-93.15331918890388,48.61749792404236
-93.15309033357883,48.624385492448866
-93.12516619768962,48.626063378937076
-93.0902852194305,48.62776695864577
-93.08845829471744,48.62769883560629
-93.00016524810394,48.62437164286474
-92.98456919944213,48.6238239998202
-92.95480841681486,48.63148650957062
-92.94981955968282,48.63028129272656
-92.95004099660022,48.608335571530205
-92.92959202558293,48.6068854880599
-92.91012908960316,48.596391680293934
-92.89455832890415,48.594945553069486
-92.87518828081718,48.58848423621907
-92.75018938124349,48.54668136378772
-92.72846853548,48.539394175675966
-92.65795623928781,48.5461837649881
-92.63502573448389,48.54251931492047
-92.62827754181386,48.522206402342604
-92.6256383979405,48.5178741834019
-92.62699336488838,48.51416936591402
-92.62653469676553,48.51341973787476
-92.62517744551252,48.51280644995369
-92.62819447851652,48.51077611881922
-92.62880119546062,48.51051718097987
-92.63094447699993,48.509128099361845
-92.63134758472191,48.50817073343516
-92.63192301091716,48.506748262691765
-92.629702110173,48.50574442707397
-92.62712490564115,48.50327288851825
-92.63071296246815,48.500796854653416
-92.63444307928343,48.49990147149647
-92.63713068160259,48.49937414813322
-92.63863287897335,48.49952425604248
-92.64007787575,48.49983915991591
-92.64699179758456,48.499849774765046
-92.64722504146789,48.49990797696049
-92.65413748516343,48.501689463353024
-92.65662819631689,48.49991185023307
-92.66150506116176,48.49632754493694
-92.68578965427359,48.49739283976733
-92.69871239405926,48.494825443630354
-92.70120042911397,48.48467972418558
-92.70922835259802,48.47287625063773
-92.70848900995114,48.47031506727729
-92.71262973598544,48.462980043966105
-92.68809787790937,48.443746362599065
-92.66351375673793,48.44008057190833
-92.65618050654577,48.43650949996436
-92.62518391345634,48.43810505297281
-92.57658446523378,48.44060882871216
-92.53698193418396,48.4477160494536
-92.51506439214573,48.44830825657815
-92.5075279647854,48.44794904929298
-92.5001875859648,48.441319888334505
-92.49436010209985,48.435886160667
-92.48936634418949,48.43026186854462
-92.48394279474181,48.429120301746224
-92.48212499791583,48.428296057533025
-92.48205203826895,48.42760065502185
-92.4808385047449,48.42635725968576
-92.48110682719208,48.42525504157228
-92.47891564377846,48.42327660151933
-92.47553014948647,48.41866325336543
-92.4565076350307,48.41410835499829
-92.4564555413393,48.401180811760085
-92.47444649205457,48.3749196763626
-92.4765414139028,48.371935413824055
-92.46979054703584,48.352112828479065
-92.4524381731665,48.32799541453718
-92.44151785438889,48.316089447654946
-92.44142542191604,48.31583340140697
-92.44065075545004,48.31534318288329
-92.4404109342227,48.31488705110322
-92.43870130221552,48.31115136893636
-92.4367733056824,48.30891119945759
-92.43183195823153,48.305174384006435
-92.42907273361365,48.305921306090994
-92.4257227718718,48.30462267959644
-92.42045099233063,48.29895031505696
-92.41572121361074,48.295115799827876
-92.40189719821633,48.271398542415625
-92.39318462815042,48.26000214017979
-92.39277400008233,48.25894023508073
-92.39351538005687,48.25757797774256
-92.39221271417553,48.2567569756009
-92.38926429487569,48.253684495716875
-92.39024293600622,48.252729186052655
-92.39227120338013,48.25303816927718
-92.39275445671352,48.25178476238071
-92.3923849092646,48.25113890567025
-92.39079409939976,48.25069594051014
-92.38987835469374,48.25075073426652
-92.38884632795525,48.251180611239505
-92.38673738932484,48.25173393517173
-92.38592501711811,48.25128785424848
-92.38533928184387,48.250355259901404
-92.38506963992015,48.24991306236971
-92.38470263548409,48.24923282625702
-92.38690507661472,48.249268612302814
-92.38637021361103,48.24757462027711
-92.38789219661041,48.24704624993467
-92.38817783567983,48.24647557001482
-92.38729858553106,48.24432684651073
-92.38667607885733,48.24409725662595
-92.38467162953289,48.244900403391284
-92.38380334150038,48.24455594201379
-92.38441428996327,48.242504150965225
-92.38437167151497,48.24134152771705
-92.38400188911062,48.24037121438206
-92.38331268792282,48.23928618625498
-92.38164864144115,48.23764836557751
-92.38059917251394,48.23642660932062
-92.37895326574906,48.23584175088303
-92.37858402042765,48.23522796820962
-92.37918853761816,48.23432785731011
-92.37817184007405,48.233034729798746
-92.37846519335918,48.2321185440797
-92.37860307363933,48.23122994747026
-92.3784218758704,48.23035815959987
-92.37748744589895,48.22927338782727
-92.37595581315212,48.22831537338855
-92.37557814651167,48.22744926166611
-92.37569163398963,48.22664294683598
-92.375184229132,48.22597235122352
-92.37434786164987,48.225603248903816
-92.37344746859524,48.22498709673474
-92.37260166963767,48.22358526651993
-92.37140914922803,48.22410318190945
-92.37072299324615,48.223863439845395
-92.37074688958133,48.22282559858911
-92.36993606938688,48.221840675973446
-92.36983240539917,48.22027167806805
-92.36905932159762,48.220164603517716
-92.36802591232528,48.22115839354025
-92.36732555799817,48.221692916252564
-92.3668736199572,48.222323540266586
-92.36769833038622,48.223204106860244
-92.36867086904326,48.22375916176311
-92.36801587412745,48.22412848461056
-92.36623212833119,48.22393341972641
-92.36505922291626,48.22356716234366
-92.36372270183284,48.22287870832071
-92.36226002571607,48.22273511097069
-92.36163358393075,48.22327423745709
-92.3613802359266,48.22398511496899
-92.36098917696152,48.224768821155585
-92.36025337280726,48.225534233815715
-92.35860300204452,48.22645216887995
-92.35656060694345,48.22743446393346
-92.3555102781068,48.22808247530013
-92.35451323934863,48.228559655329555
-92.35378266473431,48.229550067850795
-92.35357474775948,48.230106706281326
-92.35176576093816,48.23057596565683
-92.34944607862603,48.231292151705524
-92.34833511600084,48.23146300905309
-92.34699253738148,48.231548509489315
-92.34401362056856,48.23213425369135
-92.34194669864868,48.23175509945026
-92.34151623357981,48.23192978367909
-92.3409667575592,48.23365385809179
-92.34050781554151,48.234010022425196
-92.33871945600708,48.235011360613
-92.3377832164444,48.23494974157452
-92.33708765046208,48.235011950405436
-92.33650429677174,48.23565483182681
-92.33621799556465,48.23568520823546
-92.3346889338221,48.23482283600155
-92.33441278919435,48.234589567932034
-92.33438589906777,48.234139747833325
-92.33392165941186,48.23392491273919
-92.3333286547996,48.23381585236967
-92.33213399476486,48.23392156018633
-92.33085815543873,48.23475823017409
-92.330254651011,48.23489623736352
-92.32930642150878,48.235021344791356
-92.32821907465018,48.23585611581769
-92.32699598987985,48.236851396193266
-92.32624362318886,48.23659021877048
-92.32568466909096,48.23688141006938
-92.3252936916925,48.236995266214
-92.32216704675707,48.23724156450017
-92.3148792972664,48.240511382596345
-92.28034344460828,48.24436196319436
-92.26957992956508,48.2482342760379
-92.27042148942535,48.24991591728506
-92.27367675951903,48.25656362141624
-92.29015301484759,48.265091080469084
-92.29460192172547,48.27127769681296
-92.29315793843399,48.276034003771954
-92.29375081233631,48.27668047001102
-92.29430120798102,48.27662500967868
-92.29467870471193,48.27646007457215
-92.29485932250877,48.27636113748236
-92.29513859362297,48.2763114776941
-92.29531949289711,48.27638797980305
-92.29536905061968,48.276508571097565
-92.29541932343231,48.2769692469166
-92.29524734410116,48.27724358602114
-92.29555213156718,48.27758328442139
-92.2956764758465,48.27808768850428
-92.30138544640131,48.288341728911924
-92.2945698334598,48.306271407872785
-92.30614402158163,48.3163264369277
-92.3043830530237,48.32284897837744
-92.29547099001677,48.32391240124797
-92.28878219785256,48.342790038241475
-92.2625409459325,48.354967762829254
-92.25017583052275,48.35313499637979
-92.22178652553877,48.34889782070774
-92.2198912078107,48.34809731835046
-92.21932383723832,48.34750292327137
-92.2190862340275,48.34695044015388
-92.21701174417126,48.34499933964079
-92.2068562565141,48.345721926645865
-92.2066949501901,48.34728021973316
-92.20788805145719,48.3478985108815
-92.20395433080309,48.35186410770776
-92.19524404062193,48.35043311691504
-92.19467178276622,48.34876921319584
-92.19290978088068,48.34872438552674
-92.17864178793856,48.351809137589136
-92.17919008152451,48.35494292694441
-92.17752115947543,48.35716210669903
-92.1621091666559,48.363354980053316
-92.14492860691479,48.36571084593813
-92.14377257647321,48.356070880256226
-92.12516865973392,48.35548241095174
-92.09092553620532,48.35445765111477
-92.0836323250838,48.353716657603684
-92.07812897411156,48.358029996528565
-92.06700742311114,48.35944089955842
-92.05517918387558,48.359319164452735
-92.0488117574039,48.34859138528439
-92.04587111217099,48.347863751835
-92.04510888051975,48.34575055904782
-92.04788191244016,48.343608468927755
-92.04696802669336,48.33481777633902
-92.03771134147014,48.33305119348463
-92.03082404224922,48.32572339646564
-92.01187694233191,48.32295435499382
-92.00006213599572,48.321071317703925
-92.01298177766137,48.29748664412986
-92.01196391087203,48.28698358222868
-92.00729786868393,48.28057377546852
-92.00651633031893,48.26546202125986
-92.00015513533454,48.263658241248514
-91.98921656493538,48.26040378103234
-91.98065864804228,48.248016088032244
-91.97913411542034,48.24751195777862
-91.97842670546541,48.247394112252834
-91.97792643245234,48.24746757985445
-91.9775049081691,48.24720579915777
-91.97702492156633,48.246856496145575
-91.97703774909603,48.246510497193555
-91.9776568192178,48.24602485941563
-91.97728995115875,48.2454883467481
-91.97662834664925,48.24504088888178
-91.97575115091429,48.24440221063098
-91.97450489197746,48.245368171918216
-91.97396895960844,48.24595233174884
-91.97354160480519,48.246717217737405
-91.97044120306938,48.24788285373015
-91.97010554673254,48.248773605641
-91.9706586544085,48.24906232284011
-91.97089190671181,48.24937426608638
-91.97148919523046,48.24995928461706
-91.97201593704384,48.25007240864214
-91.9724864832241,48.250300998831996
-91.97247406806265,48.250685327829544
-91.97235411408694,48.25100427748881
-91.97229967184954,48.25130096032178
-91.97220693839702,48.251861361452804
-91.97187217235141,48.25204937381721
-91.97187213385726,48.252850912073335
-91.97157966857688,48.25315950109925
-91.9707650997332,48.253014648924285
-91.97045711988483,48.25341117638608
-91.96998473744449,48.253802901480825
-91.95906877454661,48.25372645720506
-91.95708379874482,48.25236189491742
-91.95419241873441,48.25231295969145
-91.95415464440714,48.25181355473499
-91.95425811807758,48.25148925577336
-91.95412299050578,48.2494749563673
-91.94810205293558,48.24601800581731
-91.94968906391092,48.24457887366575
-91.95835381446089,48.24389673764285
-91.95715421668852,48.23892763020931
-91.95987651367004,48.236929319653875
-91.95845973705353,48.23321279495464
-91.95258836230926,48.23308244004779
-91.95140181321406,48.23347136020493
-91.94523935873649,48.23045407845185
-91.94219356561734,48.230443908674275
-91.93766612031553,48.23427141046194
-91.9288810715905,48.23596815501494
-91.92122110722629,48.23686947022891
-91.91691032165328,48.238620152066375
-91.91499225203297,48.238967524537294
-91.91352178863261,48.23888499090214
-91.91324675763269,48.23844675707953
-91.91075645233579,48.23817028500238
-91.90971553986847,48.23837166796941
-91.9077205350616,48.238389709262805
-91.90713592821027,48.238210691594546
-91.90583859556709,48.237292984418396
-91.90238087586916,48.23717338425558
-91.89311041865675,48.238012725416795
-91.88432356217689,48.227381044582266
-91.87516192182058,48.22290436955267
-91.86760482445797,48.21921813913653
-91.86445976839812,48.20700430235392
-91.84546407570191,48.20879705225576
-91.83591513257036,48.210342895670976
-91.83265698014024,48.20942400498496
-91.81550391269055,48.21189538628065
-91.81419795206988,48.208454038221156
-91.80950891549014,48.206294588669884
-91.79842514113827,48.203065300909834
-91.79735908014739,48.202754623664525
-91.79118904568774,48.202559717592756
-91.78876014577948,48.19638922289543
-91.78621637479672,48.196245607721465
-91.78066540589829,48.20078428667526
-91.76422748436747,48.20065471896486
-91.76271147060801,48.20172517092018
-91.76074581299052,48.20478955192639
-91.75584302884859,48.205976661714836
-91.75348472503673,48.200859021978225
-91.75015593047786,48.199476728282995
-91.74854665669426,48.19867449100133
-91.74389675251568,48.198734436917505
-91.74165389749518,48.19938217022937
-91.7422131826193,48.20458862098065
-91.73897894019608,48.20425313262088
-91.73799641936213,48.204313337123395
-91.73723490835393,48.20418693207743
-91.72546887964032,48.20131745341516
-91.71551345348206,48.19946893279002
-91.71325387578105,48.197985316433325
-91.71048731374594,48.19387618350872
-91.71053653531597,48.192558205531
-91.71237056122375,48.18752282310807
-91.7214222703056,48.18025466722138
-91.72243685071541,48.17845356286057
-91.72304171774977,48.1735878746935
-91.72438330723101,48.170661060421665
-91.72304112070393,48.169013080515086
-91.71708476485418,48.17183402882138
-91.70954855128423,48.172907506206556
-91.70497503414472,48.17069773385653
-91.70526273111645,48.1640196723575
-91.70500981100314,48.161015452468405
-91.70469094346073,48.16007615171744
-91.70512495849654,48.158016817591324
-91.70701526091109,48.15375588625729
-91.7082586663356,48.152998539090134
-91.70713843145013,48.15102095426138
-91.70694224963462,48.15042223273835
-91.70468563647955,48.14710951201462
-91.70328748707995,48.14517023145353
-91.70237979527398,48.14477436548831
-91.70065428365709,48.14482297794577
-91.69929665844118,48.14494860632902
-91.69816836249697,48.14409675039507
-91.69782571865983,48.14160315894431
-91.69952802395564,48.13741362610774
-91.69962782089412,48.13199851485521
-91.70056854938626,48.13069196154944
-91.70369305489392,48.12491445979513
-91.70788212850667,48.12337132438094
-91.70944521910505,48.11938160784182
-91.71186055222742,48.11739206632918
-91.71263732424403,48.11549884290935
-91.71175613369466,48.11466274957278
-91.71033937135125,48.114687884796545
-91.70984915551765,48.11438511259002
-91.70338258540896,48.113726514195534
-91.6967572127908,48.11588441137403
-91.69297918094053,48.11658071474412
-91.69228200840305,48.11686510349343
-91.69118755329066,48.11813169263455
-91.69205732062014,48.119692722494385
-91.69070357226563,48.120277962171905
-91.682193043707,48.12245905108944
-91.68360587414371,48.11770616006369
-91.68753691484412,48.11188689217403
-91.68185482201986,48.109811770244
-91.68091173288845,48.108288955957505
-91.6768376334944,48.10749057083955
-91.6711500717236,48.10863281972147
-91.66735071208326,48.10868031994002
-91.66510596796903,48.1071766401675
-91.66468772817524,48.107313127753535
-91.6626321261977,48.10915408709449
-91.66227660235678,48.11162995818314
-91.6618987104027,48.11188728888302
-91.65515891061582,48.11370756935716
-91.65318217753374,48.1143844049145
-91.651865707292,48.11396975777818
-91.65112552229914,48.11297973808013
-91.65144059519358,48.11217323136375
-91.6530980435676,48.10982089872572
-91.64960618275383,48.10726553260503
-91.64874160115848,48.106588219408216
-91.64804645825144,48.106427448334195
-91.64794320174265,48.10579570329822
-91.6469461373413,48.10381122018911
-91.63986582955057,48.097112719357696
-91.62509013910434,48.10013782999759
-91.61516818368493,48.10226134164811
-91.58898469092524,48.10251428724474
-91.57577559143719,48.106954611785206
-91.55921359367514,48.1086333347808
-91.55301303460955,48.10324357248765
-91.56953369580445,48.09371937581812
-91.57555174740133,48.066701482525026
-91.57294534919461,48.05742234271857
-91.57556030929189,48.049015238410114
-91.56777179633823,48.04386590057695
-91.54189671362522,48.053848443513196
-91.50014851745475,48.065137154262366
-91.48839247451045,48.06836897272574
-91.4649567136857,48.06685516291465
-91.45017206661377,48.06907687153649
-91.44640551358324,48.06779784580274
-91.44680393908946,48.063064914279146
-91.43795615266737,48.052487479028805
-91.43824663595998,48.0511315528534
-91.43815736564318,48.0509063023674
-91.43834610144765,48.05068690104345
-91.43869800089294,48.050561131426555
-91.43880485965921,48.05039109220141
-91.43788254754506,48.049890081181964
-91.43754045832034,48.049483242029304
-91.42975177342359,48.048680991613665
-91.42736024071283,48.04999528537692
-91.4268455303371,48.049879188180626
-91.42461893544326,48.05072691567946
-91.42235322173353,48.051003443488796
-91.41376704539255,48.0536913282
-91.39108851057621,48.05717168718301
-91.37852398224305,48.06594480307191
-91.37514544742409,48.067514449117674
-91.37099069544043,48.06970371350445
-91.36518622713047,48.06708702888131
-91.35379961515343,48.07081186588234
-91.35276202145046,48.07120736680293
-91.35216927918535,48.07138943218214
-91.35102469979874,48.07175863969085
-91.3504814700984,48.071962101268994
-91.34982774665355,48.071645088987495
-91.34871958823909,48.072167573793976
-91.34013018209964,48.073527467844606
-91.33658744605238,48.07103907705246
-91.33644047736168,48.06965142699374
-91.33482564414906,48.06949819669302
-91.33353398859016,48.06987976402861
-91.33210712216861,48.07007049664245
-91.33140999670427,48.06963857079692
-91.3295129324066,48.070009947978065
-91.32894518420919,48.070570511326345
-91.32856565724076,48.071134620408884
-91.32626857776529,48.07225141291961
-91.32462290775565,48.072889188493185
-91.31933813443501,48.07321345984966
-91.31815742964393,48.07308847981183
-91.31744927566903,48.07324411341314
-91.31616175328537,48.07345513389349
-91.31555050974254,48.07354937383049
-91.31486316938104,48.07354001290398
-91.31186946538722,48.073186724809524
-91.31138497247034,48.07310393511603
-91.31096945037213,48.07281719471054
-91.31031497815573,48.072812968483454
-91.30896449489308,48.07277753072079
-91.3080183079229,48.072891632568506
-91.30705200648033,48.07284122600624
-91.30656217338972,48.07288466198997
-91.28990456672484,48.07416998734083
-91.2760185648268,48.07874154400409
-91.26693197354936,48.07882705730062
-91.25014476362252,48.08398439043653
-91.24975022480659,48.08410767410753
-91.2349049476861,48.09610678980154
-91.22810567832946,48.09916905989489
-91.21498808053455,48.10282159927545
-91.19020755478346,48.125110185927376
-91.18479616629655,48.12254277363366
-91.18347037662012,48.122157241513264
-91.18302167864383,48.12219531373041
-91.18137900681054,48.12350437020445
-91.17805897581896,48.12491152135758
-91.17658618904305,48.125519510174186
-91.15628246200295,48.14051999634975
-91.13736327054738,48.149260195017526
-91.13809414538889,48.15193196209689
-91.14013305982365,48.15167976315102
-91.14041449962183,48.15224845933445
-91.14044905842044,48.15285850682859
-91.14260402692906,48.154606658159445
-91.1389536784913,48.15573642799943
-91.13580159404805,48.15659704512717
-91.13256376809618,48.15726435664425
-91.12514327052095,48.159219504386805
-91.12008646188204,48.16062542454893
-91.11813777254905,48.16206740129472
-91.1148965100373,48.16645604951035
-91.10903741633868,48.16862435125211
-91.09723307170827,48.171559348886305
-91.09203141764341,48.17359577998151
-91.08806697848367,48.17830061016035
-91.08253612989654,48.181090970144254
-91.08141833763787,48.18083325071907
-91.08065728014603,48.18000798123434
-91.0797171068645,48.17987260793792
-91.07890517805075,48.17950246781318
-91.0759969864718,48.179359069198775
-91.06557833369163,48.18137108028139
-91.06285364332285,48.18551638039178
-91.05934750477918,48.18532280119985
-91.05756886395294,48.18711122772728
-91.05607866818052,48.188090146040345
-91.0554176701748,48.188308757898334
-91.05209386617096,48.188028878279006
-91.0499438871099,48.188803536029205
-91.04873966216095,48.18873117940352
-91.04682674727778,48.18917878726499
-91.04561546120028,48.18941929975672
-91.03646249519191,48.1900964361326
-91.0354448087216,48.189762331721035
-91.03472684046648,48.1892336004481
-91.03108635770703,48.188812734296135
-91.02373914577407,48.19050608536528
-91.02307572901167,48.19188820369897
-91.02267851246141,48.19239467567575
-91.0220942898601,48.19283341583878
-91.02130870671192,48.19310538190904
-91.02014582227656,48.19301670220654
-91.01975149367858,48.19411056908681
-91.01521696771012,48.19615583539075
-91.01232509262555,48.19845383380647
-91.00286288960129,48.200689590075335
-91.0040720428637,48.20301305072539
-91.00010147157182,48.20543686171297
-90.97705387574509,48.21954738693119
-90.926524474135,48.229804009419
-90.91850817131521,48.23072539755396
-90.91741467896135,48.23104362371645
-90.91512920065223,48.23075241658341
-90.90691147254724,48.237436733439694
-90.88577857218957,48.245916417045905
-90.8815578225878,48.240518660396006
-90.87514161747755,48.237847804996576
-90.86695555925755,48.238224771748634
-90.8476628843771,48.24451074773554
-90.84385880250076,48.24367510659728
-90.84314328833524,48.241186103256
-90.83930404556148,48.239526915886955
-90.83772768456926,48.234697895768036
-90.83849381548961,48.23160221886172
-90.83919538807848,48.230516632297544
-90.83938345002072,48.22915929003334
-90.83976366871323,48.22866851366115
-90.83983225573017,48.228245298831396
-90.83967614812781,48.22762567286874
-90.83760570815691,48.22654976732172
-90.83724958340528,48.22508555324321
-90.83695548290257,48.22015061934612
-90.83633420934214,48.21917114683997
-90.8364775624541,48.218807915093095
-90.8365108025413,48.21819823653423
-90.83652355304433,48.217918112657294
-90.83643686883272,48.21757268398235
-90.83485209809814,48.20181076432167
-90.8342113771085,48.186526807133696
-90.83644004653036,48.17707541718355
-90.83259817398077,48.17353793808242
-90.82623408847478,48.17709764996374
-90.82476038205714,48.17688035987974
-90.82347775008138,48.17811726705513
-90.82401444757829,48.179618967670415
-90.82438256304626,48.18013313413224
-90.82544421541121,48.18154417267616
-90.82582376355734,48.18360137131823
-90.82431262623234,48.18369180629611
-90.82105462224496,48.18471959088271
-90.8192537732207,48.18269191489761
-90.81886524884872,48.181194894628355
-90.81758585225087,48.17944449741904
-90.8126887649174,48.1795086565817
-90.81105612002071,48.17973138806327
-90.80991369304331,48.179720865287834
-90.80418770222191,48.17786720981434
-90.80305475625775,48.17259057215258
-90.80241308576635,48.171858039662716
-90.80227698224253,48.171479874734814
-90.80202700286021,48.17120111462127
-90.80181606042494,48.17075187561867
-90.80196832298397,48.16774741508898
-90.80122583902954,48.16414350513528
-90.80083694177887,48.16323953555313
-90.7993957122861,48.162275013769865
-90.79883759881965,48.16232172753616
-90.79866217316538,48.162081008266235
-90.79760477336075,48.161592235359855
-90.79779438386943,48.160970802446876
-90.79766766279161,48.16068584686105
-90.79653290825036,48.159247497219475
-90.79587578969233,48.15924532983653
-90.79460453877927,48.160091998277046
-90.79425731276231,48.16059343062312
-90.7940234466496,48.16095703490072
-90.7936889968552,48.161150990739486
-90.79315842039847,48.16143367453145
-90.79043777605186,48.15994292698138
-90.7860390478975,48.16100293016998
-90.78355094410917,48.16385427569334
-90.78250405340914,48.16424391842077
-90.78201461321963,48.1645373322926
-90.78147254137085,48.16455107006229
-90.77953220273322,48.164428918283676
-90.77902946575385,48.16428864481553
-90.778443817017,48.16409385967596
-90.77803917002069,48.163909140476854
-90.7762737938868,48.16189711677501
-90.77647183250666,48.16056731434371
-90.77670455003975,48.16009935006984
-90.7777297295534,48.156470176118475
-90.778543539205,48.15303962255862
-90.77909760553635,48.15057129239017
-90.7780113804173,48.148303295973804
-90.77898275499332,48.14709596394156
-90.77958594345338,48.14670857599838
-90.78098893990378,48.145894399655404
-90.78190999925201,48.14601062126444
-90.78338437638924,48.146365694173625
-90.78427157964681,48.14639423587944
-90.78446558482759,48.146135154926604
-90.78946482835582,48.1438861192471
-90.79239787829837,48.141273893833535
-90.79689990097319,48.13940044097552
-90.79835573493618,48.136899909376524
-90.79537453885216,48.13549299262443
-90.79500453819978,48.13545089038886
-90.7944193858499,48.13527266021934
-90.79416833015532,48.13555405665555
-90.7926921427182,48.13570430678415
-90.79180688579585,48.13583512611616
-90.79142051427255,48.135798636129934
-90.7909936712679,48.13580626514335
-90.78949606363986,48.136220144820804
-90.78891421558572,48.136321958570555
-90.78859245882677,48.1361862883634
-90.78780145316163,48.13595961295559
-90.7870915067688,48.135639207868564
-90.78648260474331,48.13553246127637
-90.78599470838084,48.13524386060945
-90.78522406709085,48.135341117206586
-90.78284227145495,48.135984487454614
-90.78234012854281,48.13587716993578
-90.78187304051269,48.13525900751451
-90.78286495025041,48.13373846797665
-90.78359925074534,48.132658516338786
-90.78433396655433,48.13299534708152
-90.7849772599168,48.133239173596905
-90.78661744989819,48.133071758018566
-90.7870930817793,48.133019916714396
-90.78806641367093,48.13271852365546
-90.78994016928291,48.13012815662577
-90.78848779758644,48.12882307109111
-90.78736297799385,48.12812586319101
-90.78712769350386,48.12767126553826
-90.78648638244772,48.12759214699628
-90.78579749811175,48.1276504927392
-90.78551247525137,48.127849606625325
-90.78528835153811,48.127642117536155
-90.78499082798383,48.127478831144806
-90.78468140083396,48.12768907946927
-90.78421054550657,48.12813069377369
-90.78370695463285,48.12790260457483
-90.78288702092797,48.12798908667023
-90.78361191341108,48.12681033779504
-90.78195795726612,48.125791724836844
-90.78023650473287,48.12531155665352
-90.77921370787163,48.12490488611751
-90.77652526583138,48.123963365611736
-90.77606006248158,48.12234403724774
-90.77439003378741,48.11999378809094
-90.77419848443347,48.11895353797504
-90.77424071834676,48.11856394468403
-90.77271863360767,48.11756682593914
-90.77050993937846,48.11677230808804
-90.77005432186206,48.1165728920646
-90.76886204701775,48.11653273469093
-90.76683394867052,48.11435510105139
-90.76725781336256,48.110524812253786
-90.7614063868558,48.0999436512717
-90.76154992662671,48.09833053963438
-90.75166756946622,48.090948476761554
-90.75014213133396,48.091475119143006
-90.74148918283346,48.094548549337894
-90.70296853793766,48.09601932876762
-90.68630667494413,48.1004190091948
-90.64155339073007,48.103481138945256
-90.62709328957777,48.111718845127726
-90.62513800609487,48.11174411816778
-90.62038799678758,48.1118170366038
-90.6200743937954,48.11156129869525
-90.6192840422355,48.11171362924414
-90.61825337963757,48.1122452695704
-90.61766645198266,48.11233621276739
-90.61613747782687,48.11221316149685
-90.6151633509627,48.112695199692595
-90.61354362179293,48.113153380182794
-90.61268808829159,48.11332248678624
-90.60624227632881,48.11587239166934
-90.59132928768457,48.11745935552034
-90.59076935836464,48.11912229381734
-90.5906497533015,48.11936947558827
-90.59046348945988,48.11950188588128
-90.58683633091266,48.12085783804042
-90.58591068872386,48.12201323763757
-90.58211467323888,48.12362741992656
-90.57975559529802,48.12379863395166
-90.5770123492655,48.12117235844983
-90.57579708568409,48.12063626711499
-90.57152980641702,48.12109112536821
-90.5654762415973,48.12249729410465
-90.5591606698339,48.12173493750915
-90.55559334976459,48.11693734530488
-90.56981187640157,48.10683418088983
-90.56751350405305,48.10159761081871
-90.56554035255768,48.099745066268035
-90.56452489388934,48.098791534592344
-90.5567592121436,48.09591624460239
-90.51700556253459,48.09929223406199
-90.51041905259693,48.097279422861966
-90.50965465632281,48.097573369236
-90.5078330300868,48.09907187326205
-90.50747519307988,48.09921050425288
-90.50708442233196,48.09932736407567
-90.50671724043362,48.0993508861136
-90.5061213789781,48.09938104883576
-90.50564128739228,48.09954761235222
-90.50520232253147,48.099735852515316
-90.50496587174258,48.09977534572528
-90.50468713989201,48.09966158458249
-90.5043357821948,48.0996467516579
-90.50410610458421,48.099549171595974
-90.50355899156469,48.09954069948397
-90.50334641929712,48.09951430355537
-90.50315772891025,48.09942751033621
-90.50292848028874,48.099368268483936
-90.50259323189222,48.09932597680888
-90.50241189392158,48.09916789852491
-90.50013521460424,48.098926168518844
-90.49612061611785,48.09858542018089
-90.49562777598621,48.099486436848174
-90.49531889343439,48.0998055167462
-90.4936270188463,48.1013464874019
-90.48985909507236,48.09899986044677
-90.48673928267046,48.09904239452289
-90.48361868007059,48.10009952660585
-90.48025000999907,48.10199091158468
-90.47767681593503,48.10522354130697
-90.47130135012709,48.10588965206983
-90.46742243036621,48.10872555030062
-90.46534883888945,48.10853961780328
-90.4620179273706,48.10650342134935
-90.45236011773477,48.10503338244992
-90.44753393042849,48.10342868735945
-90.44343727372924,48.10061522365316
-90.4385359897634,48.09867581832676
-90.41077923334696,48.105015043682926
-90.40329385169842,48.1050657689758
-90.39806957376959,48.102297337660566
-90.39720142091068,48.102277395045675
-90.39670030675259,48.10200428409149
-90.3961983763108,48.10156666850602
-90.39631152038382,48.10129218456111
-90.39571305416356,48.10116739896225
-90.3949922685806,48.10116904732033
-90.39436777282025,48.10077012419777
-90.39332475604238,48.100229517678194
-90.39284255332257,48.10041706808357
-90.39159691168787,48.100238875150886
-90.39018694936031,48.099995207993615
-90.38960286694339,48.09948101244186
-90.38908564520753,48.099240794405574
-90.3888048092563,48.09879719471764
-90.38815661122212,48.09855732351934
-90.38741900313617,48.09844372658998
-90.38622983102312,48.0981227910944
-90.3861679088494,48.09726737794144
-90.38536370957131,48.09538242744185
-90.38471315337836,48.094687271751475
-90.38395051484002,48.09448058225126
-90.38297177013881,48.09366546413919
-90.38202684227038,48.09303133926641
-90.38119080042503,48.092879555511594
-90.38074743802198,48.09263369508311
-90.38028007916888,48.09250857919495
-90.37984547114286,48.092399775276
-90.37893582298634,48.092253673944455
-90.37816673323235,48.09236505947259
-90.37627073698594,48.09145857304943
-90.375589719829,48.091180358193526
-90.3751312379349,48.09106604176186
-90.37477473051753,48.09094316709682
-90.37426686177693,48.090915179258346
-90.37363580500526,48.09103535922057
-90.37317671870764,48.09112275754662
-90.37276680818486,48.091265087482306
-90.3727170759839,48.091611004710025
-90.37306865021307,48.09195188577153
-90.37348472736485,48.09286939665375
-90.37368881383459,48.09329247377645
-90.37360593179748,48.09375919682357
-90.37344150511494,48.09403905476941
-90.37306479302102,48.09396178281808
-90.37177914081808,48.09359799814817
-90.37094317974912,48.09373992795546
-90.37052507221438,48.09387126462053
-90.37010691682981,48.09402455392671
-90.36900908656432,48.09395747613883
-90.36870555232031,48.094143889763565
-90.36746729727714,48.0946697007728
-90.35891309085672,48.094841304711125
-90.3574801007194,48.094400276635696
-90.35386560590698,48.0949397118626
-90.35197331793546,48.094772639303365
-90.34605136767655,48.09397988121692
-90.34437916069955,48.09431824207205
-90.3436411165106,48.09458092220898
-90.34344342116594,48.094987021097914
-90.34308151407909,48.09552474145065
-90.3381474023805,48.09618269120833
-90.33775026622585,48.097642870936035
-90.33699950891557,48.09956391897888
-90.33010896816891,48.1022947369768
-90.32583786436977,48.102881641071065
-90.32252700355637,48.10293721688875
-90.31741111311673,48.10373130988536
-90.31398148245145,48.105115401578495
-90.31006290455653,48.10553207260079
-90.30581914580512,48.10511891588313
-90.30388079193979,48.103907631125125
-90.30014732727642,48.10290193078705
-90.29811629783754,48.10251412413994
-90.29285942104863,48.098979496111255
-90.28926185236327,48.099050116616205
-90.27456241442087,48.103130878663684
-90.26446553464618,48.10335294287855
-90.26074785029328,48.10269204028953
-90.25383342937549,48.102227526531365
-90.25012841900325,48.10314782481702
-90.23407973619254,48.10719685715465
-90.22518119916582,48.10815733822905
-90.21653607487707,48.10645594820547
-90.21072639619267,48.106267017950714
-90.19511114548848,48.108241842838055
-90.1887026965977,48.10791911413307
-90.17654918127464,48.11225652611677
-90.16433027452068,48.10959584341069
-90.15093374870318,48.1102516152158
-90.14723782059544,48.11088106221088
-90.14686823670434,48.110962671898506
-90.14655602042673,48.11104435622709
-90.14626809734033,48.111191970487894
-90.14597208397927,48.111323096182005
-90.1456515225407,48.11142679624084
-90.14530674270482,48.111453498482945
-90.14499443723203,48.11156819981744
-90.14474740736578,48.11174877066886
-90.14452502367557,48.111940391800616
-90.14438451385638,48.11216509243014
-90.14426035723325,48.112395328561966
-90.14396458134837,48.1124880326347
-90.1436696535292,48.112366779458654
-90.14331627889715,48.11245381995643
-90.14279937126287,48.11241990363019
-90.14087053645511,48.11244900898181
-90.13888533423363,48.11220358146387
-90.13852442639052,48.11214797769312
-90.13821264210193,48.11211996183792
-90.13782711451978,48.11206977109863
-90.13747398212384,48.112118467245864
-90.13709648236963,48.11213416119081
-90.13674359015513,48.11210601626071
-90.13642391535716,48.11201211175927
-90.13605473227695,48.111989407291894
-90.13570160400108,48.11203800810747
-90.13262597112389,48.111543370939856
-90.13114526433417,48.1104702409438
-90.13048177752583,48.11018344575663
-90.13038441494957,48.109958306457884
-90.13002314785592,48.10997951170682
-90.12977777517712,48.109808891023846
-90.12949941749052,48.10964914294328
-90.12959880311962,48.10943530987268
-90.12951783464285,48.10921021966974
-90.12925590700777,48.10904503283391
-90.12901046685039,48.10888538661133
-90.12887193747316,48.10867100434835
-90.12858526275936,48.10854973842892
-90.12830702736456,48.108373523665506
-90.12802024875998,48.10826863050306
-90.12773378020475,48.108097967273565
-90.12745516124362,48.107998585743104
-90.12706943655327,48.10800324291377
-90.12670010038491,48.108007948945804
-90.12634752756892,48.107957824135966
-90.12597844874325,48.10788568934035
-90.12566688629377,48.10783020012713
-90.12554494989483,48.10758842453127
-90.12512575052675,48.10743944709433
-90.12461834840606,48.10736150511803
-90.12425758929642,48.107318547408646
-90.12394563676754,48.107231639864104
-90.12362537394965,48.10712274755453
-90.12340290675496,48.10692029310565
-90.1224611129286,48.10565502834243
-90.11600336207835,48.104119162379824
-90.09164589874878,48.104575773620184
-90.07413471672854,48.10118674604881
-90.06646841924254,48.09842698163977
-90.05752798414657,48.096289580523894
-90.05032515736005,48.09243012100366
-90.0494719683045,48.092162994580455
-90.04883131753438,48.09179658451432
-90.04844619638908,48.09178092587657
-90.04814254270285,48.09166082034037
-90.04747878783101,48.091601821231606
-90.04672485824017,48.09154841734311
-90.04630748252114,48.09161515634846
-90.04579877007089,48.091457015180225
-90.04555240414331,48.09129833420465
-90.04548539943696,48.0909747398752
-90.04522234680753,48.09077216684612
-90.04460746833205,48.0906691472884
-90.04427101362649,48.09053810894876
-90.04331162265096,48.090320572493475
-90.04282667060126,48.08997577464302
-90.04245787500273,48.089921643507886
-90.04145556786096,48.08927052609439
-90.0391321019159,48.08991717971778
-90.0380643721485,48.08927172389821
-90.02943935471356,48.08745528476864
-90.02343210612545,48.084711503575576
-90.01889172034527,48.07192724202899
-90.01495026656224,48.06712668357136
-90.01091678407174,48.06792949132961
-90.00991369808337,48.06896841821447
-90.00855257534806,48.06848780874215
-90.007343362542,48.0670300489913
-90.00654319678108,48.06545084631047
-90.00455256843438,48.06520176778936
-90.00462326949366,48.064400416091516
-90.00012509387116,48.05988013346356
-89.99814765055886,48.0578584211763
-89.9939597565939,48.04923120450653
-89.99618133018868,48.04227041058074
-89.99653165574334,48.04018609361554
-89.99651728309715,48.03926382862634
-89.99654452422237,48.03901699463698
-89.99683250057713,48.03663598610929
-89.99715087250131,48.03522670234822
-89.99658659765169,48.03442808576268
-89.99638934682906,48.033757400238585
-89.99602183054948,48.03368434380234
-89.99605012561345,48.03333864453535
-89.9956669696446,48.03245297878022
-89.99520399022849,48.032132393546455
-89.99519228013514,48.03170421128325
-89.9946262212605,48.031075698131
-89.99462851750428,48.03087257349152
-89.99493866375377,48.03020437087064
-89.99478952908365,48.02962726573417
-89.99494957193129,48.02920537962303
-89.99449795149232,48.02860487713171
-89.9940744699774,48.028410759480614
-89.99385781220703,48.02801446302989
-89.99324429345437,48.027978596820795
-89.99270879685092,48.02830533918838
-89.99080656937022,48.0286091241541
-89.99053833216207,48.028437690004914
-89.9905183814219,48.02802035889399
-89.98997210729583,48.02783659405349
-89.98929990323192,48.027937653843566
-89.98916327225727,48.027706409246655
-89.98994442334642,48.02738630564273
-89.99018477651964,48.02711302667414
-89.9901404921955,48.026673641023876
-89.98971112550127,48.02628183676255
-89.98889555953282,48.02601442699487
-89.98900669283375,48.02559225555794
-89.98716041348953,48.0252923914441
-89.98674954031323,48.025444117908506
-89.9857180188358,48.026202148594344
-89.98526741020244,48.02624385501641
-89.98484383298647,48.026066077599666
-89.98421912041961,48.02557454707901
-89.98232373783229,48.02454974880604
-89.98118222168725,48.02417086137418
-89.97955775472545,48.023811559047694
-89.97782519331764,48.0235944426742
-89.9763145713409,48.02329604176772
-89.97525964626831,48.02321947482168
-89.97472166005998,48.023035675087556
-89.97380238076056,48.021834442041964
-89.97363570463727,48.02137796435796
-89.97376533384458,48.02077479543824
-89.97353316977201,48.02032351967047
-89.97304555103064,48.02002468967527
-89.97208279080014,48.019772803844056
-89.97184147762334,48.01940928819549
-89.9718685384198,48.01847623059435
-89.97165441601857,48.017882351002015
-89.9695685114565,48.01638978930714
-89.9691976859316,48.015904878110845
-89.96883162353772,48.01500283193078
-89.9683043480588,48.014599451312456
-89.96507509607005,48.015066254366374
-89.96405299263553,48.01501168755112
-89.96234471272756,48.01414123732013
-89.96125382040557,48.01365811651082
-89.96001897731504,48.01360247009595
-89.95589542424557,48.01218704512859
-89.95486127162314,48.011764577824074
-89.9531793383368,48.01076780947979
-89.95237062362192,48.010648434245326
-89.95130185009086,48.011082032290425
-89.95015180257018,48.012849198056806
-89.94994809327804,48.013473949593106
-89.95082713797066,48.01455435995086
-89.95120418427172,48.01518761207495
-89.95099934230105,48.01591113866361
-89.95062795927606,48.0161726668
-89.94993186228734,48.01621850972602
-89.94885456533412,48.015987859791075
-89.94420116096201,48.01439919343004
-89.94116408551537,48.0145204883268
-89.94080194073106,48.01468873660652
-89.9409582670787,48.01529895256146
-89.9406351700656,48.0156321038212
-89.93984765176369,48.01579260909537
-89.93912222196728,48.01556377976916
-89.93640321780728,48.01575246125955
-89.93597021097908,48.01570625808878
-89.93461919219904,48.01577051612719
-89.93387464475379,48.015091307320276
-89.93417012106796,48.014351874194276
-89.9338291114673,48.01346073038523
-89.93322622800385,48.01323792670873
-89.93290326396898,48.012890412417754
-89.93273050471124,48.01229666280918
-89.93286050556507,48.011023787576434
-89.93257566662284,48.010226285357234
-89.9315370529778,48.00884838421807
-89.9306801544044,48.00800399613505
-89.92977925939888,48.00740633377043
-89.92888908635139,48.007280743707156
-89.92768009979714,48.00713158508024
-89.92688864249963,48.006951661298466
-89.92623006011237,48.00661871643
-89.92588276774579,48.006260091748636
-89.9256867637815,48.005567353964594
-89.92577417652303,48.005112210268464
-89.92571465069675,48.003964563005276
-89.92581645269391,48.00366871870168
-89.92652692463723,48.00311256134177
-89.92775914099322,48.00269103789923
-89.9280164148593,48.00239602400192
-89.92805267623682,48.00211075136245
-89.92762244314845,48.00183944694717
-89.92672915299443,48.00196643483354
-89.92562276407637,48.00147184785591
-89.92291782497182,48.000584448006705
-89.92182837799581,48.00004060628378
-89.92183458194982,47.999907144387905
-89.92166479108695,47.99969859335498
-89.92183968773058,47.99937555767768
-89.92288413062703,47.99882595019846
-89.92293656989028,47.998458506098515
-89.9222044546018,47.99711086970329
-89.92132206939705,47.99694781464902
-89.9200174777248,47.99730964572504
-89.91815368426657,47.99708179964225
-89.91743255232751,47.99719381096235
-89.91685331604738,47.996999180064115
-89.91613717995085,47.99657338431995
-89.91597331570199,47.99572212758443
-89.91516485376054,47.99467582404728
-89.91366573176,47.993966655176884
-89.9118469726031,47.993332912152894
-89.90442046165498,47.992097274603076
-89.90310991003915,47.99137235596561
-89.90082448280843,47.98910097078873
-89.89894521869314,47.98797271508066
-89.89728049730698,47.98752602173187
-89.89555680854552,47.98723815345243
-89.89354155134701,47.98748660079131
-89.89236653739339,47.98798597353768
-89.89090252430516,47.98792967144186
-89.8896537051245,47.98762740307368
-89.88756760599118,47.98676699974789
-89.88550134767529,47.98638402153368
-89.88386521439672,47.98634878369557
-89.87899240592184,47.98679740125283
-89.87802747803798,47.98674334856717
-89.87587396402336,47.98610181248265
-89.8751259202229,47.98596140394156
-89.87271872277117,47.98538218907111
-89.8719242235744,47.98544062235647
-89.87142654137723,47.98579284817459
-89.8700880769737,47.98730680848799
-89.8689623459263,47.9896519090919
-89.8683152724504,47.990112527887746
-89.86569913296493,47.99004380389843
-89.8621450877725,47.99066359732131
-89.85930371993338,47.99081776308615
-89.85294501256963,47.99178935233178
-89.85112959777476,47.99217283556518
-89.8473593329975,47.99254291613006
-89.84621805361456,47.993163416307084
-89.84589094924875,47.99356116358261
-89.84614278647203,47.99405230044911
-89.84595976993462,47.99420429626901
-89.84607547933075,47.994551313400244
-89.84583994460017,47.994878508393064
-89.84460446720728,47.99570130197435
-89.84416224270443,47.99613079353854
-89.84415212062434,47.99703676535896
-89.84373172241611,47.99719194791761
-89.8425787993611,47.997164281921364
-89.84269217767579,47.998433865921555
-89.84244628384907,47.998859753697985
-89.84262089955256,47.9999038075225
-89.84261806367209,48.00010169890272
-89.84214179620928,48.001623037108644
-89.8425593634098,48.001819987863485
-89.84403984717294,48.002152446206885
-89.84486053577362,48.00300747343982
-89.84439595235801,48.00331019069132
-89.84349762429835,48.00348723438733
-89.84192645729142,48.00299029889933
-89.840209076478,48.002707622187465
-89.83818004373961,48.002123428769075
-89.8362625945127,48.00079251086677
-89.8347752587797,47.99990553774016
-89.83394296433775,47.9994251790145
-89.8327254180631,47.99935297774144
-89.83145395209911,47.99952178757773
-89.83102011229754,47.999906197399014
-89.83071095407976,48.000054505730276
-89.82971080754699,48.00143930371836
-89.82910203440044,48.002576557303605
-89.8286815495778,48.003806837529126
-89.82872375698902,48.00416353927494
-89.82906073718968,48.004690001375984
-89.82916838037727,48.0050576895218
-89.82808363432612,48.00567957267162
-89.82562696481055,48.00664387697611
-89.8247092004812,48.00827009351328
-89.82284078829626,48.0091950019623
-89.82235995376625,48.009601924586704
-89.82243591816089,48.010266056172284
-89.82185673489047,48.010590705791955
-89.82224240514881,48.0110183814639
-89.8227414634776,48.01117680695758
-89.82393534362242,48.01128490227572
-89.8231604199666,48.0117416400042
-89.82267890163321,48.01196740291928
-89.82221363511896,48.01213818237395
-89.82174840570602,48.01235845336062
-89.82139765268042,48.01256209623353
-89.8210304808487,48.01273828739377
-89.82081909649283,48.01305692186386
-89.82127971446502,48.01387964623557
-89.82099521593557,48.01435769099508
-89.82080896496365,48.01484097634912
-89.82049891067639,48.015017128353676
-89.8200345522739,48.01546238193674
-89.81965887017185,48.01556724392026
-89.81892276116893,48.015442008723966
-89.81826044782377,48.01539908236487
-89.8174519283104,48.01564167323312
-89.81654569958128,48.01597234414148
-89.81527062564568,48.01601804525422
-89.81444567689653,48.016211296606976
-89.81391436952681,48.016233981939955
-89.813024192008,48.01648219348096
-89.81209212088163,48.016461525520455
-89.81114476549894,48.01675366724184
-89.81006505565485,48.016563035827915
-89.80965642020502,48.01656904418594
-89.8093788892165,48.01668469983053
-89.80876758614524,48.01726188202173
-89.80747688023567,48.01754903486838
-89.80720658073737,48.0173847593372
-89.80758175478466,48.0171042707627
-89.80749817888635,48.016555459510506
-89.80662556738137,48.01465721821107
-89.80623169644262,48.0142076646916
-89.80594512481186,48.01404878226888
-89.80551173198772,48.014000004943604
-89.8047025839946,48.014050457849784
-89.80336228634768,48.01412345576608
-89.80160476141297,48.01414215727508
-89.80100027172747,48.014285664358106
-89.80029852201935,48.01468723695387
-89.79973504498139,48.014852667712475
-89.79881140762049,48.014897726731924
-89.79809992063501,48.014761345992966
-89.79741282371609,48.01464696821505
-89.79693922867365,48.0147902372418
-89.79643275778568,48.01494455479016
-89.79610675635202,48.01523591850875
-89.79641137229568,48.01594910531913
-89.79589044318381,48.0167017860369
-89.79550708832303,48.01698776735518
-89.79508364570724,48.01753718774316
-89.79469986604681,48.01770230287281
-89.7941197215754,48.01778535313396
-89.79344964420119,48.017863008167794
-89.79244550258812,48.01834175069507
-89.79162819426641,48.018425088550636
-89.78884009320916,48.01826360210408
-89.78782535138183,48.01790252469118
-89.78563393369097,48.01772931366371
-89.78448178930337,48.01790625617981
-89.78239691391492,48.01782073555145
-89.78183304615017,48.017909129306894
-89.7813602121815,48.0184092418931
-89.77977510775965,48.018701864373945
-89.77918578349916,48.01843894355834
-89.77874514460214,48.0187578164055
-89.77804510712232,48.01988936203798
-89.77636532277154,48.02148309351854
-89.77577969556108,48.022658422942634
-89.77542033742924,48.022795994255915
-89.77466762511519,48.02261016727271
-89.77431568655237,48.02241841318036
-89.77387237742704,48.02175463000861
-89.77444258018222,48.02094710124291
-89.77380353633195,48.02040433712449
-89.77238975389061,48.020658210450776
-89.77116542937488,48.021427980424335
-89.77016087866299,48.021818690534964
-89.7689184371478,48.02195721125202
-89.7676365319293,48.02260618050585
-89.76441621487531,48.02297148561889
-89.76267450050841,48.02286333618331
-89.76021263328899,48.02247036178368
-89.75794926607081,48.02303779018812
-89.75653519896676,48.02317627763991
-89.75567666167862,48.02313860219209
-89.7547604655624,48.02293623403581
-89.75394141976135,48.022300171106224
-89.75340141721689,48.022114011151494
-89.75294366391104,48.02210888934791
-89.7524125071122,48.0222685238522
-89.75147261426713,48.022390040649555
-89.75084385136003,48.022774841279784
-89.75032164444904,48.02324184412929
-89.75009596005657,48.02346239975254
-89.7488658166159,48.02348073949867
-89.74809204535916,48.023245098105654
-89.74633506703117,48.02198704695161
-89.74589324479285,48.02199521673816
-89.7447745990693,48.0224328626247
-89.74435285160092,48.02218846315596
-89.74422315470215,48.02152860024311
-89.7435476380983,48.021299044779404
-89.74339403148002,48.021171764009104
-89.74326526533581,48.020456944335685
-89.7430571982981,48.020142564797546
-89.74261843617107,48.01993655014714
-89.74191507511867,48.01993197142159
-89.74083002143101,48.02030934148328
-89.73890567501327,48.0204616441001
-89.73797079334288,48.02063124550809
-89.73721276690785,48.021016256908645
-89.73680605243263,48.02141998206816
-89.73624634612509,48.0216634976636
-89.73519048474735,48.02171148310667
-89.7339683561819,48.02194513927034
-89.73333285031246,48.02177074415074
-89.73294451040005,48.021482619790454
-89.73293572238555,48.02096629485496
-89.73258060807957,48.02063439158766
-89.73172593698536,48.02035422167301
-89.7318855314172,48.02006414957721
-89.73228229800308,48.01977570159417
-89.73290687246215,48.01957112667482
-89.73297678525674,48.01926950120614
-89.73278358517791,48.01905406149661
-89.73255632709798,48.01893177805347
-89.7317405186186,48.01879462390252
-89.7310591247359,48.01896031937127
-89.72949463762718,48.01912577345062
-89.72862740611137,48.01914199912336
-89.72733117685557,48.01884785820458
-89.72637031399893,48.01911614967134
-89.72440781625342,48.019081117338125
-89.72388295345483,48.01917654886378
-89.72366045365246,48.019290419372936
-89.72354067165251,48.01965207676714
-89.72422746959789,48.02022231363334
-89.72430890241226,48.02079947483866
-89.72372925508516,48.0207242564382
-89.72109104446588,48.01992685199256
-89.72014370203686,48.019277970165646
-89.71953435478602,48.01845003990303
-89.71984665627494,48.01779864202502
-89.72075365228177,48.017299398996336
-89.7227055767984,48.017493649365214
-89.72397117701004,48.01707913085368
-89.72453480680716,48.01602293438509
-89.72394273596262,48.0151292900886
-89.72418555941837,48.01363703789567
-89.72373129262246,48.01338146449708
-89.72266725802382,48.01344025874711
-89.72178327792204,48.01404950845831
-89.72082835621529,48.014466041690774
-89.7200505203157,48.01507588153748
-89.71928913198421,48.01678438847044
-89.71856366849094,48.01717488732265
-89.71791671191288,48.01723098535615
-89.71697719737763,48.017158847729796
-89.71623838616365,48.01679683808325
-89.7161551361712,48.016340471006025
-89.7165855495542,48.01489895526539
-89.71665278131653,48.01422939511001
-89.71708310429575,48.013886257433064
-89.71693198371942,48.01360513375224
-89.71622996412205,48.01296890558188
-89.71614526918215,48.01261130277936
-89.71629844556682,48.01166776152887
-89.71667958626342,48.01023689320219
-89.71662200859554,48.009703691675135
-89.71609564996042,48.00935972705596
-89.71536936921693,48.0092559726556
-89.7144580202635,48.009502454399424
-89.71292863354097,48.0100578806868
-89.71255160264556,48.0101157404271
-89.71212648592329,48.0101073404423
-89.7102755675907,48.010292580006855
-89.70885089965874,48.01040929687926
-89.70849921232316,48.010412348051204
-89.70806689399554,48.01033803576601
-89.7072484020466,48.00930543585405
-89.70557941907661,48.00772891973082
-89.70343718639276,48.00663785363814
-89.70244501532811,48.00627414368081
-89.70111749516659,48.00646275581581
-89.69884260829052,48.00764995859202
-89.69503306761652,48.008650747356306
-89.69208064243962,48.009734252920815
-89.68974382676012,48.010140920229446
-89.68817169536416,48.010800069677344
-89.68748399351571,48.01085023030345
-89.68646506714917,48.01063444880351
-89.68636629270617,48.01015043376576
-89.68621437483702,48.009924227764856
-89.68585812782908,48.00969104065681
-89.68407522959127,48.009711524898734
-89.682033770741,48.0100432412363
-89.68016018688778,48.010101536833034
-89.6762341243113,48.01119974785482
-89.67499850770011,48.011240441118645
-89.67394802294515,48.01148014042596
-89.67333483157962,48.011470374442986
-89.67300000523034,48.011440510070955
-89.6726174853142,48.01132242379016
-89.67225165606101,48.011182593316875
-89.67158328539509,48.010008038322525
-89.669055095555,48.008023881600955
-89.66685224416389,48.007189891848675
-89.66470646904266,48.00791592487745
-89.66383684917393,48.00860721713723
-89.66319658974248,48.01029422709292
-89.66252090995168,48.01061886992082
-89.66198846725594,48.0106754628646
-89.65779169618189,48.01026084450216
-89.65683464772809,48.009770608523716
-89.65613483574323,48.0080245227789
-89.65488482764603,48.00642824169298
-89.65432058277779,48.005924417643335
-89.65311391725507,48.00418018017522
-89.65094966338843,48.003516364777134
-89.64923793027783,48.003685152868684
-89.64844032120754,48.00396493785819
-89.64711865269251,48.00579510450523
-89.64599232989146,48.00616578366929
-89.64298979521976,48.0062646163807
-89.6414876633969,48.00561648160582
-89.63994784884882,48.00377074369122
-89.63879954181172,48.0034876658324
-89.63711423873991,48.00404093585719
-89.63677343069926,48.004878723895224
-89.63760692671242,48.00640621966169
-89.63770663948605,48.00730767108952
-89.63853177303503,48.00834627990368
-89.63843631323147,48.008686067422964
-89.63821945387159,48.0089480582293
-89.63722364224866,48.00933066418692
-89.63313827135605,48.009618871562175
-89.63201212254978,48.00996755212341
-89.62943772166346,48.01036574800866
-89.62824780987553,48.01110927584481
-89.62720449475812,48.01139807169694
-89.62559810766899,48.011605689778875
-89.62509414484408,48.01162114582088
-89.62289400418382,48.01169639533415
-89.6198374674701,48.010632727495434
-89.61851769642566,48.01078452744372
-89.61779565688025,48.011169633581474
-89.61716093318286,48.01191285233982
-89.61609512417097,48.01259503211854
-89.61556245786066,48.01347686380476
-89.61497800025153,48.01473124568745
-89.61369183370647,48.01567389738586
-89.61225919360305,48.01632352874887
-89.6116456107368,48.01772569430053
-89.61077559732085,48.01786161959301
-89.60954189965545,48.01731188242913
-89.60931565349134,48.01695190403719
-89.60984050446913,48.01496112636172
-89.60863610159018,48.01260573203643
-89.60860577448024,48.011705043977095
-89.60906525229292,48.011085736327324
-89.60974726226519,48.010678084991675
-89.61085474409433,48.009974607720366
-89.61088892380883,48.00964572060497
-89.60989620623971,48.009242044716615
-89.60935986817525,48.00832325601009
-89.60868406855329,48.00769892375026
-89.60824410875996,48.00683643091193
-89.60723099696317,48.0062951664217
-89.60671985688855,48.006178185115886
-89.60334259159308,48.00603182672899
-89.60108560365198,48.00502281514562
-89.59825940343605,48.005021311971454
-89.59790997328213,48.004686993934335
-89.5978440537785,48.004433611953544
-89.59756452077042,48.004221049780746
-89.59681080299886,48.00429822457619
-89.59620640830379,48.00456960961679
-89.59582861170425,48.00463561181638
-89.59479568370034,48.00448923724586
-89.59398078751978,48.0041537808263
-89.5928604607688,48.00392380474722
-89.59252603478342,48.00363913919782
-89.59224234824642,48.00302023277338
-89.59108876559165,48.00254277312128
-89.58815350566708,48.002369321174285
-89.58565074506984,48.00166945352369
-89.58520589307025,48.00125684610243
-89.58565221876192,47.99945721970113
-89.5846124323519,47.998728772429935
-89.58377989818314,47.997629974251055
-89.58263648503839,47.996823192638026
-89.58190110126685,47.99656560743345
-89.58158349977717,47.99599569648151
-89.58098265110142,47.99587727632814
-89.57727861155423,47.99710335239181
-89.57297388303974,47.99739285513506
-89.57107779838773,47.99797494609226
-89.56955467464188,47.999177200773644
-89.56461705406566,48.00252589060265
-89.55794069693717,47.999309465889134
-89.55754203709245,47.999282224446844
-89.55743451341053,47.99927852491318
-89.55732797322078,47.999281685025075
-89.55722296106563,47.99929578290364
-89.55711959999348,47.99931588465193
-89.55691895563218,47.99936643174159
-89.55672076890357,47.99942498680232
-89.5566199199282,47.999447408007796
-89.55651528402264,47.999456520963776
-89.55640785956768,47.99945681296588
-89.55619252801797,47.999444595363165
-89.55598392978597,47.99940956821338
-89.55587813100354,47.99941163012093
-89.5555585781243,47.99944184914179
-89.55534448045744,47.99944859351234
-89.55502502414416,47.99947518822569
-89.55491815525937,47.99947620412165
-89.5548110895518,47.99946633392924
-89.5547100421526,47.999443834515354
-89.55451683708695,47.99938024983895
-89.55441830033212,47.999352392237064
-89.55431466734177,47.99933341366011
-89.55420815234844,47.99932335919598
-89.55410128010415,47.999319997037325
-89.55388636137985,47.999323741933644
-89.55378031815943,47.9993321561538
-89.55346726234627,47.99938219648643
-89.55336204349928,47.99939582180693
-89.55315006546232,47.99941714134635
-89.55293637917048,47.99943114715998
-89.55283123676526,47.99944363167634
-89.55262514260806,47.99948317582286
-89.55231761806077,47.99955216220106
-89.55221935773666,47.99958055810058
-89.55213266815413,47.99962005740326
-89.55205752717777,47.99967060198907
-89.5519153177174,47.99978051340921
-89.55183633941381,47.999829020434646
-89.55166941535833,47.9999193985658
-89.55149676728335,48.00000470731146
-89.5512286567556,48.00012384956953
-89.55113644061245,48.00016151684134
-89.55094420788147,48.000231487300574
-89.5508707978014,48.000279280836935
-89.5508315852818,48.000347342132834
-89.55080467728854,48.000422086512586
-89.55075775981551,48.00048323590434
-89.55067437522582,48.00052257081323
-89.55057104666291,48.00054961131027
-89.55046165027548,48.00056753142862
-89.55035708262415,48.00057501782127
-89.55025070917789,48.00055807933678
-89.55004581319196,48.00051368528681
-89.54983715877731,48.00047998043879
-89.54973137129693,48.000466998404704
-89.5496252141216,48.00045891583664
-89.54951823995832,48.00045660936163
-89.54941036394119,48.00045901562264
-89.54930331128385,48.00046667101881
-89.54919884321635,48.00048063349695
-89.54889650281623,48.000556373342626
-89.54879214243218,48.00056829524997
-89.54836208075358,48.000570055219825
-89.5481480653917,48.00057705419947
-89.54793736282979,48.000601933469625
-89.5476250776523,48.00065452614252
-89.54752298765769,48.000676606402834
-89.54742396109603,48.00070383885667
-89.54713168320392,48.000793887171746
-89.5470308115222,48.00081784724583
-89.54672322509265,48.000881065119096
-89.54621487605009,48.00099668970326
-89.54611162570038,48.00101455927034
-89.54600628836275,48.00102487681807
-89.54568418594222,48.0010340974925
-89.54536330540705,48.00104921035911
-89.54525656212132,48.001046701841354
-89.54493681060434,48.0010222395025
-89.54472251332697,48.0010115421936
-89.54461645451322,48.00100261949386
-89.54451274002223,48.00098591699581
-89.54430892096718,48.000940450415925
-89.54389671628354,48.000861309203614
-89.54379686046641,48.000833731879936
-89.54360080222325,48.0007718654711
-89.54350002772138,48.000757573318914
-89.54339364879452,48.00077265692757
-89.54329212430393,48.00079903417227
-89.54309891657726,48.00086130381789
-89.54281518813107,48.00096345380577
-89.54271653819885,48.00099108111864
-89.54240676041418,48.00105263952038
-89.54230229367455,48.00106982425214
-89.54219756058707,48.00108027945755
-89.54209011283,48.00107662313119
-89.54198520045948,48.00105813878555
-89.54189216134263,48.00102437254896
-89.54180380498752,48.00098208845561
-89.54161053314452,48.00091736363848
-89.5415104356211,48.00089089198618
-89.5414078353533,48.00087421564578
-89.54130197399763,48.0008694924065
-89.54033561711331,48.000888446856685
-89.54022897405744,48.00088328082768
-89.54001631995625,48.00086391216878
-89.53969529672244,48.000856044657105
-89.53927610002889,48.0007956835173
-89.53907697862365,48.00074262125013
-89.53886388335212,48.00072175141265
-89.53875939645263,48.00070788456673
-89.5386592113843,48.00068071268122
-89.53857235646353,48.00063813359113
-89.53850211720791,48.00058448164145
-89.538438580109,48.00052552336414
-89.53838238082332,48.00046364148192
-89.53834547751447,48.000396367687785
-89.53832459518166,48.000324573042825
-89.53826142595317,48.00026785237385
-89.53818257027015,48.0002147501548
-89.53809407339368,48.00017228419385
-89.53799845442657,48.000148597341756
-89.53789256347558,48.00014419198648
-89.53756540451721,48.00015525334234
-89.53735105077172,48.000167144014554
-89.53724689414538,48.000182134984875
-89.53704813235147,48.00023559883906
-89.53665804850372,48.0003563452473
-89.53655736278279,48.00037975984551
-89.53624214604964,48.00042330863475
-89.53603596596199,48.000465247225264
-89.53593208461915,48.00048119135217
-89.53582613641119,48.0004858296433
-89.53561109493488,48.00047802188627
-89.5355041045656,48.00048107255885
-89.53539752843908,48.000490405175626
-89.53518166279045,48.000488153879125
-89.53507485673062,48.000480217421185
-89.53497315265876,48.000461881820556
-89.53487686489119,48.00043109454266
-89.5346930801647,48.00035438334214
-89.53452092202707,48.00026883194314
-89.53442624392072,48.00023491227109
-89.53432823587264,48.000205527355135
-89.53422742438237,48.00018152046269
-89.53412399430185,48.000162123235164
-89.53391511190503,48.00012950385273
-89.53380918206004,48.00011913061229
-89.53359571910882,48.0001055554516
-89.53295247200832,48.000091450085414
-89.53284606072545,48.000084224065105
-89.53274204247555,48.00006854785079
-89.53253822120506,48.000021847337635
-89.53243439061573,48.0000065254629
-89.53200520600826,48.00000308035545
-89.53179472528402,47.99997305296353
-89.53169002092136,47.99998062685702
-89.53158539188439,48.00000039101701
-89.5314797147468,47.99999838905418
-89.53121658449292,47.99996920589603
-89.53100487033234,47.99994637617953
-89.53079123244135,47.999936581149974
-89.53025539875077,47.99992995592219
-89.53004110422181,47.999932521261634
-89.52993400425244,47.99993769820541
-89.52982717363652,47.99993638997571
-89.52972044005736,47.99992378093571
-89.529614434074,47.99991781417283
-89.52950945246702,47.99992807435666
-89.52940496784107,47.99994504107069
-89.52919650977313,47.9999829908684
-89.5289879727155,48.000028101208045
-89.52888553366448,48.00003331184566
-89.5287847992412,48.00001587018011
-89.52868558672091,47.99998415921076
-89.52858808357291,47.999949778341886
-89.52840415273212,47.99987551047206
-89.52830021590628,47.999860900666775
-89.52819273482146,47.99985236092781
-89.52809188886384,47.999829289971174
-89.52799330520759,47.99980063813975
-89.52780344370083,47.99973347985509
-89.52771678322233,47.99969011491257
-89.52762533832392,47.99965401599685
-89.52741712140252,47.99961828980031
-89.52731386062483,47.99959186230146
-89.52721182741674,47.99958201364811
-89.52701180829287,47.999635824914215
-89.5268001734071,47.99965868682227
-89.52669888261447,47.99968159172664
-89.52629921832028,47.99978825745857
-89.5262074432716,47.99982413120685
-89.52612249127857,47.99986772060168
-89.52596277487741,47.99996457235227
-89.52589056982848,48.00001749557681
-89.52582337959181,48.000073792043814
-89.52574830195566,48.00012500863255
-89.5255906364255,48.00022279767112
-89.52550784537056,48.00026832009478
-89.52542126415939,48.000310457493555
-89.5252399431543,48.00038755541041
-89.52486842349917,48.00053106049042
-89.52477802562585,48.00056962318904
-89.52451223573225,48.0006910646307
-89.52433899246589,48.00077577160375
-89.52415576420604,48.000852781802024
-89.5240693489415,48.000894733549536
-89.52399439791462,48.00094450533091
-89.52393161671415,48.00100260432366
-89.52381587477893,48.00112530370265
-89.52368056152355,48.00124543338988
-89.52363396993627,48.00130650847832
-89.52363737821413,48.00137299829244
-89.52370212285881,48.001438484962435
-89.52379073192704,48.001478124937265
-89.52400010139583,48.00153367262518
-89.52406274140323,48.001582874365056
-89.52408243509123,48.00166809646978
-89.52405505996015,48.001736296545154
-89.52397731672629,48.00175091972446
-89.52386643061331,48.00174108353592
-89.52332284646346,48.00165953109431
-89.52321709714548,48.00164945983472
-89.52300170363468,48.00164789505713
-89.52289572350988,48.00164115711468
-89.52278567358888,48.00162753330559
-89.5226772129103,48.00160748957237
-89.52258818837346,48.00157454527672
-89.52254548422299,48.00150751982286
-89.52252869505843,48.00142606795188
-89.52247523649957,48.001400049560374
-89.52237714841469,48.001446004977865
-89.52227650522245,48.00148297645961
-89.52217688935761,48.00151530348075
-89.52207573612345,48.00154149224687
-89.52197316096101,48.00155118005929
-89.52186837261716,48.00154626819542
-89.52176208537969,48.00153344228654
-89.52165598576015,48.0015150235964
-89.52145209326376,48.00146879063734
-89.52127813151965,48.001383248164096
-89.52118656586201,48.00134571732376
-89.52099448890105,48.001281395196365
-89.52089360294079,48.00125768508476
-89.52068503699773,48.00122179354938
-89.52057930379982,48.00120966700548
-89.52047324655061,48.00120397390525
-89.52036627182737,48.001205096659135
-89.52025887618021,48.00121086822669
-89.52004593285793,48.00122907367426
-89.51962758211238,48.001292439302475
-89.51942438502803,48.00133807120339
-89.51921061981919,48.001362324664115
-89.51910339421927,48.00136942310714
-89.51899815318744,48.00136972530584
-89.51889820902264,48.001347788578684
-89.51853245706971,48.00119250385245
-89.51843423978767,48.00116315891899
-89.51832451204395,48.00113506017711
-89.51821507132263,48.00111874205699
-89.51812014778501,48.00112861265221
-89.51804498519436,48.001170325636124
-89.51791568865843,48.001295937245736
-89.5178418869765,48.00135025235742
-89.51775222024698,48.001386500277576
-89.51765170495703,48.0014133372665
-89.51754582030523,48.001433237780404
-89.51743996750537,48.00144841895136
-89.51733474482087,48.00144804909468
-89.51722717636844,48.00143635548169
-89.51701286528306,48.00144654855472
-89.51690654863938,48.00145725559946
-89.5168027606059,48.00147355797232
-89.5167018395482,48.00149683143578
-89.51630664415748,48.00161057018386
-89.51621346644725,48.001645673244155
-89.51603393156519,48.00172426878598
-89.5158585716384,48.00180717776884
-89.51560742010507,48.00194377166499
-89.51551683088607,48.001981901534606
-89.51541432506878,48.00199619443468
-89.51530483885959,48.00199705028953
-89.51519987361581,48.00200881752631
-89.51510161162248,48.00203615426227
-89.51490999562877,48.00210279544131
-89.51461844415955,48.00219387190553
-89.51452355314665,48.00222712215555
-89.5141546698958,48.00237372291366
-89.51358383021093,48.00257400375916
-89.51348454860226,48.00259848309453
-89.51337450739825,48.00259928390431
-89.51327398155712,48.002617477142735
-89.5131781653046,48.00265187546117
-89.51308570063848,48.00269214046396
-89.51300307477503,48.002738616663
-89.51293690299848,48.00279220515716
-89.51288939849215,48.002855645179615
-89.51278340736877,48.003062886227276
-89.51275293995654,48.003131973337645
-89.5127158005931,48.00319943586122
-89.5126705150813,48.00326537050717
-89.5126064174065,48.00332179703748
-89.51251992962,48.00336670601598
-89.51245009367291,48.003419738524315
-89.51239377183819,48.00348257479835
-89.5123430034818,48.003548742855905
-89.51230522595043,48.00361658721908
-89.51228810265624,48.00368459074727
-89.51229965246918,48.00375441875176
-89.51233146719616,48.003825294556776
-89.51241000510664,48.00396161600193
-89.51245606686639,48.004026720885435
-89.51256136413728,48.00415229152751
-89.51274575850672,48.004329160915965
-89.5128010862608,48.00439080055365
-89.51290350788028,48.00451737816948
-89.5129495212143,48.00458277329024
-89.51298799887836,48.00465193412629
-89.51298741325373,48.004721630194496
-89.51296728879724,48.00479302006388
-89.5129351027159,48.00486345063945
-89.51289129162456,48.004929198277374
-89.51283351993982,48.004988358604
-89.51276211523636,48.00504276321516
-89.5126837134834,48.005093628983445
-89.51252166161787,48.005188859783466
-89.51243492772696,48.00523200112355
-89.51234438953158,48.00526971521683
-89.51224537142996,48.00529512570154
-89.51203375989434,48.00532458337351
-89.51192770040211,48.005335518618274
-89.51182060281715,48.0053370419916
-89.51160496743192,48.00532841585617
-89.5115007358309,48.005335941355774
-89.51140482660414,48.00537081325639
-89.51130427491387,48.005392160294235
-89.51098184607618,48.005393824933186
-89.51087797510188,48.00540953582347
-89.51077574074976,48.00543268080153
-89.51067114435489,48.00544893285046
-89.51056453316369,48.00545894832697
-89.51045808166145,48.005457100892976
-89.51011029264893,48.00542592520461
-89.50979247423265,48.005389982703036
-89.50968664052493,48.00538884424792
-89.50937083132875,48.005433643837705
-89.50926499948929,48.00544378040325
-89.5090506311947,48.00544853502486
-89.5089434392337,48.005444747210014
-89.50873140470692,48.005420353860785
-89.50862538847869,48.005404513051694
-89.5085231371332,48.00538344922736
-89.50843068082999,48.005349690637544
-89.50835529891887,48.00529165549242
-89.50827096823748,48.00525495056548
-89.50816888079345,48.00525634741331
-89.50795116026512,48.00528681125971
-89.50784457105783,48.00528623955697
-89.50773133136244,48.005274702531736
-89.5076223649229,48.00525306142746
-89.50753604379207,48.00521739461299
-89.50748138130552,48.005162042373044
-89.50744932594323,48.005089766955074
-89.50743677218111,48.005012716446096
-89.50744168347337,48.00494167129534
-89.50746839926309,48.00487199999085
-89.50751151025894,48.00480368958137
-89.50756307799699,48.0047396018797
-89.50762743117645,48.004681890734425
-89.50771115395764,48.004634667934646
-89.50780475984624,48.00460172493917
-89.50790613191575,48.00457696449046
-89.50801122996035,48.00455844320644
-89.50811763097938,48.00454696741254
-89.50834121197903,48.00455129042377
-89.50842978298546,48.00452276676865
-89.50851345145814,48.00445565170903
-89.50856325554334,48.00438357347955
-89.50853984173916,48.00434304455218
-89.50844761539534,48.00433022119157
-89.50832231699921,48.004327278705716
-89.50819922653652,48.004319308199335
-89.5080998068154,48.004293639740894
-89.50800643966402,48.00425689901909
-89.50791008659552,48.00422544297426
-89.50770207795223,48.00418991863604
-89.50748600047926,48.004159807819605
-89.5073827690576,48.00414063859798
-89.50729154017495,48.00411142574286
-89.50719133247307,48.003983050728834
-89.50711034035935,48.00393183895496
-89.50701991521822,48.00388744801343
-89.50692385520682,48.003863124654885
-89.50681560745252,48.003859027014954
-89.50669902904409,48.00386785656877
-89.50659260701843,48.003890878224944
-89.50651454396332,48.00392966011099
-89.50646859944067,48.00398861664082
-89.5064145388058,48.00413679381406
-89.50637625072005,48.00420585453008
-89.50627275219352,48.00433198955034
-89.5061533143453,48.004451663816155
-89.50608638724168,48.00450754059514
-89.50586157594272,48.004665085120514
-89.50577309807542,48.004715182854056
-89.50571484879211,48.00477023113462
-89.5057151309834,48.004834853937524
-89.50579104019705,48.004976916820745
-89.50581566607254,48.005047458274134
-89.50587130745024,48.00526000992025
-89.50589772675961,48.0053310919287
-89.5059637418151,48.00547418889358
-89.50597574949133,48.005542622975064
-89.50595441049636,48.005607917477576
-89.50589649463178,48.00567135681814
-89.50581751740857,48.00572705297526
-89.50573215705461,48.005768387267665
-89.50563309025401,48.00579236010736
-89.50541828113569,48.005823892889296
-89.50521143397236,48.00586158745449
-89.50500663653847,48.005904021026666
-89.50479507213323,48.00593010169444
-89.50468855463157,48.005938916726016
-89.50458210992846,48.00594217787263
-89.50447546054889,48.00593839120553
-89.50415644969249,48.005906481400444
-89.50394635142605,48.005874834282146
-89.50384106999887,48.005864759364606
-89.50373486900617,48.00586918307219
-89.50331065607136,48.0059157991671
-89.50320664476611,48.0059324050951
-89.50279647818186,48.006016574484335
-89.50269544307004,48.00604050585373
-89.50249770007805,48.00609807418232
-89.5023976096726,48.006122660139276
-89.50229345887416,48.006134696395385
-89.50218519549767,48.00613399070035
-89.50207843016794,48.00614060274095
-89.50197289587621,48.00615387918176
-89.50186660930116,48.00616177429376
-89.50175933491661,48.00616278255987
-89.50133086592975,48.006152004201475
-89.5011187803113,48.006126971304454
-89.50101316634948,48.00612759065177
-89.5006966440637,48.00616850121672
-89.50048436033617,48.00618828989095
-89.50027671744827,48.0062239669326
-89.50017159517586,48.006238416567626
-89.50006552363922,48.0062483243086
-89.4997445257154,48.00626063348809
-89.49942415302225,48.00627755160279
-89.49920963377825,48.006275841919546
-89.49910273174203,48.006278874091464
-89.49899653443954,48.00629254489759
-89.49889061161474,48.0062943020543
-89.49857332655874,48.00625765689144
-89.49846696626832,48.00624925073763
-89.49814546975006,48.006242214698034
-89.49782502872726,48.00622110424179
-89.49771988936625,48.00620801812723
-89.49750637059103,48.00617400704164
-89.49740600059971,48.006148542881746
-89.49732045594395,48.0061105506871
-89.49725328273864,48.0060565445212
-89.49713746861627,48.00593103607988
-89.49694246405024,48.00575782611393
-89.49686979358547,48.00570620744627
-89.49677950292046,48.005662415244025
-89.49667887204075,48.00564207054284
-89.49658035791605,48.0056644702265
-89.4964802332394,48.005697271698324
-89.49627889017445,48.00574796467419
-89.49617717259368,48.005770413633726
-89.49607371115142,48.00578720340449
-89.49564038477519,48.005803899938485
-89.49553520852983,48.00579923735943
-89.49544198500026,48.00577260179358
-89.49536173820846,48.00572072694316
-89.49527017134369,48.00568435850969
-89.49485682587984,48.00560256841267
-89.49475743654949,48.00557728869429
-89.49466939573398,48.00553769751837
-89.49458790436148,48.00548971946649
-89.4943318875689,48.005359175337524
-89.49418169760703,48.00525563316295
-89.49408852826956,48.00522258591823
-89.49398777443393,48.00519698758849
-89.4937803163054,48.00515833569918
-89.49367346510907,48.00515030597835
-89.49356765981483,48.00513663970452
-89.49346264600601,48.005118350616826
-89.49335770463414,48.00511729249545
-89.49325175376723,48.00512899344506
-89.49314688774064,48.00514777139862
-89.49304575590789,48.00517157885343
-89.49294847817676,48.0052013126617
-89.49285364806185,48.005235474400436
-89.4926670076576,48.005307136969996
-89.49257738050271,48.00534680507548
-89.49241085536092,48.005440232398705
-89.49233259256475,48.0054907955949
-89.4922661926639,48.005545260793745
-89.49224348304347,48.00561436039715
-89.49223262928182,48.00568664018934
-89.49215915882657,48.00574710497336
-89.49206557424833,48.00580270870234
-89.4919789536509,48.00582449531278
-89.49190653273205,48.0057940809456
-89.49183853575636,48.00572932668707
-89.49178836356957,48.00565324395074
-89.49176980943878,48.00558463831205
-89.49178596182304,48.00551387625216
-89.49185743132506,48.0053730265281
-89.49189751382384,48.00530587879431
-89.49194439924027,48.00524058903656
-89.49199817497532,48.00517875438763
-89.492070055168,48.005126368606035
-89.49215212376441,48.005078849004256
-89.49238556770544,48.004929725517606
-89.49245693135317,48.00487657180369
-89.49252928373953,48.004815316077654
-89.4925614027713,48.00475096459886
-89.4925116564967,48.00468848105385
-89.49243383606522,48.00462625938849
-89.49240513806647,48.004565758671035
-89.49244672207104,48.004505030061075
-89.49252293594216,48.004446169139165
-89.49260646009436,48.00439444322501
-89.49269459170476,48.00435088358152
-89.49279383247884,48.004319319635826
-89.49289437981027,48.00431145039717
-89.49305631885663,48.00434691377861
-89.49326567430826,48.004316193728926
-89.49361823080474,48.0042302111345
-89.49367097313561,48.004221920000056
-89.49389097602301,48.00420207602542
-89.49394073895462,48.00419304486154
-89.49398539815084,48.00417941774838
-89.49401620343366,48.004154488096866
-89.49405020327761,48.00408096219047
-89.49407654088853,48.00404938627168
-89.49415310487483,48.003998771081235
-89.49424262680472,48.00395838729822
-89.49449305791455,48.003888137714824
-89.49453776475869,48.003869913802525
-89.49461379033315,48.00382206054324
-89.49467899714094,48.00376484976872
-89.49479212249018,48.00363991899894
-89.49481669433808,48.003607850041355
-89.49489580844042,48.0034717029513
-89.4949238719406,48.0034424833068
-89.49495919815367,48.00341715766029
-89.49504351641356,48.00337372248282
-89.49523398716508,48.003302099716386
-89.49528361714111,48.00328687787349
-89.49549356662205,48.00323667194463
-89.49553847739966,48.00322002582437
-89.49557618393948,48.00319903585866
-89.49560748967664,48.00317101732305
-89.49563345474938,48.00313629376471
-89.49565239562446,48.003098011171495
-89.49566262878199,48.00305931553154
-89.49566247071142,48.00302335283221
-89.49564965411746,48.00299304714011
-89.49561797141051,48.00296738685088
-89.49546998175175,48.00290104536066
-89.49542889710378,48.002877754130864
-89.49540501246824,48.00285146823742
-89.49540766788499,48.00281987277449
-89.49543072811313,48.00278478003032
-89.49555296902072,48.002652177298685
-89.49559081881766,48.00262731010256
-89.49563591553517,48.00261494515229
-89.49568572397013,48.002610787913234
-89.49573845696658,48.002611314580484
-89.4959046425797,48.00262298222607
-89.49601289274948,48.002621690285906
-89.49617266622532,48.00260487721036
-89.49627623872642,48.002585891873785
-89.49637419567735,48.002558184028615
-89.49660792865836,48.002468789653385
-89.49665809887662,48.00245714314918
-89.49676789061739,48.002450324184764
-89.49681921305549,48.00244283140168
-89.49686322486157,48.00242537407635
-89.49690179012654,48.00240079440241
-89.49700631084485,48.002315838825176
-89.49711554529858,48.00228699425362
-89.49716019099792,48.00229097339134
-89.49718707392316,48.00231816203466
-89.49722732745987,48.00239384848266
-89.49726203907105,48.00241557063707
-89.49731064263148,48.00242295023625
-89.49736675105284,48.002422367365526
-89.49763934829792,48.00240094096017
-89.49779795209513,48.00238209599686
-89.49790097330722,48.002364037893365
-89.49804716574788,48.00231825832505
-89.49809794551675,48.002306386979484
-89.49825769656182,48.00227942075691
-89.49835941693716,48.002257370414064
-89.49840553170114,48.002241794626045
-89.49844834297265,48.00222159199032
-89.49852702441395,48.00216779193009
-89.49855869183183,48.00213654535412
-89.49858232970084,48.002103993911554
-89.49859580227286,48.002071220212336
-89.49859910913041,48.00203728792329
-89.4985947903169,48.00200200324555
-89.49855408106355,48.00185606236594
-89.49855303168394,48.001816780850206
-89.49858870796584,48.00179984057194
-89.4986393663701,48.00180164068515
-89.49885696851351,48.0018219103276
-89.49896353337881,48.00181850190757
-89.49912151742608,48.001797915443866
-89.49927752390242,48.00176941148332
-89.49932828746036,48.001757569329094
-89.49942647813207,48.001724847727246
-89.49947627735455,48.00171294090814
-89.49952793657441,48.001709141603364
-89.49963384860057,48.00171216123137
-89.49974115236216,48.00172246493249
-89.49990111437769,48.001741701894126
-89.5001143507891,48.00178480480138
-89.50016551582107,48.001789005417
-89.50021479757598,48.00178606145463
-89.50026151280552,48.0017740615758
-89.50030601193716,48.00175464375252
-89.50043515316591,48.00168056229771
-89.50047972837092,48.001660152372565
-89.50052660241134,48.0016468214421
-89.50057777614953,48.001647323732634
-89.50068694778261,48.001667227483495
-89.50073980591647,48.00166792763637
-89.50084160557478,48.00164954216813
-89.50094223124893,48.001623299730326
-89.50109021896388,48.00157796032396
-89.50113757284139,48.00156136638035
-89.50122696159333,48.001520910124164
-89.50132273287292,48.00148965907289
-89.50167929219138,48.00141092168142
-89.50188727825935,48.001370637968726
-89.5019866371894,48.001345365649556
-89.50203269650282,48.00132869695099
-89.50207365465194,48.00130635526051
-89.50222264791822,48.00119887106044
-89.50233328169404,48.001108900454874
-89.50237198444398,48.001084067722765
-89.50241294988763,48.0010656365857
-89.5024569838234,48.00105586861009
-89.50250436069133,48.00105493691077
-89.50255438717579,48.00106093192176
-89.50265923386903,48.00108661225108
-89.50291524740882,48.001160791318505
-89.50329604877138,48.00129333230853
-89.50344388121673,48.00133503918628
-89.50375052421758,48.001400968714485
-89.50390515099629,48.001429924282746
-89.5040655561111,48.00144146994258
-89.50411821173856,48.001447149791744
-89.5041690888934,48.001457477066914
-89.50441606842793,48.00152778989759
-89.50461889347028,48.0015797050032
-89.50472197532595,48.00160242386252
-89.50482533299308,48.001614017283885
-89.50487705259411,48.001613025135725
-89.50498093372579,48.00159761406894
-89.50513705209394,48.00156300778097
-89.50550115808342,48.00150149713975
-89.50560069435652,48.00147504353297
-89.50579212129544,48.001406347769176
-89.50589028059284,48.00138198346647
-89.50594230393241,48.00137936809189
-89.50599625467498,48.00138390101526
-89.50620762727011,48.001416034608155
-89.50631035157652,48.001437032801725
-89.50651382981805,48.00149406252041
-89.50656449921522,48.001504134499676
-89.50661514045804,48.00150914333772
-89.50671825774506,48.00150248323042
-89.50677083245506,48.00149312931593
-89.50687412055709,48.00146554506123
-89.50696959514433,48.00143018139589
-89.50701221272149,48.00140963265858
-89.5070510751029,48.00138506823747
-89.50719503751672,48.0012746506588
-89.50723472725382,48.001251206928735
-89.5072784382932,48.0012320213205
-89.50737613723459,48.001200377502734
-89.5074282982985,48.00118786587694
-89.50753492052978,48.00117112329072
-89.5075876524705,48.00116755637482
-89.50763926940117,48.001167939038595
-89.5077425354169,48.00118180182055
-89.50794983225575,48.001228855785605
-89.50831342113895,48.00129177678209
-89.50847129069622,48.00131139779317
-89.50857885782878,48.00131512559892
-89.50869267418702,48.00131032349635
-89.5087491911896,48.00130229951575
-89.5087819206982,48.00128479703979
-89.50874491920905,48.00120846191367
-89.50876617385337,48.00118552943825
-89.50881307652149,48.00116944607766
-89.50887062286378,48.001158322154154
-89.5089293688179,48.00115353477135
-89.50898063484907,48.0011568823829
-89.50902703107614,48.001171917625584
-89.50911808966626,48.00121565455578
-89.50916674320369,48.00123112429921
-89.5093210875132,48.00126435829283
-89.509426570862,48.001279008975345
-89.50947940961517,48.001282654091526
-89.5096417662855,48.001282739094904
-89.50980434739726,48.00126954288001
-89.5099053748825,48.00125133287478
-89.50994932723259,48.001234334149956
-89.51009333788285,48.001124982540674
-89.51014468117584,48.00113156891882
-89.51017514449099,48.001161882478605
-89.51025647176048,48.0012663264945
-89.51028862657297,48.00129242920966
-89.51032748328343,48.00130760026534
-89.51037299332033,48.00131177796545
-89.51042315991175,48.00130813634165
-89.51064278526471,48.00126209227832
-89.51069636839988,48.00125442743323
-89.5108111630231,48.00124788353831
-89.51086275964053,48.00124016725179
-89.51090249043585,48.00122322435294
-89.51092538389706,48.00119388338454
-89.51094954996667,48.00111820346593
-89.51096991156568,48.00108465176512
-89.511006764296,48.00106064862417
-89.51110640252632,48.00102629900811
-89.51114946274217,48.00100599183541
-89.51117006937345,48.00097359035425
-89.51117214078265,48.00093155712652
-89.51119129287551,48.00090270794276
-89.51128525823782,48.00088319607403
-89.51145118123605,48.00087249393013
-89.51161660754492,48.0008692687707
-89.51183592813989,48.00088359226723
-89.5119406600809,48.00088114981734
-89.51198991453086,48.00087267570192
-89.51203594321048,48.000857320752004
-89.51207932066997,48.000836430704624
-89.51220421762997,48.000761742061
-89.51224766213909,48.00073990369985
-89.51229379142087,48.00072312627202
-89.51245783724687,48.00068994504131
-89.51257270718213,48.000680346798276
-89.51262500272617,48.00068210439529
-89.51267085047121,48.00068948521295
-89.512707188934,48.0007047859601
-89.51273179382949,48.00073179587831
-89.51277801170343,48.000845983722215
-89.51279936242,48.00088154502767
-89.51282973140646,48.000910584608334
-89.51290378466916,48.000961872898394
-89.51302597705325,48.00103393621449
-89.51309940460224,48.00108628787686
-89.51324317979545,48.001239533248025
-89.51331004654338,48.0012939831333
-89.51335286190562,48.0013153167476
-89.51340095815817,48.001332743683854
-89.51350104047256,48.001360241057334
-89.51360474184371,48.0013797563724
-89.51371061321541,48.001390719478806
-89.51376394994948,48.00139176780505
-89.51408583374844,48.00138201432259
-89.51429769489279,48.001360426179296
-89.51450757678091,48.001331061512985
-89.5146107777192,48.001312063517474
-89.51485703696105,48.001258645046256
-89.51504799470374,48.00119324554903
-89.51513587389992,48.001152186286426
-89.5152185338767,48.0011061513649
-89.51568148671949,48.0008033704783
-89.51575213105835,48.00074970900089
-89.51580691750765,48.00068991572141
-89.51584679806497,48.00062182285381
-89.51587116579591,48.00054962748684
-89.5158777591759,48.00047855498805
-89.51586176384082,48.000408452864896
-89.51582681628719,48.00033870944579
-89.51578174470666,48.00027215414468
-89.51572801186646,48.000210691663355
-89.51553377476101,48.000031580885924
-89.51559147481933,47.99998551220873
-89.51568910546595,47.99994660331544
-89.51576182112052,47.99990252786669
-89.51607682754268,47.99985497132201
-89.51628523711048,47.99981009205215
-89.51638194307863,47.999779898643844
-89.5164533499161,47.999731151753785
-89.51648927508079,47.99965620578542
-89.51657126758923,47.99962754587623
-89.51679832427423,47.99963386889303
-89.51688182089111,47.99960566546275
-89.51692222487557,47.99953271921956
-89.51699262047404,47.999480972301875
-89.5170876151641,47.99944412971946
-89.5171906615808,47.999418468401885
-89.51729414231171,47.99940970576691
-89.51750887913882,47.99943511300205
-89.51761485776947,47.999437735720726
-89.51772779875778,47.999425376865524
-89.51782976638707,47.99939743284203
-89.51788960827245,47.999346896888504
-89.51791217990599,47.99927532607866
-89.51792860931637,47.99919883416838
-89.51797021570748,47.999134396548406
-89.518041949692,47.99908302771789
-89.5181291954609,47.999038441228514
-89.5183172532651,47.998965499451025
-89.51841737525677,47.99893918017504
-89.51852143948221,47.99891914907291
-89.51862603453374,47.99890411837761
-89.5188400387474,47.998891359736724
-89.51894607565353,47.99888152373485
-89.5191563278082,47.99884907315209
-89.51925851409801,47.99882729241378
-89.5193552607339,47.99879865781834
-89.51944118298705,47.99875467100338
-89.51951654403169,47.99870279803784
-89.51957655555242,47.998639577169165
-89.51964687210558,47.99858784875813
-89.5197416328225,47.99855973167975
-89.51984493981799,47.998539581624144
-89.52006000482909,47.99851251368519
-89.52016815994492,47.99851111294319
-89.52027624863942,47.998516935386654
-89.52036991185649,47.99848888243608
-89.52045783776705,47.998446823089964
-89.52062004258734,47.998349263409224
-89.52075931128044,47.99823630998319
-89.52084472697037,47.99819807066582
-89.52094438632744,47.99817588860232
-89.52147656790225,47.998107224858046
-89.52157976709103,47.99808924777218
-89.52167550785452,47.998058730054844
-89.52176339609728,47.99801542188672
-89.52186408289768,47.99799538526019
-89.52197506599141,47.99799423801999
-89.52206934871526,47.99796819761768
-89.52222340820624,47.997864946669225
-89.52230954897252,47.99782404394515
-89.52241148583308,47.99780158422778
-89.52272949278905,47.997758772501236
-89.52283581558912,47.997750507677594
-89.52294178415481,47.99775127612727
-89.52315339097682,47.99777949303531
-89.52325940985024,47.997787692583195
-89.52336584334704,47.99778462017599
-89.52379048579915,47.9977406570425
-89.52410615585117,47.99769759447537
-89.52420639050936,47.997673323538486
-89.52448832369511,47.99756890551972
-89.52458797311449,47.997543669408955
-89.52479636238242,47.99750852531715
-89.52489879378837,47.997487406293814
-89.52509658226326,47.99742995751863
-89.5251967250429,47.997405283841495
-89.52530074260565,47.99739139914884
-89.52551587499447,47.9973839748793
-89.52562216711573,47.99737571559724
-89.52572652194593,47.997357685936734
-89.52582455750313,47.9973289226938
-89.52609680120088,47.997212365957445
-89.52619636940166,47.99718890712511
-89.52641462515743,47.99717482489847
-89.52651080240254,47.997150849348586
-89.52659309336985,47.997103822829466
-89.5266603927371,47.99704467031188
-89.52670355502838,47.996975815511355
-89.52672383660097,47.996893292656836
-89.52676169215437,47.99683459292367
-89.52684376456385,47.99682485124632
-89.52694994653399,47.99684363403703
-89.5272716026089,47.996920809769485
-89.52737439366896,47.99694072276955
-89.52758591312758,47.99697382845552
-89.52769155820062,47.99698112999855
-89.5277983445064,47.9969769819855
-89.52790888254937,47.996964080061424
-89.52801249233347,47.99694043500027
-89.52809738737457,47.99690280370848
-89.52815434647364,47.99683945615191
-89.52820023983922,47.99676718181829
-89.52825770548435,47.9967119560929
-89.52835210328169,47.99671157487611
-89.52846566429466,47.996733809950186
-89.52857774258474,47.99673520653646
-89.5286911781149,47.99673234176489
-89.5287894328263,47.99671589831223
-89.5288359602927,47.99665881052692
-89.5288656297687,47.99658462577994
-89.52895171688219,47.996548945191925
-89.52905267556956,47.99652212823948
-89.52926592499739,47.996485337080095
-89.52937230609746,47.996478584673376
-89.52958753123198,47.99647324590588
-89.52968865025495,47.99645200315633
-89.52978672682787,47.99642150845657
-89.52999735469388,47.99639552493919
-89.53009936580422,47.99637391086968
-89.53039870308004,47.99629423790352
-89.53050214368783,47.99627728164634
-89.53060912841144,47.99626930061765
-89.53071384578162,47.99625507413028
-89.53091681452356,47.99620855310057
-89.53122617290028,47.996149808571
-89.53152571211612,47.99606966135601
-89.53162894787354,47.99605652435156
-89.53173693891925,47.99606146728095
-89.53185540404127,47.99606202255961
-89.53199096406135,47.99605715595507
-89.53202787300427,47.996074621984086
-89.5319670025466,47.996113589630475
-89.53176224718337,47.99621182351443
-89.53158226140158,47.99630427234187
-89.53150021682738,47.99635290962474
-89.53144847960199,47.99640825836878
-89.53143726552743,47.99647993947898
-89.53145826083023,47.996558911113446
-89.53150199469911,47.99662423948225
-89.53158556351299,47.99665004907871
-89.5317057312984,47.996652013194996
-89.53180886431103,47.99667281806299
-89.53190757736881,47.9967014146272
-89.53211048255181,47.996749807040715
-89.53221586190696,47.996758130782624
-89.5323233125413,47.99675942787438
-89.53243106764046,47.99675585724545
-89.53253747142523,47.99674765857668
-89.5329553759952,47.99668350221055
-89.53317024255536,47.99667894482164
-89.53335532020444,47.996605096829875
-89.5334584257647,47.996601955569865
-89.53378077652809,47.996630632350296
-89.53399758020076,47.996629911090444
-89.53410429779748,47.9966210589729
-89.53420436272661,47.9966004400917
-89.53429532352061,47.996562694465155
-89.53438323913855,47.996518687104505
-89.5344755594535,47.99648264224488
-89.5345782474233,47.99646579813089
-89.53468637408383,47.996458496592794
-89.53479175527062,47.99644455800495
-89.53489514066554,47.996424871557515
-89.53499995243997,47.99641097658532
-89.53511055408244,47.99641379304358
-89.53521201582126,47.996400551321656
-89.53529945418661,47.9963611124659
-89.53546700024921,47.99626724405636
-89.53555997085249,47.99623284562305
-89.53566029166204,47.99620540283662
-89.53576460998998,47.996184119441075
-89.53587011266322,47.99617076320402
-89.53597491130496,47.99616856714287
-89.53629366080231,47.99620652405867
-89.53650768867202,47.99620638485653
-89.53687175210588,47.99619329994072
-89.53708158802381,47.996164072159
-89.5372860909135,47.99612098720334
-89.53749641246444,47.99608317496772
-89.53760164145952,47.99606997983557
-89.53770460704662,47.996073464013534
-89.53780394578759,47.99611404330665
-89.53789884588086,47.996120272136615
-89.53798892551497,47.996084483898514
-89.53807858020991,47.9960379710132
-89.53817333713846,47.996003337853736
-89.53827865865635,47.99598964368765
-89.5383862115456,47.99598254321741
-89.53870796277853,47.995969404766505
-89.53881106379826,47.99595403053499
-89.53900678910713,47.99589385225195
-89.53931299065776,47.995828045502044
-89.53941315751074,47.99580257180375
-89.53980730243507,47.99568512400345
-89.53989440205764,47.995645396618485
-89.5399761572961,47.995597048680914
-89.54005287817535,47.99554293640529
-89.5401169354186,47.99548414642463
-89.54016074455606,47.99542160126421
-89.54018122188886,47.995351979698356
-89.54018286769224,47.99527754294839
-89.54017082690697,47.995203643686715
-89.54014614559927,47.9951350574484
-89.54009833938771,47.995070741080774
-89.540043279933,47.99500728765834
-89.53995255646137,47.99486800051965
-89.53996952268251,47.9948094138886
-89.5400617708173,47.99476883802312
-89.54016037369333,47.994731153889504
-89.5403409916941,47.994651165225704
-89.54043769297131,47.99462298958198
-89.54054148704817,47.99460879176768
-89.54075686028715,47.99459433357837
-89.5408610655913,47.99457707721225
-89.54106348505306,47.994522272493214
-89.54116520436597,47.994517288862916
-89.54126721251372,47.99453888590519
-89.54136979723314,47.99456761996118
-89.54147383870702,47.99458145484317
-89.5415813019478,47.994580759154196
-89.54168970756254,47.994572115308856
-89.54179482846706,47.994555627976176
-89.5418924199657,47.994529160394066
-89.54207209681837,47.994447733572024
-89.5421663181238,47.9944141994201
-89.5422675858939,47.9943926013359
-89.54258428588352,47.99435033173757
-89.54311300244701,47.99429183024484
-89.54321692031648,47.99427473666635
-89.54352551303262,47.994214154049224
-89.54373629982581,47.994186625475244
-89.54384246317635,47.994176588690934
-89.54394879986448,47.99417173939198
-89.54405609155158,47.99418019100051
-89.54416247359427,47.99417681497235
-89.54437523761895,47.994153839951274
-89.54447859982702,47.994135416007445
-89.54457740081844,47.99410932907847
-89.54486150608804,47.99400683329067
-89.54515063862402,47.993912551476846
-89.54533993936701,47.99384272698853
-89.54543688951254,47.99381307157099
-89.54554034058809,47.993796692777906
-89.5457596139246,47.993790297448584
-89.54585535644325,47.993766084536084
-89.54594506078567,47.993721347794256
-89.5460214103673,47.99366544013423
-89.546069315402,47.99360584124721
-89.54602528718176,47.99352298716971
-89.54603971973353,47.9934791647428
-89.54613413632562,47.993475156877714
-89.54625164623567,47.99348486650544
-89.54637018770327,47.99350016411401
-89.5464715876761,47.99353219542268
-89.5464569908413,47.993598063590774
-89.54637604180984,47.993736140895706
-89.54635367896047,47.99380533590978
-89.54636702094459,47.99387849018474
-89.54641541216533,47.99394449589485
-89.54648855942918,47.99399462487467
-89.54657546008124,47.9940392803013
-89.54667009582248,47.99407695041083
-89.54676715082755,47.994105711916184
-89.54687066384962,47.99412246822815
-89.54708676511238,47.99413629754472
-89.54719744058245,47.994133040476584
-89.54730930692638,47.99412516721499
-89.54741379405405,47.99412776823861
-89.54750392091746,47.994155054809156
-89.54758165070429,47.99420640886541
-89.54764690749101,47.99426887573421
-89.54769295014455,47.9943324842869
-89.54770208686472,47.9944060679912
-89.54773461297786,47.994474371266236
-89.54777858595804,47.99454179931212
-89.54783019345041,47.99460627645531
-89.54789374315834,47.9946627996177
-89.54797250034957,47.994708785783445
-89.54806331516588,47.99474747760649
-89.54825876530573,47.99481256234011
-89.5483580685852,47.994839996051866
-89.5484631090656,47.9948566873623
-89.54856913858438,47.99486137749002
-89.54878394502784,47.994854222492634
-89.54899835887595,47.994856836173135
-89.5491052521557,47.99485408929084
-89.54963933970814,47.99482002084801
-89.54974506897707,47.994809707186306
-89.54984692489504,47.99478868422204
-89.54994609376135,47.99476024308079
-89.55005078722661,47.994747920655996
-89.55015827402258,47.99474334662649
-89.55037666787088,47.994721054244565
-89.55047790684046,47.99470027214883
-89.550557389792,47.99465862326991
-89.5506671961593,47.994526702442776
-89.5507402135951,47.99448038913828
-89.55083786515912,47.99445964990398
-89.55116744509998,47.99444421859552
-89.55159882019291,47.9944371308794
-89.55170156720851,47.99444958471356
-89.55179722475923,47.99448188350337
-89.55189032197994,47.99452150074431
-89.55198699614573,47.99455145267064
-89.55209069631204,47.99456299568944
-89.5521982721975,47.994564742427514
-89.55241472451041,47.994558392468235
-89.55252132329804,47.99455060128805
-89.5526270375025,47.994538425698394
-89.55293990696794,47.99448759760501
-89.55304522598252,47.99447542253996
-89.55325925048646,47.99447261892249
-89.55368770321063,47.99448458130253
-89.5539020778478,47.99448478949785
-89.55411633438267,47.994477603351115
-89.55432618788458,47.994449445434796
-89.55453314702305,47.99441134582511
-89.554634640839,47.994388771599894
-89.55512200932804,47.994239086901615
-89.5555075252529,47.99411323430213
-89.55559991165295,47.99407695729529
-89.55586881290874,47.993958542645345
-89.55596608918302,47.993928757474045
-89.55606678713761,47.993903404901936
-89.55615866453499,47.99386708536064
-89.5564208106378,47.99374173686167
-89.55658613047511,47.99364865403162
-89.55667175867048,47.993606086973095
-89.55676606085413,47.993573463945005
-89.55686679168781,47.99354775898477
-89.55697079949375,47.99352777647171
-89.55718531025377,47.99349689063734
-89.5572955639836,47.99348614687926
-89.55740040069603,47.99348576983972
-89.55749353175707,47.99350647741163
-89.55756819813283,47.993563598398424
-89.55761845582488,47.99362943534888
-89.55766277057442,47.99377660677244
-89.55769852086534,47.99384017752734
-89.55778274173653,47.9938752138477
-89.55789796933657,47.993886443746995
-89.55811226662526,47.9938843353696
-89.55832088309512,47.99391838524419
-89.5584269773947,47.99392226103274
-89.5587486103322,47.99391054974364
-89.55896300778593,47.993915357714314
-89.55906981058155,47.993912292902934
-89.55928325380397,47.99389681662
-89.55938900699665,47.99388533110917
-89.55949273168392,47.99386844216931
-89.55979588744505,47.99379567131326
-89.55989914557502,47.993776899029825
-89.56028059555285,47.99371853198254
-89.56089477176221,47.99359105503058
-89.56110278039127,47.99355665671274
-89.56152554222635,47.99350960806543
-89.56183770505146,47.99345767453245
-89.5619429933677,47.99344508546433
-89.56226270907695,47.99342187690279
-89.56257950174655,47.993384100891376
-89.56268360251677,47.993367357158135
-89.5627835207103,47.99334209989756
-89.56298021587935,47.993284552994034
-89.56328421910406,47.99321437239614
-89.56348304228953,47.99316069431579
-89.56367816415138,47.99310126011618
-89.56396392063478,47.99300238846529
-89.56435781886258,47.99288901719201
-89.5645613225067,47.99284418697233
-89.56487062754815,47.99278524109868
-89.56507863073558,47.992750646080495
-89.56528927438042,47.99272275030941
-89.56539277495612,47.99270514520761
-89.56549214014407,47.99267849976259
-89.56577971780273,47.99257886050872
-89.56586910790557,47.992539905343264
-89.56594737017527,47.992492248248496
-89.56615111064707,47.992324133080196
-89.56622867396896,47.99227475639843
-89.566475418272,47.99213607452577
-89.56654760221781,47.99208281807172
-89.56661158417083,47.99202495424102
-89.56666609131871,47.99196247819371
-89.5667045931859,47.991895319542515
-89.56672062602448,47.99182492352407
-89.56674175074885,47.99160883620873
-89.5667696928456,47.99146590906937
-89.56677852244195,47.991394399504884
-89.56677353550045,47.991322199028104
-89.56675687238173,47.99124932541001
-89.56674795358215,47.99117775939566
-89.56676564164952,47.991109503694034
-89.56681041035394,47.99104490012994
-89.56697424188846,47.99085081643689
-89.56700239603798,47.99078427051048
-89.56697627570519,47.99071624480708
-89.56692687276161,47.99064738578937
-89.56686003427149,47.99058889520707
-89.56677613473016,47.99054658672827
-89.5666707430497,47.99051353748864
-89.5665608525332,47.9904962755346
-89.56646418186814,47.99050276012948
-89.56638106664732,47.99054103816451
-89.5661532805682,47.99070926213202
-89.56608169821135,47.99076703993218
-89.56600433840993,47.990815147539486
-89.56591269552784,47.99084028240813
-89.56580609993858,47.990840685651655
-89.56569400453071,47.99083282833183
-89.56558551926129,47.99083308875047
-89.56526397080901,47.99085817593674
-89.56517087133686,47.99089045484799
-89.56500666488262,47.99099021041646
-89.56491417476353,47.99101722974523
-89.56481038326999,47.99102318943243
-89.56470113126315,47.99101744999741
-89.56448529754165,47.99099192030566
-89.56438218800353,47.99097334093844
-89.56417831164421,47.99092729436306
-89.56386769721779,47.99086999754568
-89.56376690231826,47.99084671475942
-89.56320375229618,47.99063842642322
-89.56299974861798,47.99057968170002
-89.5629075542381,47.99054467598539
-89.56283891470073,47.990496055193326
-89.56280303426436,47.9904291918663
-89.562778786012,47.9903551653351
-89.56274026740905,47.990287400307245
-89.56267871541442,47.990225186817476
-89.56260617273045,47.990164373595064
-89.56252423860833,47.99011724492966
-89.56243413226616,47.99009594544045
-89.56233395158388,47.990102788096166
-89.56211748175566,47.99014898198822
-89.56201027119037,47.9901611171107
-89.5619031589314,47.990163536264035
-89.56179551194884,47.99016089306811
-89.56156534337107,47.990145795083315
-89.5614633508622,47.99012623803224
-89.56147325438909,47.99007887509101
-89.5615660960621,47.99001833504287
-89.56166327692141,47.989990282836324
-89.5618775974398,47.98995971945262
-89.56197805653079,47.9899371705094
-89.56205519679894,47.989887660146344
-89.56212084246201,47.989827428717405
-89.56221382402742,47.98981055387585
-89.56232562086566,47.98982321134075
-89.56243187386917,47.989815432467545
-89.56253718990297,47.989800748585246
-89.56275147848034,47.989795066651425
-89.56285718944949,47.98978522103341
-89.56317009210659,47.98973514599295
-89.56337507575803,47.98969289588217
-89.5634807548525,47.9896828731371
-89.5635879940765,47.989678119833904
-89.56401395869847,47.989646841604696
-89.56444382922791,47.98963476842351
-89.56454914283162,47.98964177007008
-89.56473839565996,47.989709573522845
-89.56484362912785,47.98971873360029
-89.5650601824526,47.989723111207276
-89.5651646945875,47.98973518770628
-89.56526446573162,47.98975974987686
-89.56575002679264,47.989914368165834
-89.56603750033256,47.990010787477885
-89.56613758952625,47.99003689470067
-89.56624057602293,47.99005661054966
-89.56655912138703,47.990089372672145
-89.56666032233173,47.99011056700078
-89.56694821979211,47.99020744865764
-89.56715362791915,47.990248737485
-89.56725403437596,47.99027475945066
-89.56735692709915,47.99029366540708
-89.56757047599149,47.99032015653423
-89.56767713711943,47.99032568142881
-89.56778159903908,47.99032027241866
-89.56788379165532,47.99030119423816
-89.56808593912373,47.99024763944228
-89.56828949726878,47.99020244698448
-89.56839251885461,47.99018267499977
-89.56860181808511,47.99014992696564
-89.5687019314907,47.99012560034379
-89.56889318944268,47.99006094432157
-89.5692672844644,47.98991979717317
-89.56946712351181,47.98986766523983
-89.56967247489578,47.98982650174033
-89.5698829729408,47.98979955503343
-89.57009556185389,47.989780611168904
-89.57041598988509,47.989763091331625
-89.5707371013288,47.9897532645582
-89.57084338395848,47.98974479431714
-89.57147864865645,47.989678166483515
-89.57211719836528,47.989628391096296
-89.57243598660077,47.9895983411487
-89.57254160896684,47.989585799902585
-89.57274900080311,47.98954736302421
-89.57285051704605,47.989521355292815
-89.57294348015695,47.98948696685657
-89.57302462733426,47.989442039399016
-89.57309814079888,47.98938956260438
-89.57330576326243,47.9892226225808
-89.57337036623062,47.98916518467786
-89.5734287417104,47.98910502021212
-89.57349809765066,47.98902354335675
-89.57358176532979,47.988891115831514
-89.57375692076232,47.98855081838538
-89.57377501634966,47.98848066502375
-89.57378890140636,47.9881924632541
-89.57380644208439,47.98804918512965
-89.57386311389294,47.98783677997711
-89.57389051206717,47.98776573219487
-89.57392860434378,47.98769379392196
-89.57395334575995,47.98762383056247
-89.573940614021,47.987558482351375
-89.57389300207716,47.98749575952776
-89.57382468260988,47.9874361722134
-89.5737475846469,47.987381495472945
-89.5736619809207,47.987334892613084
-89.5734515131928,47.987262892541686
-89.57340372082464,47.98721985870721
-89.57344153774552,47.987162618089094
-89.57352780555904,47.98710077961076
-89.57361414579236,47.98704908054483
-89.57372209767772,47.987014248254866
-89.57375933458196,47.98696044071072
-89.57375346447107,47.986889206967746
-89.57372866299426,47.98681370814799
-89.57368731206348,47.98674298592314
-89.57363067287154,47.98668502040598
-89.57355480641598,47.98663674473115
-89.57346584565013,47.98659413702681
-89.57319010399182,47.98647558701794
-89.57309440822688,47.98644312713228
-89.57289617678339,47.98638370517243
-89.57279416916327,47.98636408969397
-89.57268944095495,47.98635855368396
-89.57258212599741,47.98636338158531
-89.5724744093781,47.986374194604835
-89.57236846922913,47.98638706958441
-89.57205764410278,47.98644619161908
-89.57195351442095,47.98645535148061
-89.5715334587358,47.98639283546876
-89.57143039647406,47.986373632739046
-89.57123170874475,47.986319404619834
-89.5711288715221,47.98629990555412
-89.57091840893092,47.986271330568314
-89.57081552425927,47.98625201482686
-89.5707150484166,47.98622729214264
-89.57051797214203,47.98617019431928
-89.57030473137095,47.986116422345205
-89.57021003289515,47.98608363564243
-89.57015086913722,47.98603458038234
-89.57013069206823,47.985955785813815
-89.57014991687967,47.98587757307151
-89.57021102154204,47.985832952826655
-89.5703077246977,47.98580937810005
-89.57042252450678,47.985795677859784
-89.57064276266868,47.98577055743035
-89.57106801680877,47.985733370780295
-89.57117333663795,47.9857195737595
-89.57138347804958,47.98568750321988
-89.5714829415185,47.98566340599699
-89.57165568753562,47.985577843015236
-89.57175124015019,47.98554556605011
-89.57194800240404,47.98548787553294
-89.57204816122537,47.9854626273233
-89.57215209955967,47.985444364438614
-89.57235465990935,47.985393917450374
-89.57245412216622,47.9853650162324
-89.57254621071097,47.9853302060357
-89.57261911026728,47.985280790839674
-89.57267392551977,47.9852168091139
-89.57280459886033,47.98510064341733
-89.57287606023891,47.98504677469398
-89.572958033743,47.98500262238685
-89.57305087583225,47.98496820483643
-89.5735500101869,47.984832653247516
-89.57365140481605,47.98480962719767
-89.57396361790835,47.98475817839558
-89.57406586034358,47.984737067811416
-89.57426283108245,47.98468030188042
-89.57464907642141,47.984554953953214
-89.57474730689049,47.98452529457231
-89.57484736977351,47.98450014749744
-89.57495050989897,47.984483096260696
-89.5750567919322,47.984473842519954
-89.57580559318775,47.98443704753214
-89.57601889673947,47.9844235100701
-89.57623134299497,47.98440484316412
-89.5765464182051,47.98436235352683
-89.57717278410523,47.984265528947375
-89.57738270231658,47.98423619257645
-89.57748510709091,47.98421562048508
-89.57768560335424,47.984164433118806
-89.57778788244534,47.984143314390046
-89.57810332486464,47.98409813681895
-89.57820206559862,47.984072598885554
-89.5782951426562,47.98403771218959
-89.57865716954446,47.98388166753753
-89.57875353509318,47.98385058138754
-89.57885367519019,47.98382466235775
-89.57905824004457,47.98378185227331
-89.57915777713522,47.983755064815846
-89.5792540281557,47.983723444492725
-89.57943113113828,47.983642556389896
-89.5795226106061,47.98360509957234
-89.57961610604688,47.98356996243744
-89.57980928168838,47.98350775672482
-89.58020624709839,47.983399484660154
-89.58081395918794,47.98325787368219
-89.58091651223565,47.983238171468514
-89.58102259558065,47.98322886789883
-89.58134436475237,47.98321947853234
-89.58145137226843,47.98321977144494
-89.58166383400501,47.98323811332089
-89.58177064850237,47.983242264485334
-89.58230680183364,47.98325177552722
-89.58241319776339,47.98324796578339
-89.58251937989263,47.98323476412432
-89.5826201378882,47.983210492971345
-89.58281162680905,47.98314504057147
-89.58290348782576,47.98310743527186
-89.58299053508169,47.98306637404853
-89.58313518904362,47.98295970976592
-89.58328880925568,47.98285953951688
-89.58342458003669,47.98274771953528
-89.58348706631696,47.982689321755196
-89.58354125078206,47.98262783309016
-89.58361700323348,47.98249279852531
-89.58373936821626,47.982216155527425
-89.58376401885238,47.98214629999078
-89.58377688525445,47.982075861242414
-89.58375904633573,47.98200372818179
-89.58376204748724,47.98193320443811
-89.58387366824643,47.9817280201225
-89.58388302726796,47.98165915101607
-89.58384459144081,47.98159062640766
-89.58382314810994,47.98151990887727
-89.58381556575958,47.9814394088453
-89.58382302953281,47.98136309346719
-89.58386608862509,47.98131083074819
-89.58395575983944,47.98129051944816
-89.58419042287606,47.98128469906439
-89.58440618906985,47.98125042603079
-89.58451170755541,47.98123759097086
-89.58460951689953,47.98124418377472
-89.58477120926536,47.98134374583873
-89.584869261149,47.98137112940982
-89.58497255278947,47.98139284435658
-89.58507826498277,47.98140891760029
-89.5851837878538,47.98141888345792
-89.58550508497109,47.98140609714675
-89.58593065333946,47.981439752613944
-89.58614536345593,47.98144363254881
-89.58625233179421,47.98144072634582
-89.58635868118367,47.98143230729234
-89.58646326526,47.98141454589246
-89.5865605400288,47.98138598149
-89.58674320501761,47.9813098056717
-89.58702504093695,47.9812060830635
-89.58712313684966,47.98117752464583
-89.587356807955,47.98111938997222
-89.58765091310175,47.98103197599262
-89.58775140489037,47.981007658557175
-89.5879599011725,47.980973831757574
-89.58806262303808,47.98095369270496
-89.58836237349558,47.98087580107597
-89.58865818860527,47.980790438430766
-89.58875904791758,47.98076755727642
-89.58897157801154,47.98074776569342
-89.58950159142888,47.98068305966855
-89.58960623316665,47.98068600857313
-89.58970793356322,47.98070795892273
-89.58980804955459,47.980737875293876
-89.58990108491811,47.98077517624342
-89.58998122517546,47.980820559936156
-89.59017609602003,47.98099397771922
-89.59025142212056,47.9810448934484
-89.59048934505194,47.981190319431484
-89.59056341239172,47.98124355491721
-89.5906440335726,47.981290033918384
-89.59073753748193,47.98132366720818
-89.59083616199965,47.98135228307015
-89.59103837577892,47.98140206930661
-89.59134731116062,47.98146166871952
-89.59153885030909,47.98152598689717
-89.59174507916984,47.98156925013424
-89.59185000843522,47.981582477228635
-89.59195669670541,47.981586297274625
-89.59206644294333,47.981582014757606
-89.59217220460432,47.98156737785422
-89.59226629903084,47.9815380537464
-89.59242837044137,47.981439704341575
-89.5925192206005,47.98140410923649
-89.59262140775591,47.98138480340602
-89.59283406991342,47.98135680211666
-89.59293223510547,47.98132711937739
-89.59302676036756,47.98129239441589
-89.59313059817711,47.981290339794015
-89.5932387345392,47.98130287709647
-89.59334264168226,47.98129167302486
-89.59354325107239,47.98123840919205
-89.59383310909756,47.981141005908526
-89.59393426489433,47.98112347182177
-89.5940423307521,47.981121824863045
-89.59415131971842,47.98112930201295
-89.5942540309927,47.981147736816034
-89.59434678136998,47.98118175658306
-89.5945237943294,47.9812667469858
-89.59462242491384,47.98129074202967
-89.59473287869214,47.98129322223271
-89.59483038679096,47.9813169450187
-89.59491264666417,47.98136593773902
-89.59496865919071,47.98142655321788
-89.59504350340764,47.981563954014916
-89.59510515021266,47.981619876478035
-89.59518807315877,47.98166536215137
-89.59528109989489,47.981704394662124
-89.5954711170279,47.98177133491684
-89.59577095370997,47.981851280571135
-89.59587484651556,47.98186962237319
-89.59598084529001,47.981874636774805
-89.59608835061826,47.981873821826866
-89.59619591784994,47.98186843269383
-89.59640786600619,47.98184626710588
-89.59661593067398,47.98180960271981
-89.59671489243397,47.98178383846978
-89.59680538307288,47.98174442655714
-89.59688825132909,47.981698467125796
-89.59719436331245,47.98149588165929
-89.59727467827564,47.98144857447432
-89.59737067023563,47.981418252156935
-89.5975762941707,47.98137236796936
-89.59766551963595,47.98133518460584
-89.59774379076008,47.981286775572194
-89.59789245156554,47.98118109774776
-89.59797451484653,47.98113502186727
-89.598156026987,47.981057014286286
-89.59824246484884,47.98101517667334
-89.59832221855348,47.980964863812815
-89.59838660877625,47.980905248976875
-89.59840746176387,47.98083789890359
-89.59837569458091,47.98068846073193
-89.59838641770995,47.98062125187718
-89.59844492361312,47.980566379224584
-89.59853240317454,47.980519481248656
-89.59879713197081,47.980390967457375
-89.59896465949146,47.98030099151915
-89.59904308205799,47.9802521920705
-89.59917565790292,47.98013841950245
-89.59926161717365,47.98009683950333
-89.59935480084702,47.980060164237095
-89.59945230459296,47.9800285604858
-89.59955196207966,47.98000289548775
-89.59965641605518,47.979987563791866
-89.59986902370592,47.97996407886148
-89.59996709029393,47.97993735869327
-89.6003241951034,47.979777038983435
-89.60070444139782,47.97964207885615
-89.60080210353263,47.97961375406848
-89.60090440450604,47.97959397787198
-89.60101046966534,47.97958027613439
-89.60111798182189,47.979572422592085
-89.60122464951868,47.97957038626713
-89.60133074475385,47.9795768351806
-89.60154206233611,47.97960569095862
-89.6017472412985,47.9796482908477
-89.60185263734937,47.97964548476435
-89.60216984856511,47.97960125984415
-89.60239284628948,47.9796076566463
-89.60250243447457,47.97962014971937
-89.60259431242883,47.97964629990031
-89.60264855935436,47.97969933385419
-89.60267336110431,47.97977553275759
-89.60270968221916,47.97984626896261
-89.6027946766713,47.97989105601608
-89.6029071595737,47.97992287745125
-89.60299099611255,47.9799606016008
-89.60300363484917,47.98001764067524
-89.60296868856229,47.98008609680016
-89.60291817167679,47.9801590440515
-89.60284555891909,47.980303282454805
-89.60281425178276,47.980376415550104
-89.60280965541526,47.980444276279016
-89.60284888327233,47.98050291811054
-89.60292164725895,47.980555028848755
-89.60309654402359,47.98065209373551
-89.60325420820882,47.98074961210758
-89.60341667988348,47.98084336965527
-89.60350233699114,47.980886450969955
-89.60376947611263,47.98100765888277
-89.60386119468735,47.98104451341533
-89.6039578779788,47.981074371683206
-89.60405822697155,47.981099308164396
-89.60436687593412,47.98116150455506
-89.60457467625692,47.98119721864748
-89.60489405342625,47.98123543402178
-89.60500048716942,47.981240057982625
-89.60510288974552,47.981230424988816
-89.6051986555978,47.98119495407449
-89.6052891546059,47.981155186740985
-89.60555041213476,47.98102918268818
-89.60564257522523,47.98099207994546
-89.60574131031923,47.980963187541676
-89.60584536902323,47.98094934517165
-89.60605990710872,47.980938467134955
-89.60616603944018,47.980928915663796
-89.60647544584154,47.98087032347607
-89.60658122264891,47.98085932472893
-89.60668841470893,47.980855229639694
-89.60690394460944,47.98086340779643
-89.60700988997769,47.980860525964324
-89.60711388415311,47.98084535526931
-89.60721679473946,47.98082338337212
-89.60731705462429,47.98079620226319
-89.60741284094098,47.98076473766388
-89.60767768311167,47.9806418246644
-89.60786900502133,47.98057372451393
-89.60795995266977,47.98053631382196
-89.60804033249102,47.980490292810416
-89.60811476802493,47.98043680456334
-89.6081817707298,47.98037838607843
-89.60823785207111,47.98031714884661
-89.60826823574328,47.980252265937594
-89.60825457529718,47.98017804445197
-89.60826699834571,47.980106369658515
-89.60828975091084,47.98003582444737
-89.60826568833245,47.979959282060584
-89.60823642616485,47.97988747282434
-89.60829613099222,47.97985108325361
-89.60840375683165,47.979833428849794
-89.60852352353314,47.979824788245914
-89.60863121301038,47.97982284572827
-89.60873813061625,47.979833590786114
-89.60884517925817,47.9798368419272
-89.60905960588265,47.979833670109215
-89.60916615525396,47.97982733770688
-89.60960244212754,47.97978070384205
-89.60969968543176,47.979787443672826
-89.6097148101802,47.97985003293398
-89.60968782436426,47.97992930729392
-89.60964330144257,47.979995240885295
-89.60958935588577,47.98005963012495
-89.60954872381862,47.98012494132139
-89.60955000122156,47.98019375429845
-89.60958907565367,47.98028120134526
-89.60966111934921,47.980334732722206
-89.60973788592149,47.9803846188312
-89.61000118457677,47.98050880808117
-89.61016454132243,47.98060208357464
-89.61024128771072,47.98065315154805
-89.61031135383074,47.980707563894406
-89.61037186603245,47.98076611562497
-89.6104236471762,47.980829461180306
-89.61046766636191,47.98089589705577
-89.61050461627516,47.98096344063369
-89.61052406840008,47.98110708188898
-89.61058564250118,47.98116410570091
-89.61066601461854,47.981215806741154
-89.61073934591985,47.98126955136972
-89.61078242155227,47.981332023556334
-89.61080003887578,47.98140208357678
-89.61081720512172,47.981765037377286
-89.61081156035118,47.98190878200306
-89.61080321333951,47.98198054144779
-89.61078508652801,47.98205280108277
-89.61078619167607,47.98212339225936
-89.61081225109638,47.9821927361084
-89.6108473432655,47.982261483677256
-89.6108896214158,47.98232834230152
-89.61093923181927,47.98239157280796
-89.6110711090072,47.98250589580348
-89.61112504464626,47.982567606954134
-89.61120212994204,47.982702755128486
-89.61124755640567,47.98276748112528
-89.61130751424588,47.9828263361
-89.61151677592814,47.982991074290446
-89.61170641558384,47.98316541094492
-89.61177553834919,47.9832200860068
-89.61216781868362,47.983465215729225
-89.6122373432643,47.983519763690396
-89.612301166229,47.98357775925774
-89.61242186357576,47.983696950430634
-89.61249640066225,47.983747829325075
-89.61275455570244,47.98387773517104
-89.61282339511338,47.98393175919282
-89.61288052208423,47.9839933504501
-89.6129506864455,47.98404741575606
-89.61303116156127,47.984095476277076
-89.61311891797675,47.984136192997745
-89.61350616291892,47.98426081035906
-89.61370574588554,47.984312205868356
-89.61380893238777,47.98433159771353
-89.61401876069591,47.98436199039378
-89.61423725915351,47.98437427609352
-89.61434027039442,47.984387357302104
-89.61442401668852,47.984425045035564
-89.614490221407,47.98448529758456
-89.61456766103109,47.98453555841022
-89.61465309411743,47.98457930627909
-89.61474286772255,47.98461869132837
-89.61502972730628,47.984716192330964
-89.61512091420983,47.98475383768824
-89.61529265282927,47.98484166918776
-89.61538643528144,47.98487485174572
-89.6155037940262,47.984890701075294
-89.61562232003915,47.98490133618339
-89.61570637191161,47.9849236077708
-89.61571447647209,47.984980044120555
-89.61565574759742,47.9850567883784
-89.6155768811958,47.98510208951838
-89.61546502070475,47.98511453036813
-89.61537209704335,47.985147939211814
-89.61529245955086,47.98519554352047
-89.61506617562551,47.98535231014881
-89.6149851588295,47.98539781548726
-89.61488503242362,47.985421513031476
-89.61478000513681,47.985440193236755
-89.61468486637743,47.98547230129897
-89.61459491287155,47.98551196003022
-89.6145009737449,47.985546562362856
-89.61420733414855,47.985635403745675
-89.61410739685934,47.98566152484709
-89.61400567972206,47.985682697223844
-89.61389878364054,47.98569395030441
-89.61379199229047,47.98569074695522
-89.61347867224326,47.98563647313443
-89.61337466952315,47.985634640009415
-89.6132712162954,47.9856576364908
-89.61317254942026,47.985687143302385
-89.61307898832018,47.98572277837039
-89.61299258694831,47.98576496815569
-89.61291300758619,47.98581339327577
-89.61273505556018,47.98589627531852
-89.61267546145326,47.98595366779955
-89.61260276846436,47.986094920773624
-89.61253960457552,47.986146263332046
-89.61244268315123,47.986172944137536
-89.61233176959671,47.98618971396014
-89.61222904578895,47.986214079314465
-89.61215001744974,47.98625857831666
-89.61208465567445,47.986315479364194
-89.61178871884283,47.98661898880697
-89.6117390116229,47.98668352949974
-89.61170316146664,47.98675498999103
-89.61163301901696,47.98680159971026
-89.61153431296928,47.98682701971825
-89.61142687686204,47.986846373308936
-89.61132419690065,47.986871021275675
-89.61123806366976,47.986911441274145
-89.61109050301312,47.98701820650602
-89.61100490065024,47.98706009106962
-89.61090990517383,47.98709282374996
-89.61071277665548,47.98715151232852
-89.61032829692226,47.987278427146165
-89.60992969800733,47.98738561282185
-89.60983615956607,47.98741965457698
-89.6095816777024,47.98755213683096
-89.60948667030296,47.98758442382217
-89.60938494598554,47.98760867818683
-89.60929773124677,47.98764922883665
-89.60921528997568,47.987695282623555
-89.60905710127302,47.98779313287857
-89.60891115415761,47.98789860834874
-89.60882916641457,47.987944613921485
-89.6085732577912,47.9880754158935
-89.60832970804913,47.9882165941256
-89.60824333457298,47.98825868709467
-89.60815227659144,47.98829647740492
-89.60796312156066,47.988364773564605
-89.60776747169125,47.98842333873106
-89.60756742222519,47.98847493143192
-89.60705520409098,47.98858144272469
-89.60695370830055,47.98860520087935
-89.60685606166712,47.988633965088475
-89.6067621517429,47.98866862176668
-89.60667093000372,47.98870752679395
-89.60658487129447,47.9887508795297
-89.60642765458167,47.98885079435576
-89.60635579485466,47.98890661894289
-89.60629715273241,47.98896626329496
-89.60625935306246,47.989030511879555
-89.60624535526172,47.989101814847636
-89.60625392262763,47.98924884592783
-89.60626631459165,47.98932046704463
-89.60628651852079,47.989391745570146
-89.60631492966728,47.989461273323975
-89.60635444760527,47.9895274149704
-89.60646387774473,47.9896521706543
-89.60650830790931,47.98971708889416
-89.60652768600944,47.98978811643576
-89.6065549537062,47.98985751199152
-89.6066851850651,47.990054899865
-89.6068882115005,47.990540233712466
-89.606921832995,47.99060847891198
-89.6069677024526,47.990672589063664
-89.60709484096176,47.99078903648388
-89.60713520812645,47.990855148460696
-89.60720031332978,47.99099279048261
-89.6072395695044,47.99105965246623
-89.60733172190268,47.99118959063051
-89.60737240096503,47.99125622807746
-89.60742049149641,47.991320342269795
-89.60758473447342,47.991505899440135
-89.60766692554915,47.991638693906204
-89.60776188255636,47.991768159557246
-89.60781587339976,47.99183003996776
-89.60788390886874,47.991885138250865
-89.6079602218405,47.991936329363654
-89.60801918347344,47.99199571048493
-89.60806643918727,47.99206067112621
-89.60812368578469,47.99212134537975
-89.60831358215744,47.99229553319699
-89.60844871810474,47.992407158624324
-89.60859571855943,47.99254705291563
-89.60874410798743,47.99265082464736
-89.6089000353243,47.99274957859789
-89.60897408599178,47.99280146770976
-89.6091845113754,47.99296462948734
-89.60931504143197,47.993078701576934
-89.6094712064199,47.99317715937608
-89.60960208131999,47.99329101885438
-89.60971593026164,47.993367057260365
-89.60987387541496,47.99346450168074
-89.61011961556872,47.993603759146545
-89.61019277820199,47.99365605154068
-89.61032742264192,47.993768490449256
-89.61039976029298,47.993821260687994
-89.61048127855118,47.99386774024536
-89.61061029294224,47.9939328308112
-89.61069062792677,47.993980124531774
-89.6107610010575,47.99403440316649
-89.61086005139889,47.99412028291186
-89.61093244877122,47.99417274412275
-89.6110158190804,47.994216983979875
-89.61128664399789,47.99433446573068
-89.6115334558023,47.99447275081175
-89.61161896118494,47.9945161106149
-89.6117079342196,47.994556255360884
-89.61189651431009,47.99462496790484
-89.61193605970803,47.994648550955155
-89.61204034671138,47.9947315748544
-89.61216926854688,47.99479506265622
-89.61244465078686,47.994907357994954
-89.61263402564903,47.994974898207865
-89.6126774931973,47.994995586505226
-89.61284106889048,47.99508868550006
-89.61310751789343,47.99520945454368
-89.613608514081,47.99541774678975
-89.61389418630371,47.99551690496462
-89.61398678149423,47.99555287892498
-89.61438482255349,47.995735917535725
-89.61447565423656,47.99577398867703
-89.61471747966198,47.99585112967011
-89.61506613747572,47.99594360638906
-89.6153923485688,47.99606852477517
-89.61553506069792,47.99611808329368
-89.6156339408761,47.99614497214351
-89.6159421303839,47.99620709676883
-89.61609055675379,47.99624885000406
-89.61619370921302,47.996267734841034
-89.61650861876981,47.996311949301344
-89.6167752047244,47.99632889334229
-89.61703550724583,47.996375424101274
-89.61714048460023,47.99638333711812
-89.61724673126743,47.99637919429182
-89.61767286877809,47.99633659879158
-89.61777308545763,47.9963124834821
-89.61796716876982,47.99625004343891
-89.61806752816004,47.996225760697094
-89.61838326587667,47.996183781173094
-89.61848579306152,47.99616353451476
-89.61908825419702,47.99601230657322
-89.61924106468462,47.99597902830636
-89.61960185688937,47.99591036845484
-89.62025732962233,47.995751778201395
-89.62040586494841,47.9957109954697
-89.62069069773797,47.99561047948447
-89.62079150592207,47.995587191900945
-89.6210006510574,47.99555377586946
-89.62110353671116,47.99553386691423
-89.62120244768028,47.995506661191406
-89.62144577977466,47.99543103376667
-89.62175296139273,47.995366936415294
-89.62189666820589,47.99531949556386
-89.62226873855373,47.995175463217954
-89.62236402008753,47.99514284095538
-89.62271683330364,47.99505786776221
-89.62290176097144,47.994985052775355
-89.62348366581276,47.99480149054224
-89.62376623179735,47.99469834243245
-89.62399068322831,47.99459934753989
-89.62411761270542,47.99453261670797
-89.62419192010947,47.994481870790004
-89.62422476658149,47.994453808634844
-89.62436858784663,47.994300992433175
-89.62452047857256,47.994149850765766
-89.62456929862292,47.9940870019106
-89.62458666589148,47.99405429925083
-89.624594240031,47.99401940383068
-89.62459350800636,47.993982900705795
-89.62457143832705,47.99387402432167
-89.62444510752591,47.99352265549087
-89.62442947940507,47.99345202170726
-89.62442923749836,47.99341683145903
-89.62443465788196,47.99338164065353
-89.62445775842498,47.99331131194166
-89.6245474147033,47.99310105681218
-89.62458141944474,47.99303227628214
-89.62463104693684,47.99297036823519
-89.62466409864452,47.99294309429746
-89.62486587315048,47.992822217836135
-89.62512387839655,47.992639346399706
-89.62509519522398,47.992643362090966
-89.62523140927568,47.992562046587274
-89.62530339689675,47.99250937900131
-89.62536318133483,47.99244973421954
-89.62554123836452,47.992248482724165
-89.62573487336806,47.99208769082654
-89.62588282267188,47.99196273790532
-89.62596260521605,47.99191629642983
-89.62605565570925,47.991879940294645
-89.62615385402196,47.99184971662982
-89.62636307261303,47.99181084685126
-89.62643087896511,47.991761116648036
-89.62647753636901,47.9916930327707
-89.62654426291685,47.9916366412729
-89.62662661994115,47.99159041136273
-89.62690435185716,47.99148161649077
-89.626993270131,47.99144158109251
-89.62707829579215,47.991397684157945
-89.62723650682065,47.99129748304538
-89.6273226517013,47.99125791649122
-89.62742391217736,47.99123970570762
-89.62753252669049,47.99123176020047
-89.6277453493106,47.99120632742828
-89.62784999289829,47.991189659748734
-89.6279499370058,47.99116552958195
-89.628043845096,47.99113162454597
-89.62840205458163,47.990972006347555
-89.62848478194567,47.99092636221714
-89.62856331161224,47.99087689004511
-89.6286330943962,47.99082254273054
-89.62874212428693,47.99069592417071
-89.62880012537302,47.99063606302421
-89.62887690386702,47.9905904932149
-89.629079374097,47.99053660315804
-89.62917073636491,47.99049896234673
-89.62925822650449,47.99045706443214
-89.6293389034247,47.99041015313112
-89.62941056108212,47.990356273421106
-89.6294923745913,47.99031017416603
-89.62966724948872,47.990226747633834
-89.62993506262862,47.990107455742034
-89.63019229026688,47.989978059826306
-89.63052877235582,47.98979993571551
-89.6307948525271,47.98967884384235
-89.63105236933934,47.98954970337024
-89.63131633798388,47.98942599784037
-89.631499858135,47.98935232569519
-89.63159685701942,47.98932220692923
-89.63189895262173,47.98924728729828
-89.63210329302517,47.98920363140024
-89.6322017222428,47.989174423114385
-89.63229790820917,47.9891407979484
-89.63238365766432,47.989098692385106
-89.63245705930467,47.98904744728462
-89.63279131281543,47.98876370067745
-89.6328710387696,47.98871708445136
-89.6329610079954,47.98867844006417
-89.63305640193143,47.988644453815986
-89.63325095448704,47.98858315649401
-89.63345132403914,47.98853146350342
-89.6335541170377,47.98851195304993
-89.63387072457763,47.9884725777216
-89.63397306634226,47.988452252551866
-89.63407348683906,47.98842730411782
-89.63436775805879,47.98833973871815
-89.63475009779067,47.98820975972639
-89.63562895756328,47.9879434154041
-89.63601379961628,47.98781676358251
-89.63660977432829,47.98765510908417
-89.63689592222933,47.987556969486945
-89.63737885281716,47.98740137772566
-89.63766154536451,47.98729854701842
-89.63775857905809,47.98726827232918
-89.63805770593555,47.987188896791714
-89.63815513781441,47.98715918909124
-89.63862738625032,47.98698938528851
-89.63901052527756,47.98686034522595
-89.63919557418858,47.98678811713346
-89.6394657100247,47.98667100066803
-89.63965237525102,47.98659764290917
-89.639742384271,47.98655851342279
-89.63982292409771,47.9865126626613
-89.63989224517907,47.9864589317379
-89.64007586677782,47.986280138501996
-89.64035074902834,47.98605945101937
-89.64054235239634,47.98588611233731
-89.64061216059125,47.985831706747106
-89.64083509873394,47.985676159642765
-89.64104778166245,47.98551433674298
-89.64112232153317,47.98546271872287
-89.64136178953422,47.98531730113485
-89.64143494619985,47.985265483442056
-89.64149824558524,47.98520830505374
-89.64155078168949,47.98514529041774
-89.6416819530145,47.98494582527477
-89.64171997650644,47.984877464860844
-89.64174747552492,47.98480869950521
-89.64174853446464,47.98473978017216
-89.64171121209773,47.9846698423093
-89.64169725971992,47.98459832087414
-89.64170568470271,47.984524603738
-89.64174703208478,47.98446054337334
-89.64181021411727,47.98440331949123
-89.64203017919044,47.98424291957533
-89.64241416306886,47.983991933809286
-89.64248724457845,47.98393948557842
-89.64282779480256,47.98366188446985
-89.64312778141998,47.98345635085498
-89.6431947267742,47.98340038236699
-89.64338199410535,47.98322475485445
-89.6434526089602,47.98317088675739
-89.64375466208362,47.98296657176487
-89.64449542946312,47.98244701274122
-89.64485351977943,47.98217957886456
-89.64521683544024,47.98191534834231
-89.64550049594212,47.98169971369569
-89.64572222390977,47.981543495739295
-89.64618850643366,47.981246000419674
-89.64626060292308,47.98118749531573
-89.64634380264697,47.98114969373971
-89.64644767488831,47.981151541821355
-89.64655862057083,47.981164140305324
-89.64666676988956,47.98116024849768
-89.64677182147977,47.981142487408654
-89.64686029190348,47.981104981388945
-89.64694094286398,47.98105728866688
-89.64709435416141,47.980954997909045
-89.64724024087968,47.98084956735597
-89.64755013647996,47.980650880747206
-89.64769966546184,47.9805479267502
-89.64791771247434,47.9803893671314
-89.64812972871282,47.980227220489255
-89.64864176650184,47.979859432075244
-89.6489252643796,47.97964370502807
-89.64914448630692,47.979484641298825
-89.64921086695132,47.97942871555044
-89.6492676424506,47.97936841895117
-89.64931475044851,47.97930351503033
-89.64938928327524,47.9791680927424
-89.64941249819873,47.979097946944755
-89.64946223592506,47.978884318658594
-89.64948756504778,47.97874153107553
-89.64949835086928,47.9785977415051
-89.6494970709582,47.97852587747376
-89.64946816454629,47.97831094482155
-89.64943991125855,47.97816815861645
-89.64942030954225,47.978097506017065
-89.64939367613658,47.97802801352283
-89.6492979115452,47.97782189714165
-89.64925325466581,47.97768092705561
-89.64921477972808,47.97761433856345
-89.64911427102693,47.9774868444854
-89.64892623900862,47.977077917878006
-89.64881844557375,47.97687464294141
-89.64865027939958,47.97653322028809
-89.64849889622351,47.97618829758269
-89.64832546096636,47.975848059418716
-89.64822724984312,47.97564235255039
-89.64817445266634,47.975503355062926
-89.64816669015664,47.97543136820911
-89.64814923388667,47.97536053077128
-89.64802178448468,47.97501116668454
-89.64793416816258,47.97472955454244
-89.64787080932872,47.97444503279969
-89.64783073234014,47.97408645449795
-89.64780748057156,47.973943499479056
-89.64777308327719,47.97380148171243
-89.64773117036883,47.973659756798085
-89.64772231278143,47.973588643364714
-89.64772719199495,47.973517066158465
-89.64774019472598,47.973445335379566
-89.64777482796602,47.97330307151299
-89.64782500881903,47.97316316164236
-89.64792376208345,47.972957677910514
-89.64794340178925,47.972887203793775
-89.64795717538102,47.97274336659167
-89.64794782160818,47.972599576127614
-89.64792379260786,47.97245658411749
-89.64788571518278,47.972315097911704
-89.647725699511,47.97189707652768
-89.64766891316224,47.97168464098739
-89.64763956654718,47.9716156497562
-89.64756753296226,47.971479989016785
-89.64746806326136,47.9712746920295
-89.64743077773902,47.97120736593039
-89.64734414336944,47.9710757965669
-89.64724760394111,47.970947350185035
-89.64708965912801,47.970759391168805
-89.64691537001211,47.97049659726034
-89.64676924334911,47.97030434795997
-89.64666087440914,47.970180386741994
-89.64625261053915,47.96975802136423
-89.64608812785535,47.969572713025784
-89.6458250785983,47.96925945401273
-89.64562003875166,47.96900685301491
-89.64507172653528,47.968306603524674
-89.64501664901611,47.968245001637264
-89.6448393989525,47.96806488553611
-89.64478529740266,47.968002874227345
-89.64448049979929,47.96762293723091
-89.64399419852494,47.96706404533975
-89.64369717663716,47.96668140386501
-89.64348621064869,47.96643099227787
-89.64321138003677,47.966040944594596
-89.64305786155435,47.96585133857776
-89.64296197576637,47.96572282899341
-89.64279036245979,47.965459176565304
-89.64265091102645,47.96526444388532
-89.64256613548801,47.96513260345962
-89.6425015451268,47.96499572043397
-89.64241709660809,47.96478721275203
-89.64222660563378,47.96437506105163
-89.64202131447722,47.963966020841156
-89.64187338079464,47.96369612028332
-89.6417034906489,47.96343207549895
-89.64152281087608,47.96317111166942
-89.64133553172967,47.9629122446383
-89.64124891637839,47.962780820498814
-89.64113421039991,47.96257932714364
-89.64088702935072,47.96210389905932
-89.6407732816073,47.96190208312671
-89.6406512303645,47.961702515163914
-89.64046837315442,47.96144216518702
-89.64039506705248,47.96130720001222
-89.64033713859718,47.96116842966192
-89.64029395164545,47.96102774012079
-89.6402176898242,47.96059910018999
-89.64014358449593,47.9603890781403
-89.64013672968068,47.9603173655973
-89.64013743368004,47.96024495927557
-89.64012762681956,47.96017374813059
-89.64010110778683,47.96010439387564
-89.63986929905495,47.95962352869002
-89.63986297865486,47.95955371987455
-89.63988541764378,47.95948284279432
-89.63991735090353,47.959413130711916
-89.63996636449231,47.9593465911182
-89.63998774552023,47.95927962647237
-89.63992154102868,47.95914135058371
-89.63977119554804,47.95872179297589
-89.63965654616197,47.95844460101557
-89.63958760379079,47.958308331508476
-89.63954301945833,47.95824266722945
-89.63948949694527,47.95817925029647
-89.63946234952434,47.95811142056779
-89.63945762065391,47.95789487433059
-89.63944258577585,47.95782385717789
-89.63934006857242,47.957470669610515
-89.63930769331846,47.9573282685793
-89.6392969113241,47.95725675789681
-89.63929479511803,47.95718503835299
-89.63931305301841,47.95682373555352
-89.6393127967915,47.95675106376793
-89.63930267190715,47.95668057952553
-89.63926654237709,47.956615595950865
-89.63919556360263,47.95655863510819
-89.63904293079979,47.95645749623347
-89.63889557318485,47.9563507067256
-89.63883179759759,47.956293598166106
-89.63878710834064,47.956230150744425
-89.63876324450104,47.956159555207925
-89.6387064516866,47.95594591817089
-89.63866408272024,47.9557318859038
-89.63863394644503,47.9556630445716
-89.6385561887182,47.9555280693952
-89.63852958355419,47.95545914489526
-89.63852386307472,47.95538782701011
-89.63852810990639,47.95531529144534
-89.63852539333033,47.955243217663984
-89.63848759280391,47.95502891235984
-89.6384657801268,47.95481364443599
-89.63845200961582,47.95474146385887
-89.63842506134914,47.95466750127914
-89.6384081788592,47.95459588351425
-89.63842713859955,47.95453132152832
-89.63848778462341,47.95447505653499
-89.63864789825561,47.9543703513595
-89.63885430724675,47.95431712405994
-89.63893947092754,47.954281832694946
-89.63894727042002,47.95421397165854
-89.63897269287932,47.95414543151394
-89.63901477536216,47.954080201712365
-89.6390274472838,47.95400688112067
-89.6390684987166,47.95394483326588
-89.63915477970488,47.953900418776776
-89.63917686900862,47.95382878645197
-89.63919028001293,47.953754135382695
-89.63923994416064,47.953698792409845
-89.6394481496796,47.95364383417501
-89.63955437658221,47.953606139855765
-89.63963188724811,47.95362727741368
-89.63968842540349,47.95368609761993
-89.63974058277306,47.95375613056206
-89.63980154443499,47.95381951244343
-89.63988544429681,47.95386026975263
-89.64009532469247,47.95390732084746
-89.64017573066255,47.95394934912387
-89.64023156587827,47.95400943413145
-89.64027816466998,47.954076682107775
-89.64033041863944,47.954140926456866
-89.6404000518529,47.95419470782277
-89.64056073281479,47.95429085952107
-89.64070996378308,47.95439401864825
-89.64113888416706,47.95471654963947
-89.64121764536452,47.95476429469848
-89.64130566012203,47.95480415526165
-89.64149616838621,47.95487172239827
-89.6415884072149,47.95490840484454
-89.64167467998618,47.95495103866283
-89.64175609560847,47.95499810616406
-89.64183245639114,47.95504838154708
-89.64190261316554,47.95510296005133
-89.64196591683782,47.955160984091656
-89.64207330901849,47.955286310093854
-89.64213456136461,47.955344714059514
-89.64220790201817,47.95539643289102
-89.6424491150413,47.955539946380426
-89.64252368823009,47.9555916430371
-89.64272441041662,47.95576416742576
-89.64279974753265,47.95581335877006
-89.64288684743742,47.9558515159022
-89.64298377252867,47.955880089408645
-89.64329365830267,47.95594823506293
-89.64339015910954,47.95597852206508
-89.64347744967691,47.95602013423896
-89.64363309284525,47.956119766521745
-89.64397345021044,47.956398420483666
-89.64403135909483,47.95645844111365
-89.64407645814887,47.95652491927214
-89.64415264153565,47.95666401139925
-89.64420157026076,47.95672619446143
-89.644269495078,47.95677644693843
-89.64435814466428,47.95681298309173
-89.64456295497361,47.95686852903578
-89.64466070285131,47.95690043799488
-89.64484429005898,47.95697514299172
-89.64493254209567,47.95701593972252
-89.64501628145838,47.95706025323022
-89.64516622053772,47.95716328429493
-89.64524474630797,47.957212131977684
-89.6454113894165,47.95730255406814
-89.64581085998928,47.957541909496065
-89.64664816831916,47.95799044704888
-89.64690847042019,47.95811669548727
-89.64746176914394,47.95833608816324
-89.64763851052335,47.95841767147497
-89.64780065447073,47.95851130478792
-89.64795255557213,47.9586128492891
-89.64809966472637,47.95871751749878
-89.64831010225909,47.95888061780725
-89.64853006776478,47.95903844070103
-89.64860758495631,47.95908800726828
-89.64868966616757,47.95913380137534
-89.6488612174559,47.95922056667603
-89.64904203471815,47.95929829109337
-89.64913642752082,47.95933197300368
-89.64971538079904,47.95951828794734
-89.65059782532151,47.95977977199494
-89.6506969618039,47.95980682466064
-89.65100145783019,47.95987626627305
-89.65119714309967,47.959934718392155
-89.65129060010861,47.95997014402165
-89.65137983076778,47.960009640635334
-89.65155160306776,47.96009598010639
-89.651713265901,47.96019037052003
-89.65186339047756,47.96029382499979
-89.65192996044466,47.96034965384066
-89.65198336146223,47.96041174878524
-89.65210666385292,47.960611811900115
-89.65217215066293,47.96074856919232
-89.65220953634851,47.96089035024012
-89.65226388378392,47.961031926877254
-89.65231043694,47.961094638018025
-89.65238104665319,47.961148028888466
-89.65246698598673,47.961193872966966
-89.65255766420827,47.96123241846427
-89.65265553509722,47.961262918648984
-89.65275859712165,47.961284729010934
-89.65286757470044,47.96129096722294
-89.65298029570573,47.96128447313452
-89.65305701900493,47.9613164079016
-89.65306391118739,47.96139234356282
-89.65298723842677,47.961446150109595
-89.65297068464264,47.96151459065495
-89.65296853077116,47.96158332246185
-89.65287618362393,47.961623740268585
-89.65266518811453,47.961632534554816
-89.65260523984037,47.96168896907012
-89.65260094873025,47.961835022538835
-89.65258912054719,47.9619061435069
-89.65255405085189,47.96197453331463
-89.65253835216959,47.96204948481926
-89.65254963497095,47.962120244941616
-89.6526140768237,47.96217250079602
-89.65269259453005,47.962220024331
-89.65295109771424,47.96235640679594
-89.65302448470044,47.96241098955321
-89.65303250916645,47.962480496381374
-89.65294749624428,47.96252048436959
-89.65284246149163,47.96253959537789
-89.65273587963593,47.962544251739445
-89.65264165506485,47.9625810900479
-89.65253953327698,47.962567442333814
-89.65245433504717,47.9626070530436
-89.65239734768659,47.96274631831893
-89.65229619595185,47.9629516803082
-89.65225189295313,47.963016667139605
-89.65211767707878,47.96313094238897
-89.65209682911579,47.963199271158956
-89.65211362353558,47.96327310130766
-89.65215879932454,47.963337434825476
-89.65222296666214,47.96339757302905
-89.65227930079135,47.963458686330306
-89.65229552175096,47.96352698060309
-89.65227157326113,47.96359956990627
-89.65219279193369,47.963733279029746
-89.65216729677155,47.96380446355828
-89.65216194747798,47.963875482798
-89.65218929210633,47.96394407693712
-89.65222996611269,47.964011944832656
-89.65233128495392,47.96421683545355
-89.65244444433328,47.96441881101015
-89.6526049120228,47.96468946907059
-89.65266069293236,47.964747838254716
-89.65274828719669,47.96478416148711
-89.65285377688888,47.96480921815814
-89.65294472839312,47.9648474380028
-89.65302815783942,47.96489357925284
-89.65309983138964,47.964946489051826
-89.65315977038696,47.965005798963
-89.65331627907351,47.96519509814913
-89.65340146771541,47.965327036854845
-89.6535126584419,47.96552984481472
-89.65355531701398,47.96559552280181
-89.65360713448257,47.9656582975703
-89.65373208825861,47.965775586171475
-89.65394202457252,47.96593899859857
-89.6542409814093,47.96600823100996
-89.65433540647889,47.96604085589271
-89.65450803219007,47.96612719714202
-89.65460274830994,47.966159569407935
-89.65520784398366,47.966306280947215
-89.65530532573176,47.96633581187627
-89.655590445242,47.96643567542557
-89.65568783796171,47.96646531985285
-89.6563912039629,47.966639748092355
-89.65690296543714,47.96674576907076
-89.6570037417591,47.966769778710464
-89.6572964690123,47.966859268705775
-89.65739663722157,47.96688417740431
-89.65749908395561,47.96690514285497
-89.65770751968367,47.966939305276114
-89.65781250861106,47.966953099283906
-89.65813056983184,47.96698434854946
-89.65844606446667,47.967025710549024
-89.65865354809686,47.967060951937036
-89.65885511742317,47.9671100703263
-89.65906038565129,47.96715209711752
-89.65916537823612,47.967169159226046
-89.65927096852225,47.96717949297997
-89.65937674160732,47.96717881485268
-89.65969610605842,47.96714869314369
-89.6604450136534,47.96712526751883
-89.66151590172927,47.967117764788604
-89.66194434309462,47.96710995989669
-89.66215718740213,47.96709588061971
-89.66247323147462,47.967056308869864
-89.6625798995272,47.967050758455194
-89.66279457386429,47.96704751958376
-89.66290091833072,47.96704115368969
-89.66300559171451,47.96702682094019
-89.66321335741857,47.96699032762131
-89.663318831401,47.96697878577127
-89.66363921100353,47.96696066796151
-89.66385113755673,47.96694056478222
-89.66448237016954,47.96685939148402
-89.66490119448882,47.96679845809929
-89.66500656146964,47.96678611381179
-89.66532743718605,47.96676812244673
-89.66543263355108,47.96675664958577
-89.6655353767269,47.966736499659646
-89.6657376203392,47.96668567829281
-89.66583982580562,47.966665814630105
-89.66594467166409,47.96665821577952
-89.66615992885238,47.96666943348687
-89.66637451289547,47.966671039895765
-89.6664813236716,47.966667531305625
-89.66658756555556,47.966659119973905
-89.66679882692584,47.966633585410804
-89.66690249252258,47.9666159280314
-89.6672048381218,47.96654192597871
-89.66730671072392,47.966520317580695
-89.66741105923965,47.96650534917516
-89.66804915065734,47.96645151579167
-89.66878997696774,47.96637448969417
-89.66911051788088,47.9663560933839
-89.6692146204038,47.96634077972886
-89.66941756300324,47.96629185537204
-89.66952008089197,47.96627256926666
-89.66962557713445,47.9662661555685
-89.66994841418929,47.96627618897523
-89.67005523565864,47.96627534157589
-89.6701599563593,47.96626222214474
-89.67036810074556,47.96622675766113
-89.67068302325853,47.966183874992325
-89.67098914777966,47.96611853820045
-89.67129927261567,47.96606173693
-89.67140413715555,47.96604769697054
-89.67161610671592,47.966027071417074
-89.67214898230617,47.96599035908671
-89.67225448052373,47.96597860767412
-89.67309128333831,47.96585468320245
-89.67393024077168,47.96573798185269
-89.6743463975312,47.96566995891475
-89.6747667424778,47.965614519070535
-89.6752842470884,47.96552207945427
-89.67569586448151,47.96544178326065
-89.67590020956237,47.96539858111613
-89.67609982342252,47.96534737186326
-89.67658136460983,47.9651891237238
-89.67677936531992,47.96513505710648
-89.67708861837122,47.96507600941892
-89.67750315053613,47.96500344230461
-89.67821889657297,47.964853582070944
-89.67842032390196,47.964804899846776
-89.67871801936158,47.96472365997479
-89.67901283075128,47.964637757933
-89.67920531746222,47.96457472730446
-89.6793910139806,47.964502886877774
-89.67964680920781,47.96437246718286
-89.67992063620275,47.964259624788596
-89.68017942225217,47.964131051505504
-89.68026956274588,47.96409280250939
-89.68036518638726,47.964061030360064
-89.68056399403638,47.96400634420477
-89.68066078086885,47.96397563660773
-89.68112388326591,47.96379503274024
-89.68169399727837,47.96359589092221
-89.68187956158633,47.96352380877419
-89.68196839610945,47.963483902623146
-89.682138533239,47.96339569642272
-89.68221746441627,47.963347270143906
-89.68228871092995,47.96329384746762
-89.68235016232926,47.96323436236944
-89.68240305873101,47.963171994372765
-89.68249057032874,47.96304045153146
-89.68264378358303,47.96285069458087
-89.68269076318064,47.96278618276852
-89.68276829545064,47.96265195430351
-89.6828434126375,47.96244164672914
-89.68288925751258,47.96237756729885
-89.68294720496053,47.962316577007414
-89.68301273157142,47.96225875345037
-89.68308251588557,47.96220399457039
-89.68315986572574,47.96215143111162
-89.68324560354068,47.96210871866416
-89.68334472670055,47.96208758398097
-89.68345540449486,47.96208946400924
-89.68355290391206,47.962118355945776
-89.68365802520017,47.96212889592245
-89.68376501031705,47.96212076513172
-89.6838611929403,47.962090965552456
-89.6841413422174,47.96198354682293
-89.6843326354434,47.9619183207412
-89.68442546693095,47.961882879866835
-89.68451261520728,47.96184129958778
-89.6846795124895,47.96175073048987
-89.68475949597337,47.96170301780989
-89.68491091954712,47.961601154022944
-89.68510329684179,47.961439427254035
-89.68532119266052,47.961280780547725
-89.68538818899134,47.96122476967115
-89.6855131837604,47.961107547707606
-89.68556882055366,47.9610462904548
-89.6856153534374,47.96098175510161
-89.6856977667231,47.96084860219073
-89.68578998725665,47.960718557745345
-89.6858298442834,47.96065199228074
-89.68591718547812,47.96044428827513
-89.68604538125312,47.96016977613471
-89.6861593694516,47.959892421505415
-89.68619842342565,47.959825400005485
-89.68624733196434,47.95976116392697
-89.6863046726285,47.959700648010624
-89.68636835697278,47.95964266103771
-89.68650439817547,47.95953143881359
-89.6867198186461,47.95937129428207
-89.68702028931372,47.95916622070402
-89.68716567522752,47.95906065586793
-89.68737542506624,47.95889717868691
-89.6876459233075,47.95867414190351
-89.68787062411344,47.9585198020097
-89.68794086073073,47.95846563022042
-89.68813902466242,47.95829566121517
-89.68832146322744,47.958118079838904
-89.68848692670142,47.95793315913137
-89.68903086041101,47.957231130289486
-89.68912190783384,47.95710115203696
-89.68919883045336,47.95696696788464
-89.68937963121941,47.95662822873253
-89.68948006970794,47.956423358809104
-89.68958888766466,47.956145061152405
-89.68969565271185,47.95579265080539
-89.68978657279683,47.955585330377886
-89.68980497210177,47.955514759168075
-89.68984282782368,47.955300771475095
-89.68987253410702,47.95508575750899
-89.68991625410328,47.9547270643046
-89.68994300861738,47.954439961410024
-89.68997431747255,47.954297647468714
-89.68996576763352,47.95386622553567
-89.68994178019375,47.953578955338116
-89.68991916182087,47.95343595901766
-89.68985155606963,47.953224979917046
-89.68981307687291,47.95308350294887
-89.68978230198204,47.953014245649754
-89.68974300198157,47.95294713664962
-89.68968641050118,47.95288693537876
-89.68961540255455,47.952832192882916
-89.68956825460992,47.95276786931217
-89.68953335839353,47.95269878773551
-89.68947242727688,47.95264212538708
-89.68938773381778,47.95259680829024
-89.68929899509439,47.95255572985346
-89.68901960685415,47.952448999868366
-89.68875148197434,47.952328725154494
-89.6886525620494,47.95230654210996
-89.68854573791671,47.95229914537664
-89.68845353575794,47.952264260023064
-89.68801790988555,47.95205321833256
-89.6876634288787,47.951891456487665
-89.68757919706982,47.951847245470546
-89.6874301625001,47.95174039549241
-89.6873435398105,47.951703012412224
-89.68724159879498,47.951684249178165
-89.68691814776534,47.95166004990891
-89.68670406200123,47.9516504118217
-89.68659736421273,47.95165042911719
-89.68649125965601,47.95165790297268
-89.68617327234318,47.95169162537474
-89.68596041637618,47.95170657523526
-89.6857461610224,47.95170606451566
-89.68563962287195,47.951700066866934
-89.68532138476263,47.95166785753627
-89.68521828146551,47.951649998439706
-89.68502033490844,47.951594551772615
-89.68481541051985,47.95155249017607
-89.6847158184316,47.95152624894694
-89.68452464554296,47.95145789470086
-89.68442380456712,47.95143983551282
-89.68431606036287,47.95144116394262
-89.68420642817253,47.95144877589051
-89.68410079238409,47.95144747751155
-89.68400844358466,47.95141652569791
-89.68392251200082,47.95136979157066
-89.68382780851769,47.95133633417122
-89.68372994504561,47.9513068992873
-89.68362753369274,47.95128311119466
-89.68353563696826,47.951248855390595
-89.68346090058456,47.951196920920495
-89.68339117970032,47.951141715905166
-89.68325915229052,47.951026888849796
-89.68318989603871,47.95097234719692
-89.68311184568532,47.95092513328155
-89.68291714528021,47.9508629791423
-89.68283084625625,47.950820056008325
-89.68275579017158,47.95076885719774
-89.68269304404049,47.950710598850065
-89.68263696032386,47.950649003369094
-89.68254018125977,47.95052068264819
-89.68240911766,47.95032373814131
-89.68204335995387,47.94988417202357
-89.68195062238799,47.94975323265843
-89.68191982578952,47.94968490322046
-89.68191509070456,47.94961419828034
-89.68192607248687,47.94954167205553
-89.68192846485643,47.949469476442495
-89.68191874011046,47.94932518359862
-89.68189853092295,47.9492552788843
-89.68185189201012,47.94918915331951
-89.68181914821638,47.94912175517004
-89.68181814716652,47.94905024721468
-89.68185102003727,47.948906830788424
-89.6818765954956,47.9488363156158
-89.68191424721365,47.94876921417176
-89.6819656119749,47.94870672686734
-89.68215108392394,47.94852968274927
-89.68228258309867,47.94841565553055
-89.68233354404266,47.94835282450361
-89.68243200306082,47.94807267254867
-89.68244339439595,47.94800101918495
-89.68244540510754,47.947928914994634
-89.68243288941024,47.9478576801855
-89.68240237258196,47.94778846962688
-89.68236076989695,47.94772224156044
-89.68231227678598,47.94765788734179
-89.68219767455824,47.9475362719993
-89.68214490008572,47.94747390376367
-89.68193502632381,47.9471429490872
-89.68189974454206,47.947075118330574
-89.68177654063484,47.9467994747565
-89.68173740821466,47.94658534117822
-89.68174538557173,47.9462769482349
-89.68175313587365,47.94620526459512
-89.68179883509393,47.94599126272143
-89.68180511665861,47.94591983891147
-89.68179856302554,47.94584743580489
-89.68177848873371,47.94577663674918
-89.68173718818035,47.94571098795705
-89.68161930781172,47.94558993412411
-89.68155108610046,47.94553463450077
-89.68139992360385,47.94543264855072
-89.68125371608441,47.94532701659589
-89.68119290442611,47.945267101222804
-89.68114987739712,47.945200484327195
-89.68115147306162,47.945130937670314
-89.6812221719234,47.94491810515209
-89.68125339237493,47.94484923245707
-89.68128949446206,47.944779551236316
-89.68133757734408,47.94471600109004
-89.68141476792816,47.944668898338676
-89.68151559613783,47.94463929939629
-89.68172626460061,47.944615315018325
-89.68203339646479,47.94455110518518
-89.68213085029178,47.94452233905166
-89.68231664242421,47.94445037029569
-89.68260232450861,47.94435178460878
-89.68295655638826,47.94418963630825
-89.6831385387511,47.944113897483916
-89.6832347846421,47.94408325155184
-89.68333621569774,47.944059529643404
-89.68354397324129,47.94402337896524
-89.68364984686444,47.9440112963818
-89.68375611407733,47.94400622149444
-89.68397019792214,47.94401389641377
-89.68439892360409,47.94400769394795
-89.68450516502261,47.94400147792322
-89.68460969133378,47.94398731001767
-89.6848168767984,47.94394953074009
-89.68523928563316,47.94390264164488
-89.68534308340014,47.94388542653165
-89.6856509448708,47.94382351627842
-89.68636328479437,47.94366730008126
-89.68657037839286,47.943629430680254
-89.68667121986834,47.943605983555685
-89.68686476811362,47.94354512970871
-89.68724353952321,47.9434102139288
-89.68789958950084,47.94316692177724
-89.68836389906278,47.942988018122456
-89.68864659110241,47.942885608247586
-89.68883919802447,47.94282258819716
-89.68903479836521,47.9427640570308
-89.68923685264262,47.94271698268212
-89.68965076054846,47.942641983615
-89.6898600012137,47.9426127708095
-89.69060753081416,47.942575920565815
-89.69114227125668,47.94256239747571
-89.69188694135445,47.942506072719915
-89.69231345631655,47.94247971355222
-89.69252482465627,47.942456782148135
-89.69273446292219,47.94242670682945
-89.69283765331352,47.94240815859777
-89.692938389296,47.942384236219596
-89.69313706410361,47.942329900574805
-89.69343836533079,47.94225525741562
-89.69394805090333,47.94214448308818
-89.69405172924162,47.94212761133116
-89.69426604077994,47.94211691461951
-89.69437007829107,47.94210268247166
-89.69447118803944,47.942079815677744
-89.69496991999158,47.94194726908935
-89.69517133678767,47.941898864762
-89.69558604185056,47.94182719146092
-89.69599778660711,47.941748280073696
-89.69631056659817,47.94169897582619
-89.69651644781695,47.941659912579304
-89.69681967999976,47.941588597774256
-89.69721191890824,47.94147328560457
-89.69751067339365,47.9413940894442
-89.69770535842241,47.94133443839241
-89.69799361859256,47.94123840559408
-89.69808909608642,47.94120550940723
-89.69817863496186,47.94116690980808
-89.69826085662916,47.94112130059686
-89.69841729076289,47.941022316912
-89.69865900385301,47.94088018576849
-89.69887584423874,47.94072080564677
-89.69895476759805,47.94067269520005
-89.69904124952099,47.940630160451654
-89.6992205426397,47.94055116307887
-89.6994984354162,47.94044290867822
-89.69969037709659,47.940379265189165
-89.69999079866753,47.94030301764041
-89.70008848739522,47.9402736679147
-89.70057230697334,47.94011979162746
-89.70105142771953,47.939959443424016
-89.70124993862194,47.939905930573
-89.70155295724044,47.93983402747117
-89.70185939347395,47.93976802063572
-89.7020579799247,47.93971546385518
-89.7022477225334,47.939649254357526
-89.70270913125788,47.93946591884145
-89.70288598178925,47.939385066491305
-89.70305454026119,47.93929619634821
-89.70321489668738,47.93920093212356
-89.70344076739337,47.939047196103246
-89.70352134961306,47.939000158425344
-89.70386951305585,47.93883253750334
-89.70420547806313,47.93865410570722
-89.70438144516545,47.93857229146729
-89.70465571173794,47.938459948160734
-89.70494007534971,47.938359403813294
-89.70503736271569,47.938329661735985
-89.70523983250402,47.93828237080859
-89.70533855696856,47.93825493528165
-89.7054340408514,47.9382225631251
-89.70581063053464,47.938085094340934
-89.70599545554437,47.93801126592635
-89.70608509346198,47.93797049440297
-89.70615850274068,47.93791981123764
-89.70621879796371,47.937861266792666
-89.70643000986583,47.93760918200338
-89.70648626490141,47.937548187659964
-89.70655262132772,47.93749143551961
-89.70662707306434,47.937439725208755
-89.70671034230658,47.93739500047101
-89.70688645129813,47.937312591680374
-89.70697410060995,47.937102390083865
-89.70698928081808,47.93703226272862
-89.70695356267213,47.93696387277605
-89.70686748794655,47.936920480722435
-89.70677433605512,47.93688475040029
-89.70668582803621,47.93684309302739
-89.70660561856656,47.93679520312103
-89.7065531624104,47.93673335772519
-89.70652352830629,47.93666294658904
-89.70651643095444,47.93658902877128
-89.70654667050584,47.93652253966477
-89.70663471689252,47.93648071828105
-89.70673123538403,47.93644644573479
-89.70682976042104,47.93641760953572
-89.70693340796315,47.9364021510299
-89.70746855255587,47.9363719296265
-89.70757051772581,47.93635327666802
-89.70776041208075,47.93628585722555
-89.70804915162232,47.936191351290034
-89.70813804279639,47.93615157865802
-89.7082227874834,47.936107300927375
-89.70846906130018,47.93596827174831
-89.70855919673143,47.93593044360334
-89.70884972922607,47.93583775532883
-89.70921660449712,47.935689417918624
-89.70949576415072,47.93558280829502
-89.70978447771115,47.93548836620829
-89.71016418801732,47.93535547202061
-89.7104533880242,47.93526162934897
-89.71054720736203,47.93522712267479
-89.7110059390822,47.93504183174993
-89.71191581930145,47.93466276836032
-89.71209020537833,47.934579595174874
-89.71225362041356,47.93448641990404
-89.71240335153176,47.93438372608837
-89.71254198264036,47.93427401814427
-89.71260700352951,47.9342168065992
-89.71272923937318,47.93409845550276
-89.7127850433575,47.93403698205292
-89.71283146535788,47.9339724507479
-89.71290484068876,47.93383700753583
-89.71296004258078,47.933697891657836
-89.71299698612152,47.93355623347838
-89.71300773984834,47.93348412279273
-89.71300994935794,47.933411889017016
-89.71299759887411,47.93334103237577
-89.71292674929298,47.93320253391015
-89.71291006041899,47.93313329899752
-89.71292258935802,47.93306352690758
-89.71323479987376,47.932372166935195
-89.71326238044274,47.93230274437414
-89.71327949199025,47.93223214500817
-89.71328683684898,47.932158943836995
-89.71328022151536,47.93208655840157
-89.71325280112458,47.932018919574354
-89.71320059216785,47.93195565779622
-89.71313709272012,47.93189592750333
-89.71306635529075,47.93184232081038
-89.712988792401,47.931792301748864
-89.71291830558347,47.93173174740066
-89.7129462655717,47.93167440265229
-89.71305128205825,47.93166234795541
-89.71316075289639,47.93166836167396
-89.71326426000986,47.931654334530634
-89.71336493840376,47.93162909716191
-89.71355849371871,47.93156640217628
-89.71383426545874,47.9314555863535
-89.71401154256029,47.931374913014096
-89.71426867401601,47.93124571330716
-89.7146024152164,47.931065429725926
-89.7148639706084,47.93093994017438
-89.71495459508085,47.93090174428248
-89.71504930457438,47.93086842302808
-89.71524956974903,47.930814711728274
-89.71533619452885,47.93077470770123
-89.71541380909012,47.93072528725901
-89.71548562300181,47.93067081709704
-89.71555374812344,47.93061479619386
-89.71561577994673,47.93055641298235
-89.71572661920919,47.930432868586095
-89.71582698669853,47.93030373670979
-89.71588882506443,47.93024704504379
-89.71597509354771,47.930206151780865
-89.71626781366353,47.930112887755776
-89.71646955566311,47.93006420322067
-89.71657290497828,47.93004541629827
-89.71667798369214,47.930033307468626
-89.71699802563457,47.930013005171766
-89.71710368468241,47.93000187067671
-89.71794265833356,47.929886830092904
-89.71847027125445,47.92982704016332
-89.71878167405119,47.92977456666654
-89.71929578968987,47.9296747056915
-89.71971720470528,47.92962438736374
-89.72034242280456,47.9295253485173
-89.72054804059091,47.929485950335526
-89.7208493651208,47.929411169661215
-89.7215413948401,47.92921251274719
-89.72163747741874,47.929180618763105
-89.72172361096959,47.92914152123954
-89.72177975010955,47.92908097491303
-89.72183147597653,47.929016130941406
-89.72190733163498,47.92896621384907
-89.72208053336207,47.92888042156815
-89.72217200799304,47.92884325929986
-89.72264272809966,47.92867183314058
-89.72319716313847,47.928454214970394
-89.72395284510708,47.92818370815796
-89.7244058137716,47.92799236579327
-89.72459945251255,47.92793041048528
-89.72469307643308,47.92789600159445
-89.72478197111302,47.927856135593544
-89.72503446711536,47.92772249532482
-89.72518989179373,47.92762334097049
-89.72526000594463,47.92756925119604
-89.72558581733487,47.927283161832094
-89.72565864096825,47.92723089113981
-89.72573717762427,47.92718218643014
-89.72590321592392,47.927090657162736
-89.72607887320194,47.927008956734674
-89.72627251357785,47.92694651154859
-89.72636163599138,47.92690731747992
-89.72677474687143,47.92667730274721
-89.72686193762995,47.92663623814424
-89.72695755981819,47.926603578647445
-89.72716157464245,47.92655097641536
-89.7272567958521,47.92652004778382
-89.72733541149333,47.9264764163841
-89.7274323191416,47.9263443369819
-89.72751420371912,47.92630194809123
-89.72800426518502,47.926151457712386
-89.7282313424265,47.92602065477708
-89.72853870882363,47.92587702151755
-89.72861823465563,47.92582894842064
-89.72888329119864,47.92565067888395
-89.72902767267315,47.925544655405616
-89.72922230598472,47.92537300917572
-89.72946983116265,47.925184057953466
-89.72964231861913,47.9250462094209
-89.72971700640748,47.92499508865115
-89.72989050087227,47.92490956366892
-89.72996729657795,47.92486048528447
-89.73006507045342,47.92477503907722
-89.73020665740306,47.924621892642236
-89.7303939829067,47.9243578439217
-89.73040944964468,47.924324339314126
-89.73041528764668,47.9242914033042
-89.73040054991858,47.9242597339119
-89.73033499496519,47.92419771815775
-89.73028784303534,47.92413205884859
-89.7302500991535,47.924064141053755
-89.73023955574958,47.92402947070167
-89.73023965584294,47.92395831966124
-89.73029111050687,47.92370778721201
-89.73030646564114,47.92359761768267
-89.73030446147872,47.92356194033025
-89.73029164580178,47.92352911421153
-89.73025788562428,47.92350069443023
-89.73017638857608,47.92344892985648
-89.7301678248636,47.92341819304698
-89.73020071743923,47.923383983646445
-89.73024717807372,47.923372228818934
-89.7303052562771,47.92337606432894
-89.73035463772497,47.9233681596707
-89.73045520167624,47.92328262030261
-89.7304996664787,47.92326387832234
-89.73059520323444,47.92323225855072
-89.73103749489069,47.92310138088815
-89.73126995983102,47.92301221882815
-89.73151312872804,47.92293317669371
-89.73161360203845,47.92290934289794
-89.7316645859078,47.92290180272993
-89.73171714177396,47.922901464245335
-89.7318794441167,47.922922175565525
-89.73193133461476,47.922921404383324
-89.73198115587552,47.92291235800094
-89.73207780763991,47.92288174352407
-89.73226117349908,47.92280351465608
-89.73238487086766,47.92273444768076
-89.73276318098024,47.92247903400434
-89.73283147501944,47.9224242955799
-89.73286124383739,47.92239477310592
-89.73293860885293,47.92230016403403
-89.73306858833793,47.92210189034975
-89.7331121001873,47.92199782371173
-89.73314263961767,47.92188802032432
-89.73314391167659,47.921852592640214
-89.73313732107549,47.92181897075244
-89.73311765638341,47.92178813992905
-89.7330852795714,47.92175974797913
-89.7329321543702,47.921647672619144
-89.73290062661009,47.92161772326817
-89.7328983341924,47.921585977025366
-89.73291108634956,47.921553452597365
-89.7330271489553,47.921386721359
-89.73304582311235,47.921352816781386
-89.73309572555641,47.92124863787506
-89.73311434209643,47.92117912004396
-89.73310428710147,47.92114002374848
-89.7330759112028,47.92111093216405
-89.7329735757356,47.921125241228765
-89.73293921603529,47.92109470039493
-89.73294203305898,47.921059587445725
-89.73296441337831,47.92102828351538
-89.73307914569178,47.92090301227016
-89.73309622987581,47.92087033714021
-89.73308191210442,47.920833670307275
-89.733080924859,47.920798913726465
-89.73312407304817,47.920731129258094
-89.73317657795165,47.92066370876137
-89.73324048549387,47.920607008949744
-89.73327768345222,47.920586230635585
-89.7333272142037,47.92057979473853
-89.73344637004637,47.92058931986679
-89.73349851773695,47.92058595119261
-89.73353658692925,47.92056722575565
-89.73356658641148,47.920540196076544
-89.7336643963624,47.920405260294075
-89.73373270073067,47.92034113138399
-89.7337727355308,47.92030949260836
-89.73381431061695,47.92028890012558
-89.73385572515718,47.92028761445827
-89.73389732864581,47.920301658529496
-89.7339394741852,47.92032468942587
-89.73406718641864,47.92041120547558
-89.73410952341217,47.92043368608253
-89.73415141402225,47.9204469047199
-89.73419143107381,47.92043898986134
-89.7342700093625,47.92037683666565
-89.73431488690356,47.92035703576808
-89.73442447739312,47.92035468710832
-89.73447438942584,47.92034213111524
-89.73452638180804,47.92032112294623
-89.73456439191737,47.920294769809836
-89.73457159485197,47.92026460362109
-89.73455772489628,47.92023128732291
-89.73450779597978,47.92016042507323
-89.73448910375645,47.92012571460076
-89.7344871469254,47.92009286340092
-89.7345160004879,47.92005953946947
-89.73456234131774,47.920035752793645
-89.73461080563425,47.92002922550505
-89.7346628737967,47.92003029932173
-89.73482755387276,47.92004512799577
-89.73493451426364,47.92004555619358
-89.73514854218881,47.920041984316875
-89.73537519602773,47.92002464610611
-89.7354264112158,47.92002676636067
-89.73547057438495,47.92003724045939
-89.73550612818559,47.920057954996
-89.73553479136247,47.92008689951478
-89.73562839133136,47.92022731383068
-89.73565848985521,47.92025416219555
-89.73570661564634,47.92026193503501
-89.73576565252763,47.92025248608834
-89.7358157666872,47.920238933381356
-89.7359102061516,47.920199735529366
-89.73595856168923,47.920186567143176
-89.73600931678395,47.92018435925871
-89.73606113104148,47.92018810263609
-89.73627300943666,47.920222028467556
-89.73632611388929,47.920226963731714
-89.73653990597563,47.92024203467302
-89.73669999342316,47.920244857187406
-89.73680631767162,47.92023877254372
-89.7369641599957,47.92021523534424
-89.73711463914499,47.92017768968417
-89.73721170602978,47.92014557847805
-89.73730236575305,47.920107451096335
-89.73738297453279,47.920061191493716
-89.737453875107,47.920006373089805
-89.7375180441932,47.919948429121014
-89.73759988538706,47.919855664965084
-89.73780006987869,47.919601147186896
-89.73791883254717,47.91947964976381
-89.7379727949818,47.91941780346561
-89.73800992146008,47.91935194062145
-89.73802731423876,47.91928134952562
-89.73804371676123,47.919136260859645
-89.73807492884602,47.91899091236093
-89.7380724542775,47.918920694573664
-89.73805973756093,47.91888735100526
-89.73803750227601,47.91885549013866
-89.73792112195724,47.918731337534986
-89.73790304228582,47.9186978053993
-89.73788039243168,47.91862712448366
-89.73783611977795,47.918522745535704
-89.7377951470339,47.91845680899034
-89.73773961142473,47.91839579963223
-89.73749061284535,47.918159426016736
-89.73745191118213,47.91813610556735
-89.73740746622569,47.918117118617666
-89.73735931456372,47.91810096125922
-89.73725763382078,47.91807474259566
-89.73710287315957,47.91804595980294
-89.73694376255962,47.91803106751539
-89.73635507133437,47.918034363675396
-89.73602885207954,47.91804362360706
-89.73592590461,47.918038360961006
-89.73587659894851,47.918025292075065
-89.73583832974631,47.917993240758975
-89.73583276179397,47.91796113673231
-89.7358591036245,47.91793113142046
-89.73589687976865,47.91790048137631
-89.73592599451038,47.91786911022905
-89.73592708325955,47.91783585926573
-89.73590393458022,47.91780096245264
-89.73587361380241,47.917770010770525
-89.73583150821145,47.91774344723874
-89.73581686613741,47.917712619361865
-89.73582845850089,47.917635763004036
-89.73584598556428,47.91759964691106
-89.73587341467001,47.917571788641844
-89.73591296530283,47.917555104397636
-89.73596334068239,47.91754625358013
-89.73607757224165,47.917536951576295
-89.7361319046649,47.917528966626456
-89.73618098800064,47.91751508773738
-89.73627201446376,47.91747645695628
-89.7363904714632,47.917402096028276
-89.73643300325571,47.917381642870005
-89.73648170080132,47.91736876333608
-89.73664191487433,47.917351367874616
-89.73712201183027,47.9173248134977
-89.73728079904987,47.91730864196368
-89.73738565074044,47.91729308192967
-89.73748721762162,47.917271997493415
-89.73757939658795,47.917234773313275
-89.7376525273173,47.9171082434551
-89.73772234379494,47.91697200377315
-89.73777989670666,47.916909555844725
-89.73781751757265,47.91688365820645
-89.73786160582749,47.91686685218688
-89.73791622666798,47.91686151170963
-89.73797111774554,47.91686421810939
-89.73807162255255,47.916893304901905
-89.73812189911425,47.916903228159086
-89.738225877281,47.91689471708296
-89.73833048105354,47.91687373763717
-89.73843000305965,47.916846737900435
-89.73856570474135,47.91678839079343
-89.7386606483856,47.91675483243153
-89.73875850038424,47.91672568890484
-89.73886389742714,47.916707708914686
-89.73902838091892,47.91668993283345
-89.73907772875103,47.91667928032288
-89.7391212990466,47.916663244647765
-89.73915597158678,47.91663917236529
-89.73918222928384,47.91660770413629
-89.73924972833028,47.91650277980879
-89.73928154450203,47.916475585960534
-89.73932280633764,47.9164564812267
-89.73937068570083,47.91644308950239
-89.73953187540303,47.9164169773914
-89.73958417572189,47.91640630524813
-89.73963284834103,47.916391713945856
-89.73977050698777,47.91633580537737
-89.73991282526373,47.916284178053196
-89.74000164309703,47.91624488550949
-89.74007865231346,47.91619553283911
-89.74014906483684,47.91614062893602
-89.74021308485331,47.916082569756135
-89.74026991986541,47.91602130795764
-89.74031341366714,47.91595492203407
-89.74032734428275,47.915920671770465
-89.74032995232682,47.915883903229116
-89.74032465954997,47.915809142950785
-89.7403343977221,47.91577645189406
-89.74036691717713,47.915749284029275
-89.74041735745718,47.915729478066645
-89.74046878017087,47.915720663238766
-89.74052034898575,47.9157278444937
-89.74057368325761,47.91574045768536
-89.74062598940178,47.915743499216305
-89.7406773964445,47.91573493484464
-89.74088034764839,47.91568143953692
-89.74097302507215,47.91564802413781
-89.740999644231,47.91561801079115
-89.74102141487661,47.915583857437376
-89.74105736755808,47.91555452338538
-89.74109834917425,47.915527903115596
-89.74114469845324,47.915516803685556
-89.74119455095664,47.91551937378046
-89.74140553906872,47.91555955342165
-89.7414584259153,47.91556377439692
-89.74156604281872,47.91556059922798
-89.74167095146538,47.91554590511113
-89.74172122772475,47.9155339606823
-89.74181773290674,47.91550149541673
-89.74190923143944,47.91546318785325
-89.7419967475042,47.91541992509353
-89.74203451981172,47.9153951627781
-89.7420635242969,47.9153655242481
-89.74209427268103,47.91528994418525
-89.74211762717165,47.915262186509445
-89.74216123954726,47.915256910544386
-89.74221941754315,47.91526855974854
-89.74227467246352,47.91527226150227
-89.74231763944087,47.91525384329887
-89.74239748079859,47.91520150555419
-89.7425580269076,47.91517149308228
-89.74267160678937,47.91516092454312
-89.74272456268803,47.91516111977052
-89.74277242853239,47.91516630569243
-89.74281193775822,47.91517941381329
-89.7428375655188,47.915208160876624
-89.74287252031603,47.91528598611785
-89.74289662660073,47.91531902144977
-89.74293692037969,47.91533796784957
-89.74299314693587,47.915343564643635
-89.74304920349323,47.915342312111456
-89.74310204796163,47.91533729880446
-89.74320554178577,47.91531604007444
-89.74325281536701,47.91530017890481
-89.7432969739864,47.91527987751962
-89.74350436839454,47.915165238535174
-89.74358981806947,47.91512221336355
-89.74377470041112,47.91504930410004
-89.74381809335421,47.91502864028191
-89.74404958447533,47.914877652264884
-89.74413382000463,47.91483437100606
-89.74418110783495,47.91481894270185
-89.7444383361737,47.91476421714719
-89.74448677347903,47.91474945485354
-89.74453095007966,47.91473014470698
-89.74457144406648,47.914706659561936
-89.74476636397894,47.91457531361171
-89.74479372113736,47.91454617764685
-89.74480532591765,47.91451426965424
-89.74480501697133,47.91448018262977
-89.74479685770035,47.914444615922676
-89.74475873237694,47.9143350452831
-89.74474079358164,47.91426291947587
-89.74473950675878,47.914227483645206
-89.74475068131059,47.91419154960191
-89.74476971919432,47.914155165772875
-89.74479741269214,47.91412511282514
-89.7448397472109,47.91411148039705
-89.74489856316106,47.914113315753895
-89.74494920827912,47.91410378206052
-89.74499939787675,47.91407839570661
-89.74503861465706,47.91404820264675
-89.74504253275737,47.914021485303714
-89.74501096120316,47.91399924927278
-89.74490827893722,47.91395691152827
-89.74486621187603,47.91393299076122
-89.74485282165536,47.91390250320828
-89.7449071155822,47.913754951597646
-89.74492568564779,47.913721764624995
-89.7449544344439,47.913695851602
-89.74506471009249,47.91368028203319
-89.74508919702306,47.91365319459621
-89.74509490518908,47.91361422157046
-89.74511575888636,47.913581953907475
-89.74515309514797,47.91355760024985
-89.74541459776619,47.913426243739266
-89.74549091144412,47.91337691742727
-89.74551839667242,47.91334735305146
-89.74553613148791,47.91331305177851
-89.74557664386312,47.91320487445926
-89.74560218409954,47.913175333917934
-89.74563979523826,47.913151584324524
-89.7456862067143,47.91313162708004
-89.7458399467043,47.913081440127144
-89.74588327446101,47.91306359744899
-89.74591260715694,47.913042153779124
-89.74588239752931,47.91300868274899
-89.74584034615754,47.91298230422892
-89.74579399492113,47.912963057108534
-89.745691857732,47.91294223998099
-89.74558521079561,47.91293222618209
-89.7455320549666,47.91293142266728
-89.74537178819052,47.91294100218399
-89.74505165748128,47.91292731394416
-89.74478339742244,47.912926988792734
-89.74456100987932,47.912931725659064
-89.74445767109526,47.91292836841604
-89.74441121453307,47.91292254765897
-89.74440070994069,47.91288313425399
-89.74443128065175,47.91285812313298
-89.74459194548042,47.91283103456343
-89.74480362221578,47.91280933509344
-89.74506965547127,47.91279061494093
-89.74528360321483,47.91278730083444
-89.74560397008251,47.91275663902149
-89.74570876577953,47.912757175414875
-89.74575991523902,47.9127653404116
-89.74596007496874,47.91282348143252
-89.74601118577284,47.91283011867266
-89.7460631608097,47.91283024473167
-89.7461156569585,47.91282604186416
-89.74632802317987,47.91279530817186
-89.74659413243184,47.912775845407346
-89.7467543374684,47.91277343909182
-89.74691480325677,47.91277665096927
-89.74712876830685,47.91278381810812
-89.74734296601873,47.912796557005606
-89.7474483748296,47.912791124436325
-89.747500916579,47.91278301749953
-89.74760316485991,47.912758969445015
-89.74765162271822,47.91274434797571
-89.74769920285844,47.912723754529516
-89.74773202775768,47.91269568200619
-89.7477580762782,47.91262354865759
-89.74776314131576,47.91258512812091
-89.74776012521743,47.91254938806471
-89.74774528851762,47.912519870145125
-89.74770149064486,47.91250150945693
-89.7475912766817,47.91247636682249
-89.74747629137721,47.912458627845595
-89.74743231366155,47.912443395494975
-89.74740894711054,47.91241775426126
-89.74739848479966,47.91238551367216
-89.74739624278801,47.91234917435964
-89.74740555240705,47.91223386426834
-89.74739845414605,47.91208551811593
-89.7474053400937,47.91205098323662
-89.74742131178553,47.91201947567336
-89.74745187483433,47.91199079886804
-89.74749411992465,47.91196540861105
-89.74758958373462,47.91192848624739
-89.74763995611376,47.91192861881735
-89.74769513341231,47.91193878513636
-89.74774855786858,47.91193876851246
-89.74790703589134,47.91192022499078
-89.74817423771935,47.91191203050987
-89.74849288943581,47.91188591350235
-89.74870190340646,47.911855661249234
-89.74906439940716,47.91179107026322
-89.74916653368548,47.91176986200234
-89.74936676703771,47.91171826015302
-89.74951514356196,47.911675252913305
-89.7496106794175,47.911642825396136
-89.74970180918069,47.91160618172132
-89.74982806811855,47.9115409262425
-89.75010233248332,47.91136774857988
-89.75012633344403,47.91136707871371
-89.7505515003353,47.91106065331921
-89.75073125478833,47.910924359843406
-89.75080868067622,47.910875603905374
-89.75089542554869,47.91083708932191
-89.75094458489818,47.910824313083275
-89.7511546063547,47.91078655181798
-89.75135117908827,47.91072738200583
-89.75149442838735,47.91067690242715
-89.75162495210594,47.91061656796542
-89.75166011605323,47.91058996543397
-89.75174776323452,47.91049597752891
-89.75178105616452,47.910468106743984
-89.75182124142593,47.91044593038815
-89.75196090185403,47.91039569762889
-89.75226085998474,47.910312032974886
-89.75230821211356,47.91029544996148
-89.7523971841629,47.91025668246307
-89.75252000349049,47.91018717751979
-89.75267206705774,47.9100845691583
-89.752742011296,47.91003033822609
-89.75283756908887,47.90994309848637
-89.75291031209977,47.90989075775247
-89.75306811881862,47.90979378488071
-89.75327311379263,47.90967780120513
-89.75339792364493,47.909609992911975
-89.75352837347727,47.909546990494604
-89.75366398398559,47.90948935633727
-89.75394314172273,47.909382682342226
-89.75408113016982,47.90932477398899
-89.75416613215029,47.909280682976
-89.75420056634097,47.90925427902956
-89.75422862762215,47.90922437233696
-89.75433410729987,47.90905510746928
-89.7543595075688,47.909024005117324
-89.75439009916555,47.90899605193367
-89.75442711433509,47.908972098058136
-89.7544696822883,47.908951700081055
-89.75471027162162,47.908865860297865
-89.7548403666711,47.90880217797982
-89.75496194170456,47.90873157001868
-89.75503392129832,47.908678938256784
-89.75509859788045,47.908621530135704
-89.75518996633953,47.90853232980311
-89.75536252599893,47.908350394660275
-89.7554622072687,47.90826563371644
-89.75556871596437,47.90818459239591
-89.7556447608971,47.90813423642852
-89.75572530561297,47.90808723756957
-89.75606331421778,47.907910210989094
-89.75626003366295,47.907779619037576
-89.75634124632509,47.90773347788545
-89.75638415246851,47.90771514264783
-89.75642921249619,47.907701174557
-89.75647795362028,47.90769457498605
-89.75653015743215,47.907694993429516
-89.75680332216565,47.907728823931265
-89.75696257803402,47.90775306309513
-89.75701461705327,47.907754622147664
-89.75706587446774,47.90774970255489
-89.75716757853037,47.90772912973681
-89.75736471062378,47.90766793336199
-89.75745662835863,47.907631554507695
-89.75776687433068,47.90748987500062
-89.7579367531988,47.90740261536012
-89.7583884208867,47.90714894784886
-89.75863017066347,47.90700681834394
-89.75882327021337,47.90688258125361
-89.75892880440087,47.90680012405273
-89.75898341514812,47.906739103005066
-89.75900348629848,47.906705877168754
-89.75903200737245,47.90663573488436
-89.75904827996055,47.90656481290981
-89.7590574739131,47.90642075817123
-89.75908814187596,47.906313153531634
-89.75909242741588,47.90627777486272
-89.75908834088456,47.90624293508247
-89.75907577527953,47.906208743625115
-89.75899499367253,47.906073852428634
-89.75893446094618,47.90589842432654
-89.75886828003625,47.90575840368651
-89.75882323732725,47.90569162718534
-89.75879349405203,47.90566358423364
-89.75875690259443,47.905640896207174
-89.75871274938122,47.9056231680408
-89.7586096995978,47.9055982598146
-89.75844799718764,47.90557320479203
-89.7582734540358,47.90556895949092
-89.75822419583992,47.90556321295895
-89.7581867368748,47.90554988786766
-89.75817206754336,47.905520411737015
-89.75817704812191,47.90547962642534
-89.75819093576244,47.905439179473085
-89.75820883730763,47.90540596992225
-89.75829091963591,47.90531209307739
-89.75838381466163,47.90514342138088
-89.75841300322246,47.90511241816152
-89.75848458574403,47.905054481935856
-89.75849704476843,47.9050230583097
-89.75849392595978,47.904988827226
-89.7584671618145,47.90491714701531
-89.75842217281188,47.904848947380074
-89.75839530375714,47.90481860072461
-89.7583625384573,47.90478980626692
-89.75828308625762,47.90473889213593
-89.75823912500258,47.904718164989795
-89.7581441003786,47.90468705477392
-89.75803972840848,47.90466630247672
-89.75793413294699,47.90465396850525
-89.75777302373479,47.90466458137168
-89.75772045212857,47.904662853492276
-89.75761514286775,47.904644183227305
-89.757566461003,47.904628513355505
-89.75752429834041,47.90460807237719
-89.7574886556852,47.904582000233624
-89.75742452090573,47.90452278114108
-89.75731809500788,47.90443769336169
-89.75727943112953,47.90441260261672
-89.75723633918652,47.904394930430456
-89.7571872713234,47.90438725312647
-89.75691400642827,47.90439489357578
-89.75686010841147,47.90439531186903
-89.75680819978696,47.90439116903209
-89.75675691329268,47.904378977951
-89.75670945595952,47.904358756613846
-89.75667637871891,47.904332905129664
-89.75666453081553,47.90429725041698
-89.75666850382864,47.904259900150315
-89.75669413808883,47.90418924957806
-89.7567382100773,47.904123949455084
-89.75677135686125,47.90409577205334
-89.7568124763732,47.90407119996035
-89.75685769898095,47.90405151603695
-89.75690581343075,47.904037256052945
-89.75706332651887,47.90401239914054
-89.7572760732822,47.90399569141998
-89.75743226526555,47.90397209135001
-89.75773949470286,47.90390917251978
-89.7582970754462,47.90378272701653
-89.7586066586466,47.90372102310022
-89.7587110440692,47.9037087110217
-89.75876332980894,47.903707605450506
-89.75881586090263,47.90371223265835
-89.7589739696857,47.903737694802416
-89.75919607325395,47.903828863726766
-89.75938897819628,47.903891597437955
-89.75954016973735,47.90392933814499
-89.75964334760194,47.903945483819456
-89.75969659633404,47.90394996530827
-89.75980508493073,47.9039521748633
-89.75991187588056,47.90394645891416
-89.75996204677625,47.90393641840534
-89.76005668963082,47.90389957762862
-89.76010797387443,47.90389620619366
-89.76079984601354,47.90395445666693
-89.76090620107657,47.903960707597264
-89.76106691405161,47.90396131096645
-89.7611742090538,47.90395774561869
-89.76128037320005,47.90395014246112
-89.76138547101077,47.903935522489896
-89.76148611734529,47.90390969874632
-89.76157848401449,47.90387270938333
-89.76166020760446,47.903824628733425
-89.76169125594166,47.90379642926659
-89.76173703519865,47.903731719976776
-89.76177943963204,47.903626284927974
-89.76177621219145,47.903514452808714
-89.76178808739915,47.90348223975108
-89.76181820264104,47.90345530686989
-89.7618615985337,47.90343253499257
-89.7619613127833,47.903398599228396
-89.76206254068298,47.90337601498928
-89.76222122536018,47.903355247200494
-89.76232753734789,47.90335203273546
-89.76259520855736,47.903363506403814
-89.76270198941042,47.90336237140454
-89.76286181627493,47.9033515916261
-89.76307219414213,47.90332534155626
-89.76322837410316,47.90330042298948
-89.7633821048544,47.90326970091684
-89.76358406778,47.90322202775591
-89.7638331077076,47.90315657939705
-89.76434059473124,47.90304228189923
-89.7644433470651,47.90302308528203
-89.76470813697128,47.90299732427762
-89.76486535824375,47.9029756834697
-89.76502033619347,47.902947565094294
-89.76522409131915,47.90290188975298
-89.76532758814365,47.90288578162845
-89.7654335938331,47.902880114724255
-89.76564848983169,47.902879726470374
-89.7659146598205,47.902861447386194
-89.76607201619173,47.90284108201559
-89.7664352983931,47.902775161183236
-89.76653257414853,47.90274771474213
-89.76657598234097,47.90272719756223
-89.76661552069464,47.902702153552696
-89.76668570016732,47.902647150739014
-89.76674586497872,47.90258711909431
-89.76677042768009,47.90255516982924
-89.76678927947597,47.9025207701575
-89.76682846890738,47.902409594543386
-89.7668483433433,47.90237983286192
-89.76688329147173,47.90236106864065
-89.76694381873891,47.90236204733454
-89.76699732853386,47.90237636723362
-89.76702597252479,47.90240277681873
-89.76710067380688,47.90254436833208
-89.7671255854601,47.902575496686566
-89.76720384602518,47.902621150301734
-89.76729587994421,47.90265903823102
-89.76749012843409,47.90272279346818
-89.76764284488178,47.90275714376862
-89.76774750936883,47.90277139162016
-89.76785479772398,47.90277596309948
-89.76796254334481,47.90277412287855
-89.76807102093716,47.90276866280113
-89.76812343538576,47.902762046574466
-89.76817345970538,47.90275141929464
-89.76822080490616,47.90273557425808
-89.7684422011086,47.902625014970056
-89.76848812276984,47.90260941443052
-89.76853615206343,47.90260022758646
-89.76858624645293,47.902597744666295
-89.76869063089693,47.90260723036325
-89.76890516278498,47.90264624722369
-89.76922094324502,47.90268523894036
-89.7696365890748,47.90275366660687
-89.76984801511138,47.902777188388455
-89.77006103189177,47.9027918322522
-89.77022082909117,47.9027922787589
-89.77059447926557,47.902770968554094
-89.7709153778005,47.902765041925825
-89.77112721660193,47.90274568539559
-89.77138941220751,47.90270976982024
-89.7715450816528,47.90268336159673
-89.77175009001996,47.90264225705349
-89.7721020730343,47.90255620837921
-89.77225951914237,47.90252670782285
-89.77235863703129,47.902501052252
-89.77240292465048,47.902482759828466
-89.77248080292621,47.902435320834485
-89.77265829182117,47.90229812486424
-89.7727567166722,47.90225894608876
-89.77277604049421,47.90223362002977
-89.77275836201895,47.902199740404164
-89.77267390348156,47.902102856160965
-89.7726329005086,47.90203662213461
-89.77260941796489,47.90196626330352
-89.77260259570859,47.901894421121355
-89.77261152112608,47.90178641317693
-89.77263017690262,47.90171346085038
-89.77265807609439,47.90164123183628
-89.77267780133943,47.901608751491786
-89.7727029910673,47.90158056557617
-89.77275007908766,47.901561915644244
-89.7728091984417,47.90155592605601
-89.77285774236799,47.90156367077586
-89.77289981514444,47.901585467994295
-89.7729723508758,47.9016425171628
-89.77314422798442,47.90182500191183
-89.77324807321925,47.901907176989305
-89.77332950402037,47.90196042745967
-89.77335999660426,47.901985700019196
-89.77333036802682,47.90200792178686
-89.77323353872318,47.902051543718926
-89.77320002851091,47.902078948976495
-89.77318150326816,47.90211387265266
-89.77317593853873,47.902150437029555
-89.77318310023787,47.902187172172084
-89.77320384385438,47.902222616653674
-89.7732400485291,47.90224481726848
-89.77328949362716,47.902256893808556
-89.77340002489673,47.90226734986456
-89.77356080322343,47.902266971578264
-89.77366630403117,47.90225627921978
-89.77387181997645,47.90221383476041
-89.7739699304738,47.902185285883654
-89.77405551968545,47.90214321937415
-89.77424683396733,47.9020165214432
-89.77438411050214,47.90190625840488
-89.77450447085897,47.90178724922159
-89.77458072033704,47.90169207393973
-89.77461536476638,47.90162438902347
-89.77467080431155,47.90148519941623
-89.77477809953022,47.90132046777818
-89.77483471138218,47.90121915817029
-89.77486224007387,47.901188682045664
-89.77495764072651,47.90110119961001
-89.77502964402284,47.90104800193733
-89.77506961701557,47.90102469487859
-89.77520625145026,47.90096683923333
-89.77524752657793,47.900944211697215
-89.77532647984397,47.90089373524395
-89.77539243626896,47.90083736628285
-89.7754151324931,47.9008059285684
-89.7754285112331,47.90077078403643
-89.77543679642017,47.90069779847897
-89.77543112738937,47.90066242550454
-89.7753834035962,47.90052142590294
-89.77535968358298,47.900413932636006
-89.77535255175394,47.90034209269118
-89.775356971267,47.9003069476093
-89.77538772898626,47.900238464041024
-89.77548900261895,47.90007045938853
-89.77553559200258,47.900005983163624
-89.77556386763068,47.899975673961315
-89.77563127673922,47.89991912653493
-89.7757091229238,47.89986980512633
-89.77579358769123,47.89982404267576
-89.77588501061538,47.89978641097036
-89.77598544298176,47.899763513582265
-89.77620256637451,47.89974101132624
-89.77625388993444,47.899732644902144
-89.77630180701135,47.8997205612284
-89.7763440233565,47.89970234747312
-89.77637821735193,47.89967585773281
-89.7764651196711,47.899580248652086
-89.77665108174652,47.89952108544706
-89.77675072280141,47.899495815142366
-89.77696013963845,47.89946567977046
-89.77711063646686,47.899428133662376
-89.77716197186676,47.89941837354646
-89.77737205068978,47.899390439486
-89.7774735996172,47.899367629514046
-89.77761830661053,47.89932016576651
-89.77766586112601,47.89929899458463
-89.77770385742205,47.89927395261629
-89.7777185814536,47.89924327111303
-89.77770745630006,47.89920574762779
-89.77768919015432,47.899170764320004
-89.77763557378755,47.89910462647954
-89.77762006728979,47.89907214987175
-89.7776325930915,47.89904015401528
-89.77766988016118,47.89900882666095
-89.7776945655624,47.89897740955983
-89.77768590068231,47.898945361236
-89.77766261570727,47.898912997876174
-89.77751166230976,47.898758408273665
-89.77748948016615,47.89872656657065
-89.77747470634368,47.89869156965976
-89.77745484079557,47.89861619454293
-89.77745543766137,47.89857997289006
-89.77746689750563,47.89854750375621
-89.77749218532358,47.89851925325968
-89.77752936089087,47.89849382179325
-89.77757386173342,47.898470570338596
-89.77771276791542,47.898407735141184
-89.77776261328476,47.898391800407246
-89.77781308544242,47.89838600509091
-89.77786367005672,47.89839479307324
-89.77791493317146,47.89841007980456
-89.77796669727849,47.89842025066177
-89.77801939162167,47.89842001550251
-89.77812715655165,47.898409870637984
-89.7782288242908,47.898388117442245
-89.77827416889417,47.89836988467267
-89.77835434439633,47.89832027213188
-89.77838953351386,47.898292737561924
-89.77848339677993,47.898200418462146
-89.77851932513859,47.89817629327711
-89.77856247785843,47.898161747099905
-89.77861488591299,47.89816055852109
-89.77872768330765,47.89816612599663
-89.7788326779245,47.898150165831545
-89.77888436440766,47.89813880145107
-89.77897993931299,47.89810777457474
-89.77905058713654,47.89804357745346
-89.77907864052301,47.89805101205007
-89.77914942158702,47.89815862110293
-89.77917630748419,47.89819204278928
-89.77922277464806,47.89820093115866
-89.77927565857169,47.89820297497947
-89.77943923782604,47.89819201971989
-89.77948864247621,47.89817828932826
-89.77972367014279,47.89809140041945
-89.78012679124663,47.89791129851885
-89.78016203000097,47.897886002818815
-89.78018664663352,47.897854924716206
-89.78023695361809,47.8977496611057
-89.78026625257927,47.89772035726742
-89.78032232098259,47.897705733590456
-89.78035651117153,47.89772574283394
-89.78043354911942,47.89782689886543
-89.78046947990437,47.897850789822094
-89.7805162100547,47.89786488378758
-89.78062646172194,47.89787593113506
-89.78073397254416,47.897876090565
-89.78094703913801,47.89785821767323
-89.78132165610602,47.89785319804591
-89.78142804548116,47.897847140723506
-89.78153293089468,47.89783328301301
-89.78163661339855,47.897814665283725
-89.78178700582774,47.8977777145687
-89.78217617599695,47.89765640977902
-89.78226207556534,47.897614752147135
-89.78245575306667,47.897489645153804
-89.78254491911551,47.89745086912769
-89.78264114503529,47.89741865105121
-89.78279078998492,47.89737876354347
-89.78300089318216,47.89734821436544
-89.78309873070633,47.897316701539516
-89.78314367414454,47.89729463390997
-89.78317881107589,47.89726811601281
-89.78320055270221,47.897236640346634
-89.78321347291259,47.89720058749449
-89.78323832131576,47.897087065759465
-89.78325463790456,47.89705492456412
-89.78328179336987,47.897029830218166
-89.78332760022195,47.89701845019971
-89.78344552519384,47.897013143302416
-89.78349683431843,47.89700209191303
-89.78353721532069,47.89698076772663
-89.78357499527529,47.89695636972187
-89.78364499218392,47.89690129919658
-89.783775580719,47.89678434418316
-89.78389218090746,47.89666337326036
-89.7839624311497,47.89660976717651
-89.78412213633912,47.89651353045089
-89.78431320212385,47.896387682612634
-89.78451426203024,47.89626685394908
-89.78463913700452,47.89619867095063
-89.78472696477195,47.89615949818452
-89.78482337482738,47.89613067176025
-89.78487556155068,47.896121137586356
-89.78498312290672,47.896108614624
-89.78509016133019,47.89610239645185
-89.78531087636723,47.89611394946428
-89.78536389623913,47.89611378071509
-89.78541455430499,47.89610923847132
-89.78546210854374,47.8960987842345
-89.7855063338859,47.896082215937895
-89.78558740885204,47.896035925426425
-89.78570128174321,47.89595364695435
-89.78593074553163,47.89580191081462
-89.7860164069209,47.895758627911455
-89.78610669560354,47.895718840307296
-89.78620175417768,47.89568617766676
-89.78625126497296,47.89567367267288
-89.78635437584722,47.89565548955242
-89.78651288677051,47.89563418833009
-89.78661606311375,47.895615289462704
-89.7867143827753,47.89558705731215
-89.78690662716751,47.895522506595206
-89.78700750272245,47.89550156701221
-89.7872214628629,47.89548854306173
-89.78742876584646,47.895453003000604
-89.78780014973417,47.8954204901695
-89.78800947231822,47.89539147851505
-89.7881620826439,47.895357300828366
-89.78826011552044,47.89532845059577
-89.78830661699187,47.8953110589568
-89.7884372193873,47.895247350806955
-89.78848482768477,47.895232369814025
-89.78859025573799,47.89521823568314
-89.78869440705994,47.89519960182519
-89.78879731835721,47.89517769096104
-89.78884555503883,47.89516358757627
-89.78888963929204,47.89514267229705
-89.78891976631853,47.89511170699123
-89.78892893503485,47.895077657836936
-89.78892039016587,47.89482456435866
-89.78892845332446,47.89475230273733
-89.78894563801494,47.89468113172247
-89.78898242406353,47.89461446928586
-89.78906216064918,47.89451982603619
-89.78910479391351,47.894454226256116
-89.78913049112401,47.894384720698234
-89.7891933103786,47.894171838769104
-89.78922208910008,47.894102487512065
-89.78924310646296,47.89407005237979
-89.78930226597095,47.894010310751696
-89.78941097366159,47.893930073179696
-89.78953009934345,47.89385756288252
-89.78969957174188,47.89376970952911
-89.78992750847524,47.89367489602841
-89.79002434523343,47.893644878425754
-89.7901259374017,47.89362107465278
-89.79028292823438,47.89359629310774
-89.79038833069569,47.89359299025804
-89.79049497291042,47.89360035984793
-89.7907062750588,47.89362751521133
-89.79096518136947,47.89367303028103
-89.79107068071478,47.89368524457201
-89.79117753942812,47.89368999109822
-89.79129079361209,47.89368878229565
-89.79133646128022,47.89367532167112
-89.79136657572187,47.89364773376221
-89.79143236574467,47.89354087688378
-89.79146026718605,47.893512102235206
-89.79149838599798,47.89349457795604
-89.7915485442092,47.89349132747738
-89.79166417927243,47.89350098637882
-89.79171819402664,47.89349885388127
-89.79176740792582,47.89348583314703
-89.79181503686097,47.893465809533595
-89.79185606213053,47.89344047869681
-89.79188547665609,47.893411456578875
-89.79190477227944,47.89337927086486
-89.79195085028906,47.89323631434711
-89.7919681150013,47.89320249821189
-89.7919947088148,47.893171907033725
-89.79219934124586,47.893002557085445
-89.79222784661206,47.892972691897164
-89.79224964577152,47.892940910607614
-89.79226328595011,47.892906570755315
-89.7922782428204,47.89279760926419
-89.79227842004093,47.89268962586671
-89.7922683218862,47.892618028348515
-89.79223657873298,47.89251181055252
-89.79223619762189,47.8924762657537
-89.79224687900366,47.8924050118202
-89.7922811315683,47.892262347727325
-89.79243145168662,47.89220828524493
-89.79258919853072,47.892180175809024
-89.79263353135053,47.89216315344711
-89.79267063482483,47.892138577652204
-89.79273231735766,47.89207789205459
-89.79278531921922,47.892014972537005
-89.79289785831713,47.891850873252125
-89.79294777234081,47.89178703278675
-89.79297825472658,47.89175813078696
-89.79301488285142,47.891732635312074
-89.7931429284432,47.89166598731374
-89.79318197086025,47.8916415820232
-89.7932455815007,47.89158421495604
-89.79341624478732,47.89140076383146
-89.79352081448252,47.89131875700694
-89.79364506637893,47.89125090965001
-89.79382572507615,47.891173194427225
-89.79401687359366,47.89110735166053
-89.7941676906255,47.8910718939439
-89.79422012649063,47.89106757555954
-89.79427403192307,47.8910677864795
-89.79459604905844,47.891073820344936
-89.79464857403242,47.89106912999761
-89.79475236422313,47.89105204150369
-89.79490614737894,47.89101971443574
-89.79505725934166,47.89098218129347
-89.79515948217212,47.8909623138988
-89.795211944535,47.89095674099624
-89.79542611254578,47.89094880688032
-89.79563992556517,47.89093444890825
-89.79574569225773,47.89093804699771
-89.79585101983234,47.8909532411305
-89.7959523743828,47.890976756952426
-89.79605202143941,47.89100788419867
-89.79609663928312,47.89102833649497
-89.79613237964512,47.89105346293482
-89.79615725081509,47.89108479985018
-89.7962105265936,47.89119143539234
-89.79623790565843,47.89122031099258
-89.79627642501849,47.891241603878186
-89.79632241367355,47.8912575319623
-89.79653043338718,47.89130603966813
-89.79657602213568,47.891324930070425
-89.7966576688435,47.89137471279271
-89.79670280252515,47.89139047838712
-89.79675395821496,47.891396568619804
-89.79686354276824,47.89139351427543
-89.79696784070335,47.89137720753828
-89.79711609199974,47.89133325559108
-89.79716684982039,47.89132324172507
-89.79727444679415,47.891313612927604
-89.79738223810944,47.89131630095422
-89.79743233619821,47.89132448650829
-89.79747923737425,47.891341153079765
-89.79752332554368,47.89136347376362
-89.79760290160344,47.891413573747236
-89.79767259891034,47.89147252425759
-89.79771013349229,47.891497081858375
-89.79775339969227,47.891513054098745
-89.79780480869675,47.89152081461561
-89.79786111121918,47.89152216780249
-89.79791772166149,47.89151803635208
-89.79797005442926,47.89150934296602
-89.79801542101593,47.89149406826696
-89.79805570672609,47.89146934083464
-89.79812151057554,47.89140983105826
-89.7981588751712,47.891337562734776
-89.798183904765,47.89130778335285
-89.7982242980751,47.89129016856484
-89.79827433474188,47.89127970901927
-89.79832967330705,47.89127408185161
-89.79844091996954,47.89127008437062
-89.7986029292712,47.89129156935438
-89.79864794132195,47.891281689026634
-89.79868394019478,47.8912552351369
-89.7987172079515,47.89122294180839
-89.79875501929759,47.891196507929436
-89.79880198987361,47.89118346288888
-89.79890635439402,47.89117167791641
-89.79906990370486,47.891162457844416
-89.79928174899243,47.89113873549972
-89.79933309511118,47.891129504122695
-89.79943473707051,47.89110413214274
-89.79953291847458,47.891071408043864
-89.79957640513065,47.891051799846394
-89.79961075798009,47.89102796983257
-89.79963348112342,47.890955115936464
-89.79970557184082,47.89081965110257
-89.79974412158073,47.890713935438356
-89.79976682055987,47.89068237421089
-89.79983442077544,47.89062616516375
-89.79991697057174,47.8905798413984
-89.80010659897646,47.890512681102
-89.80023027834503,47.890442660285686
-89.80027421010438,47.890423050184054
-89.80032237345837,47.89040868879252
-89.80042476702914,47.89038757086396
-89.80052983405835,47.89037085696712
-89.80074635689996,47.890349075066524
-89.8007975759518,47.89034099494105
-89.80084442893886,47.89032816109745
-89.80088416014118,47.89030702336379
-89.80091673698055,47.89027787780256
-89.80097118128397,47.89021243903756
-89.80099321012088,47.89017783459028
-89.80102884258473,47.89010385791568
-89.8010522982876,47.890074023452236
-89.80108693268029,47.890055546844316
-89.80113957370787,47.89005221121519
-89.8011991717868,47.890060116668316
-89.80125148860759,47.89007422124625
-89.80128985536766,47.89009789808288
-89.80135667973117,47.89015825286834
-89.8014006034694,47.89017359395798
-89.8014522975678,47.89017785659521
-89.8017269190759,47.89017682748433
-89.80183203009942,47.89018535696004
-89.80188024380888,47.890197859792806
-89.80192560924536,47.89021557223882
-89.80209935563626,47.89030280792853
-89.80228684808587,47.89037452388345
-89.8023857782114,47.890399578676735
-89.8024928416477,47.89041528331028
-89.8025479183524,47.89041920127448
-89.80260201833539,47.89041909028746
-89.80265363655656,47.89041389581549
-89.8027019913319,47.89040279851911
-89.80279327413871,47.890366980625245
-89.80292709980311,47.890302562123765
-89.80302222480496,47.89026995886403
-89.80338099727783,47.890196564305135
-89.80353173975244,47.89015946704247
-89.80362794368496,47.890127550306545
-89.80375711674014,47.89006440665456
-89.80408648948399,47.889878088867896
-89.80416085803196,47.88982708659146
-89.80418823779708,47.889797132242165
-89.80423155405921,47.889731960542214
-89.80441950015576,47.88939059570459
-89.8044917614038,47.88929641695688
-89.80452354978048,47.88926925614982
-89.80456412239111,47.88924683265842
-89.80475493455248,47.88917433481052
-89.80485680131116,47.889143822940326
-89.8049005192094,47.88912479869384
-89.80493228835408,47.88909904961257
-89.80495414284321,47.88906756594575
-89.80498143638577,47.88899581631268
-89.80500372696496,47.88892389783294
-89.80502406589405,47.88881498180254
-89.80504151556404,47.88878253592139
-89.80507047766274,47.888753670765325
-89.80510827549166,47.888727680056725
-89.80519473736679,47.88868202683031
-89.80528350301549,47.88864187660436
-89.8054267402503,47.888592872121045
-89.80552790525724,47.88857032393367
-89.80594283786834,47.88849437197546
-89.80604048120253,47.8884672384529
-89.80613106760973,47.88842951191233
-89.80621509444929,47.88838364472944
-89.80629204867269,47.888333356442274
-89.80632640568459,47.88830576880051
-89.80645014434911,47.88818589959149
-89.80652209013543,47.88813452744123
-89.8065657062211,47.88811493100528
-89.80661474497066,47.88809960729173
-89.80677153461433,47.88806198516302
-89.80681939481559,47.88804646024164
-89.80686123976068,47.8880265596159
-89.80689523414343,47.88800093700922
-89.8069224480324,47.88797045489502
-89.80700713659817,47.88783156524526
-89.80703317723267,47.88780050226576
-89.80706552935312,47.88777406294525
-89.8071057088471,47.88775344235727
-89.80715239661436,47.887737782900125
-89.80736498789835,47.887694162733155
-89.8074147945097,47.8876803636114
-89.8074593441168,47.88766234747129
-89.80749689188468,47.88763860265484
-89.80752826382192,47.88760963074039
-89.80763642680496,47.88747959289487
-89.80767026255745,47.88745309982944
-89.80771078064852,47.88743243947694
-89.80780498292049,47.887402966470674
-89.80806820362568,47.88735306788855
-89.8082166574732,47.88731202012475
-89.80836106125204,47.887264997200106
-89.80873661097827,47.887127224692904
-89.80892904433918,47.88706229200985
-89.80901521960367,47.887021476164385
-89.80905198789014,47.886995840348675
-89.80925350337486,47.886824502923766
-89.80928941398618,47.8867978428921
-89.80932941541438,47.88677525437981
-89.8094228220883,47.88674335553134
-89.80978155788802,47.886665242245726
-89.80998427962474,47.886611500795844
-89.81008115407934,47.88657966734464
-89.81012347769638,47.886559798587264
-89.81015864712691,47.886535309655834
-89.81018275778655,47.8865031141929
-89.81021742906158,47.886430007599486
-89.81023926550554,47.88639744220044
-89.81027203881149,47.88637310476822
-89.81032128203192,47.88635924243872
-89.8103787244514,47.88635397166147
-89.81043355119928,47.886354943631865
-89.81048474474663,47.88636320308926
-89.81053486624954,47.88637867336178
-89.81058091079029,47.886398346233854
-89.8106200270003,47.88642411686318
-89.81068892942122,47.88648611514338
-89.81072888419092,47.886504576323
-89.81077625177483,47.886507719268316
-89.81082671752473,47.88650297253918
-89.81098749536642,47.88647011485659
-89.81104143152268,47.886462093375016
-89.81109430644199,47.88645986101395
-89.8111998371139,47.88646832454505
-89.81135844217299,47.88649033186015
-89.81160549222297,47.88645846459164
-89.8117024979324,47.886433329068424
-89.81174382929579,47.88641187209058
-89.81184682544163,47.8863219490536
-89.8118833431145,47.8862964443851
-89.81192552933312,47.886279674656556
-89.81197427647713,47.88627399491707
-89.81202761591435,47.88627632512882
-89.81213957090753,47.88628834562225
-89.81219397867653,47.88628977193748
-89.81235556811178,47.88628170208306
-89.81240727092745,47.88627393417484
-89.81245603325374,47.88626121621658
-89.81259095418736,47.88620134033182
-89.81263824510572,47.88618463733259
-89.81278823273242,47.88614502948706
-89.81283983409159,47.88613653695763
-89.81289492089682,47.886134836212705
-89.8130074008875,47.88613877105667
-89.81305566830636,47.886131371400786
-89.8130933625792,47.88611093946694
-89.81312267881114,47.88608107177345
-89.81317534046624,47.886013115680804
-89.81320828384612,47.88598501144061
-89.81325098917719,47.88596361106922
-89.81330119272891,47.88594563974547
-89.81335449401902,47.88593318840423
-89.81340649051603,47.88592845423889
-89.81345451226107,47.88593432227156
-89.81350110501414,47.885950818397035
-89.81359352250372,47.88599427297325
-89.81373574967103,47.88604582987806
-89.81378637654524,47.886055787199915
-89.81394842709268,47.886063395328996
-89.81400022569257,47.88606950665905
-89.81404674828657,47.88608487553572
-89.81412990416852,47.88613277397219
-89.81417879075443,47.88614499732977
-89.81434054938529,47.886157790845246
-89.81439232709079,47.886165072245134
-89.8144386317172,47.8861802900065
-89.81451695719828,47.88623145228218
-89.81456212553799,47.88625018596828
-89.81466328223277,47.88627683297975
-89.81471545640278,47.88628224229045
-89.81476834949586,47.88628263305742
-89.81487582795715,47.886274421387405
-89.81497992889159,47.88625757540046
-89.81507847035358,47.88622944257768
-89.81531542024672,47.88614470939236
-89.81540290469435,47.88610375739732
-89.81544393229657,47.886080074179965
-89.8155151467172,47.8860263933845
-89.81557023005105,47.8859636425634
-89.8155900321673,47.885929867853925
-89.81560151610168,47.885895648223915
-89.81560091702698,47.885860093237774
-89.81556921218476,47.88571608919044
-89.81555526407716,47.88568157386608
-89.81553322704946,47.88564871597104
-89.81545527006591,47.88555285661935
-89.815441909813,47.885519153877155
-89.81543367981864,47.88544138341622
-89.81543826790711,47.885402718858295
-89.81545028161054,47.885369061423866
-89.81547246736227,47.88534508565016
-89.81552238567785,47.885343163412614
-89.81558525939151,47.88534876064817
-89.81563799202041,47.885341128537476
-89.81572705958581,47.88529834523845
-89.8157737846844,47.88528248739109
-89.81582538123315,47.88527707852759
-89.81587967987214,47.88527763257393
-89.81598814802092,47.88528678068373
-89.81604015778004,47.88529955402906
-89.81606747154801,47.885327331476226
-89.81607994400447,47.88536429412176
-89.81610149060698,47.885396885583056
-89.8161387606414,47.885425659252185
-89.81618264515073,47.88545185316387
-89.81622946317715,47.88546698359309
-89.8162773429058,47.885466210998096
-89.81632880795028,47.885457521387195
-89.81643219129741,47.885425131598474
-89.8164783127921,47.88540473657671
-89.81651557651239,47.885381857048145
-89.81653672898265,47.88534839085271
-89.81656270286857,47.88523895624456
-89.81656374147036,47.88516674319789
-89.81655498922599,47.88513190905396
-89.81653470076839,47.885098144404616
-89.81650813977934,47.88506632596608
-89.81643610039436,47.88501201991855
-89.81640766303764,47.88498267263276
-89.81637952312322,47.88487621649749
-89.81635508980744,47.88484420287883
-89.81629579340134,47.88478266778407
-89.81627647562816,47.88475007536426
-89.81626748182856,47.88471532637971
-89.81626277244064,47.88464296738316
-89.81626990950144,47.88457020131886
-89.81627754791391,47.88453483991065
-89.8163251875124,47.884430921298275
-89.81633296549053,47.88439594454734
-89.81632871813926,47.88436045633677
-89.81630913515384,47.88428885541469
-89.81628180724238,47.88420956212195
-89.81627800609583,47.884174576043286
-89.81629654321532,47.88415057611975
-89.81633846503384,47.884137267633825
-89.81639457883571,47.88413078525179
-89.81651290805603,47.88412514496078
-89.81667467916837,47.884130299620296
-89.8167264855228,47.88412672169969
-89.81677386341869,47.88411129461
-89.81681937716627,47.88409047766394
-89.81686820130898,47.88407642519693
-89.8169759476061,47.88406788482703
-89.817026548941,47.88405859018685
-89.81707231144028,47.88404123796832
-89.81719901931388,47.88397346316805
-89.8174815566541,47.88380311475382
-89.81752243427839,47.88379815880689
-89.81755460652232,47.883832634253
-89.81756111233877,47.88386863113667
-89.81755521355643,47.88390450028718
-89.81753890759158,47.8839390305509
-89.81749243142404,47.88400488236588
-89.81747519700491,47.884038294046064
-89.81747280857749,47.884073404558116
-89.8174879543703,47.884181769933065
-89.81747920185605,47.88425505543967
-89.8174838561066,47.88428990485288
-89.81750151108712,47.88432319839753
-89.8175277683557,47.88435564333964
-89.81756063434024,47.88438531322632
-89.817640257443,47.88443206578073
-89.81773424971429,47.884468561958684
-89.81783349552308,47.88449547287164
-89.81793763449684,47.884511043471655
-89.81825889123445,47.884542245220416
-89.81836002440411,47.88456053689294
-89.81840274703298,47.884580173285954
-89.81847662960845,47.8846352202203
-89.8185200012637,47.88465501992535
-89.81862107083445,47.88467864533121
-89.81872692067697,47.88469274769623
-89.81883416332137,47.88470022293877
-89.81893989935274,47.88469441505657
-89.8191454398578,47.88465296160269
-89.81930252283831,47.884625707371605
-89.81935220070133,47.88461341825423
-89.81939826955421,47.88459696195357
-89.81943882059187,47.88457421778949
-89.8195139118507,47.884521376287154
-89.81959789212686,47.8844768020139
-89.81968843134517,47.88443842919576
-89.81983195292744,47.88439009832569
-89.81998496987602,47.8842895447933
-89.82007277866845,47.884248790564186
-89.82025927929834,47.88417768570315
-89.8203077754584,47.88416288228481
-89.82046012655921,47.88412818077987
-89.8205553224678,47.88409579781553
-89.8206472323344,47.88405863971667
-89.82077760869403,47.883996022993216
-89.82100957555072,47.88384660487823
-89.82109616778777,47.88380473100339
-89.82132552085277,47.88371184416225
-89.8215242468623,47.88365719506257
-89.82157147325887,47.88364100957801
-89.82165564389761,47.88359752517807
-89.82177416725322,47.88352385003513
-89.82186348647186,47.883484606088246
-89.82196035438265,47.88345343816167
-89.82206052573474,47.883427073729266
-89.82216359664433,47.88340665714362
-89.8222156339311,47.88340118883419
-89.82226862691954,47.88340121970768
-89.82242795093194,47.88341967359965
-89.82263509623104,47.88345718290055
-89.82273936686708,47.883471987589616
-89.82284565505375,47.88347940690515
-89.82295322991874,47.883480853861315
-89.82305994436649,47.883476339121394
-89.82322645157107,47.88346010205175
-89.82332733330475,47.88343950608342
-89.82336454993423,47.88342304350959
-89.82335937533495,47.883346660240115
-89.8233812342343,47.883239728542605
-89.82339919742375,47.88309566854362
-89.8233969613177,47.88306015672554
-89.8233878756347,47.88302469688201
-89.82337096797042,47.88298972237284
-89.8233468248424,47.88295746859624
-89.82331310003926,47.8829302722692
-89.82322848594012,47.882883336389874
-89.82319874633687,47.88285509080163
-89.82318071160331,47.88282132578077
-89.82316647993433,47.88274845413244
-89.82317172883171,47.88270828708162
-89.82319569010198,47.88267692331387
-89.82323679506369,47.882681140157445
-89.82333803822935,47.882721168979714
-89.82350002874347,47.88275485176422
-89.82354997509718,47.882756143775204
-89.82359606389147,47.88274326457236
-89.8237696935936,47.88264992835823
-89.82381436814141,47.88263029250537
-89.8238619209631,47.88262016320603
-89.82391440019178,47.88262486686313
-89.82401949833191,47.88264693499814
-89.82416706191603,47.88268945212515
-89.82426173662515,47.88272287096084
-89.8243975795597,47.882780378300254
-89.82452646459667,47.88284606557051
-89.82456152250344,47.88287241355976
-89.82458814940745,47.88290294320445
-89.82468774597675,47.88307105059449
-89.82473634930251,47.88313538068436
-89.82476544042858,47.88316621733387
-89.8247999305462,47.88319330360765
-89.8248408839261,47.88321538428992
-89.82507502400024,47.88330407277235
-89.8251709193621,47.88333580859097
-89.82532256717307,47.883371203580445
-89.82547908088927,47.883394092149416
-89.82590261856444,47.8834358925458
-89.82606362798877,47.883445325373
-89.8261702037421,47.88344318397223
-89.82622171647844,47.88343601387951
-89.82632288289865,47.88341260330217
-89.82651879955232,47.883350172434355
-89.82661633215656,47.883315053252794
-89.82665976871168,47.883294658652794
-89.82669665337923,47.88327146246996
-89.82672092136494,47.88324158432328
-89.82673108240361,47.88320467801946
-89.82672877352952,47.88313077450143
-89.82669871799438,47.88305943591077
-89.82669382165544,47.88302457068976
-89.82671768488883,47.88295289594664
-89.82675905501395,47.882881657960425
-89.82678525910498,47.882850827177755
-89.8268146937393,47.88282569967769
-89.82686191281786,47.88281798862277
-89.8269220459637,47.88282676858099
-89.82697295421173,47.882840171474854
-89.82701665163482,47.88286192447833
-89.827054112703,47.88288821121881
-89.8271422860801,47.88297835557233
-89.82721301227826,47.88303230994415
-89.82729005238693,47.883131978934415
-89.82731895160242,47.883161551642914
-89.82735479989618,47.88318442638317
-89.82740011583903,47.883199476228995
-89.82745273937739,47.88320835047722
-89.82750899676213,47.8832125494546
-89.82761820972095,47.88321227301274
-89.82766996301947,47.88320495232574
-89.82807947275396,47.883117768742956
-89.82829198583562,47.88308366366194
-89.82838962818711,47.883058404644544
-89.82843164413877,47.88303927876673
-89.82846605296322,47.883012977764096
-89.82855402779649,47.88291896662253
-89.82872376157921,47.882780026691194
-89.82886155920747,47.882625875090284
-89.82893156750148,47.882571887356775
-89.82904444892526,47.882494805336925
-89.82914802127257,47.882412453058194
-89.82931505670578,47.88227179365655
-89.82947361597564,47.882124932045755
-89.82954627122602,47.88207403900381
-89.82958836752013,47.8820533220053
-89.8296855775193,47.88202267303579
-89.82983803606243,47.881984696768356
-89.82999111637682,47.88195221864771
-89.83019264927898,47.881902882111945
-89.83029031169876,47.88187398336524
-89.83038380794571,47.88183904742422
-89.83047390991531,47.8817991933531
-89.83055701831259,47.881754112256786
-89.83059274317218,47.88172705581536
-89.8306789983171,47.88162925294983
-89.83071744418521,47.88160921681553
-89.83076512032095,47.881600208959554
-89.83081687508518,47.88159645526099
-89.83104225142434,47.88160479276477
-89.83115079844426,47.88160313134996
-89.83120024774462,47.881595882728014
-89.83124496867792,47.88158236851251
-89.83128444620418,47.88156187769391
-89.83131982489472,47.88153590604629
-89.83151547267802,47.88134507937417
-89.83155344007388,47.88133010922525
-89.83159323078635,47.88134423549296
-89.8316330794177,47.88136564601306
-89.83175642216344,47.881445620391844
-89.83179995184298,47.881468206029204
-89.83184844786499,47.88148355873712
-89.83195461101658,47.881504069301776
-89.83199860799822,47.88152123250084
-89.83203004412523,47.88154808617745
-89.83210107192888,47.88164751695463
-89.83216431435648,47.88170629381494
-89.83223458454924,47.881761156283076
-89.83227394260051,47.881784876879976
-89.83236207747224,47.88182660553209
-89.83245853631809,47.88186152828876
-89.832558165579,47.881884122747806
-89.83260943030761,47.881885323122944
-89.83277034554366,47.881864019440705
-89.8329927410146,47.881845442004284
-89.83309876109995,47.881845760228636
-89.83314672920643,47.88185333063055
-89.83318980293654,47.8818679757397
-89.83322787490944,47.88188999756607
-89.8332623297817,47.88191743161048
-89.833358301932,47.88201180718503
-89.83349794600747,47.88212667421277
-89.83353712867753,47.88215007481912
-89.83358143854936,47.88216602895561
-89.83363216476053,47.88217595881358
-89.83374360305241,47.88218285970483
-89.83384943395157,47.88217577607674
-89.83388902451247,47.88215446778694
-89.83402290477106,47.88203747079089
-89.83406403472615,47.88201533447798
-89.83415445393781,47.88197556863698
-89.83425071622763,47.88194253954784
-89.83435118099553,47.88192089181226
-89.83440475526317,47.881915872937554
-89.83451354404392,47.88191667604874
-89.83456586601226,47.88192191053435
-89.83466846585458,47.88194118503967
-89.8348669864364,47.881997322955385
-89.83505557519567,47.88206781467247
-89.83510517576899,47.882078694568904
-89.8352095949647,47.88208803548262
-89.83531768501295,47.882087586072025
-89.8354792425606,47.88208060157682
-89.83569150813894,47.88206141965945
-89.8358473834476,47.88203678582626
-89.83625782029941,47.8819532941828
-89.8363586868538,47.88193000330643
-89.83645364323493,47.88189813980926
-89.83658499531283,47.88183521420166
-89.8367454200502,47.88173911186894
-89.83678858551372,47.881718530395695
-89.83688576167908,47.881688252404516
-89.83704079109792,47.8816524009563
-89.83713636073576,47.881622386896574
-89.83717783723993,47.88160204877852
-89.83721071174624,47.881574747859105
-89.83729036778061,47.88147726586319
-89.83732465771355,47.881450738078556
-89.83736937648918,47.88143208139416
-89.83747375595438,47.881406093326085
-89.83752131420228,47.88139006105006
-89.83755862118548,47.88136674351236
-89.83761545537729,47.88130617290421
-89.83765742076743,47.88123769281564
-89.83767432197979,47.8812035356569
-89.83768239747168,47.881166964046976
-89.8376895380675,47.88109190258971
-89.8377024777953,47.88105848237088
-89.83772965169739,47.8810307437633
-89.83776711512218,47.88100730544527
-89.8378112157122,47.880986684396994
-89.8380447604964,47.88088981376777
-89.83808834784386,47.88086895289597
-89.83812595825236,47.880844269138926
-89.83824003520992,47.880722243250744
-89.83827640450446,47.88069619273701
-89.83839790717857,47.8806250316508
-89.83846976153747,47.8805722337038
-89.83873515048083,47.88030191171921
-89.83883706055903,47.88021816964221
-89.83891337347197,47.88016806919537
-89.83900003488168,47.880126056347834
-89.83913953006507,47.88007230316537
-89.83933203698905,47.88000946811535
-89.83947990110049,47.87996743751476
-89.83969951439767,47.87986497241373
-89.83979197647157,47.879829098314545
-89.84022537761624,47.87968799876848
-89.84031880748668,47.87965115975717
-89.84040340075579,47.87960669433419
-89.84043544559475,47.879579255047524
-89.84048159429862,47.87951355067253
-89.84050871357599,47.87944347361854
-89.84051414154848,47.87937107938202
-89.84049955976886,47.879300067026534
-89.84038153204754,47.8790989055276
-89.84034964141877,47.87898678254094
-89.84034433817637,47.87895123067793
-89.8403482200468,47.878879756157076
-89.84036286247668,47.878808119695364
-89.84040725913229,47.87866673982027
-89.84043755784322,47.878597412849174
-89.84047981766638,47.878531988631735
-89.84053427366136,47.87847032728048
-89.84078615442648,47.87823177376219
-89.84085900587498,47.878181377126005
-89.84090108842817,47.87816331809105
-89.84095046516882,47.87815437914287
-89.84111666835787,47.87814763472474
-89.84116866395271,47.87813855468633
-89.8413206864619,47.87809779867377
-89.84137129446584,47.87809262816046
-89.8414218986293,47.878097341651305
-89.84157395727784,47.878138259118515
-89.8416259942567,47.87814599543908
-89.84184130101995,47.8781485016421
-89.84189234363484,47.87815685178933
-89.84194478128865,47.87817117422053
-89.84199270468676,47.87819107702075
-89.84202848405522,47.87821639491467
-89.84204871282637,47.87824695143369
-89.84208115498404,47.878392162101605
-89.84211865495861,47.87845950439985
-89.84216971829075,47.87852311783731
-89.84223176677006,47.878581345381605
-89.84233506962596,47.87866430268532
-89.84239898669387,47.878721898582775
-89.84250529091358,47.878847094060326
-89.84256403992143,47.878906889205126
-89.84271945354543,47.879010348500174
-89.84275262056299,47.879037500788975
-89.84277726435668,47.879067224027686
-89.84278579211892,47.87910179272414
-89.84277772884512,47.87917798286871
-89.84278083211636,47.879213435070504
-89.8428021260406,47.87924315899964
-89.84284345309999,47.87926672597409
-89.84294142831973,47.87930188678927
-89.84304230106996,47.87932612776666
-89.84324933499103,47.879367636141
-89.84335366654967,47.87938011257829
-89.84340601725027,47.87937906615505
-89.84351120927265,47.87936224380023
-89.8436117584703,47.879337193552885
-89.84375171245841,47.8792838272383
-89.84384113872085,47.87924429049628
-89.84392506993728,47.879199636370174
-89.8440045757651,47.879151353856265
-89.84411109484645,47.879070631765046
-89.8442019097053,47.87898180116387
-89.84444381696223,47.87866089768626
-89.84463394041093,47.87844335718566
-89.84469737058448,47.878385742944765
-89.8447393186276,47.878360668380154
-89.84478674119815,47.878345521821736
-89.8448388414571,47.8783420694167
-89.84489425373432,47.87834617429755
-89.84494644308022,47.87835666535048
-89.8449913476353,47.87837535579799
-89.8450735587951,47.87842588649398
-89.84511898509676,47.878441594293605
-89.84516974101254,47.87844581236834
-89.84522311807746,47.87844401612894
-89.84538680490671,47.87843206986661
-89.84543830030287,47.878436364503564
-89.84553039980189,47.878475779759796
-89.84557949120553,47.87848642017646
-89.84568724637388,47.87848008090006
-89.84589659704554,47.878509355652575
-89.84600300363729,47.87851542245781
-89.84616376964786,47.87851728109534
-89.84627358700116,47.878509704646696
-89.84632639723016,47.87850978926259
-89.846375439994,47.878518132227306
-89.84642134223752,47.878535533767554
-89.84646419148184,47.878558961585675
-89.84653856336048,47.878612096225076
-89.84656788852521,47.87864224191977
-89.8466151302715,47.87870738656211
-89.84666528427273,47.87881014241532
-89.84669046417163,47.87884161730695
-89.84675061768148,47.8789016212681
-89.84682115713767,47.878955365965716
-89.84694788410137,47.87902198753879
-89.84706489768548,47.87909605415154
-89.84710656760639,47.879118309866925
-89.84729028185915,47.87919205623887
-89.8474617726834,47.87927800978648
-89.84759399830023,47.87933909391189
-89.84782369484074,47.87943095280098
-89.84811106874204,47.879527431260534
-89.84821124145044,47.879551927095285
-89.84836593649155,47.87958117636081
-89.84852309860791,47.87960277181024
-89.84868220505741,47.879615955458156
-89.8490032579372,47.879633863793714
-89.84911029081822,47.879636652237494
-89.84921543961555,47.87962868833968
-89.84931803809849,47.87960443814717
-89.84936471252944,47.879587251354565
-89.84940629510837,47.879565703967764
-89.84944363396319,47.879539573823166
-89.84954474273904,47.87945481116873
-89.84967120791657,47.879338701488415
-89.8498160458843,47.87923256522719
-89.84990747832555,47.879143736722796
-89.84998433713758,47.879048711277996
-89.85002156658724,47.878981505200024
-89.8500544897931,47.87887478539317
-89.85005881837343,47.878839470432375
-89.85005285084584,47.87880380007695
-89.85003511321034,47.87876875694094
-89.85000997734417,47.87873755356206
-89.84996933837338,47.87871329276004
-89.84993632615502,47.87868523080104
-89.84983658346948,47.878557815062166
-89.84971858220317,47.87843757636016
-89.84967435687093,47.87837259251627
-89.84962336779775,47.87826992821651
-89.84955711647348,47.87816995960239
-89.8495091835946,47.878104142671
-89.84945179746319,47.8780446818755
-89.84941737509712,47.878019144730466
-89.8493750882902,47.87799917228795
-89.84917642546542,47.877938754546655
-89.84891013755502,47.87781843864277
-89.84868285867725,47.877665364072094
-89.84864682280252,47.8776390079098
-89.84861663662743,47.87760995983202
-89.84846287056247,47.87737999767343
-89.8482961851124,47.877114920190586
-89.84824424168202,47.87701185112647
-89.84823223359146,47.87697674129821
-89.84822760371173,47.87694150202471
-89.84822975927807,47.87690606925893
-89.84824545002272,47.876834725783674
-89.84829214203981,47.87669358763612
-89.84835407250497,47.87655566003936
-89.84841314673834,47.876455656908995
-89.84859552181688,47.87623562936198
-89.84871489094441,47.87611621930111
-89.84885206205576,47.87600567844435
-89.84901145989001,47.875908556192506
-89.8490971712282,47.87586535506452
-89.8491422849909,47.87584687184953
-89.8491903328673,47.87583236007838
-89.84939907586879,47.87579557104108
-89.84944590661165,47.875779705704794
-89.84948927278076,47.875759226040174
-89.84960774142024,47.87568478302822
-89.84971040810002,47.87560117247448
-89.84974833614153,47.87557641344971
-89.84979133511422,47.87555566152502
-89.85002354926512,47.875465602981016
-89.85015629023529,47.87540470774175
-89.85024745674097,47.87536754427244
-89.85034459021274,47.87533755789945
-89.85054485995485,47.875286502708384
-89.85069821842629,47.875255002257084
-89.85101338237469,47.875214867430586
-89.8512209519428,47.875180095740404
-89.85132688095939,47.87517160924609
-89.8514871568726,47.87516460582722
-89.85199291591864,47.875032263783005
-89.85223749199723,47.87495978343078
-89.85244217202937,47.87491203129648
-89.85248854532978,47.87489593565062
-89.85252929871493,47.87487484957768
-89.85256267367794,47.87484730869887
-89.85262119840426,47.87478484821987
-89.8527537021447,47.87467173940796
-89.85284421106196,47.87458232778567
-89.85290959842551,47.87452575039568
-89.85322171125532,47.874328332280264
-89.8533034666464,47.87428227982976
-89.85344043828886,47.8742270490809
-89.8538726444214,47.87408044810476
-89.85396496361244,47.87404489761186
-89.85400760126352,47.87402449468688
-89.85404205991718,47.87399794512336
-89.85409531961936,47.87393316552409
-89.8541300220292,47.873906965903565
-89.85417353524792,47.87388706595134
-89.85432262328837,47.87384392846392
-89.85452958274104,47.87380732894457
-89.85463191785193,47.87377894721833
-89.85468267598317,47.8737691149196
-89.85473298774458,47.8737692044943
-89.85478285443104,47.873778816103545
-89.85493121681608,47.87382639510608
-89.85508206563074,47.87386521966738
-89.85517341842511,47.8739008562027
-89.85525121909987,47.87395127297561
-89.8552845702421,47.873979290873656
-89.85535483330281,47.87407637448525
-89.85544241874575,47.87416754757121
-89.85549287417933,47.87423051370255
-89.85552512196978,47.87429892083039
-89.85557139804595,47.874440855398966
-89.85561034333975,47.87450625095628
-89.85564217488975,47.87453533456968
-89.85568091369338,47.87456151041577
-89.85576669653841,47.874604873904644
-89.85586006534349,47.87463964635968
-89.85624405711725,47.87476778355016
-89.85643105003889,47.87483833517547
-89.8564793653673,47.87485325356947
-89.85658047829483,47.87487552475271
-89.85699584608243,47.87494619704326
-89.85715288386011,47.874967238434344
-89.85736595869794,47.87498017630307
-89.8577409826154,47.8749825255159
-89.85784588928223,47.87497255784149
-89.85794793414307,47.874950290666554
-89.85804666932847,47.87492244655848
-89.85813962395532,47.87488666177393
-89.85838465009344,47.874814150371876
-89.85847800978125,47.87477979094298
-89.85864990523376,47.87469387203795
-89.85878423142198,47.874632752581014
-89.85887823677828,47.8746000280776
-89.85892966896928,47.87459115392495
-89.85898479202848,47.874589159472116
-89.8590384380506,47.874593151363044
-89.8590891686144,47.87460469830442
-89.8591351609433,47.874625961796184
-89.8591638480503,47.87465398846924
-89.8591860857439,47.874725954505195
-89.85923013236538,47.87480187651878
-89.85925111976951,47.87482889540183
-89.8592869616824,47.87473550738313
-89.85930907321121,47.874702813023994
-89.85933889371881,47.874672571863435
-89.85937506157987,47.87464445293737
-89.85941796135982,47.87462442226213
-89.85946723241432,47.874612420426
-89.85952048174214,47.87460488287322
-89.85962848401172,47.87459986690523
-89.86016072822262,47.87464041888465
-89.86026721877228,47.87464479051066
-89.86037357187934,47.87464375334581
-89.86053301017952,47.874632406675424
-89.86074483802093,47.874609840062654
-89.8610598458857,47.87456906049868
-89.86131754501143,47.87452136580145
-89.86146965685442,47.87448572080207
-89.86156664364943,47.8744560140185
-89.86165348596886,47.874414831331926
-89.86190131269078,47.87427586277279
-89.86194569673712,47.87425661441496
-89.86204407569022,47.87422914938473
-89.86220199800552,47.87420836312732
-89.86241615921223,47.87420358183924
-89.86257709743997,47.8742043007601
-89.86268284927276,47.87419659447939
-89.86278841259907,47.87418254441366
-89.86289182197282,47.874163036649385
-89.86298968463251,47.87413573111181
-89.8631698885357,47.87405736478946
-89.86335433085706,47.873983276568765
-89.86344863413169,47.87394949628157
-89.86354725744557,47.87392342717672
-89.86365268300013,47.87390898111512
-89.86375931885796,47.873902205098915
-89.86397331675406,47.87390571915764
-89.8640258769968,47.87389998304248
-89.86418222261466,47.87387355812237
-89.86423492139879,47.87386928072571
-89.86434160636487,47.87386736831105
-89.86450248077924,47.87387229234735
-89.86466162461821,47.87388519197017
-89.86476643996146,47.87390092438788
-89.86486833762245,47.87392253776016
-89.86511003741448,47.87399948416756
-89.86536641479132,47.87405037412158
-89.86565991944734,47.87413752803007
-89.86581240897345,47.8741716874624
-89.8659681286782,47.87419842876112
-89.86607328373385,47.87420899578756
-89.8661798067687,47.87421311868209
-89.86698239445471,47.87421968374002
-89.86719678909697,47.8742184796194
-89.8673027727679,47.874224451918785
-89.86766714886157,47.87428228719169
-89.86850527149159,47.874397553322524
-89.86871628467303,47.874419941115384
-89.86914365184705,47.87443965874115
-89.86925049810365,47.87444094378246
-89.86935676540314,47.87443739148345
-89.86946223892656,47.87442608401367
-89.87009149423558,47.87434015309097
-89.87046348843465,47.87431198618876
-89.87056896851806,47.87430092755839
-89.87124540182475,47.87419305350695
-89.87145439986286,47.87416286230744
-89.87156033268285,47.87415276255841
-89.8717222857596,47.87414762616896
-89.87182709726633,47.87413733283939
-89.871877310206,47.87412683459788
-89.87197468983983,47.87409828807136
-89.87225567769488,47.873991506808565
-89.8724839094971,47.87389779546526
-89.87288030825367,47.873714443320814
-89.87320169210992,47.873585449106166
-89.87354966083214,47.87341809153272
-89.8736847834859,47.873360179113114
-89.87414774159848,47.87318021460681
-89.87464645183192,47.87296999832665
-89.8748305845996,47.872897367700936
-89.87492670714289,47.87286645965485
-89.87512784708896,47.872816557577906
-89.87543937559799,47.87270630237577
-89.87553214872096,47.87267042026262
-89.87571144332485,47.872589501775956
-89.87580545859917,47.87255725976656
-89.8759069587791,47.87253864111965
-89.87612139486386,47.87252224933314
-89.87622714765081,47.87251073478382
-89.87643854455821,47.872487145787375
-89.87664765594859,47.87245795781086
-89.87674959808648,47.87243728818742
-89.87694758080531,47.87238208454648
-89.87724818755213,47.872305572164024
-89.87734380680666,47.87227414650292
-89.87743524101252,47.87223734017912
-89.87770119501336,47.87211599115686
-89.87815630909508,47.8719273440685
-89.87850668536093,47.87176236653292
-89.87877312653573,47.87164178437415
-89.87885851791009,47.87159874963627
-89.87893919744081,47.87155180168882
-89.87916954288767,47.871401233547545
-89.87925267181913,47.87135628564587
-89.87951689469324,47.87123366223894
-89.87986169615532,47.8710634701148
-89.88012879287997,47.87094332790271
-89.88021486626432,47.87090092232741
-89.8803764857893,47.87080670692211
-89.8805267579944,47.87070376353681
-89.88059579295079,47.870649190380504
-89.88065779701411,47.870590907518334
-89.88071427278626,47.87052960752744
-89.88125557591198,47.869908895005906
-89.88139903274156,47.869715862285986
-89.88160149487176,47.869462297024924
-89.88171502791347,47.869340548550646
-89.8819028669019,47.869165196661115
-89.88201769828139,47.869044272455966
-89.88215122723992,47.86884782317653
-89.8822002016139,47.868783955567395
-89.88230796260437,47.868659692632384
-89.8824817567935,47.868478228672274
-89.88273671341713,47.86824710088091
-89.88279694635136,47.86818775964845
-89.88312666511628,47.86781758834969
-89.88337885326813,47.86758518014939
-89.88362043769995,47.867346557635955
-89.88368635991769,47.86729033817892
-89.88375816354778,47.86723768659647
-89.88391242922455,47.86713754609169
-89.88407723450459,47.867044418826396
-89.88425007548614,47.86696016427517
-89.88434111155921,47.86692257267371
-89.88443729070129,47.866889348876086
-89.88453694326736,47.86686095098452
-89.88463839858528,47.86683783687125
-89.88474090273547,47.86682195614976
-89.8848472442518,47.86681823878474
-89.88506331970828,47.86681916438445
-89.88538271718852,47.86679719302105
-89.88559635816439,47.86679276782072
-89.88581089642474,47.86680023353157
-89.88591582686747,47.86681155393578
-89.88601784362407,47.86683107092964
-89.8862175397795,47.866884314160856
-89.88652137895981,47.86695730529305
-89.88662361120382,47.86697923554923
-89.88672687001596,47.86699588703993
-89.88683169161231,47.8670047985622
-89.88693836341739,47.8670066363442
-89.88704595265466,47.86700335592093
-89.88725984712154,47.866989051072764
-89.88747147064814,47.866966984704554
-89.8875763250613,47.86695204137881
-89.88778174607013,47.86691328539093
-89.88788192289388,47.866887982060774
-89.88807908087182,47.8668315579893
-89.88827274892981,47.86677025144322
-89.88855213041518,47.866662045380075
-89.88863932834984,47.86662043622341
-89.88879800314555,47.86651716470255
-89.88887678076478,47.86645836049224
-89.8889463722223,47.86639865442026
-89.88899891132812,47.866340979078686
-89.88901492191005,47.86629015951576
-89.88890463813145,47.86625780804539
-89.88882292827249,47.86620632784879
-89.88875971906839,47.86613800411918
-89.8887093332514,47.866066494844894
-89.88869181603057,47.866001536584626
-89.88873722025826,47.86595270127795
-89.88896347812712,47.86588349561794
-89.8890095589093,47.86583625595253
-89.88898884907645,47.86577543043637
-89.88893429210107,47.865708126557486
-89.8888074453364,47.86557575116632
-89.88866714931035,47.865460758786774
-89.88862474263833,47.86539918155711
-89.88862079825687,47.86533010379584
-89.88864011970102,47.86525718508744
-89.88872238195701,47.86503520811255
-89.8887565537945,47.86496232929158
-89.88880644067072,47.86490442898505
-89.88888161352817,47.86487337406641
-89.88898606858454,47.86487283253164
-89.88910390629927,47.86488391156681
-89.88921774428208,47.86488612716588
-89.88931754752826,47.864865008871455
-89.88941164100211,47.864828718675916
-89.88949972654927,47.864785286237606
-89.8895805429503,47.86473878554383
-89.8896538544308,47.86468593576825
-89.88972191394562,47.8646299676416
-89.88978222823714,47.86456980480725
-89.88983691742557,47.86450620060606
-89.88989759474356,47.864447532703394
-89.88997642860808,47.864398315872364
-89.89007569065767,47.86435210774492
-89.89017735710529,47.86432864974721
-89.89026560665211,47.86434521120345
-89.89034770839744,47.86438369139507
-89.89058728025007,47.864543900750526
-89.89067158470446,47.864589607494985
-89.89094147312954,47.864706880904606
-89.89102979451015,47.864747281813294
-89.8911135856806,47.86479150618934
-89.8911926913152,47.86483964598228
-89.89165017011032,47.86514289351297
-89.89180643016513,47.86524101844309
-89.89197046583215,47.86533307760012
-89.892224918139,47.865464633958254
-89.89239034584342,47.86555571066871
-89.89270933037838,47.86574738714422
-89.89301968170123,47.86594565532345
-89.89316213024028,47.8660525504575
-89.89342080018584,47.86628190047524
-89.89362411497508,47.86644968295717
-89.89376627688101,47.866557329496416
-89.89384254125363,47.866607125978355
-89.89392538465616,47.866651765006175
-89.89419794113219,47.86676731702427
-89.89428317887057,47.866810383333465
-89.89436368574368,47.866857684342
-89.89451509680487,47.86696003488602
-89.89458513413385,47.867014392003576
-89.89464844445203,47.86707215475651
-89.89475755539708,47.86719754518288
-89.89481689449065,47.867257127022405
-89.89488787657423,47.867309585951205
-89.89496770330909,47.86735650954954
-89.89505275916831,47.86740014697947
-89.89531372686407,47.86752791774036
-89.89571802826275,47.867763313326996
-89.89597345176631,47.8678957608469
-89.89614965621304,47.8679784084795
-89.89624095132582,47.86801484380282
-89.89633541043533,47.868046070640375
-89.89643641888208,47.86806746725257
-89.89696513315052,47.86813607547117
-89.89707107155562,47.868142373500156
-89.89728421742613,47.86813916047919
-89.89771101157733,47.868113496225625
-89.89823961137975,47.868058870714414
-89.89844944608375,47.86803143669927
-89.89855279803126,47.86801349493461
-89.89875708434016,47.86797062087358
-89.89916495959075,47.86787372962529
-89.89926538642999,47.8678468797189
-89.89935981854228,47.86781516346767
-89.89944494108141,47.86777605438717
-89.89951519319655,47.86772306752642
-89.89957225494943,47.867659753687185
-89.89962018605894,47.86759318090743
-89.89965773518699,47.86752553847455
-89.89970353920737,47.86737918362441
-89.89973518506977,47.867311000138045
-89.89978838080451,47.8672533113623
-89.89986181802176,47.86720525526434
-89.89994755356302,47.86716316312298
-89.90004124350915,47.86712519610358
-89.9003281972053,47.86701857749999
-89.90080606421893,47.86685724651753
-89.901646403264,47.866542024374375
-89.90179598878731,47.866363904815394
-89.90184103764983,47.866299201525656
-89.90187234039105,47.866231812785756
-89.90188503007293,47.866160824202545
-89.90189397767895,47.866015449081935
-89.90192736420026,47.8658006116639
-89.90198578392808,47.86558780686374
-89.90204099740637,47.86544851478033
-89.90212443427725,47.865313073273775
-89.90217960603829,47.86524689874864
-89.90224606962663,47.865191819149246
-89.9023281371838,47.865157279210514
-89.90243435967156,47.865148508637176
-89.90265697063201,47.86515896561659
-89.90276264952104,47.865171200803964
-89.90286681943677,47.865189091687995
-89.90296822355788,47.8652114042026
-89.90326689720143,47.86529067230312
-89.90337008612362,47.865308398887784
-89.90368589357848,47.865347296150496
-89.90399686843003,47.86540048570357
-89.90410186601619,47.86541359369955
-89.90431450012349,47.86543231587179
-89.90442107347336,47.865435814623446
-89.90463429550144,47.86542831198817
-89.90495184535006,47.865396535051524
-89.90526498710493,47.86534937573211
-89.9059895986694,47.86522372747954
-89.9064000365378,47.865142712937825
-89.90681957923947,47.865085288186684
-89.90703116716062,47.865064766505014
-89.90713721107501,47.86505794053458
-89.90735141718687,47.86505466487841
-89.90756514551516,47.865064723717296
-89.9076703025696,47.86507582644843
-89.9079820722046,47.86512913839988
-89.9080871694438,47.865140773563304
-89.90819334679219,47.86514676615154
-89.90894226319753,47.86515991286322
-89.90915520529316,47.86514910024996
-89.90936688078622,47.86512718672776
-89.90967878938893,47.86507747311752
-89.91008798721832,47.86499360645482
-89.91048929730876,47.86489364009674
-89.91068589615881,47.86483717974597
-89.91078131413609,47.86480513341028
-89.91114926790938,47.86465827202768
-89.91124273905695,47.86462309285551
-89.91153152613717,47.864524920153166
-89.911622667123,47.86448816875884
-89.91170716377059,47.864446064982694
-89.9117839062471,47.86439667924095
-89.9118535793746,47.864341206564625
-89.91197447709666,47.86422075148126
-89.91207973620324,47.864092282239874
-89.91212062337144,47.86402445144033
-89.91214509004533,47.86395595361611
-89.91214691132946,47.8638864995561
-89.91212779399996,47.863814992763885
-89.91209520216849,47.86374391776009
-89.91205662912726,47.86367584529681
-89.9120080227615,47.863612431104656
-89.91189041000516,47.863490979429
-89.91184107130559,47.86342738493499
-89.91180059081987,47.86336088460271
-89.91173413444866,47.86322363465867
-89.91168363004003,47.863083711891555
-89.91166335672649,47.86301262562931
-89.91163928011899,47.862869765808306
-89.91163774183048,47.862797407316336
-89.91164572971152,47.86272416490996
-89.91166816400447,47.86265379035889
-89.91170875012746,47.86258895098034
-89.91176341167548,47.86252738621572
-89.91182675056702,47.86246817951077
-89.91209712442313,47.86224268276783
-89.9121706476245,47.862190345694735
-89.91224871646506,47.86214192434518
-89.91233289722688,47.86209793324332
-89.91242283455352,47.862058091387986
-89.91251673501651,47.862022422149735
-89.91261280519424,47.861990948904506
-89.9127119804144,47.861965434265464
-89.91281519939378,47.861945956602064
-89.91312893761629,47.86189836099016
-89.91333936640089,47.861872519950175
-89.91355099147209,47.86185259830437
-89.91418813085693,47.861802387837784
-89.91450532659003,47.8617711050855
-89.91492406750912,47.861712797984275
-89.91523645450829,47.861661973997116
-89.91544646788066,47.86163810188934
-89.91566043951113,47.86163359300033
-89.91587421087401,47.86164037775655
-89.91598074742708,47.86164786177951
-89.91608659859668,47.86165866437046
-89.91629655975382,47.86168781910471
-89.91640065069636,47.86170578210641
-89.9165020641407,47.861727983053
-89.91659962227865,47.8617563192608
-89.91669332685983,47.86179217795332
-89.9167811015683,47.86183415010731
-89.916860594137,47.86188138781753
-89.91693180319115,47.861935054489784
-89.91713223967865,47.86210482157054
-89.91725684592981,47.86222170900415
-89.91735574362063,47.86234897253009
-89.91743668438701,47.86248263566387
-89.91746941067105,47.862550955464975
-89.9175136911973,47.86269252767254
-89.91754849451995,47.86275986329543
-89.9175961876701,47.8628238744172
-89.91765086487786,47.86288599337538
-89.91788260079241,47.8631297733108
-89.91795082056487,47.86318435835621
-89.91811130581013,47.863282540132516
-89.91819988112779,47.86332444578631
-89.91829320727278,47.86335683108962
-89.91839348797015,47.86337512002942
-89.91871800814359,47.86338804018306
-89.91903807341892,47.863406928809695
-89.91925125518165,47.863408961199525
-89.91935765273023,47.86340402119451
-89.91978292599717,47.863370368727324
-89.92010379356238,47.86335378282539
-89.92020928461679,47.863343778919926
-89.92031290727229,47.86332811677264
-89.92041451671143,47.86330651105596
-89.92071547825878,47.86322963202445
-89.92081740497113,47.86320822947314
-89.9210265074361,47.86317963880996
-89.92134406187205,47.86314679945664
-89.92144838477624,47.86313157404318
-89.92165451813746,47.863093426417855
-89.92195899858893,47.86302529351868
-89.92265875866532,47.86284663456466
-89.92296511502028,47.86277734741475
-89.92306407151627,47.86275082000013
-89.92315880787831,47.862719703268496
-89.92324387528065,47.862678207579
-89.92339426066142,47.86257355835666
-89.9237224105229,47.86238900380494
-89.92387780252018,47.86228974020891
-89.92402112351515,47.862183203894006
-89.92408155677951,47.86212286302427
-89.92419151746003,47.86199578630084
-89.9242552976922,47.861940011113724
-89.92433542334463,47.861897879940045
-89.92443500347736,47.86187274743948
-89.92454214949272,47.86185368067467
-89.92474928206731,47.861801924949916
-89.92485449383292,47.86177358366378
-89.9249438374182,47.86173642925596
-89.92500217807446,47.86168316428889
-89.92503107175072,47.861612788325935
-89.92505659741431,47.86145484757896
-89.92508123890333,47.86138545251731
-89.92513243651081,47.86133455487204
-89.92521636111908,47.86130736647285
-89.9253231056628,47.86129714944071
-89.92555810976188,47.861291669052214
-89.92577093266901,47.86126770271361
-89.9259790170438,47.861235165960586
-89.92607960638749,47.861211582441776
-89.92637531773258,47.86112734164098
-89.92667871109957,47.861056333657885
-89.92677702428487,47.8610286938324
-89.92687210268755,47.86099630066475
-89.92723728450207,47.860846050262325
-89.9275900303533,47.86068342347777
-89.92802115095566,47.86047085064816
-89.92871680746224,47.86013527792174
-89.92888156352846,47.860044277585416
-89.9289570979423,47.85999376996743
-89.92916771245353,47.8598304768438
-89.92945683908039,47.8596182736371
-89.92959662192384,47.85950958798005
-89.92985123446702,47.859278390443315
-89.93017847243158,47.85899400244269
-89.9303154217714,47.858883594546946
-89.93059887368096,47.85866811706836
-89.93082703303942,47.85851352504225
-89.93089870757686,47.858460289467274
-89.93096218837343,47.85840370221163
-89.93101355769615,47.85834209845877
-89.93105305899653,47.858275564097575
-89.93121142304678,47.85792961410236
-89.93128865150624,47.85771908319359
-89.93130968305047,47.85764793298918
-89.93132121775847,47.857576794345064
-89.93131899984544,47.85750589739491
-89.93130691772116,47.85743490479998
-89.93126473541433,47.85729302902983
-89.93121401235828,47.857152444922654
-89.93118352735846,47.85708361486813
-89.93111254662664,47.85694767943194
-89.93092410640574,47.856779304504656
-89.93085561639883,47.85672434200025
-89.93078041940322,47.85667342497865
-89.93069903187535,47.85662644665317
-89.93053047039635,47.856537871493714
-89.93035661478307,47.85645402711804
-89.93026759948717,47.85641420346141
-89.92999254874863,47.85630242208764
-89.9299068395467,47.856260110976514
-89.92982579646682,47.85621292864674
-89.92974966458728,47.85616169969058
-89.92967978817123,47.85610713300653
-89.92961769894816,47.856049107202956
-89.92956351262649,47.855986833814605
-89.92947086844839,47.85585672142286
-89.92935528140714,47.8556551616569
-89.92929572676528,47.85551717563298
-89.92925191597708,47.85537613494677
-89.92923431364115,47.85530514776454
-89.92921462915619,47.85516083780788
-89.92919827013192,47.85509008494504
-89.929166625694,47.85502233210175
-89.92901775521649,47.85482987702516
-89.92898610725865,47.854761537542515
-89.92890537081944,47.854553172035295
-89.92883119576403,47.85434319513172
-89.92862865303015,47.853709563143134
-89.928590927484,47.85356789777014
-89.92854796635069,47.85335399807192
-89.92848724820497,47.8527078414637
-89.92845921025057,47.852492615412615
-89.92843497995894,47.85234951156597
-89.92839637901461,47.85220835511359
-89.92829384149128,47.852001750832066
-89.92826609374087,47.851932919524046
-89.92825607124108,47.85186334971354
-89.92828567391068,47.85179263216519
-89.92830604038892,47.85172173629095
-89.92828011365698,47.851579412416285
-89.92823787159,47.85143702731677
-89.92817942466057,47.85129866121951
-89.9281366068326,47.851233753965126
-89.92801967997003,47.851111932195685
-89.92785500619986,47.850916776883295
-89.9278229092548,47.85085118861791
-89.92783215264726,47.850787414890235
-89.92788711321101,47.85072465570063
-89.92803135058567,47.85060943625975
-89.92817962790991,47.85050499234736
-89.92825945081177,47.850456921292974
-89.92843021770341,47.85037035049513
-89.92852131553906,47.85033170058663
-89.9286156104795,47.85029743475496
-89.92871270502833,47.85026847060596
-89.92881289633898,47.85024398395382
-89.92901945729162,47.85020462150759
-89.92933361810088,47.85016020793255
-89.92954616737394,47.8501426151561
-89.92965259789209,47.85013823030752
-89.92997324435994,47.85014200549156
-89.93018681827877,47.850149951397604
-89.93050646887339,47.850168125782155
-89.93061312707584,47.850169748276585
-89.93114705704691,47.85015460567596
-89.93157525438585,47.850164694608964
-89.93168172832985,47.85016393717645
-89.93178739998031,47.850157717349965
-89.9319948634952,47.85012052986468
-89.93209963886959,47.8501072111637
-89.93220671979729,47.85010449906577
-89.93242255789163,47.85010769961861
-89.93252795016681,47.85010174231829
-89.93262999072127,47.850084486751314
-89.93272958397111,47.8500587830095
-89.93282732699055,47.850027907264554
-89.93301912104457,47.84996238778633
-89.93329652889496,47.84985370381197
-89.93369617988814,47.84970895601064
-89.93379742843385,47.84967977330596
-89.93389265246884,47.84966615832202
-89.93397803573143,47.84967589062013
-89.93404998955371,47.84971687764319
-89.9341137062289,47.849778907104906
-89.93417585187697,47.84984864414662
-89.93424309258587,47.84991275389431
-89.93432226958524,47.84996055143863
-89.93450789180274,47.85003350542526
-89.93459668442003,47.85007365346139
-89.93519383787955,47.85037699730737
-89.93554164544643,47.85054461754661
-89.93562205579009,47.850591705712006
-89.9358420161236,47.85075032680802
-89.9359191488053,47.8507994511163
-89.93600420565592,47.850842446901474
-89.93609864185724,47.850878993624846
-89.93619869674411,47.85090633094688
-89.93630106897561,47.850921542093396
-89.936407242455,47.85092520843026
-89.93684088279974,47.850913118815534
-89.93694733325478,47.850905165854925
-89.93704690199895,47.85088558903806
-89.93713942808434,47.85085093340599
-89.93722551396965,47.850805588355016
-89.93730463090193,47.8507554074642
-89.93737567053745,47.85070243789532
-89.9374394044032,47.85064447371936
-89.93761940273961,47.850464291955404
-89.93773327241796,47.85034186625181
-89.93777811157096,47.85027742146089
-89.93781542056675,47.85020929608429
-89.9378452411885,47.850138397010895
-89.93786330843047,47.85006667857689
-89.93786535377207,47.84999608165839
-89.93784897986494,47.84992666402576
-89.93781925853038,47.849857540431024
-89.93774702128559,47.84971944043418
-89.93763966002699,47.84944045671001
-89.93756026692604,47.84930711901603
-89.9374597141734,47.84917980082331
-89.93740257984892,47.849119224727566
-89.93721498671762,47.848943887178535
-89.93715642754248,47.84888378971762
-89.93700245096619,47.84869446799668
-89.93688838334299,47.84857269779945
-89.93676369705426,47.848455904092624
-89.9366295089299,47.84834374345016
-89.93640922735484,47.84818674464891
-89.93624815982359,47.84809254234409
-89.93571691459651,47.847850065118685
-89.93554997375304,47.84776041879473
-89.9353934928388,47.84766162776648
-89.93532246846915,47.84760822216125
-89.93526079017639,47.847549967642756
-89.93515232212326,47.84742518711817
-89.93509079158815,47.84736655077926
-89.9350221313267,47.84731164379296
-89.93455183218686,47.84696736375938
-89.93447667520861,47.84690564105871
-89.93445427573535,47.84686352513942
-89.9345002702831,47.846847212001734
-89.93458749710506,47.8468459670511
-89.93470184346492,47.846854678598774
-89.93507527696947,47.846893065546965
-89.93529273662642,47.84692089106359
-89.93539266503237,47.84691332709819
-89.93548539772557,47.846882270269994
-89.93557376529304,47.84683876521254
-89.93565610121378,47.84678853066111
-89.9357304137801,47.846736674246344
-89.93579201849808,47.84667841955602
-89.93584543645069,47.84661516446627
-89.936201849924,47.846170914548395
-89.93631203364285,47.84604775075628
-89.93644571187126,47.845935302731746
-89.9365189495325,47.845881188093166
-89.93659648869168,47.84583029272799
-89.93667858736184,47.84578424191226
-89.93676556433586,47.84574470830548
-89.93686054190984,47.8457149154019
-89.93717206364754,47.845654458933595
-89.93727222513596,47.845629176296605
-89.93736836829356,47.84559745105996
-89.93746144455528,47.845560969805746
-89.9375494831422,47.8455198316
-89.93762973309977,47.845473059527215
-89.93776821660293,47.84536118145244
-89.93784165714754,47.845309415167904
-89.9379271722159,47.845267411985425
-89.93802186987661,47.845230105274005
-89.93812193499194,47.8451999212788
-89.9382239008135,47.84518034998468
-89.93832634100424,47.84517785866019
-89.9385383033315,47.84521403093054
-89.93864399374942,47.845222282849804
-89.93875315256372,47.845216941414414
-89.93886069442512,47.845200706630834
-89.93895406531296,47.845169794641286
-89.93903092148682,47.845123007884744
-89.93909860281084,47.845065989474755
-89.9392256660614,47.84494629309341
-89.9393362843004,47.844813682240215
-89.9394002405997,47.8447585255132
-89.93948290199363,47.844724542024885
-89.9395840045272,47.84470809659096
-89.93969538555469,47.84470385820082
-89.93980881443338,47.84470788789212
-89.93991612050453,47.84471641492679
-89.94001624270695,47.84473769824398
-89.94040348387418,47.84486752530459
-89.94050125854751,47.84489623690587
-89.94060306314226,47.844915285493194
-89.94070842119882,47.844929178240335
-89.94081566862597,47.84493922505376
-89.94092333884107,47.84494472321164
-89.94102996525436,47.84494496999733
-89.94113483948692,47.84493823174154
-89.9412392482777,47.84492133970677
-89.94134153335408,47.844896724163725
-89.94143972255577,47.844867316046596
-89.94162843147119,47.84479914556031
-89.94180659125134,47.84471841764426
-89.94188919699842,47.84467344119178
-89.94196844681976,47.84462412468682
-89.94204226287862,47.84457047613244
-89.94210739523945,47.84451303615054
-89.9421600433403,47.84445198923013
-89.94219477946649,47.84438474820851
-89.94224414000627,47.84424268810982
-89.94227503163566,47.844173780718236
-89.94244101747306,47.84383189002716
-89.94262233350426,47.84349109111428
-89.94266570239056,47.84342559391831
-89.94271961491403,47.84336516349089
-89.94278675375722,47.84330992278747
-89.94286446365788,47.843259172277094
-89.9429489832361,47.84321297929493
-89.94303655112952,47.8431714111858
-89.94313016439426,47.843138751125565
-89.94333333159317,47.843090101367416
-89.94342898475577,47.84305831932374
-89.94370327426608,47.84294632640665
-89.94439395530829,47.84269862590666
-89.94458720072403,47.84263758761479
-89.94478570274438,47.8425842807862
-89.94498676347783,47.842535178452195
-89.9450882018953,47.84251225926112
-89.94539794706803,47.84245226256397
-89.94549638967565,47.84242600806279
-89.94558876025914,47.842391711065964
-89.94567516438492,47.842349694711785
-89.9458429945135,47.842258669212136
-89.94601920520037,47.84217641848513
-89.94620157268774,47.8421009665496
-89.94629764494782,47.84207068897886
-89.94639793950854,47.842046841969214
-89.94670738998748,47.84198771209138
-89.94711180111986,47.84189461647087
-89.9478266931329,47.84174567095403
-89.94793002664343,47.841728048528246
-89.94803519803327,47.84171615545883
-89.94824838430506,47.841701238423745
-89.9483532610943,47.84168850388177
-89.94845620122393,47.84166990238283
-89.94886438782996,47.841583747154715
-89.94948503359464,47.84147554572338
-89.9504022590661,47.84128095891803
-89.95080179468886,47.84117702862739
-89.95099317480974,47.84111404624554
-89.95108613008513,47.84107780205699
-89.9511766447775,47.841038028549036
-89.95126260921653,47.84099449657966
-89.95134191373864,47.840946977012905
-89.9514101512733,47.840893089124876
-89.95158096685,47.84070886695968
-89.95177280861715,47.8405350761489
-89.95191411324215,47.84042796754079
-89.95199417541895,47.84037978473489
-89.9520808979129,47.84033663813954
-89.95217258030809,47.84029983539074
-89.95226819377936,47.84026847085871
-89.952468234657,47.84021602275199
-89.95267363301387,47.840176352154494
-89.95299179375995,47.8401443169475
-89.95309381902507,47.840125085957204
-89.95338181420043,47.840028843030886
-89.95348403988481,47.84001043981313
-89.9538028298932,47.839981768882346
-89.95411880802082,47.83994219691937
-89.95422465033526,47.8399371249769
-89.95433124458893,47.83993836601215
-89.9545448107795,47.83995226120711
-89.95486217316827,47.839988045135925
-89.9549655208065,47.84000650640663
-89.95506502037979,47.84003117664625
-89.95516124876153,47.84006170755992
-89.9553478146194,47.84013308019304
-89.95553029034349,47.84020875221326
-89.95579601642243,47.84033111956497
-89.95588882669968,47.84036509822447
-89.95598911418764,47.8403876943272
-89.95620175229885,47.84041182796971
-89.95651956794319,47.840440195041275
-89.9568335783575,47.84048378876077
-89.956939325241,47.840493318877066
-89.95725922087507,47.84050983378635
-89.9574704177234,47.84053125616238
-89.95757455426106,47.84054810192718
-89.95767638117438,47.84056948229315
-89.95787256992931,47.84062772374127
-89.95797598180188,47.84064362851476
-89.95808145383928,47.8406550049561
-89.95840149381772,47.840674461360784
-89.95882895759253,47.84067488739133
-89.95914737260087,47.84070072973291
-89.95936080018454,47.84070461820033
-89.95957454384116,47.84069897561819
-89.95989295118605,47.84067407082531
-89.96021337972732,47.84066599189164
-89.96031970180749,47.84066021065054
-89.96074163598634,47.84061408878379
-89.96116681351634,47.84058426436054
-89.96137803177986,47.840563013767664
-89.96169304009896,47.84052270694516
-89.96211157534177,47.84046316817325
-89.96231745671633,47.840425418070446
-89.96261563309494,47.84034603808979
-89.96281684824879,47.840297692733174
-89.9631232777352,47.84023420053398
-89.96343342470632,47.84017702981403
-89.96353435511833,47.84015422604233
-89.96363189996943,47.84012590857357
-89.96372656702924,47.840092364133575
-89.96390754107458,47.84001468077502
-89.96407570807318,47.83992643953449
-89.96456133641126,47.83964408460052
-89.96480210995888,47.83949934122504
-89.96488098662138,47.83944973752469
-89.96495349179915,47.839397440268556
-89.96501547319576,47.83934080532628
-89.96505987358893,47.83927526361057
-89.96508786691693,47.83920403309304
-89.9651023278536,47.83913186964899
-89.96509320613923,47.83904779124944
-89.9650756347503,47.838962225681804
-89.9650735106612,47.83889413368096
-89.96511045012228,47.83886281700975
-89.96519314742112,47.83887902393311
-89.96541556771493,47.83896307198375
-89.96551909492926,47.838985069388976
-89.96562464310942,47.83899850125635
-89.96573131951757,47.839005738517805
-89.96583770274955,47.83900684565305
-89.96615832972807,47.83899630089203
-89.96669242847648,47.83900394615382
-89.96722665028814,47.83899859601501
-89.96733334871602,47.83900093010296
-89.96775972060041,47.83902185942105
-89.96786640332917,47.83902209521126
-89.96807992827546,47.83901405977274
-89.9682935715599,47.839011700894794
-89.96882777814415,47.83902025790142
-89.96893428514683,47.83901680401883
-89.96925312770298,47.83899345664697
-89.96968000579014,47.838976992321804
-89.96989117351008,47.838956519336016
-89.97030957217483,47.838896922858986
-89.97062074562487,47.83884504166117
-89.97083223889699,47.83882009703596
-89.97093615702488,47.83880421874178
-89.97103654141634,47.83878097071525
-89.9711350144945,47.83875253885389
-89.97132394397423,47.83868395825843
-89.97141281308588,47.8386445355883
-89.9715791832424,47.83855335469203
-89.97165637844672,47.8385035559755
-89.97172497927068,47.838448874010844
-89.97185278594888,47.8383331673551
-89.97192576002703,47.83828073629419
-89.97215275149372,47.838128126143275
-89.97238988224734,47.83797905122763
-89.97245553678096,47.837924185342615
-89.97250318209342,47.83786168400806
-89.97253242544802,47.837791477083826
-89.97255049622365,47.83771877060216
-89.97256055563876,47.8376475362016
-89.97254926039525,47.837503232952244
-89.97256953143173,47.837287286340015
-89.97255883070792,47.83721640553245
-89.97253589327777,47.83714582131843
-89.97250400181552,47.8370765059464
-89.97246530759467,47.83700963902421
-89.97241693458427,47.83694567505814
-89.9723622024973,47.836883487813765
-89.9721934296715,47.8366997842861
-89.97201416050729,47.83652078243976
-89.97188209908116,47.83640786443777
-89.9715272715518,47.8361386869029
-89.97145140372706,47.836088250854594
-89.97128576772387,47.83599706163431
-89.97120656327445,47.835948933218084
-89.97099264922056,47.83578789363437
-89.9709175778669,47.83573696742799
-89.97041712613729,47.835467215757824
-89.97025494026434,47.83537356709498
-89.97001821598003,47.83522802273431
-89.96985448595488,47.835135639298805
-89.96960138553594,47.835003190940085
-89.96925347726628,47.83483608334339
-89.96892425933657,47.83467096180148
-89.96884803331098,47.83462272853104
-89.96878748483405,47.83456934690648
-89.96875951622523,47.83450510739447
-89.9687613486456,47.83443102505615
-89.96877203646176,47.83435432865264
-89.96877222727313,47.83406534636284
-89.96878731085741,47.83392125606489
-89.96879973168075,47.83384926193659
-89.96881937260028,47.833778724634556
-89.96885047434884,47.833710934154034
-89.96889802590678,47.83364679008067
-89.96900399234104,47.83352056737315
-89.96913831372025,47.83332456207839
-89.96918913057941,47.83326136263258
-89.96930047635335,47.83313841440569
-89.96947865498994,47.8329555063787
-89.96954444112878,47.83289878497024
-89.96962063723326,47.832851083575214
-89.96970871221563,47.83281070726907
-89.96980519467456,47.83277544826625
-89.96990659099491,47.83274669801959
-89.97000940758373,47.83272584799373
-89.97011111225115,47.832716595200765
-89.97021545003528,47.83272951665029
-89.97032171892104,47.8327509278124
-89.97042801596179,47.8327631721697
-89.97064277312548,47.83275736278035
-89.97074972102756,47.832747267652536
-89.97085352998178,47.83273131088156
-89.97095222899475,47.832707033548076
-89.9710460780439,47.83267239996791
-89.97122609914915,47.83259213607134
-89.97139382380651,47.83250170496899
-89.97148112752045,47.8324608578285
-89.9716731466867,47.83239596631829
-89.97177257666338,47.83236660860543
-89.97187338588492,47.83234099226754
-89.97197495302395,47.83232046903068
-89.97207713208846,47.83230828907415
-89.97218263611906,47.8323160526494
-89.97228982598787,47.832332419017874
-89.9725037799799,47.832355955556444
-89.97261041091687,47.832364219964255
-89.97271419473029,47.83235928235013
-89.97281454751796,47.832336281271836
-89.97320558163793,47.83221078651113
-89.97329643507064,47.83217406061413
-89.97337748365213,47.83212855423541
-89.97344777686156,47.83207118264829
-89.97349782519927,47.83200684504759
-89.97352213031039,47.83193887817301
-89.97352951207746,47.83186636934575
-89.97352447114632,47.83179261080485
-89.9735103891741,47.83172076225837
-89.97347725391946,47.83164681112565
-89.97339161969691,47.83149881221836
-89.97337021620326,47.83143264930941
-89.97338461341744,47.83137734080179
-89.97346438268565,47.83134492570893
-89.973585218136,47.83132629622869
-89.97370205649334,47.83130328522619
-89.97377143418812,47.83125807981489
-89.97379043636599,47.831187398798114
-89.97379168968028,47.83110710221576
-89.9738080352044,47.831034337946974
-89.97386677130456,47.83098341012702
-89.97395549344323,47.83094799820048
-89.97416552577488,47.830893019249956
-89.97426232788844,47.830860177562904
-89.97481327804621,47.83063797010208
-89.97490842204802,47.83060580790961
-89.97500745479968,47.830580223116755
-89.97510993382473,47.83055972906904
-89.97532005322846,47.83052985451263
-89.97542610402425,47.83052040084582
-89.97564526812354,47.83052199782577
-89.97574796998522,47.830512448821075
-89.97583843307434,47.83048080607336
-89.9759176119359,47.83043008723911
-89.97599148157214,47.83037485013756
-89.97612010283606,47.83025907855967
-89.97619452090373,47.83020882400979
-89.97628219249428,47.830167900796674
-89.97646938112807,47.83009684342335
-89.97665897852158,47.8300291427285
-89.97675633273111,47.829999914300224
-89.97685672707547,47.82997682928359
-89.9769617123081,47.829962116745314
-89.9771746784652,47.82994770864362
-89.97749572156943,47.829947411684316
-89.97782347596096,47.82996458988938
-89.977926883843,47.82996025842062
-89.97802053611292,47.82993882752612
-89.97809687185541,47.82988807070109
-89.9781707434304,47.829830449064964
-89.97825604848848,47.829787023903414
-89.9788105814618,47.829568812049274
-89.97890743414908,47.82953960438062
-89.97900855920338,47.82951697055277
-89.97921758344808,47.82948428136079
-89.97932271050547,47.82947236928443
-89.97953586508643,47.8294601019639
-89.97985361871567,47.82943123382354
-89.98006651214295,47.829421757188854
-89.98070772742653,47.82942099865302
-89.98081431366604,47.82942714854847
-89.9811338536934,47.82946007328609
-89.98123913111507,47.82946277112232
-89.98134296793572,47.82945418401048
-89.98144511387815,47.82943408050465
-89.98164844986911,47.829383835055545
-89.98185555036936,47.829348199531815
-89.98206491984854,47.82931935115191
-89.98238190993254,47.829286980867224
-89.98248653306509,47.82927292330014
-89.982795764504,47.82921604519287
-89.98311133528159,47.82916464239128
-89.98320879955341,47.82913887670178
-89.98329177651124,47.82909754745529
-89.9834299649531,47.82898402911263
-89.98351503822057,47.82894188732588
-89.98361050512922,47.82890859547258
-89.98381140555057,47.828857577055444
-89.98391542760423,47.82883855315421
-89.98402079102834,47.82882692854782
-89.98412656646359,47.828826577040445
-89.98434016394279,47.828842660866826
-89.9844465745138,47.82884115765006
-89.98455284178121,47.82883392851143
-89.98497736343025,47.82879647488116
-89.9850817457228,47.82878225866256
-89.98518377115492,47.82876140454299
-89.98558698615133,47.828663799978415
-89.9856791266052,47.8286288064484
-89.98584725831553,47.82853908527935
-89.985936836221,47.82850015773899
-89.98612694400391,47.8284338403199
-89.98622542939596,47.82840630601835
-89.98653216264172,47.82834334036042
-89.98692996339062,47.828238371803984
-89.98713391995794,47.82819565018114
-89.9877508962177,47.82807856042881
-89.98865795871014,47.82786331866771
-89.98886219695795,47.82782173255958
-89.98896690841838,47.82780644372665
-89.98907278552224,47.82779611229344
-89.98917904889541,47.82779076539842
-89.9896065099438,47.82778450142383
-89.98981973666976,47.827774367934914
-89.9900320939153,47.82775868185913
-89.99076646740814,47.82766379115131
-89.99118133267285,47.82759423690294
-89.99138971397939,47.827563199327685
-89.99202553601889,47.82750889067399
-89.99244033602685,47.82743972053909
-89.9928633543674,47.82739900498276
-89.99307253817811,47.82737009525575
-89.99390556369771,47.82724053925928
-89.99421299394973,47.827180188527244
-89.99451311582212,47.827104069773135
-89.99461044348658,47.827074326241465
-89.99489549773755,47.82697327956943
-89.99499302606198,47.826945550005775
-89.99509495793336,47.82692774526385
-89.99541597605946,47.82690875767638
-89.99562766104373,47.826888796492895
-89.99573221999759,47.826874553729176
-89.99624995736244,47.826786008965485
-89.99697986455416,47.82667661691507
-89.99748386363937,47.8265575527082
-89.99769062323311,47.82652074457781
-89.99779529671247,47.8265056989493
-89.99790051168905,47.826493440739306
-89.99811266910947,47.82647804397765
-89.99854016620048,47.82646886685129
-89.99886056946968,47.826475718912114
-89.9989667146728,47.82648468321567
-89.99917811956395,47.826513753907044
-89.99928337103171,47.826521626671166
-89.99938916002299,47.82651907493093
-89.99949693714174,47.82651037723808
-89.99960362212738,47.82649537074967
-89.99970580082042,47.82647330697955
-89.99980018514233,47.82644307432875
-89.99988664972864,47.826402535702165
-90.0001295911573,47.82625775915654
-90.00066241448154,47.826092610994436
-90.00080338409461,47.826041732233975
-90.0009409463978,47.825986186247086
-90.00120476977183,47.825863359287716
-90.00128673215829,47.82581604588305
-90.00152121636349,47.82566217345245
-90.00160534171107,47.82562049802357
-90.00165017046976,47.82560375696976
-90.00169730553237,47.82559049015325
-90.00179796535019,47.825574436232976
-90.00190470450404,47.82556813882798
-90.00212460878944,47.825563983384384
-90.00223186780094,47.825555710281236
-90.00233498497667,47.82553840506438
-90.00248689652715,47.82550257060938
-90.00263366066405,47.82545749618688
-90.00277286237974,47.82540493891155
-90.00290522549737,47.82534439001792
-90.00320742014142,47.82519401176089
-90.00344673829707,47.82509601750473
-90.00352633869092,47.8250504117522
-90.00355771139021,47.82502438097151
-90.00358168636923,47.82499547383367
-90.00359674040794,47.82496256472733
-90.00360616892533,47.82488744051296
-90.00359759288474,47.824766000023
-90.00359926958977,47.82469048978114
-90.00360812211429,47.82465727184983
-90.00362489339048,47.824628368560326
-90.0036513955506,47.82460457040936
-90.0036868613807,47.824583971963804
-90.00377839456917,47.8245501397647
-90.00388855506331,47.82452635647373
-90.00400673322288,47.82451289729984
-90.00412231943243,47.82451003749215
-90.00422544260721,47.824518370094005
-90.0042739204654,47.82452837138029
-90.00436911858758,47.8245590431351
-90.00460215886613,47.82466435009749
-90.00469577676192,47.824702799705854
-90.0047909863392,47.82473050794478
-90.00483950380317,47.82473831738442
-90.00488916884999,47.82473845896469
-90.00493986941842,47.824731534014106
-90.00499128744843,47.82471951595499
-90.00514666582362,47.82467263736057
-90.00555151607993,47.824578468422246
-90.00586377624772,47.82451908067215
-90.00596153361134,47.82449249114032
-90.00604982540517,47.82445525489788
-90.0061309089903,47.82440876239807
-90.00624132714228,47.82432804477211
-90.00634020874516,47.82424226835883
-90.0064272680487,47.82415217386831
-90.0067488495597,47.82377348635908
-90.00681016100842,47.82371499281781
-90.00684582744923,47.82368981103842
-90.00688581025497,47.82366817048885
-90.0069757045669,47.8236330334656
-90.00732947441473,47.823540654187205
-90.0074249715485,47.82350792503672
-90.00765945340156,47.823418698382675
-90.00780380366713,47.82337364990889
-90.00785351197241,47.823362086050864
-90.00795632881743,47.82334654895521
-90.00827814674433,47.82332966095483
-90.00870230890901,47.82329400285438
-90.00885924576497,47.82327118282134
-90.0092230603167,47.823205871408994
-90.00937961432808,47.82318909905079
-90.00943228705962,47.823187218348075
-90.00954245350991,47.823196141897675
-90.00981976721192,47.823242800630396
-90.00987038904988,47.8232466778627
-90.00991789041797,47.823245928536245
-90.00996162552185,47.82323934905814
-90.00999777711615,47.82322076030453
-90.01002471787615,47.82318795620062
-90.0100826414344,47.823061394666425
-90.01010511033489,47.82302888032619
-90.01013455674133,47.82301073035504
-90.01017189262002,47.82300911240744
-90.01021249638072,47.8230168058176
-90.01025566122658,47.823031642119304
-90.01049439728483,47.823150375395144
-90.01059256146219,47.82318573947034
-90.0107503429255,47.8232255205784
-90.01085725960603,47.82324000833221
-90.01090834902796,47.823240353641644
-90.01095657464947,47.823234495965664
-90.01100152938976,47.823220212837235
-90.01104409963895,47.823199073610546
-90.0111680489652,47.823120574627154
-90.01121162681011,47.82309806628667
-90.01125809297896,47.82308172948053
-90.01130766120912,47.823072164038855
-90.01146409232034,47.82305879406589
-90.01173580047849,47.82305578112875
-90.01184287879576,47.82304963947219
-90.01206667361745,47.823027668996495
-90.01211970319918,47.82301786597334
-90.01216732732838,47.82300397731819
-90.01220741519012,47.822984814245984
-90.01224004341685,47.822960205864035
-90.0122987542125,47.82290267486079
-90.012371220748,47.822802319375796
-90.01242330494014,47.822694599097694
-90.01244578049455,47.822623975127094
-90.01245082532445,47.82258970966009
-90.0124437255358,47.82255455898482
-90.012427679419,47.82251872315239
-90.01236798684528,47.822411064555666
-90.01235827910072,47.822376447948976
-90.01236068681112,47.82234312612127
-90.01239282352454,47.82227116137409
-90.01241629556407,47.82223202427606
-90.01247447877684,47.822155870275
-90.01254291061427,47.82209379579512
-90.01257919346122,47.82207225810155
-90.01261590691132,47.822059303961275
-90.0126528444933,47.822056831136116
-90.0126920079243,47.822065974043994
-90.01273332320648,47.822084570707446
-90.01277635550971,47.82211015736959
-90.01291140612955,47.82220421978642
-90.01300205272923,47.82225670920311
-90.01304625526471,47.82227249698987
-90.01308913141438,47.822278029518195
-90.01313150986905,47.82227347349987
-90.01317421827447,47.82226131939744
-90.01321698260665,47.82224284990404
-90.01325952884604,47.822219347713336
-90.0133428709924,47.82216237601701
-90.01353088625099,47.82201637639805
-90.0135989599425,47.82195696319199
-90.0136528404039,47.82189330580872
-90.01367087481951,47.821860270494234
-90.01368112037271,47.82182661933472
-90.01368158201464,47.82175690224631
-90.01362492475124,47.82153875789945
-90.01362302853344,47.8214677401603
-90.01365554703771,47.82136304696762
-90.01371457288187,47.82125984572989
-90.01376610505953,47.821195134220986
-90.01382568121758,47.82113599675172
-90.01392937895757,47.82104743728827
-90.01400679012542,47.820988227888506
-90.0141314314779,47.820910125024064
-90.01421793710738,47.820871594038124
-90.01426162921017,47.82085803470713
-90.01430535456335,47.820849010544855
-90.01435020604812,47.82084618225269
-90.01439726788728,47.820850339523176
-90.01449582957697,47.820875186545635
-90.01459664163376,47.82091469113329
-90.0147873802002,47.82100237574101
-90.01482862961062,47.82102564962612
-90.01497504201753,47.821138921644696
-90.01501381544337,47.82116201143425
-90.01505618364095,47.821178900997346
-90.0151037016165,47.8211887150384
-90.01515620747277,47.821193060328
-90.01521173730845,47.82119258330111
-90.01532392101818,47.821179609506196
-90.01542481303868,47.82115466512711
-90.0155179413259,47.82112105588685
-90.0156512485047,47.821057835154576
-90.01577149124655,47.82098408232552
-90.0158400519309,47.82092952089547
-90.0158956981433,47.82086533668867
-90.01599639270844,47.820731034750544
-90.01605670111309,47.820673945500154
-90.01609268373075,47.82065076627726
-90.01617840251104,47.8206153780238
-90.01622640785213,47.82060090145378
-90.0163298088928,47.8205776890137
-90.01643942301298,47.8205616723137
-90.01655088133943,47.82055230113558
-90.01665981499907,47.82054902527769
-90.01676240725511,47.820553388787914
-90.01686071529726,47.82057674821409
-90.01705501460964,47.82064724889143
-90.01715539502493,47.82067292758496
-90.0173100141281,47.82070057323428
-90.01762367824666,47.820746556297905
-90.01794662795959,47.82081342501288
-90.01805047146784,47.82082675559199
-90.0181000370746,47.8208283073274
-90.01814754525557,47.82082543262329
-90.0181927564872,47.82081659216434
-90.01823579042862,47.82080013456393
-90.01831516903144,47.8207500015281
-90.0183853005453,47.82068696185829
-90.0184457913858,47.82062307613072
-90.01847055614817,47.820590029112
-90.01849002552274,47.82055165687068
-90.01854891249114,47.820388327283766
-90.01856739069103,47.82035591842152
-90.01859077310543,47.82033123244545
-90.01862076055436,47.820316446089116
-90.01865760297763,47.820311955290705
-90.01869842718905,47.82031414536259
-90.01878947607271,47.820334438936186
-90.01888942358181,47.82036979621347
-90.01909856468836,47.820456161759516
-90.01919903322076,47.82049240000331
-90.01938956545628,47.82054398596971
-90.01949201719536,47.82056174897035
-90.01959037741591,47.820551862379105
-90.01968568349419,47.82052263729615
-90.01996636066617,47.82039936002528
-90.02006187513952,47.82036786588801
-90.02016021565908,47.82035189944114
-90.02026183569912,47.82035484396006
-90.02036588558767,47.82037167267466
-90.02057733761502,47.8204211331495
-90.0206827709744,47.82044084014525
-90.02078669662204,47.82044858180784
-90.02088885460073,47.8204393400492
-90.02098990713218,47.8204164674699
-90.02118971486694,47.82035478792174
-90.02149049497383,47.82027557718014
-90.02158536898001,47.8202432674368
-90.02167295613691,47.82020338811584
-90.02183982941666,47.82011380011488
-90.02207511028914,47.81996560402924
-90.02230485753981,47.81980904955155
-90.02237375405944,47.81975258797677
-90.02242790981427,47.819692268311506
-90.02246346925,47.81962697166201
-90.02249086292915,47.819556479385575
-90.02251055410802,47.81948274508289
-90.02252109988525,47.819407892368666
-90.0225210573718,47.819334044856554
-90.02250898368719,47.81926332615778
-90.02248247219555,47.81919750643833
-90.02243688432496,47.81913542256466
-90.0223766595948,47.81907592628127
-90.02216554378137,47.818903843035436
-90.02183551860684,47.81862007076375
-90.0216077716799,47.818435523334486
-90.02155750385714,47.818376665324394
-90.02154174198063,47.81832252487218
-90.02158505126283,47.818272920075245
-90.02167938434762,47.81822834514412
-90.02179452843134,47.818191177549544
-90.02190108339546,47.81816416700196
-90.02201213895633,47.81816181079416
-90.02212866785554,47.81817033407326
-90.02222961510314,47.81816179445752
-90.02230151074305,47.8181171954826
-90.02235795451311,47.81805199076811
-90.02245329301952,47.817901783829065
-90.02250528362099,47.81783635772673
-90.02256888571327,47.81779043393166
-90.02264919035392,47.8177726726503
-90.02274254483811,47.81778047286039
-90.02284501357522,47.817805339287965
-90.02306294872892,47.81787229768988
-90.02317124242192,47.81789740313964
-90.02327783539043,47.817909728937614
-90.02339009603229,47.81791745966159
-90.02350142472311,47.81791708586983
-90.02360394893846,47.817903804464805
-90.02369380880023,47.81787319981644
-90.02378059976483,47.8178264341957
-90.02385807352663,47.81776882996631
-90.02391788352614,47.81770580717259
-90.02395079537618,47.8176422130646
-90.02393885530135,47.81757132289774
-90.02386706423442,47.8174217126822
-90.02386819574762,47.81735812764178
-90.02393832889874,47.81730425035865
-90.02404972776752,47.81726834737249
-90.02414891134882,47.8172672729026
-90.024241295831,47.81729835506737
-90.02433044515696,47.817347717661484
-90.02440793196705,47.8174029447397
-90.0244640494619,47.81746403050362
-90.02454926821007,47.81760170905908
-90.02461470927999,47.817652122535215
-90.02470825537091,47.817684509433604
-90.02481717617306,47.81770333754612
-90.02492697249507,47.817710744635896
-90.02503375778669,47.81770923848485
-90.02514397180335,47.81769916174562
-90.02524896668618,47.8176784982468
-90.02533990216759,47.817645011570164
-90.0254143766763,47.8175916622041
-90.0255425386564,47.81746014014769
-90.02561112006534,47.81740883071151
-90.02569245117019,47.817385380517344
-90.02578778361625,47.81739748186988
-90.02599766771792,47.81746752879526
-90.02620654850568,47.817520927749484
-90.02631221286899,47.81754574134452
-90.02641483616827,47.81755547588167
-90.02651154900245,47.817540452489496
-90.02660396534823,47.81750853620095
-90.02687397598413,47.81737741273629
-90.02696723294434,47.817341436585025
-90.02706493243842,47.817318947251565
-90.02716754588128,47.817309876561694
-90.02727377496072,47.81731016698473
-90.02813314691744,47.817365039903876
-90.02823933694064,47.81736482841146
-90.02834643101046,47.817354880634134
-90.02856095168787,47.817320836352785
-90.02866563805473,47.8173103630573
-90.0287667327255,47.81731343682477
-90.0288596507864,47.817341818207765
-90.0290362927704,47.81743240312835
-90.02913337175427,47.81746111512727
-90.02933955472751,47.81749811272753
-90.02986977829481,47.817557526995074
-90.0300830551934,47.817570800351035
-90.03018884780008,47.81757044228483
-90.03029430749909,47.81756058699953
-90.03060979586748,47.81749022670605
-90.03071171466112,47.817477433984855
-90.03081027477721,47.81748261537369
-90.03090258862551,47.81751304019034
-90.03107967499345,47.81760744588779
-90.03117221596528,47.81764516455682
-90.03127177472435,47.81766197191829
-90.03137580701312,47.81766675668798
-90.03148265639578,47.81766424260084
-90.03180831924365,47.817642599377656
-90.03212945075349,47.817636056245874
-90.03223567647866,47.81763022728845
-90.03256282029214,47.81759865031041
-90.03266594133585,47.817579171049516
-90.03275620529072,47.81754815705385
-90.0328298013193,47.81750223900333
-90.03289067508473,47.81744421896901
-90.03305060537373,47.817248863142396
-90.03315709764682,47.81709978216114
-90.03321383580224,47.81703638913195
-90.03328244076471,47.81700872281328
-90.03336288618661,47.81702365003769
-90.03344992882381,47.81706519369215
-90.03363716622161,47.8171702571941
-90.03373404096808,47.81720484050026
-90.03383702060486,47.81721611973392
-90.0339507288218,47.8172135348667
-90.03406349602764,47.81719820584458
-90.03416328319013,47.81717093604772
-90.03423774573939,47.81712992642546
-90.0342848666108,47.81706762376606
-90.0343615817079,47.816923609549995
-90.03442245429127,47.81686366980059
-90.03449482809931,47.816801526322145
-90.03457384043121,47.816742169686705
-90.03465702064655,47.81669488769238
-90.03474189817895,47.816668968145486
-90.03482803071086,47.81667787960842
-90.03491756554541,47.816719041937354
-90.03501061285546,47.81677107005709
-90.03510725469422,47.816812443266656
-90.0352081682416,47.81683202278258
-90.03531345661078,47.81684271578881
-90.03563581031032,47.81686120632109
-90.035850160443,47.81688391179082
-90.03595661207618,47.81689011656105
-90.03606131088846,47.81688662824495
-90.0361668657152,47.816867024769174
-90.03648522474334,47.81676416260325
-90.03658129849487,47.816746436395505
-90.0366670338724,47.81675260180047
-90.03673914813896,47.81678631161512
-90.03680009182202,47.816840573232774
-90.03696395141378,47.81705081745777
-90.03702825883357,47.81711144861378
-90.0371773210243,47.8172179163687
-90.03725922669057,47.81726616566235
-90.0373460747678,47.81730755970331
-90.03743819965185,47.81733929718712
-90.0375388176564,47.817358733006614
-90.03764575391878,47.81736917842704
-90.03796952351611,47.81738773270215
-90.03818323254214,47.81739401869
-90.03850720086518,47.81739368766546
-90.03861542599681,47.81739075306824
-90.03872045142828,47.81738121927605
-90.038820094952,47.81736117846953
-90.03891386662293,47.81732241401389
-90.03909120148235,47.81722316669015
-90.03917867039898,47.817187378507526
-90.03926746969934,47.81717866869173
-90.03935436413174,47.81721346414171
-90.03944158198664,47.81726894528719
-90.03953324242015,47.81731408698255
-90.03963359481888,47.81732843686252
-90.03974195665656,47.81732800486366
-90.03985185662384,47.81731697548856
-90.03995663568098,47.817298072829885
-90.04005508128544,47.817272017751776
-90.04015098041116,47.81723720532542
-90.04023999340767,47.817194663369456
-90.04031764555683,47.81714546363866
-90.04038421955372,47.81708825660037
-90.04061285518323,47.81682668237156
-90.04067435959227,47.81677213590616
-90.04074310646065,47.81672954170244
-90.04083198282481,47.81671557669749
-90.04094251017501,47.816737944920376
-90.04105154902105,47.816776590023395
-90.04113911928211,47.81681704998197
-90.04121113574226,47.81686991001123
-90.04127897980366,47.81692778095791
-90.04135279102601,47.816980555213036
-90.0415884583596,47.81712788268219
-90.04167049627353,47.817173911972226
-90.04184447758854,47.8172587915298
-90.04193754493207,47.817299343608624
-90.04203408099467,47.81733302287903
-90.04213345551752,47.81735433527052
-90.04223541127647,47.81736004896044
-90.04234004701647,47.817354817714985
-90.04266098933252,47.817312238238195
-90.0427673171111,47.81730155288171
-90.04308628882343,47.81727884432527
-90.04319153561765,47.81726747340945
-90.04339953269258,47.817235378658346
-90.04360572591644,47.81719708226498
-90.04381081806356,47.81715675954069
-90.04411592899105,47.81709076612302
-90.0445285864359,47.8170138873159
-90.04462925635558,47.8169906622734
-90.04472680547411,47.81696234532309
-90.04482147722914,47.81692943293259
-90.04509997503352,47.81682145416876
-90.04538822325854,47.81672107542715
-90.04548628745711,47.81668949670879
-90.04558584510445,47.81666427843874
-90.04568730953342,47.8166491210293
-90.04579111416328,47.81664683551943
-90.04589690088957,47.81665469194286
-90.04621825450421,47.81669265178623
-90.04632407018718,47.81669456899069
-90.04642829855752,47.81668337309422
-90.04663515964978,47.816642217044446
-90.04673973606812,47.816626812479285
-90.04705938350098,47.81660205034213
-90.04716223327135,47.81658541223142
-90.04726222150536,47.81656132111621
-90.04745673889538,47.816500413149456
-90.04773706111882,47.81639541060383
-90.04818724700927,47.816201537841145
-90.04899109100629,47.815846520715795
-90.0494502801304,47.81566292694505
-90.04990559586467,47.815474701691286
-90.05025734346688,47.81531052951322
-90.05042484992921,47.815220926150744
-90.05050314621785,47.81517255700439
-90.05057504865555,47.81512005450118
-90.05083352931457,47.81489005067698
-90.0511204106062,47.81467630608746
-90.05124905460043,47.814561987570315
-90.05136589000934,47.814441286186025
-90.05152302643404,47.81425294519791
-90.0515658919003,47.81418576636085
-90.05167374570776,47.81397449751749
-90.05171775317822,47.81390984693699
-90.05177327391637,47.81385259076197
-90.05184522191193,47.81380603405297
-90.0519346946104,47.81377164593698
-90.05224722109575,47.813696558153275
-90.05234504297763,47.81366523557392
-90.05243097309024,47.81362310479224
-90.0525086915582,47.813571175773156
-90.05265686690383,47.813461051614546
-90.05273583599356,47.81341457710248
-90.05282377611626,47.8133817603408
-90.0529237964942,47.81336828635142
-90.05303224498668,47.813368750236044
-90.05325383860195,47.81337797196674
-90.05357449113134,47.81337685365537
-90.05368080273544,47.81337183551388
-90.05442173081084,47.81329754836348
-90.05452564210017,47.81328214996051
-90.05462610538392,47.81325975489011
-90.05472338382165,47.813230797002326
-90.05500887048203,47.81313078318771
-90.05535599805543,47.812899191398905
-90.0554367996477,47.812852912495565
-90.05552218797645,47.812811188828974
-90.05561446460851,47.8127759388405
-90.05571207592898,47.81274594310866
-90.0560135953222,47.812669228492204
-90.05652230454082,47.81255927278868
-90.05672340574664,47.81251114348035
-90.05711312915447,47.812393164563474
-90.05751594157951,47.812295800146856
-90.05771210577541,47.81224003287477
-90.05790002028459,47.812171451025286
-90.05799101020958,47.81213321749605
-90.0581658735269,47.81205041702087
-90.05824622537695,47.81200051891328
-90.05839786217703,47.81189020136253
-90.05847697117584,47.81184219298645
-90.05856348998101,47.81180722557105
-90.05866008862161,47.811788132614126
-90.05876436952953,47.811779326360174
-90.05887347659196,47.8117786974562
-90.05898460054134,47.81178434812132
-90.05920166195004,47.811806897087045
-90.05930249158556,47.811825718342426
-90.05959033210476,47.811925241118914
-90.05969104830626,47.81194822126705
-90.06010916745976,47.812008713698326
-90.06031589103353,47.812045480641345
-90.06052044759357,47.81208736530446
-90.06062055903845,47.81211199258902
-90.06071766191988,47.81214332764599
-90.06090714418468,47.81221530576607
-90.06100382223327,47.812243681087466
-90.06110518196347,47.81225971124187
-90.0612147515142,47.81226669120664
-90.06132678752918,47.81226472005197
-90.0614339557712,47.81225234759802
-90.06152877706255,47.812227680727226
-90.06160418068883,47.81217944351057
-90.06173731494306,47.812057302600344
-90.06182171080283,47.81201861329267
-90.06192211314524,47.81199356750169
-90.06203077101898,47.81197638766949
-90.06214160610733,47.81196801251744
-90.0622485401083,47.81196938079001
-90.0623462318513,47.81198468351345
-90.06243623900595,47.81202174534338
-90.06261246360556,47.812112792374556
-90.06279759645625,47.81218637960689
-90.06289203742342,47.81222054857548
-90.06298912795685,47.81224933970809
-90.06309018019907,47.81227082754805
-90.06319520785567,47.81228598187034
-90.06330215874725,47.8122955563155
-90.06340892615621,47.81230025686671
-90.06362243558952,47.81229687464483
-90.06383512184951,47.81227849956791
-90.06393917343169,47.812263659754905
-90.0643484499501,47.81217991093043
-90.06445331554865,47.81216706945482
-90.06477242034407,47.81214296424812
-90.06487597113598,47.812126897090735
-90.06497757912979,47.812105422877416
-90.06527886019028,47.81203058615029
-90.06548302150107,47.81198841411999
-90.06630894781381,47.81184021018234
-90.06662227277734,47.81179652813205
-90.06757661916137,47.81171775343622
-90.06778680289055,47.81169211289313
-90.06809966605678,47.81164345868525
-90.06820483478744,47.811633600675776
-90.06831098618972,47.811631132816316
-90.06863201431747,47.811641581412154
-90.06873857846212,47.811638895550296
-90.06927006564446,47.81160324619355
-90.06958944903548,47.81158598421115
-90.06980261073606,47.811577125401364
-90.07022968261964,47.811568170425566
-90.07055041779887,47.81155499189133
-90.07076384290016,47.81154134197092
-90.07086852606162,47.81152913379466
-90.07097107983513,47.8115115002845
-90.07107199088578,47.81148872947026
-90.07126974221843,47.81143256694211
-90.07146294087055,47.8113700758704
-90.07173533533839,47.811256247817326
-90.0718295747275,47.81122255502615
-90.07221517505148,47.81109852211891
-90.0724006452843,47.811027193335875
-90.07258192420113,47.8109508236834
-90.072844307771,47.81082710038901
-90.07301325826995,47.81073883833164
-90.07317694761598,47.81064649719852
-90.07356655684698,47.81040045197843
-90.0739723400664,47.81016665487392
-90.07436504836654,47.809922952251206
-90.07515875145727,47.809441086359165
-90.07531197815982,47.80934103744374
-90.07538449496377,47.80928846476197
-90.07552367691044,47.80917881192225
-90.07565219353538,47.809063435909906
-90.07576455660559,47.80894177672271
-90.075994643155,47.80861664838234
-90.07644175080677,47.80804309763509
-90.07653484352655,47.80791362384599
-90.0766153052305,47.80778070452962
-90.07668491086392,47.8076444927636
-90.07677096801604,47.807436283483426
-90.07679366459257,47.807365508739956
-90.07681024882007,47.80729178068977
-90.07685430855672,47.80698833255042
-90.07687017380982,47.80691607481313
-90.07689214699994,47.80684755410356
-90.0769223120182,47.8067839180724
-90.07696275275252,47.80672631436674
-90.07702405082422,47.806681223464984
-90.0771164688733,47.80665515600851
-90.07722865868564,47.806641241573146
-90.07746522977816,47.806621312120384
-90.07777924571532,47.80657148295147
-90.07788228972264,47.80655287721993
-90.07798245544434,47.80652936754056
-90.0780797019959,47.80649970228677
-90.07817394127736,47.806464877078206
-90.07826445942382,47.80642608754362
-90.07835035313391,47.806383892558756
-90.07843112694567,47.80633689067936
-90.07858492176759,47.80623633841649
-90.07880263182932,47.806077346388705
-90.07887979702707,47.806028088620955
-90.0789638277285,47.805984280342166
-90.07905267458527,47.80594433502166
-90.07950299694159,47.80574827633212
-90.07958944813613,47.80570625827539
-90.07967009007974,47.80566007521941
-90.0797432426556,47.80560835866821
-90.0798105299991,47.80555233646251
-90.08012394331308,47.805259807081946
-90.08024020327231,47.80513916402579
-90.08040159435333,47.80495191763783
-90.08048988355313,47.80482144537725
-90.08052348029209,47.80475345372697
-90.08055085873747,47.80468376683794
-90.08059484951886,47.80454231389631
-90.08061379223967,47.8044715988025
-90.08067090749364,47.804186311249495
-90.08078341814493,47.80383359796667
-90.0807976435035,47.80376284807393
-90.08080506732473,47.80369082461271
-90.08080808093528,47.80361614419196
-90.08080244138803,47.80354176873068
-90.08078345548856,47.80347091316875
-90.08074639457533,47.80340677765663
-90.0806875948178,47.80335044216001
-90.08061270675825,47.803299282890166
-90.08044757722828,47.80320082096252
-90.08022559160999,47.8030328774567
-90.08015161938795,47.802973549121525
-90.0800888757566,47.80291302238645
-90.08004572180639,47.80285136082463
-90.080030717373,47.80278858322938
-90.08005108621698,47.802723939196156
-90.08009771144077,47.80265770178309
-90.08021805180671,47.80252341997249
-90.08026592750733,47.80245686220858
-90.08028716819217,47.80239173611719
-90.08024405293887,47.8023297611035
-90.08016782843674,47.80226948230853
-90.07994231099305,47.802061252316946
-90.07987914797835,47.80199741108881
-90.07985304625826,47.80195213299741
-90.07988226995877,47.801934173098566
-90.07996480606683,47.80194175430733
-90.08008069179212,47.801966020157046
-90.08043187037606,47.80205385465942
-90.08101664777486,47.80223115218029
-90.08121696369956,47.8022812065659
-90.08142213307218,47.802324813851826
-90.0815259712755,47.80234074687919
-90.08163106141733,47.80234921521277
-90.08174157347014,47.802342136757225
-90.08185316099645,47.802328958614176
-90.0819592999192,47.8023232202636
-90.08205308272218,47.80233883448233
-90.0821246023419,47.80238886898301
-90.08218615334577,47.80245508720729
-90.08225689152854,47.8025110970758
-90.08234879164566,47.802541691643256
-90.08245176436162,47.8025613942899
-90.08256030837488,47.802573371137576
-90.0826693768153,47.802579998372146
-90.0827756921431,47.80258186739423
-90.08288267846342,47.80257576678739
-90.08309723498046,47.80255654104157
-90.08320331201,47.80255287444318
-90.08330755698402,47.802559465159824
-90.08340937064082,47.80257792621182
-90.08371074814512,47.80265726828822
-90.08381390854274,47.80267498382289
-90.08413173166632,47.80270403558213
-90.08444236224014,47.80275694350045
-90.08465202585403,47.8027834238988
-90.08507571956662,47.802820570625485
-90.08571387154286,47.80285876506499
-90.08645809118853,47.80291001486831
-90.08656435697543,47.802911185604785
-90.08667044724018,47.802906158744996
-90.08698859560802,47.8028769815653
-90.0870950358745,47.80287170097875
-90.08752205321174,47.8028623708137
-90.08773468744745,47.802849862365036
-90.08815722866974,47.80280755590657
-90.08857552636721,47.802749329785065
-90.08888578926924,47.802695450573786
-90.08919438653258,47.80263532502306
-90.08929570079745,47.80261243561476
-90.08939448263094,47.80258577266827
-90.08949000264542,47.80255425565618
-90.08985661196394,47.802404205515536
-90.0900439794804,47.80233631745747
-90.09014237412379,47.80231020546285
-90.09024493054208,47.8022911311249
-90.09056056953364,47.80224739692841
-90.09100493315039,47.80221623086264
-90.09143215906268,47.80221129902747
-90.09164515862778,47.802203232124995
-90.09196302769938,47.80216621046963
-90.092068545255,47.80215893912956
-90.092173789972,47.80216078097421
-90.09227869246219,47.80217451990414
-90.09248774696059,47.80221351851199
-90.09259207191877,47.802224995069224
-90.09269652379948,47.80222194117886
-90.09280097810407,47.80220512326539
-90.0930062018715,47.80215987001958
-90.09340580746512,47.80205800581358
-90.09370881858327,47.801986266585565
-90.09390667511796,47.801932676770164
-90.09400184679502,47.80190066864362
-90.09409375702802,47.80186387261642
-90.09436173442288,47.801742679084676
-90.0944527572344,47.80170526728123
-90.09454676930275,47.80167264241703
-90.09464510153673,47.801647039187266
-90.09474766392063,47.801628586069945
-90.0950648220426,47.80158823200159
-90.09516837128376,47.80157039898681
-90.09547172198431,47.801500736083256
-90.09576994168285,47.801419612031026
-90.09586705234814,47.80138905831297
-90.0959589442938,47.801353223514624
-90.09612817647033,47.80126677532834
-90.09636641792504,47.801121253961675
-90.0967474155685,47.80086801118661
-90.09688887732591,47.8007603584821
-90.09695415420833,47.80070384812921
-90.09701179135372,47.80064318196445
-90.09716660465439,47.80045188740314
-90.09722491210918,47.80039235557743
-90.09729316790106,47.80033878841112
-90.09737396933097,47.80029299443472
-90.09764278241747,47.8001716263122
-90.09772600101408,47.800124404250404
-90.09788722666521,47.800019236533345
-90.09796925577552,47.79997042150501
-90.09805490645097,47.79993020995979
-90.09814618675593,47.79990317008804
-90.0982463324824,47.799889338558934
-90.09835519231424,47.799883891349914
-90.0984684114935,47.79988637484241
-90.09858161480747,47.799896372700076
-90.09869042703686,47.79991346860359
-90.0987904729499,47.799937246249605
-90.0988764242959,47.799969723261164
-90.09894209178329,47.80002407702322
-90.09904659365478,47.800163069998256
-90.09910557569614,47.800223913902244
-90.0991831901062,47.80026239530375
-90.09928672473352,47.80027013768513
-90.09972640071518,47.80024430288345
-90.09982933444805,47.80022772942773
-90.09992739335524,47.80020068083525
-90.10011830457171,47.8001340625557
-90.10021624511285,47.80010545455022
-90.10031849751229,47.80008516682781
-90.1005282556986,47.80005439277704
-90.10063040350978,47.80003444721412
-90.10072829480009,47.80000669755035
-90.1008231080255,47.79997313401419
-90.10100394002004,47.79989575275289
-90.10109002971731,47.7998533686517
-90.10125561679688,47.79976211292051
-90.10141536436905,47.79966664093045
-90.10172686026613,47.799469703526405
-90.10197562121436,47.79933351957856
-90.10221418301496,47.79918843601103
-90.1023632091874,47.799084679476664
-90.10242791449022,47.79902841993311
-90.10248480726094,47.798967700295286
-90.10253431744519,47.79890289579728
-90.10257515470911,47.79883540779111
-90.10260602873308,47.798766637629164
-90.10262733380918,47.79869682589755
-90.10264152931597,47.798625349715245
-90.10264962882401,47.79855294044121
-90.10265154258178,47.79840828834309
-90.1026353656974,47.79833481348021
-90.1025718514771,47.79818695992706
-90.1025785811393,47.798124468485845
-90.10263745085618,47.79807623259971
-90.10273195192164,47.79803840856406
-90.10283869294044,47.79800417214318
-90.10293561376292,47.797966045560806
-90.10303424292611,47.79791144599059
-90.10312717126781,47.797866542180834
-90.10319132939274,47.79786939183518
-90.10321509248051,47.79793307368948
-90.10322913632685,47.79801971103811
-90.10326851554811,47.79808990604576
-90.10333323752947,47.798151071946194
-90.10341566630598,47.798195794359486
-90.10351297293231,47.79821863018971
-90.10362038031096,47.79822985029845
-90.10383705057504,47.798238542594845
-90.10394427352566,47.79823932945911
-90.10405146526271,47.79823630114049
-90.10415758747156,47.79822861930339
-90.10426200854499,47.79821548391227
-90.10436537371805,47.79819780219473
-90.10467468759677,47.79813967782355
-90.1047792582664,47.798125548496444
-90.10509630743596,47.79809424040652
-90.10541268026955,47.79805785868595
-90.10572691214159,47.79801453631918
-90.1058287786385,47.797994561933386
-90.10592767364348,47.79796872207469
-90.10602368554713,47.79793713116591
-90.10630553509876,47.79783275525713
-90.10658265874775,47.79772416321049
-90.10667884720112,47.79769359671598
-90.10708268863077,47.79759841641583
-90.10728067938078,47.79754417061167
-90.1073731719897,47.79750934601627
-90.10754151469119,47.79741990925241
-90.10762983434579,47.797379769468016
-90.10772308182548,47.797344878556885
-90.10791561620321,47.79728187048526
-90.10811346927838,47.797227855072904
-90.10831458137226,47.79717902079088
-90.10862078221979,47.79711517495931
-90.10893311018125,47.79706555331015
-90.10914445624648,47.79704486611143
-90.10925041040396,47.79704123596569
-90.10957086682969,47.79705525218597
-90.10978376420637,47.79704727016526
-90.11010281345632,47.79702615024408
-90.11031580107792,47.79701626238129
-90.11063614208261,47.79701385977978
-90.11095762067733,47.797020465621806
-90.11106379777355,47.79701794317898
-90.11116870461986,47.797008007921
-90.11127294945028,47.7969923854162
-90.11137624345943,47.796972555432184
-90.11157838675148,47.79692518912757
-90.11177292231795,47.79686578452038
-90.11196235609488,47.79679896235117
-90.11233209312623,47.79665488855596
-90.11270951618673,47.79651962212578
-90.11280071141228,47.796482597524694
-90.11297258879267,47.79639765248131
-90.11389088683565,47.795903806946214
-90.11415175430936,47.79577651356419
-90.11424155891116,47.795737420726695
-90.11433399845644,47.79570258840018
-90.1144313200782,47.79567512166975
-90.11453541487742,47.79565744171238
-90.11464208578435,47.79564547955476
-90.11474794771391,47.79563602098916
-90.11485510027728,47.79563261315372
-90.11496177160139,47.79563622957889
-90.11527682012097,47.79567574530093
-90.11538267593156,47.795684334231
-90.11570259900661,47.79569709686095
-90.11602397558484,47.79569975416358
-90.11613066446282,47.79569607656881
-90.116235720664,47.795686383808224
-90.11633977482103,47.79567089308094
-90.11644301554087,47.79565114074116
-90.11664475481354,47.79560248846173
-90.11673998589984,47.795570955299844
-90.11682771643692,47.79552893864461
-90.11708052601043,47.79539550187632
-90.11723634541414,47.795297733904704
-90.11737250043045,47.79518675507349
-90.11755455473649,47.79500801623558
-90.11766417002057,47.7948836010281
-90.11770808367646,47.794819085264876
-90.11774077363818,47.79474565180389
-90.11774468083055,47.794671933952635
-90.11769614089906,47.79461779345653
-90.11760274353068,47.794577966425145
-90.11750224378032,47.79454260199043
-90.11726359018655,47.79447450593135
-90.11719749856182,47.79444451806112
-90.11723128014482,47.794416153365056
-90.1173355143812,47.794388312618224
-90.11746596116186,47.794366444652916
-90.11758040151972,47.794356437374745
-90.11768507554763,47.79436529703882
-90.11799872095342,47.79441953468273
-90.11820411867244,47.794458841016215
-90.11840620955822,47.794505314316474
-90.11870422037217,47.79458437582952
-90.1189958681071,47.7946736428146
-90.11930336333272,47.79473558658332
-90.11940329382301,47.794760105558375
-90.11949949277526,47.794790625271105
-90.11968642830497,47.794860389989815
-90.1199604608506,47.79497275699592
-90.12031902844234,47.79512918787047
-90.12050548736086,47.79519926796141
-90.1206977162563,47.795262209209206
-90.12089419391135,47.795319174517864
-90.12109521118175,47.795368497971666
-90.12119786333527,47.795386889645314
-90.12130267464507,47.7953989344152
-90.12162190903183,47.795422611408895
-90.12193649968175,47.795464268260694
-90.12204202355318,47.7954739678805
-90.12214834205078,47.79547879369813
-90.12246888003506,47.795484069949666
-90.12289469160616,47.79551211528902
-90.1230008919772,47.7955140563867
-90.12310684689095,47.79550935730399
-90.12342406372161,47.79547588721155
-90.12353020346269,47.79546804859174
-90.12384980207635,47.79545250197146
-90.12406315260627,47.79545009704643
-90.12459696001024,47.79545774989648
-90.12513077562176,47.79545716969453
-90.12545311743618,47.79546896071561
-90.12577337976089,47.79547433908703
-90.12598587061362,47.79548742448557
-90.12651651954016,47.795528240030315
-90.12672939925217,47.795539714460666
-90.12683598895816,47.795540409967934
-90.12715652820867,47.795524669230474
-90.12726240161741,47.79552700904793
-90.1273670604264,47.795538721053184
-90.12757486476897,47.795574743471754
-90.12767959333986,47.79558915280668
-90.12789119048055,47.7956078389071
-90.1286353605724,47.79565557686608
-90.12905904965672,47.79569187808018
-90.12937824139578,47.79571244729543
-90.12959156310231,47.795721679217934
-90.12980426975683,47.79572012017801
-90.13012108188975,47.795685863450174
-90.13043462601424,47.79564177682065
-90.1309640071688,47.79559545780525
-90.13138271316119,47.79553855149444
-90.13148807898418,47.79552738203126
-90.13276351388068,47.79544547462889
-90.13318968443355,47.79542492444686
-90.13340170307157,47.795409298431544
-90.13382145742989,47.79535591852233
-90.1343500602757,47.79530590152987
-90.13466249286155,47.79525793102585
-90.13476751379301,47.79524547108324
-90.13529778454826,47.79520377888212
-90.135827027649,47.79515672145976
-90.136564816843,47.79507654725955
-90.13688269746515,47.795046397371614
-90.13709202626126,47.79501959882799
-90.13719418352792,47.79499974698033
-90.13749326828834,47.79492108074867
-90.13759492023793,47.79489954015877
-90.1381176752973,47.794826474312664
-90.13842693526786,47.79476922586697
-90.13863715935588,47.79474667431806
-90.13895733847244,47.79473320877294
-90.13938435603811,47.7947342747501
-90.13970458503874,47.79472822695807
-90.1399178077642,47.79472082089975
-90.14034256449213,47.79469086081056
-90.14044905249011,47.794686484383064
-90.14119641507016,47.794675924567876
-90.1415165129429,47.794678428449565
-90.14194246748568,47.794699808407266
-90.14226248175015,47.794708349780876
-90.14365010906178,47.79472981742639
-90.1439701556481,47.79472423119766
-90.14492995271422,47.79469127100482
-90.14514253643934,47.79467851759316
-90.14535403521423,47.79465744054741
-90.1454603296984,47.79465283313718
-90.14599422461298,47.794656087613895
-90.14652800238936,47.79465276715616
-90.14695483759729,47.79467101944645
-90.14706121966323,47.79467154699666
-90.14716748445696,47.79466732526096
-90.1472736770937,47.794658769529846
-90.14748428587674,47.79463263412728
-90.1475876312626,47.79461504343755
-90.14779080720838,47.794569071705915
-90.14789353058525,47.79455030139125
-90.14799868226976,47.79454028003771
-90.14821272277803,47.79453381117172
-90.14831873418724,47.794525822356526
-90.1488414720826,47.7944527855081
-90.14936664504364,47.794388360373496
-90.14978366785412,47.79432626908857
-90.14988867732771,47.794313306289794
-90.15020661029962,47.79428393994773
-90.15030980090108,47.79426684449308
-90.15041101006331,47.794244483862485
-90.15071005485922,47.79416537176092
-90.15091159889437,47.794118353769356
-90.1510149136828,47.79410156913537
-90.15133266850914,47.794071767092404
-90.15154317567757,47.794047343378644
-90.15237956947657,47.79393042718192
-90.1526872355384,47.793870906247946
-90.15370224844116,47.79364747486973
-90.15400847934993,47.79358434243749
-90.15431801536717,47.79352890199014
-90.15514932445952,47.79339625055724
-90.15535977977312,47.793373326771004
-90.15567862245803,47.793351273984726
-90.15578380415731,47.79333922286737
-90.15609689783793,47.79329222987171
-90.1562018205392,47.793279858513046
-90.15630769451687,47.793272389044205
-90.15662836758426,47.793268647009775
-90.15694864597356,47.793276163106505
-90.1570552552447,47.793275463847756
-90.15758721863348,47.79324534634854
-90.15812096778588,47.79324141619074
-90.15851481525523,47.793246686351665
-90.15872802697781,47.79324395190641
-90.15904698424389,47.793223743365324
-90.15936328356604,47.793189802861335
-90.15946708235855,47.79317315290098
-90.16008434170715,47.79305694860712
-90.16048775162118,47.79296253245194
-90.16090368562858,47.79289680680692
-90.16100568344935,47.7928761859564
-90.16169824139823,47.79268668019287
-90.1624084655976,47.792529876752305
-90.16290403759133,47.79239646211505
-90.16320861476255,47.79232949801272
-90.16330750055926,47.79230257767818
-90.16359873955523,47.79221239918753
-90.16369825306342,47.79218667188293
-90.16410633484527,47.792101601435
-90.16430331673054,47.792046419938714
-90.1646936790969,47.79192941899486
-90.1652944280468,47.79177848148259
-90.16549054597682,47.7917220432284
-90.16567620265441,47.7916506998969
-90.1658521345492,47.79156836506736
-90.16593326370986,47.791522488800005
-90.16606776249903,47.79140993496115
-90.16614736800985,47.791362494124904
-90.16631900511727,47.7912763873196
-90.16640020344016,47.791229758080775
-90.16663464207045,47.79108268065009
-90.16729759591861,47.79071983069967
-90.16753854362433,47.79057768104473
-90.16793373725407,47.79033578954117
-90.16826671858404,47.790155784556305
-90.16877825035832,47.78989592894376
-90.1691259572143,47.78972887904477
-90.16939313415799,47.78960993971958
-90.17003004597548,47.78934655085412
-90.17020807857669,47.78926712416215
-90.17046695189696,47.789139525547554
-90.17055809895108,47.78910266307413
-90.1706533804024,47.78907061831749
-90.17094653701945,47.78898280729665
-90.17113720652402,47.78891809456132
-90.17170288442563,47.78871559641341
-90.17197887276087,47.788605405460515
-90.17207361328158,47.78857290029733
-90.17217327983059,47.78854784288862
-90.17237823545169,47.78850613810335
-90.17278246914809,47.788413427386324
-90.1730880621399,47.788348209302725
-90.17318509253396,47.78831890876181
-90.17346536542522,47.78821399957812
-90.17356454161153,47.78818786743244
-90.17386829097116,47.78811888195718
-90.17415374006832,47.788021003095196
-90.17454345139849,47.78790342487294
-90.17483289727753,47.787811044173786
-90.17522913693843,47.787703801091155
-90.17561800398191,47.78758460952702
-90.17590369391169,47.78748740323059
-90.17617447781502,47.78737182910008
-90.17626770294241,47.78733704305452
-90.17665534726714,47.78721633307147
-90.17731205701605,47.78697601142439
-90.17777728672341,47.786799709430056
-90.1781553942022,47.78666485097567
-90.17824588581621,47.786627251112336
-90.17833191099652,47.78658528667555
-90.1784133122155,47.786538797262125
-90.178648943386,47.78639177459655
-90.17911098331062,47.786092784442616
-90.17940142286005,47.78588181330408
-90.1794815593049,47.78583462560893
-90.17965236569353,47.785747918987056
-90.17981464701947,47.7856544564223
-90.17997130033639,47.78555664685787
-90.18019433480704,47.78540166205008
-90.1802731886346,47.785353351686055
-90.1804431018563,47.785265713808435
-90.18052135159222,47.7852172010185
-90.18072894362487,47.7850525892287
-90.18080467465218,47.78500209833659
-90.18153710402049,47.78458275793248
-90.18177343068349,47.78443730926711
-90.18227458980988,47.78406366732722
-90.18288248057017,47.78356231565865
-90.18331218792093,47.78324233147743
-90.1835170579558,47.78307635239627
-90.18364789959492,47.78296273591426
-90.18389126350728,47.782726256585974
-90.18415057693073,47.782497599249005
-90.18427060976039,47.78237868767101
-90.1845516959334,47.78207285941407
-90.18486761313378,47.78169734999871
-90.18506498854526,47.78144216992117
-90.18520457105001,47.7812479051648
-90.18524766429861,47.78118210353494
-90.18536330026589,47.780980501643235
-90.18541215527644,47.780916922606266
-90.18564884643487,47.7806770857773
-90.1857010276803,47.780614480091664
-90.18588577504983,47.78035490918877
-90.186088661682,47.780101392947465
-90.18613158500492,47.78003573720034
-90.1861658645426,47.77996687393228
-90.1862515367041,47.779754847706606
-90.1862896025303,47.779688889642735
-90.18634020597841,47.77962864710724
-90.1864110885718,47.77957805840015
-90.18667986500381,47.77945249783104
-90.18684436402248,47.77936018099255
-90.1870018325305,47.77926306070744
-90.18707250687892,47.77920968755749
-90.18719383044692,47.77909079232079
-90.1872593943745,47.77903413353744
-90.18748581588281,47.77888131573493
-90.18762226636458,47.778770430864384
-90.18774831459042,47.77865401153458
-90.18780419708706,47.7785931347867
-90.18785087540826,47.77852862135325
-90.18805548779429,47.77819372273301
-90.18808346542482,47.77812553549989
-90.18809196687667,47.77805335763823
-90.18807491758928,47.777980005547626
-90.18803163783461,47.77791697770903
-90.18787589949494,47.7778153576248
-90.1877718220566,47.77768995679845
-90.18768447079397,47.77755839644357
-90.18765018458855,47.77749043282009
-90.18762912668016,47.777420155948086
-90.18761553472326,47.77734849374053
-90.18757487105393,47.77720589937769
-90.18756296569246,47.77713491546675
-90.18757238607787,47.777064136515236
-90.18759917944442,47.776993527444056
-90.18763734802307,47.776925854256135
-90.18768436029154,47.77685987610562
-90.18774469235213,47.776799119823835
-90.1878231058144,47.77675386230757
-90.18791976824191,47.77672395022324
-90.18802197574921,47.77669786760172
-90.18811644016229,47.77666408664839
-90.18829037789828,47.77658005728347
-90.18838279650325,47.77654465078335
-90.18857827803795,47.77648633660038
-90.18877943479445,47.776437954613066
-90.18888224972117,47.77641801829892
-90.18909125933627,47.776389571443914
-90.18940926667422,47.7763627601
-90.18962207184673,47.77635293568713
-90.19026212049172,47.77633619634355
-90.19100914209223,47.776333164318366
-90.19175563413322,47.776313052999285
-90.19239561253836,47.776326101999615
-90.19282244024332,47.77632279969414
-90.19314194034177,47.77633869838883
-90.19324853601424,47.77634006502191
-90.19346264453846,47.77633836619009
-90.19367529833087,47.776327251236715
-90.19377999633583,47.77631519824329
-90.19388355953639,47.77629769209451
-90.19419026238938,47.776233950441444
-90.1943924112697,47.77618738396242
-90.19458972841714,47.77613289411376
-90.19487838972783,47.776039309255275
-90.19518241685267,47.775971500579104
-90.19528187989037,47.77594557342001
-90.19547425705143,47.77588195126409
-90.19557451578638,47.77585893115389
-90.19567827613915,47.77584328297179
-90.19599529869765,47.77580896184731
-90.1962053871318,47.77578222296138
-90.19641644037131,47.775762242478294
-90.19652284974286,47.775759018778196
-90.19695040932781,47.77575756510656
-90.19716334286394,47.77574972516382
-90.19726832907165,47.77573771987111
-90.1974768279095,47.77570538852279
-90.19758200088118,47.775693954400374
-90.19790211999016,47.775683035998945
-90.19800630560553,47.77566911461668
-90.19821116689504,47.77562742401045
-90.1984122404471,47.77557895975304
-90.19860944969827,47.77552368256451
-90.1988956959412,47.77542647916268
-90.19899540409077,47.775401830403204
-90.19909797433884,47.7753822030695
-90.19972137569029,47.775281713487985
-90.20003459850302,47.775236780363855
-90.20035006100474,47.77520002980684
-90.20056275703386,47.77518697722086
-90.20066948477836,47.775184809190144
-90.20088272979565,47.77518913123535
-90.20130870820755,47.77521216273913
-90.20141371146346,47.77522383365667
-90.20182627826848,47.7752987987806
-90.20203474609079,47.77532959729025
-90.20214057694348,47.77533743150196
-90.2023547006137,47.77534175864903
-90.20246069673115,47.77534841448599
-90.20256496218771,47.77536251813267
-90.20297747109694,47.77543839056623
-90.20308222997195,47.77545069778769
-90.20340220927572,47.77546439096996
-90.20350798452591,47.775473330501654
-90.20371794392786,47.77550008120893
-90.20402680362885,47.77555709004706
-90.20422771945148,47.77560571354495
-90.20432538299745,47.77563454165458
-90.20451629567043,47.775699290289246
-90.20470099569673,47.77577196918625
-90.20480296822232,47.77579048854734
-90.20501500533426,47.775812679987965
-90.20543455682453,47.77586592302329
-90.20596120811298,47.7759242703717
-90.20606594706393,47.77593790945647
-90.20637594880144,47.77599167483039
-90.20669309052347,47.77602157821255
-90.2069038175214,47.77604562788452
-90.20711022074848,47.77608117220256
-90.20741366068361,47.77615058448827
-90.20751622473044,47.77617034843421
-90.20793277031298,47.776233783072506
-90.20814349729977,47.776256228779026
-90.20835665897039,47.776265572952596
-90.20856808066306,47.77628422785041
-90.20888209459399,47.77632676969906
-90.20940281255143,47.776405959952726
-90.20950762351852,47.77641906780313
-90.21014444291067,47.776465101795544
-90.21045809321889,47.77650817250992
-90.21077763339962,47.776521421644446
-90.21099008237353,47.77653551368459
-90.21130775271222,47.776562740871576
-90.2115180967581,47.77658717553794
-90.21162273363895,47.77660235889224
-90.21172504715827,47.77662252951301
-90.21182402857926,47.77664906004423
-90.21201711039413,47.77671094182721
-90.21239476274032,47.776846236866504
-90.21249269647682,47.776873388180796
-90.2128066561429,47.77691737328244
-90.21301182671917,47.7769575189732
-90.21311584074817,47.77697308487981
-90.21332669111494,47.77699584865774
-90.21353876259397,47.77701228522912
-90.21385819464267,47.777027658077536
-90.21428300857052,47.777056189871836
-90.21470845454459,47.77708004909658
-90.21524149234568,47.77710162637013
-90.2154547498697,47.77710239806874
-90.21566642995619,47.77708542970074
-90.21619081033649,47.77701745257386
-90.21650730154754,47.77698477533551
-90.21692491469945,47.7769251305908
-90.21724156772564,47.77689314203864
-90.21745441106674,47.77688204150037
-90.2176677961289,47.77687749506003
-90.21798803336947,47.7768790271765
-90.21830779782803,47.776891314414726
-90.21841434348552,47.77689103195398
-90.21873394580695,47.77687662575107
-90.21923408390566,47.77689885036954
-90.21976441603898,47.77693876358541
-90.22008454924696,47.77695757831633
-90.22019117169867,47.77696040061744
-90.22029722645102,47.77695868935616
-90.22040266729503,47.776950635298974
-90.22050762350395,47.77693702801313
-90.2208188263345,47.77688351522966
-90.22112409856503,47.77681808873096
-90.22142581778698,47.77674581420102
-90.22163061684022,47.77670465660476
-90.22173452250455,47.77668859943537
-90.2220524853375,47.77666312874006
-90.22226097531065,47.77662822522924
-90.2223655429734,47.77661905325819
-90.22247132628034,47.77662684378828
-90.22257753878299,47.77664117794502
-90.22268329409546,47.77664783067151
-90.22278790021241,47.77663740917382
-90.22299643684347,47.77660200653801
-90.22310219026569,47.77659784838412
-90.2234225010541,47.77661090117823
-90.22363618460545,47.77661505981525
-90.22374275453463,47.77661336379212
-90.22405946386017,47.776581793364684
-90.22437955357795,47.77657742013601
-90.22459210392654,47.77656491267392
-90.22554767479755,47.77649842054665
-90.22597302679101,47.776474017526006
-90.22629053067024,47.77644605892617
-90.22660699533418,47.776413023544436
-90.22703225413336,47.77638838568881
-90.22734963790886,47.77635947867842
-90.22745588700037,47.7763536866501
-90.22766953161705,47.77635202227719
-90.22777461459626,47.776340669322686
-90.22808791093432,47.776294785319244
-90.22819381849075,47.776287568926335
-90.22840776830239,47.77628493178312
-90.22851290658097,47.77627451840432
-90.22872002789295,47.776238164273884
-90.22882472426572,47.776225265222976
-90.22893113118921,47.77621909695915
-90.22903814381223,47.7762174972689
-90.22914483599934,47.77622022454074
-90.22935820363321,47.77623589801665
-90.22946370184921,47.77623369019839
-90.22956774684906,47.77621963828755
-90.22977493551153,47.77618148633811
-90.22988021054304,47.77617049642293
-90.23009351261689,47.776160310313806
-90.23019856269147,47.776148784483354
-90.23040520987243,47.77611188998819
-90.23050972981449,47.77609793853391
-90.23072284786359,47.77608527336442
-90.23082576595561,47.77606807053601
-90.23102633950859,47.77601776380737
-90.23112880222482,47.77599781735508
-90.23133714511964,47.775966092683625
-90.23165379416909,47.77593400158053
-90.23186322895684,47.775906701218496
-90.23217417434505,47.77585499502943
-90.23289442913281,47.77572119090302
-90.23309815589229,47.77567808682221
-90.23329828180717,47.77562812060273
-90.23358756723228,47.77553497012554
-90.23368713184166,47.7755099168226
-90.23399855944474,47.77545885713902
-90.23409994793113,47.775436689045215
-90.23469574323671,47.775278162665714
-90.23489857951837,47.77523329924432
-90.23510453567724,47.77519557037824
-90.23562562806285,47.77511776068935
-90.23572863068064,47.77509903429652
-90.23603343493714,47.775032907621004
-90.23634464331359,47.77498224906081
-90.23655072356723,47.77494454767421
-90.2366527498219,47.774923528313664
-90.23705407003465,47.7748254310247
-90.23725703841939,47.774780833372404
-90.23777069981166,47.77468360169729
-90.23817178663867,47.77458498089963
-90.23888165498666,47.77442658232847
-90.23898476166906,47.77440913374274
-90.23909023967349,47.77439930012533
-90.23930466612528,47.77439133193602
-90.23940880763377,47.774378885990465
-90.23950909660557,47.77435515156931
-90.23960689556147,47.77432500079724
-90.23970360747902,47.77429399548727
-90.2399849486083,47.77419045805928
-90.24008072247008,47.774158888576004
-90.24018048301754,47.774133901906175
-90.24038502408145,47.774092112224444
-90.24068754273777,47.77402130915952
-90.24078971268536,47.77400067825085
-90.24099669310127,47.773965311273166
-90.24131070792983,47.7739232495536
-90.2415179763664,47.773888847871746
-90.2417230296464,47.77384898043956
-90.24223256587547,47.77374119897797
-90.24233162730063,47.77371505874146
-90.24242731098512,47.773683485532416
-90.24261495814314,47.773614251055626
-90.24271106833713,47.77358315368759
-90.24291181545372,47.77353400537408
-90.24319762680646,47.773436857470344
-90.24329807514849,47.77341167739572
-90.24340113745092,47.77339182364501
-90.24350581707974,47.773380690817426
-90.24404064284988,47.77337524660449
-90.24414529875371,47.7733641341152
-90.24445158094012,47.773300192867936
-90.24455491880437,47.77328227045917
-90.24507647939765,47.77320629861022
-90.2452794789548,47.77316161333552
-90.24548714895806,47.773128253515196
-90.24569843711097,47.77310903530755
-90.24612522603567,47.77309499350098
-90.24623110510709,47.77308746999733
-90.24644019312468,47.77305756047396
-90.24654530767214,47.77304607210367
-90.24675876333403,47.77304232357056
-90.24686347929861,47.77302906000735
-90.2470700927494,47.772992056707906
-90.24727459231507,47.7729505483263
-90.24737511036564,47.772926604356584
-90.24767014649215,47.772842759854505
-90.24817537051769,47.772726723230775
-90.24837930244428,47.77268448339776
-90.24869109643163,47.772634956976184
-90.24879272072789,47.77261335671398
-90.24899078178171,47.77255856510273
-90.2490921700936,47.772537044806064
-90.24919627337657,47.77252223643114
-90.2496181238323,47.77247598968377
-90.24982461440953,47.77244005927675
-90.25013194074434,47.772379020712705
-90.2505544055392,47.77232682529139
-90.25076010566461,47.77228814254607
-90.25096022919189,47.772238083748306
-90.25125231941057,47.77214835182802
-90.25135352360208,47.77212746809796
-90.25145805164479,47.772114576488015
-90.25177662599202,47.77208666498289
-90.25188022798392,47.77206988572845
-90.25249621999133,47.77194999854011
-90.25269618737494,47.77190091188051
-90.25298005210396,47.77179936337052
-90.25307649183902,47.77176928154854
-90.25317752289742,47.77174819855142
-90.2533896095528,47.77172586167643
-90.25349222581163,47.77170695163384
-90.25388910922038,47.77160056292215
-90.254193217528,47.77153305245861
-90.25449457205315,47.77146021662878
-90.2549933314898,47.7713321026537
-90.25518957297312,47.77127567580076
-90.25566415844406,47.77111125342407
-90.2560527893095,47.77099211376859
-90.2564219594678,47.77084764814172
-90.25661319268454,47.77078374729483
-90.25680926600614,47.77072676435099
-90.25731151423341,47.7706053399159
-90.25740949893192,47.77057682244278
-90.25760124695614,47.770513299847806
-90.25787721564183,47.77040409130983
-90.25832395522787,47.77020709521069
-90.25857672045498,47.77007485696355
-90.25906692807756,47.76979660867189
-90.2592402326104,47.76971328550575
-90.2596096733343,47.769568597571265
-90.25990111224776,47.76947478500297
-90.25999448215507,47.769440404932176
-90.26008132796034,47.76940030424389
-90.26016155056226,47.7693540599091
-90.26031002521638,47.769250320384494
-90.26051187663714,47.76908091232145
-90.26056995682673,47.76901932267493
-90.26066983043513,47.76888609914076
-90.26072536255998,47.76882543280543
-90.26079380912971,47.768776071111596
-90.26088671746199,47.768749826484346
-90.26110819029039,47.768728926718026
-90.26120330390178,47.768699114644996
-90.26128872408368,47.768657288898545
-90.26153368402656,47.76851519736146
-90.26162203645974,47.76847512522126
-90.26190000322651,47.768367674426045
-90.26225451833736,47.76820715841795
-90.26243641659309,47.76813226804564
-90.2631024950201,47.76790388549561
-90.26319991257563,47.767874626583996
-90.26350293524773,47.767801613826656
-90.26359968146103,47.767772452966156
-90.26368971223418,47.767735373569224
-90.26393446042438,47.76759463128537
-90.26402207092342,47.767554032453795
-90.26411459072271,47.76751860401195
-90.2647863506967,47.76729720084669
-90.26517612999436,47.76717993068526
-90.26536770093159,47.76711637838156
-90.26555527949354,47.76704781368305
-90.26582437802197,47.766930598732486
-90.26591687227749,47.7668950071393
-90.26630448407973,47.766774391385304
-90.26667653677103,47.76663266870986
-90.26677213954916,47.76660132645541
-90.26687165636612,47.76657599879366
-90.26768954033359,47.76640962094556
-90.26829239024835,47.76626345179306
-90.26849552955564,47.76621938624966
-90.2685995388234,47.76620352103007
-90.26892417649358,47.76618103775561
-90.26902746490072,47.76616763865048
-90.269122983057,47.76614327546229
-90.26920205854925,47.76609745206102
-90.2692724288024,47.76603974845658
-90.26934742938757,47.76598632111125
-90.26943601756894,47.76594643429967
-90.26953106578951,47.76590949870157
-90.26963004855395,47.76587803430514
-90.26973109830986,47.765855784359516
-90.2698330966182,47.7658478394006
-90.26993915109982,47.76586134629947
-90.27004687234918,47.76588404263363
-90.2701526412407,47.76590064725561
-90.27025290239455,47.76589617904901
-90.27034696715741,47.76586824290442
-90.27052605978847,47.765781246340396
-90.27088071020596,47.76561920308038
-90.27106721642552,47.7655492726537
-90.2711650772568,47.76552000819372
-90.27126542970379,47.76549614334156
-90.27157819776195,47.76544907448181
-90.27168040890307,47.76542876940823
-90.27198179717345,47.765355767249524
-90.27217960243739,47.76530170811431
-90.272566445659,47.765180002320335
-90.27286017847408,47.76509403329299
-90.2730599950558,47.7650437190644
-90.27346449384945,47.76495173243243
-90.27385229065368,47.76482891874872
-90.27395248801074,47.76480697116787
-90.27405654734017,47.764794896810244
-90.2743783151636,47.764783703041196
-90.27469008655902,47.764706024395174
-90.27478589976872,47.764675155095354
-90.27496908224369,47.76460097271939
-90.27514073766949,47.76451515485237
-90.2752197057538,47.7644658852154
-90.27537017413778,47.764360075896015
-90.27544789229572,47.76431071289381
-90.27553141168744,47.764268495436525
-90.27562386739045,47.76423727142893
-90.27572513816168,47.76421728732993
-90.27604499578038,47.764176805045544
-90.27645506529453,47.764096832989644
-90.27676875528523,47.76404234963299
-90.27687380923544,47.76402818694881
-90.27697834210916,47.76402074523239
-90.27708182565516,47.764024346863714
-90.27718409520384,47.764042908211835
-90.27738836503573,47.764093269292594
-90.27759627540703,47.76412635991032
-90.277806934608,47.764149083752116
-90.27802125263858,47.76415617023237
-90.27812719935358,47.764163045694715
-90.27823034222584,47.764178831361306
-90.27833078101361,47.76420285132801
-90.2785294645556,47.76425783484845
-90.27863073326486,47.76427989042424
-90.27884093724073,47.764308019512335
-90.2789477315731,47.76431504286593
-90.27905393356149,47.76431581567149
-90.27916059572928,47.76431161712573
-90.27937449918267,47.76429198684114
-90.27947864492548,47.76427609223888
-90.279578228196,47.7642545586351
-90.27966547957641,47.76421312664363
-90.28007363155797,47.76397919601942
-90.28024403122303,47.7638922020581
-90.28033533057317,47.76385548859315
-90.28052917791676,47.763794802960355
-90.28062287720287,47.7637604940014
-90.28089585835212,47.7636475463381
-90.28107406990657,47.76356726575165
-90.28116849168636,47.76353515632045
-90.28127067257284,47.76351479817161
-90.28137574774443,47.76349877159522
-90.28147690648767,47.763476600857864
-90.28157100321685,47.763443517047435
-90.28175295437065,47.76336726162281
-90.28193995439842,47.763297304675035
-90.28213008608397,47.763231846017575
-90.28222831129136,47.76320450418153
-90.28263847941663,47.763124158151626
-90.28273653602831,47.76309589890475
-90.28292773375986,47.763030514490644
-90.28302617868539,47.763003841066535
-90.28312858537969,47.76298498950741
-90.28323343203199,47.76297102744961
-90.28344542214957,47.762950066015684
-90.28387039438957,47.76292336809402
-90.28418830878833,47.76289686912834
-90.28439745892413,47.762867629989174
-90.28460218688896,47.7628265242264
-90.28469862002362,47.76279695841722
-90.28488279440958,47.76272337924996
-90.28498068249452,47.76269500371871
-90.28548338530774,47.762573397806264
-90.28558086627469,47.76254480077207
-90.2857641633231,47.76247074007557
-90.28585848933413,47.76243728125398
-90.28625037891572,47.76232319483184
-90.28643936573326,47.76225577792751
-90.28653700240378,47.762227365052226
-90.28694528363818,47.762143213599984
-90.28714392632632,47.762090786852184
-90.28753699364927,47.7619776824286
-90.28763720993514,47.76195363103579
-90.28774102158008,47.76193699424258
-90.28795216549892,47.76191152396375
-90.28805320938874,47.76189065037259
-90.28814783029713,47.76185829498358
-90.28833173749409,47.76178367166369
-90.28861705522576,47.76168537296468
-90.28870898095585,47.76164917865269
-90.2887973349836,47.76160903609499
-90.28905214099031,47.76147802644136
-90.28938561727873,47.76129841417605
-90.28972905227909,47.76112748141737
-90.28981238011033,47.76108263157256
-90.29005252014639,47.76093987227734
-90.2901381192103,47.76089704221166
-90.29085229079294,47.76058134665893
-90.29094522915032,47.760546436173094
-90.291141872897,47.76049005169872
-90.29123747316866,47.760458289570785
-90.29151198612522,47.76034702148601
-90.2916073253105,47.76031507518836
-90.29200083652708,47.76020298876149
-90.29219330337114,47.76014087825063
-90.29228482968799,47.76010412645932
-90.29254923215336,47.75998159046441
-90.29264361764218,47.75994910932202
-90.29304606035129,47.75985223592504
-90.29323737299377,47.759769692641164
-90.29332418663249,47.759772922851354
-90.29340295039557,47.75981920691732
-90.29347991822218,47.759879337723156
-90.2936436166231,47.759983760550945
-90.29373178991418,47.7600173858504
-90.29383208445154,47.760014886859615
-90.29393868230468,47.7599891051618
-90.29403348043495,47.75995233333329
-90.29410716391651,47.75990194552415
-90.29423040609502,47.759781719462175
-90.29445433778574,47.759536426357144
-90.29451460223997,47.75947725814917
-90.29472350591155,47.759313647548105
-90.29490039686358,47.759132183541645
-90.29497282780007,47.759081601565896
-90.29506279271759,47.75904373448758
-90.2951597738995,47.75901083660666
-90.29525179492346,47.75897376159045
-90.29542856715047,47.75889233200809
-90.29552249407841,47.75885929337331
-90.29562216708523,47.7588342993971
-90.29582634051522,47.758790663748115
-90.29631598560091,47.75864791470766
-90.2964165496254,47.75862415211715
-90.29672299200719,47.75856136170832
-90.29692387753047,47.75851291247611
-90.2973218840521,47.75840896842518
-90.29791544843202,47.758247298774016
-90.29822339758378,47.75818806806176
-90.29832280929507,47.75816217242939
-90.2986137446961,47.75807060660577
-90.29871449767947,47.75804910901161
-90.29881939061767,47.75803776988995
-90.29903297035816,47.758023363967446
-90.29924193027233,47.757993715636964
-90.29944915646375,47.75795812900455
-90.29965127647414,47.757913220735624
-90.29984461024718,47.75785212304829
-90.3004105409734,47.75764987122486
-90.30088982014593,47.757491743869544
-90.30108034522843,47.75742437662021
-90.30117782691933,47.757395966626234
-90.30127919838743,47.757376243805055
-90.30138515378938,47.757364318782415
-90.30149294640997,47.75735912646481
-90.30159951117365,47.75735992217915
-90.30170298316577,47.75737371759555
-90.30180544129223,47.7573968045823
-90.30201490043454,47.75742838132254
-90.30212070169895,47.75743699930226
-90.30222642438497,47.757435147678926
-90.30243813923167,47.75741326793459
-90.30264685279086,47.7573815142637
-90.30274954741085,47.75736104390043
-90.30294707107443,47.75730530489978
-90.30304312068556,47.75727144416669
-90.30313152109407,47.75723165140165
-90.30320635899459,47.75718276316885
-90.30326601762714,47.75712253338531
-90.30336491359091,47.75699354173767
-90.30344721916624,47.75686041233789
-90.30349873505405,47.756797724492415
-90.30368103361191,47.75662004198544
-90.30373530984863,47.75655814437268
-90.30383128707865,47.75642903488982
-90.30388351879704,47.756366539242045
-90.30394594188968,47.756308808376765
-90.3040926135822,47.756203660156864
-90.30416061870346,47.75614824827259
-90.30433698716949,47.7559669277178
-90.30440829522118,47.75591473543887
-90.30448988715142,47.75586923796914
-90.30475515453948,47.75574619631346
-90.30503305267764,47.75566880654937
-90.30513400352007,47.75565064882197
-90.30524027074192,47.75564956427678
-90.30534692938895,47.75566793043035
-90.30543992802158,47.755700806953264
-90.30552193357929,47.755749135253474
-90.30558983261491,47.75580474683551
-90.30563357955612,47.75587056511378
-90.30566532877766,47.75593980827099
-90.30574370228422,47.75615038332246
-90.30577881945925,47.7562188146438
-90.30583504561986,47.756277840661916
-90.30590952540378,47.75632931130247
-90.30607742773611,47.756420412778255
-90.30616790156368,47.75645903379108
-90.30626315865646,47.75649146347371
-90.30636215084446,47.75651818240505
-90.30656510636788,47.75656318296449
-90.3067703664789,47.756602644932855
-90.30707395569516,47.75667091180454
-90.30780406182626,47.756777910722136
-90.30801717589594,47.756795431751094
-90.30812433086629,47.75679690201016
-90.30822910949146,47.756788009126524
-90.30833703071455,47.75677199597468
-90.30844149214172,47.75674806885963
-90.30853191821987,47.75671313630669
-90.30860015293484,47.756662814074346
-90.3086511848411,47.75659858402592
-90.30873491498397,47.75646143006221
-90.30876071120966,47.756387810659376
-90.30880488449228,47.75632596569161
-90.3088886678569,47.756282673314615
-90.30899180303187,47.756252341049574
-90.30909552904946,47.75623984806346
-90.30920290497181,47.756245723739895
-90.30930892319799,47.75626748384149
-90.30940143806454,47.75630249512783
-90.30948834948548,47.756342778174414
-90.30965669766829,47.75643148191394
-90.30989915728732,47.756575187221834
-90.30997762858401,47.75662382427495
-90.31011010000019,47.75673742708848
-90.31018886308658,47.75678510551673
-90.31027629935565,47.75682692983421
-90.31036842236901,47.756864029513835
-90.31046344044884,47.756896779480535
-90.31056330132353,47.75692401472001
-90.31066637249832,47.75694154554263
-90.31077170124517,47.756949160029244
-90.31130601796062,47.756962374563074
-90.31151945306397,47.75695597564866
-90.31162566502739,47.75694852228117
-90.31183446955012,47.756920618125825
-90.31245408059384,47.756811041355085
-90.31318051856388,47.75669403932953
-90.31339020698,47.75666626005045
-90.3137100470323,47.756636441515425
-90.31381185337345,47.75661843787496
-90.31390819114418,47.75659100724632
-90.31399909810071,47.75655438084406
-90.31426162300184,47.75642696682478
-90.31443961293611,47.756347134781635
-90.31453144896399,47.75631080112196
-90.31462719265907,47.75627945322161
-90.31521783084048,47.75611217777198
-90.31531965793812,47.75609076947277
-90.31552936600967,47.756058645340396
-90.31563161473424,47.75603900216032
-90.31572840018698,47.7560110398964
-90.31581953284012,47.75597419818676
-90.31607609373603,47.755843198677574
-90.31655991297546,47.75555836227784
-90.31664317378616,47.755513674637534
-90.31673174173861,47.755475151420704
-90.31682734430201,47.75544261429101
-90.31692814249821,47.75541578586679
-90.31703146731866,47.7553953790803
-90.31713498019222,47.755382888845816
-90.31724100440321,47.75538639030555
-90.31734860113343,47.75539631920673
-90.317455217136,47.75539809338372
-90.31756089609708,47.755388646623125
-90.31766568164899,47.75537317209718
-90.31787193844413,47.755335004459205
-90.31797356974089,47.755312374628566
-90.31807217604073,47.755285414009556
-90.31816741079513,47.75525334425723
-90.3183497386548,47.75517756399545
-90.31843566189757,47.755135232541996
-90.31867114633253,47.75498889674745
-90.31884361325278,47.75490406672107
-90.31901021657657,47.754814139473595
-90.31924935492871,47.75467068980359
-90.31940028074077,47.75456898822896
-90.31947203956298,47.75451576633789
-90.31961040658314,47.75440615353069
-90.31974092152707,47.75429210559558
-90.31981335359285,47.75423961925026
-90.31997318354587,47.754144050879674
-90.32012892716594,47.754044668428335
-90.32019964762651,47.75399118001547
-90.32025773655981,47.753931561192125
-90.32040291910643,47.75373816317544
-90.32049424085888,47.75360480793151
-90.3205474551636,47.75354330478429
-90.32061527304447,47.7534913330464
-90.32070719155902,47.75345344453659
-90.32081041211237,47.75342709207984
-90.32091340358392,47.75341241316032
-90.32112803505179,47.75340594002198
-90.32123102096915,47.75338775137454
-90.32133245241738,47.753364506156224
-90.32153465903703,47.75330595677245
-90.32163496294358,47.75328160597713
-90.32173400839048,47.75327712015232
-90.32183108838785,47.75330318569215
-90.3219270528689,47.75334283758857
-90.3224025294156,47.7535090150282
-90.32250074084659,47.753535905050896
-90.32260388321106,47.753553320535225
-90.32281442110634,47.753580012842036
-90.32302325542301,47.75361207615692
-90.32312854973132,47.75362037237286
-90.3232369637901,47.75362338145791
-90.32334576643537,47.75362089052626
-90.3234497494625,47.75360938230818
-90.32354016965063,47.753577203415134
-90.32361978453392,47.75352565272375
-90.32370708398473,47.75348398744059
-90.32388867341386,47.75340829179814
-90.32433216330773,47.753208362383276
-90.32441969741221,47.75316724890298
-90.32475948464375,47.75299320483677
-90.32510921178078,47.75282783160242
-90.3251981689984,47.752788085879466
-90.32529138733385,47.752753639097136
-90.32558698443934,47.752670022751715
-90.32567888614568,47.752634179752484
-90.32611423713514,47.75242511085925
-90.32619710761965,47.75238006010986
-90.32650622146633,47.752181605418386
-90.3267328088542,47.75202867555526
-90.32695236252442,47.75187174942807
-90.32702243610913,47.75181731844961
-90.32719513776497,47.75162629836593
-90.32726534101813,47.75158236923706
-90.32736360157747,47.75158060287002
-90.32747793138326,47.75160098561931
-90.3275856398075,47.75160349910555
-90.32801142696785,47.75158109100696
-90.32843461662492,47.75154387702955
-90.32854158775888,47.751537533697146
-90.32864664664218,47.751526417738546
-90.3287483145551,47.75150554008008
-90.32884839933897,47.75147945813055
-90.32894537496996,47.75144871160304
-90.32903745169682,47.75141310126157
-90.32929487081786,47.75128424431102
-90.32965021799039,47.751124669324305
-90.32973684618558,47.751082161356216
-90.3298187856221,47.75103629868407
-90.32989161922062,47.750984301307106
-90.33002263408144,47.75087010486352
-90.33009592013572,47.75081795629861
-90.33025059054144,47.750718129523875
-90.3303319997943,47.750671556767706
-90.33041734549575,47.75062879437736
-90.33070756094264,47.75052913116883
-90.3307858972558,47.75048456027419
-90.3308426740688,47.75042652057672
-90.33096938874536,47.75022397747164
-90.33102806730031,47.750164435300015
-90.33116478698987,47.75005436431376
-90.33138218978873,47.74989478165397
-90.33162901387897,47.74964540825454
-90.33172235180545,47.749536392701025
-90.33180989126245,47.74942486458896
-90.3318775253131,47.74932705478103
-90.33194672734693,47.74921026096877
-90.3320093288176,47.74909131700711
-90.3320641004479,47.74897070943251
-90.33211374482005,47.74883108652945
-90.33216637893008,47.74856288629477
-90.33219661920093,47.74845723371322
-90.3322439683005,47.748354585296575
-90.3323726994798,47.74813675653766
-90.33242283048006,47.74803441633174
-90.3324603752182,47.74792966850123
-90.33253517129756,47.74768267072313
-90.33262287434779,47.7474561012857
-90.33265764173818,47.74735091109071
-90.33270700060362,47.747136834319384
-90.33272713924084,47.74699302128012
-90.33272722290522,47.74686792490597
-90.33271689681709,47.74679692786146
-90.33269975345067,47.74672612774675
-90.33260547009387,47.746443949671395
-90.33251074242318,47.74610719510849
-90.3324579967339,47.74596833086557
-90.33238764719773,47.745823727133576
-90.33233267175136,47.74573316647022
-90.3322939357364,47.74568545173204
-90.33226526742864,47.74565818248103
-90.33223407271328,47.74563554335681
-90.33219958760925,47.74561916916115
-90.33217928681098,47.74561600229075
-90.33213250901446,47.74561933070791
-90.3319378183639,47.745672626629144
-90.33188388728814,47.745681129368016
-90.3314583550333,47.745703678181194
-90.33132724260325,47.74571944082422
-90.33093693482778,47.745780334559484
-90.33077848229584,47.74579275444555
-90.33061830332841,47.74579921267026
-90.33035096956884,47.7457974156813
-90.32999524510043,47.74578249725259
-90.32985853850086,47.745771598451114
-90.32975488792775,47.74575619484065
-90.32968235186745,47.74573921842047
-90.32961561999109,47.74571648798788
-90.3295564583222,47.745685857241725
-90.3294723449162,47.74561903443448
-90.32931293328758,47.74544289535905
-90.329249935649,47.74538328089378
-90.32917298252828,47.74532577688925
-90.32898199079332,47.74519610173155
-90.32891499947685,47.74514111366477
-90.32887491260887,47.74508946107421
-90.32886916877514,47.74506521153827
-90.32887440608597,47.745053276132936
-90.32888580203966,47.74504148608331
-90.3289238282833,47.74501881503335
-90.32900679754538,47.74498885476324
-90.32913178916773,47.744961427198554
-90.3292106292513,47.744954732523475
-90.3292861718595,47.74496358264081
-90.32946772054225,47.74500919680477
-90.32954645698563,47.74502172342402
-90.32970529232703,47.74503147361569
-90.33002586991019,47.74503884094068
-90.33026605908482,47.744960837209334
-90.33036459179075,47.74493296632719
-90.33046519011513,47.74491476136028
-90.33056947526978,47.74490820317446
-90.33067713635255,47.74490998430239
-90.33078546147931,47.7449189603803
-90.33089171969596,47.74493402780116
-90.33099334344709,47.74495464889112
-90.33109133169819,47.74498744878266
-90.33128147445137,47.74507031363466
-90.33137511451726,47.7451047314833
-90.33146879066294,47.74512404153356
-90.33156331863759,47.745111430403384
-90.33175066641843,47.74501000073238
-90.33183908441428,47.744987610796926
-90.33191885108047,47.74501494821927
-90.33206790018288,47.74513481317478
-90.33215448101195,47.74517920743182
-90.33235949635483,47.74524765037918
-90.33246680858585,47.74527483434919
-90.33257017409586,47.745290957228704
-90.33266423050908,47.745291241974535
-90.33273861023928,47.74525811876796
-90.33285402723078,47.745118581990035
-90.33293160405256,47.74507122908229
-90.33302665698432,47.74504665069979
-90.33312882170465,47.745029756701605
-90.33323572813326,47.74501809136846
-90.33345428571798,47.74500062385904
-90.33387843005667,47.74496000950262
-90.33408818001593,47.74493480150512
-90.33419146195149,47.74491682853631
-90.33460088135352,47.74483285124875
-90.33480825789736,47.74480188929328
-90.33502416681637,47.744779659466246
-90.33513322674916,47.744773135496565
-90.33524054517035,47.744772371273264
-90.33534426322967,47.744779391143226
-90.33544201668143,47.74479893201644
-90.33553197116035,47.74483988194373
-90.33570397012348,47.744938740630786
-90.33579454517636,47.74496964593499
-90.3358924864359,47.74497469497531
-90.33599548794913,47.744961171017785
-90.33610090876788,47.74493680819102
-90.33641000662463,47.744859128078055
-90.33661092956397,47.74480149426882
-90.33671063360583,47.74477665200161
-90.33680983095381,47.74475893047418
-90.33692945379431,47.74477022879534
-90.33698894507883,47.74481794539821
-90.33694494307085,47.74487097065761
-90.33687458598354,47.7449285934124
-90.33678972013875,47.7449849873137
-90.33670219194428,47.74503432603972
-90.33661318156103,47.74507150114196
-90.33641270640965,47.74512469575608
-90.3363150899043,47.74515464193863
-90.3362243978059,47.745192236985574
-90.33595929627195,47.74531359171174
-90.33577031657889,47.74538029200786
-90.33557560382992,47.74543975333802
-90.33517336209198,47.745547992237746
-90.33507097383712,47.745570992618475
-90.33496847660611,47.74558781574278
-90.33486619790105,47.74559600920396
-90.33476431642129,47.74558844753468
-90.33466250803876,47.74556595482481
-90.33445739817846,47.74551241181059
-90.33435320296806,47.7454990014441
-90.33424705751365,47.74549469502579
-90.3341397094306,47.745495809424355
-90.33403231024256,47.74550114373609
-90.33370192130127,47.745529531948684
-90.33359578421003,47.74554813701914
-90.33351156410875,47.74558041632192
-90.33346164575536,47.74563551924551
-90.33343982200384,47.745709766456784
-90.33342304955858,47.745860199267796
-90.33341982440302,47.74600431199271
-90.33342407717419,47.74607651166167
-90.33344255287082,47.746219831062604
-90.33352526520645,47.746575430016634
-90.3335513393941,47.746718194910706
-90.33357233687768,47.74707914859001
-90.33359863305051,47.74722066369539
-90.33362801966116,47.747288964089776
-90.33375968314054,47.747487340792645
-90.33379762174273,47.7475546263466
-90.33407930824922,47.748099687940815
-90.33412679750603,47.74816295096597
-90.3341870485778,47.74822161408142
-90.33425754744982,47.74827657471161
-90.33433535086392,47.7483273371548
-90.33441751850368,47.748373403871
-90.33450390071566,47.74841473185926
-90.33459493537102,47.74845231174917
-90.33487945777283,47.74855317378374
-90.3352699794169,47.7486694314404
-90.33536562304702,47.748701215952956
-90.33564024509015,47.748816673071964
-90.33573352493698,47.74885085618013
-90.33583090608956,47.748876649990706
-90.33593354865121,47.74889116108322
-90.3362564297855,47.748902928808555
-90.33636241649872,47.74891182748224
-90.33646494014755,47.74892952831962
-90.33656528292148,47.74895318616055
-90.33686231926322,47.74903606582981
-90.3371644702545,47.74910993835059
-90.33726691238653,47.74912949839182
-90.33737115951243,47.74914210528002
-90.3375830930412,47.74915526732085
-90.33833287618431,47.749175612246994
-90.33843939551129,47.74917467988354
-90.33854469001496,47.74916845558115
-90.33865011965428,47.74915719415706
-90.33886586354504,47.749127462424006
-90.33897123729763,47.74910707659118
-90.33907156028586,47.74908164624357
-90.33916429353081,47.74905014798876
-90.33924477855425,47.749009180937875
-90.33930447807589,47.74894941322968
-90.33940222232236,47.748810559619784
-90.3394640676067,47.74875365354223
-90.33954735049502,47.7487171054468
-90.33964292286677,47.748692697035565
-90.33974627158514,47.74867592769271
-90.3400730548511,47.748639891010974
-90.34017760475976,47.748622130034384
-90.34027896550165,47.74859997038796
-90.34047914513485,47.74854996755125
-90.34087569335867,47.74844234932419
-90.34106851674765,47.74838102702437
-90.34115958528406,47.74834416265848
-90.34150748369812,47.74817695172454
-90.34186866640671,47.748023470845006
-90.3420436003278,47.747941066149245
-90.3423018331226,47.74781181194753
-90.34246138124593,47.74771712156996
-90.34253360078354,47.74766499680205
-90.3426609622985,47.74754941771049
-90.34301801517404,47.74718870587304
-90.34311971565573,47.74706294273787
-90.34319708827643,47.746929733504366
-90.34334851892775,47.74658359132178
-90.34350523158209,47.74630734187583
-90.34353546805646,47.746238550748735
-90.34355458079196,47.74617019043384
-90.34355860157815,47.746102304368165
-90.3435416962829,47.746033017368475
-90.34350602815589,47.74596333093174
-90.34345629746409,47.745895496479065
-90.34339720444011,47.74583176543267
-90.34333333413274,47.74577438085867
-90.34326090907521,47.745724066179235
-90.34317875047154,47.745678902576245
-90.34291204197109,47.7455533619276
-90.34282905784427,47.745507732127315
-90.34260173144553,47.745352051720005
-90.34252002710299,47.745307061973726
-90.34242938491874,47.74527188589696
-90.34233340233683,47.745242755953235
-90.34223408809207,47.74521743456448
-90.34182399266258,47.74512984964564
-90.34172337880028,47.745105282378944
-90.34147282276882,47.745040957805124
-90.34137577465482,47.74500682215822
-90.34137350281969,47.74497905674282
-90.34143448067138,47.744952208344706
-90.34152509011417,47.744924398485686
-90.3416361197625,47.74489783534712
-90.3417583582685,47.74487472713186
-90.3418825943241,47.7448572820771
-90.34199961665527,47.744847708459446
-90.34210420660607,47.74484864606514
-90.34220817755855,47.74486160048651
-90.34231276197839,47.744882999257705
-90.34262474519862,47.74495816303592
-90.34272633248221,47.74497364057912
-90.34282497761198,47.74497538297097
-90.34291129855013,47.74493510100096
-90.34299562160409,47.74488096073975
-90.3430926265757,47.74485396896779
-90.34319562865453,47.74483965468922
-90.34340719039525,47.744820593473946
-90.34383570372168,47.744797035716765
-90.34447496913442,47.74477504696626
-90.34479365061043,47.74475555238879
-90.34511156884638,47.744730308096514
-90.34532292369562,47.74470935707271
-90.34574625361981,47.74464548575601
-90.34584936594415,47.74463796123371
-90.34594976517046,47.74464252700593
-90.3460430031846,47.74467929060952
-90.34612685903764,47.744730187200474
-90.34620208898697,47.74478077845967
-90.34641168239602,47.744945334422624
-90.34648534084381,47.74499716123517
-90.34656514102244,47.745044156952524
-90.3466498500549,47.74508783839766
-90.34682936868906,47.74516709508478
-90.34701685233702,47.745235864213896
-90.34721365777109,47.74529193931166
-90.34741825282701,47.74533449035689
-90.34773174627013,47.74538032398078
-90.34794384183816,47.745398962697976
-90.34804976283397,47.745403100642896
-90.34815566095554,47.74540049892491
-90.34847431114285,47.74537116390384
-90.34858057769148,47.74536672065255
-90.34868680135912,47.74536899966239
-90.34911188045903,47.74539959604154
-90.3492182151131,47.74540288268055
-90.34932458782349,47.74540069108937
-90.34964397279823,47.74538274502579
-90.34975093855778,47.745382916033996
-90.3499669060202,47.74539520943883
-90.35007336029244,47.74539689999315
-90.35017702676933,47.745388509746036
-90.35028013898474,47.74537120284314
-90.35038378195924,47.74534901542862
-90.35048554332208,47.745321870533786
-90.35058301070713,47.74528969119856
-90.35067377175515,47.74525240047074
-90.35075548555928,47.745209365861676
-90.35082795266183,47.74515818876467
-90.35089339013544,47.745100784131
-90.35107052377512,47.744916557574875
-90.35111897117545,47.74484852096528
-90.3512072498024,47.74470888633981
-90.35126777905091,47.744655742638365
-90.35135051615482,47.744624157611554
-90.35144956106829,47.74460961649664
-90.35178512449875,47.74460174239518
-90.35189146921478,47.74458964584829
-90.35199525845863,47.74456880993858
-90.35230371530851,47.74449570620304
-90.3524055666102,47.74448099258184
-90.35250682907669,47.74447830877896
-90.35260586267525,47.744498975211584
-90.35280193539786,47.74457073567157
-90.3529028564802,47.74459217355361
-90.3531195863945,47.74459974176741
-90.35323257596437,47.74459925996034
-90.3533449367088,47.74459465262434
-90.35345387869566,47.744584895730924
-90.35355661198733,47.74456896526184
-90.35365034664451,47.744545837208065
-90.3537262406332,47.744507369821136
-90.35377483357404,47.74444183201755
-90.35381229970024,47.74436475247293
-90.35385603159806,47.744293014620084
-90.35392339804478,47.74424347982722
-90.35401344226314,47.74421580145856
-90.35411365085957,47.744198086514025
-90.35444269740061,47.74416964058589
-90.35455099787424,47.744156697753475
-90.35465319307595,47.74413613104648
-90.3547482343617,47.74410370284157
-90.35492837822042,47.74402042924309
-90.35501967600428,47.74398259998038
-90.35511592122843,47.74395598648076
-90.35521797578069,47.743942866840364
-90.35532325775107,47.74393801539237
-90.35564778845509,47.743943076658184
-90.35575533380296,47.74394136339234
-90.35586084970667,47.74393294885814
-90.35596446030746,47.743916475266225
-90.3562721727847,47.74385300549541
-90.35637636555623,47.74383983114474
-90.35648194191143,47.74383288042168
-90.35669516555524,47.74382796496501
-90.35701634244911,47.743832417189324
-90.35712362981647,47.74383660046887
-90.35745060772445,47.74387026443271
-90.35755513321317,47.74387274581885
-90.35765423018152,47.74386268661134
-90.35774350344333,47.743832194812406
-90.35782432864676,47.743784465693
-90.35798441967795,47.743679518870046
-90.35807493335089,47.743641683507775
-90.35827088189087,47.743574111732826
-90.3583725268407,47.743545918305834
-90.35847493445716,47.74352523830471
-90.35857684143181,47.74351491057476
-90.35867777853827,47.74351835586404
-90.35877886520083,47.74353535963252
-90.35908440781472,47.74361783789089
-90.35918740073838,47.74363902950009
-90.35929174620526,47.743653092835544
-90.35960930157312,47.743682161046
-90.35994761067201,47.743654272868326
-90.3600695956272,47.74362874318866
-90.36015722808364,47.74357133436473
-90.36020900938166,47.74348064960392
-90.3602742295462,47.743401609912326
-90.36038599778358,47.743364252397946
-90.3606579058128,47.7433321754952
-90.36117302798117,47.74323498349688
-90.36143278897028,47.74319786110129
-90.36156462318047,47.743189752760365
-90.3619659901143,47.74319479056385
-90.3623654701876,47.74317950709089
-90.36263103701582,47.74316305790575
-90.36276326260726,47.743152107471715
-90.36302649268379,47.74312321255894
-90.3639442845547,47.74300841354455
-90.36447574041615,47.74296623896738
-90.36460597651124,47.74294944706372
-90.3647345329175,47.742923538313114
-90.36486473586706,47.74288240190548
-90.3651182745738,47.742791641908575
-90.36523460243674,47.74276288471003
-90.36533558520792,47.74276411885942
-90.36543560279998,47.74294780187677
-90.36554695860711,47.742991911235855
-90.36568464466357,47.74301951262144
-90.36582220173509,47.74302292748784
-90.36594116003397,47.74299680560099
-90.3660528410783,47.742951842890115
-90.3662707008668,47.74283859954708
-90.36638313995101,47.7427860305387
-90.36650171768116,47.742744529662964
-90.3667514757972,47.742665311869445
-90.3668794099286,47.74263136862143
-90.36700746157233,47.742605840543355
-90.36713419137288,47.742592206197216
-90.36725816143823,47.74259800300544
-90.36737955102869,47.74263197257028
-90.36762286455424,47.742725454939844
-90.36774903294628,47.742753113313405
-90.36787924975928,47.74276161993003
-90.36801199089885,47.74276101907139
-90.36841558656403,47.74274145238489
-90.36854916333186,47.74274101687847
-90.36881667133896,47.74274748544917
-90.36894937718422,47.742744277855216
-90.36908071305632,47.74273204263489
-90.36921117135044,47.74271427786719
-90.36960096993033,47.7426504749133
-90.36999182195332,47.7425921757426
-90.37012306546711,47.74257700859181
-90.37038790340452,47.74255371296359
-90.37065399627444,47.74253875676621
-90.37078691797595,47.7425364608659
-90.37091991915288,47.74253884759439
-90.37118602013689,47.74255528261116
-90.37145031430839,47.74258240338006
-90.37171313600344,47.742630709234085
-90.3718433034473,47.74264834279363
-90.37197200307763,47.742650459145565
-90.37209742022785,47.74262686730531
-90.37234538907978,47.742549045566214
-90.37247381580474,47.7425286215971
-90.37260629576352,47.742525555757304
-90.37287567423488,47.742535857427086
-90.37300892803684,47.742534229417586
-90.37313916593331,47.74251956449802
-90.37326730426084,47.74249554154748
-90.37364821649598,47.74240729802919
-90.37377682399968,47.74238494535498
-90.37390766520721,47.742372129502456
-90.37404065143357,47.74236817466982
-90.37444302458003,47.742373662636865
-90.37471590290293,47.74239231808788
-90.37484777372215,47.74239136854373
-90.3749714101701,47.742370402533766
-90.37508681201022,47.74233052168344
-90.37519727364376,47.74227916636897
-90.37541640967012,47.74216897866283
-90.37553108891353,47.74212250842733
-90.3757657132014,47.74203581412779
-90.37600682643168,47.74195888525987
-90.37613069065777,47.74192678995377
-90.3762577826319,47.74190020653312
-90.37638724989426,47.74187785249633
-90.3769102322482,47.7418036654527
-90.37717343813671,47.741773619721265
-90.37743807099427,47.74175414385007
-90.37770525893798,47.741752103592155
-90.37783841891425,47.74175662450427
-90.37823776790519,47.7418014414617
-90.3783684587679,47.74180342467482
-90.37849686809827,47.7417842138499
-90.37862375815992,47.74174638044594
-90.37874943947577,47.741703388671716
-90.37887420399888,47.74166884847584
-90.3789983438128,47.74165636980828
-90.37912138537538,47.74167437535775
-90.37924301207087,47.741714105278376
-90.3794855252943,47.741812330051374
-90.37960816958852,47.74184763103269
-90.37973298719214,47.741859098885755
-90.3798611015866,47.74185102502895
-90.37999123235981,47.74182982921334
-90.38012157058972,47.74179955359209
-90.38037563394948,47.74172793159033
-90.38049450667687,47.74168763568506
-90.38071564350693,47.74157965010965
-90.38082869022224,47.74153308632879
-90.3809504057075,47.74150547271105
-90.38108026240602,47.7414959467759
-90.38121488992964,47.74149759557172
-90.38162026825302,47.74151534117542
-90.38188737473457,47.74153141519861
-90.3820184630414,47.74152445230715
-90.38214733720572,47.741504746015536
-90.3825304061654,47.74142198659546
-90.38266014158438,47.7414015670469
-90.38318711617607,47.74134560302425
-90.38383353623801,47.74123454412787
-90.38396356205807,47.741215261451465
-90.38422658177127,47.74118735047052
-90.38475830116604,47.741155444094886
-90.38515854626009,47.741145680485715
-90.38529135582245,47.74113927804545
-90.38542328437278,47.74112772086739
-90.38555440440972,47.74111121386286
-90.38594619986183,47.741053604838534
-90.38607737465314,47.74103902743933
-90.38620950290829,47.74103134071988
-90.38634279030786,47.74103239533264
-90.38700974169227,47.74106100597296
-90.38714249398701,47.74105879684674
-90.38740721550421,47.74104007369024
-90.38793610804456,47.740989958113346
-90.38833448423048,47.74096298675484
-90.38859700468348,47.740933219101386
-90.38898588808047,47.740868896669674
-90.38911388379005,47.74084374872748
-90.38923970795425,47.74081267365352
-90.38948666831546,47.7407391464058
-90.3896130438355,47.740716422843676
-90.38974350478986,47.7407112997717
-90.38987645951858,47.74071760644391
-90.39027812220783,47.74075352909983
-90.39054824553594,47.740787837207385
-90.39067824663715,47.740791099626485
-90.3908010293051,47.74077162518225
-90.39091787838186,47.74072923751394
-90.39102861813227,47.74067311662683
-90.39113269058565,47.74061280990672
-90.39122583413446,47.74054951189818
-90.39139110326386,47.74040695955163
-90.39148471374965,47.74034334820408
-90.39210667984038,47.74000055568863
-90.39220444031355,47.73993957881618
-90.39229326074741,47.73987376211546
-90.39237106594187,47.73980198688409
-90.39244041182478,47.7397255928335
-90.39262833415133,47.739485379174184
-90.39296567534036,47.739097217379395
-90.39302705310345,47.73901754701231
-90.39318231115261,47.73876865815454
-90.39323980037662,47.73868764411335
-90.39351297031179,47.738378032299096
-90.39356681999111,47.738295816740866
-90.39359611646388,47.7382014088222
-90.39361822296286,47.73810498992684
-90.39365714006354,47.73802101037457
-90.39373543755217,47.73796311156177
-90.39384623163498,47.737927584829954
-90.39397598368328,47.7379054060016
-90.39425652035091,47.737874569136665
-90.3943894454296,47.73785267857946
-90.39476596330685,47.73775991925207
-90.39489249932772,47.73773219830191
-90.39502179224701,47.737711803668816
-90.39515476985977,47.73770052748642
-90.3954229669204,47.73768490366936
-90.39555324837123,47.73766925861905
-90.39567787682643,47.73764147133054
-90.3957971968866,47.737602977413474
-90.39614558591401,47.7374663146939
-90.39650947074719,47.73735275998414
-90.39675721838098,47.737285157119764
-90.39688306935003,47.737256217811506
-90.39701062672209,47.737231945148196
-90.3971405849846,47.73721354764877
-90.39767037306956,47.73716444167581
-90.39806581884952,47.73711760194287
-90.39819783213065,47.737106338100254
-90.3983300229262,47.7371015756229
-90.39846241773779,47.73710577861504
-90.39886050114082,47.73714055939573
-90.39939561125665,47.73717826283995
-90.39952800169874,47.73718032595043
-90.39965837248272,47.73717387072338
-90.39978564546688,47.737153186102475
-90.39991023334815,47.73712020463566
-90.40064234962645,47.736895547820694
-90.40089247758299,47.736833883147845
-90.40127510130104,47.73675466605595
-90.40166086486727,47.7366832916946
-90.40253765308795,47.73646554925229
-90.40266530546394,47.73644008271846
-90.40319413018481,47.73636768027604
-90.40346120383325,47.73634459919007
-90.40359301825502,47.73634136889549
-90.40372277632075,47.73634570866097
-90.40384929180678,47.73636256115544
-90.40397236518439,47.73639450763821
-90.40433610048777,47.73652106803668
-90.40446060618622,47.73655336237006
-90.40458929916346,47.73657363736383
-90.40472204443053,47.73658720531451
-90.40485693246684,47.73659447442536
-90.40499200230592,47.73659543269253
-90.40512529297995,47.7365900681214
-90.4052550848835,47.7365767067992
-90.40538193082145,47.736550691586956
-90.40563291365095,47.736483574931945
-90.40576007808014,47.736455512618434
-90.40589011229285,47.736438604385754
-90.40602228799075,47.73642954079879
-90.40642341929306,47.73641759106295
-90.40655613193198,47.7364091299836
-90.4066876681613,47.73639539891651
-90.4069491066612,47.73635912028515
-90.40720769303962,47.73631444055441
-90.40733529724221,47.73628868573878
-90.4078400221191,47.736171806464775
-90.40809906716763,47.73612967194616
-90.4083625869147,47.73610016115432
-90.40849491106582,47.73608996700337
-90.40902917912614,47.73607899734017
-90.40916061528264,47.73606755221386
-90.40929017421522,47.73604746533796
-90.40980150637247,47.735938162634845
-90.40993058888112,47.735919113889715
-90.41006154801616,47.73591155407946
-90.41019461684776,47.73591823167278
-90.4104623852716,47.73594008286679
-90.41059470484313,47.73593773518986
-90.41072590716254,47.73592494796794
-90.41124644011154,47.7358417692898
-90.41176318087217,47.73575284576802
-90.4122286863749,47.73569364477258
-90.41248905794905,47.73565534709343
-90.41287424893542,47.73558237671102
-90.41313286083572,47.735539060977466
-90.41418124831507,47.735405843246276
-90.41431090463225,47.73538531831665
-90.41443907806216,47.73536022020292
-90.41481972087043,47.73527383276226
-90.41494811011079,47.73525119457929
-90.41521241397471,47.73522140712029
-90.4154834224456,47.73520167947683
-90.41561777657742,47.73519950625821
-90.41574936079724,47.735204820920025
-90.4158766024678,47.73521981740194
-90.41599738899517,47.735253769660495
-90.41634312823211,47.73540517632983
-90.41646256086817,47.735439511614786
-90.41658907398846,47.73545002632376
-90.4167218128814,47.73543925103631
-90.41685656517548,47.73541748903123
-90.41711830944631,47.73537338052938
-90.417502235667,47.73529570786865
-90.41763109807576,47.73527313215729
-90.41776148028941,47.73525600266107
-90.41789361158577,47.735245358551154
-90.4182933522985,47.7352253278254
-90.4184251733247,47.73521285896372
-90.4186863523327,47.73517692983293
-90.41907397709132,47.73510952300568
-90.41971170063233,47.734975955420026
-90.41996931580321,47.73493249148438
-90.42010097409741,47.73492080017768
-90.42023458631778,47.73491649833033
-90.42050224924519,47.734914301832085
-90.42077071452428,47.734923313459944
-90.4209038626194,47.734923862137876
-90.42103487964606,47.73491445791849
-90.42116536348004,47.734896549625454
-90.42129526611302,47.73487287334141
-90.42142286477686,47.734843607728415
-90.42154643670982,47.73480893145626
-90.42166443052099,47.734768768821226
-90.421777428129,47.734722035192014
-90.42199363850155,47.73461538281789
-90.42230961228707,47.73444870643
-90.42251605035024,47.734334779034775
-90.42302415221201,47.73404224211576
-90.42321988886297,47.73391994238584
-90.42331004412675,47.73385435989966
-90.42339027356394,47.7337816922043
-90.42359414633417,47.73353766195044
-90.42366926416085,47.733465135873026
-90.42375768701865,47.733405774517266
-90.42386712219792,47.733368021997805
-90.42399684766283,47.733352077572754
-90.42427787588943,47.73334087311826
-90.42441043301464,47.73332369763303
-90.42479572211991,47.733234044961286
-90.42492387412831,47.73321189949769
-90.4250525458273,47.73320350124356
-90.42518240696434,47.73321435071672
-90.42531329718715,47.733240529787345
-90.42557485134864,47.733306421204354
-90.4257038583104,47.73332990579846
-90.4258305804061,47.73333626448528
-90.42595427678002,47.733319135487385
-90.42607527564867,47.73328253778424
-90.42643166190041,47.73313341871224
-90.42655145665358,47.73309643484583
-90.42667365072845,47.733080800571884
-90.42680133153534,47.73310964217535
-90.42693062542534,47.73315895821768
-90.42705586694134,47.73319244367623
-90.42717147463723,47.73317873360974
-90.4272772399203,47.73312858395395
-90.42748617707517,47.732999529310966
-90.4276029110062,47.73295678461383
-90.4277276516711,47.732923827758455
-90.42785691603167,47.732895473230215
-90.42798870594248,47.73287301884394
-90.42812102327633,47.73285776242381
-90.42825186999569,47.73285100212184
-90.42838197973063,47.73286247914678
-90.42864310951646,47.732923683280404
-90.42877218765584,47.73294515351468
-90.42889890572836,47.73294242307412
-90.42902245876999,47.73291620184322
-90.42926639180735,47.73283319154234
-90.42939048486161,47.73279582873545
-90.42977341430114,47.7327065936942
-90.43003161588214,47.732653816072805
-90.43016104491059,47.73263480431741
-90.430290455882,47.73262313271903
-90.43041974445102,47.73262206968895
-90.43054913315306,47.732635947347475
-90.43067872354709,47.73265992270642
-90.43093882259353,47.7327156969298
-90.431069487699,47.73273626099312
-90.43120182867203,47.73274633075349
-90.43133782427927,47.73274850799015
-90.4314725896734,47.73274053879259
-90.43160070440639,47.732719572028515
-90.43172254142674,47.732686678006246
-90.43184169070177,47.73264603607908
-90.43195795556838,47.732599709223756
-90.43218104552956,47.73249825264041
-90.4322823457149,47.732439958956476
-90.4324695342862,47.73230906633649
-90.43257376981829,47.732254998130394
-90.43269023072047,47.732213694617705
-90.43281318199196,47.73217929099212
-90.43319248594729,47.73208767128776
-90.43368964277931,47.7319573541782
-90.43407078481435,47.73187415023208
-90.43419999652242,47.73185195001684
-90.4343304238665,47.73183520850431
-90.43446254034727,47.731824743421704
-90.43459584974703,47.731818843878166
-90.43499627701996,47.731810279914114
-90.43526303400454,47.73181213176175
-90.43539579770571,47.73181821802124
-90.43565978379827,47.731844973711496
-90.43592545593383,47.73185983903036
-90.43619247725124,47.73186424711547
-90.43645842798811,47.7318537018489
-90.43672392960684,47.7318299082576
-90.43685426899934,47.73181151074979
-90.4369814740345,47.73178681743535
-90.4371052065381,47.73175366700858
-90.4374690542325,47.731639473474665
-90.437709872301,47.73156209975957
-90.43794642346228,47.73147914292959
-90.43817977607767,47.73139141378575
-90.43829285999436,47.73134387703407
-90.43840209900881,47.73129270679671
-90.43861360818725,47.7311830601013
-90.43891582816926,47.73100604079793
-90.43920398687767,47.7308185701163
-90.43938689328233,47.730687630563274
-90.43947438653903,47.73062000260584
-90.43955762509891,47.73054989613726
-90.43987701753174,47.730261422953376
-90.44028886317743,47.72990769234192
-90.44051912760563,47.729687256131925
-90.4406642536168,47.729536187644534
-90.44080292269865,47.72938251085015
-90.44093304235994,47.72922568496654
-90.44117629593542,47.72890537002366
-90.44137159131304,47.728669038579554
-90.44143116993618,47.72858875785092
-90.44148122317362,47.72850587873557
-90.44152445456153,47.7284211245602
-90.44159967785959,47.72824853313036
-90.44170348898778,47.72798731411239
-90.4418293707674,47.72772850542454
-90.4418658053314,47.72764179003797
-90.44188977730276,47.72755428442296
-90.44189763203046,47.72746578125248
-90.44189660216428,47.72737672817165
-90.44187750451323,47.727197547842295
-90.4418173064783,47.726837620760556
-90.44180798990666,47.72674759727863
-90.44181275329831,47.726562141266754
-90.4418085093022,47.72647144387251
-90.44178552004014,47.72638601079816
-90.4417326331966,47.72630847232121
-90.44164963730363,47.72623848380891
-90.44154950935005,47.72617401236424
-90.44134358369443,47.726055578161564
-90.44101494468562,47.72590077908752
-90.44091320209976,47.725842984341405
-90.44072006619713,47.725718877582175
-90.44053548361885,47.725588823202834
-90.440334647891,47.7254577108563
-90.44024567850974,47.72538890340004
-90.44018745635995,47.72531485619913
-90.44016742509437,47.72522665062845
-90.44017936575067,47.72512707095248
-90.44022353322504,47.725035977726506
-90.44030046779355,47.72497253524766
-90.44041095630371,47.72493486295643
-90.44054379586193,47.72491074168458
-90.44068488715867,47.724890509203014
-90.44082013081264,47.72486450334487
-90.44093543216452,47.72482306263109
-90.44102412046308,47.72476034520493
-90.44123476787668,47.72452282706769
-90.44132406037416,47.72445830355328
-90.44142965302318,47.724405633075285
-90.44154499965231,47.7243598506556
-90.4416664803976,47.724319315261376
-90.44191360880983,47.72424752749654
-90.44203836167164,47.72421585009688
-90.44229495569321,47.72416417254933
-90.44242497409185,47.72414401796121
-90.4425575826127,47.724131809465064
-90.4428332155836,47.72413532790848
-90.44295542876202,47.72411562743916
-90.44305277037168,47.724061264970864
-90.4432212961897,47.723913057190416
-90.44332664239145,47.72385972768636
-90.44344314512782,47.723816189027566
-90.44356544879797,47.72377821485071
-90.44381360314583,47.7237111158055
-90.44419446247053,47.72362820854694
-90.44455985884038,47.7235183868656
-90.4446844783452,47.72348688265939
-90.44595902594432,47.723222579937364
-90.44620939083018,47.723161443284674
-90.44645236765234,47.72308707018085
-90.44668722276326,47.72300178838152
-90.4467992059221,47.722952779993356
-90.44712552089294,47.72279436617627
-90.44724060570165,47.72275078969908
-90.44736252125713,47.72271701824195
-90.44748951637636,47.72269073732526
-90.44788007996081,47.7226252445639
-90.44800721982001,47.72259757626215
-90.44838509955028,47.722504496358205
-90.44851285967808,47.72248228756697
-90.44864438357213,47.722474723518346
-90.44891638272723,47.72249691446534
-90.44904509755831,47.7224911861877
-90.4491604688197,47.72245228117958
-90.44937537061777,47.72233580836575
-90.44949649881191,47.72230655915737
-90.44962792309312,47.72230007226011
-90.44990069068139,47.72230699436909
-90.45003328963126,47.72229967238953
-90.4501592094399,47.72227300388197
-90.45028128757997,47.72223079270936
-90.45052080508609,47.72213730597162
-90.45064148980583,47.72210484107836
-90.45076481354776,47.72209481116242
-90.45089005066225,47.72211417459104
-90.45114394146366,47.72219261926712
-90.45127202667666,47.72222275156215
-90.4514006307214,47.722228483820615
-90.45153027757618,47.722211199757396
-90.45179160316819,47.722156483822424
-90.45192251167623,47.72214371352753
-90.45205335937644,47.722150301008405
-90.45244713090948,47.72220975873703
-90.4525790275286,47.72221854904982
-90.45271152216792,47.722216193931146
-90.4533758449629,47.72216781550967
-90.45364132331757,47.7221521066547
-90.45377467014977,47.72215075911887
-90.45404239870943,47.72216126861495
-90.45417305109646,47.722150737215536
-90.45430250902582,47.72213040265061
-90.45443091476616,47.72210440786944
-90.45468162053496,47.722040703476814
-90.45480023662492,47.72199995300674
-90.45502780443705,47.72190328236215
-90.45514897450536,47.72186869662209
-90.45527662463887,47.721845963224396
-90.45540745449799,47.72182917335956
-90.45580518386089,47.721788658875575
-90.4563296165431,47.72172396052128
-90.45688772526871,47.72163670434635
-90.45729722370668,47.72155569722792
-90.45750323160712,47.72151898628688
-90.45760783140643,47.72150515349494
-90.45792471227142,47.72147272923973
-90.4580284720604,47.72145704817943
-90.45823159782601,47.721414098841755
-90.45873376633372,47.72129187992206
-90.45893917384113,47.72125450770473
-90.45935917255503,47.721202760354075
-90.45977159798892,47.72112751249976
-90.45997905960813,47.72109618846608
-90.46008479294557,47.72108927433735
-90.46029902294528,47.72108767787735
-90.46040534358305,47.72108298533431
-90.4605102173956,47.72107146380272
-90.46071836325108,47.721040615193346
-90.46102922554783,47.72098807868999
-90.46155377203705,47.720913809402205
-90.46165479972032,47.72089296512729
-90.46175178803487,47.72086589750988
-90.46184078391748,47.720826126043576
-90.46200969714073,47.72073289920059
-90.46209942482803,47.72069555005791
-90.46219759170904,47.72067252990179
-90.4623004400561,47.7206577944184
-90.46240628113543,47.72064832878748
-90.46272893346195,47.720627781572546
-90.46293904079275,47.72060283843751
-90.46325193015203,47.72055781475351
-90.46366668620445,47.72049069806302
-90.46408401426127,47.72042950783684
-90.46418638198163,47.72041008992998
-90.46428693106546,47.72038503745082
-90.4645813145853,47.72028424617206
-90.46467917999605,47.720258035425914
-90.46477799687979,47.72024357565063
-90.46487781892716,47.720248859981
-90.46497808417939,47.7202741435987
-90.46518078060218,47.720338182300175
-90.4652836472712,47.72035350361934
-90.46538859575453,47.720354479776844
-90.46549557336238,47.720350029328436
-90.46571013758368,47.72032682860714
-90.46591638322643,47.72028786127718
-90.46601142468364,47.72025830160454
-90.46627377520409,47.720129222957276
-90.46636833160511,47.72009899403919
-90.46647015008966,47.72008091083807
-90.46657642138216,47.720070606400824
-90.46679184948084,47.720060164477374
-90.46689833487524,47.72005736198218
-90.46721925012405,47.72005984661455
-90.46743148377811,47.72005219619737
-90.4676414636792,47.72002907362458
-90.46784994478173,47.71999706481648
-90.46815876435764,47.71993970990819
-90.46876292395082,47.719797440864845
-90.46927257635764,47.71969128238855
-90.46946988746492,47.719637038686884
-90.46985358221659,47.71950849662306
-90.46995156188432,47.719481189591896
-90.4700519195798,47.71945911005336
-90.47015532597943,47.71944413279695
-90.47058083155014,47.71941034367675
-90.47068533502437,47.71939600424415
-90.47109993802552,47.71932548612419
-90.4712043658005,47.719313124482014
-90.4713099249635,47.7193060805094
-90.47152396782238,47.71930660594931
-90.47173654457168,47.719320854105625
-90.47184130638311,47.71933617961615
-90.47204965175855,47.7193738922316
-90.47215392174694,47.719386769441655
-90.4722586797119,47.71938951954223
-90.47236368514503,47.719382524467854
-90.47267944897325,47.71933769795939
-90.47278496873552,47.71932578332261
-90.47289077447088,47.719321117587604
-90.47299892510915,47.71932860917714
-90.47321663782671,47.71935760539737
-90.47332157347118,47.719363872869195
-90.47342083118345,47.719354519446156
-90.47351634399205,47.719328910549
-90.47360942523743,47.71929221486202
-90.47369836957765,47.719247388633526
-90.4737814717003,47.7191973881173
-90.47385702632225,47.719145169571966
-90.4739169093798,47.71908726963155
-90.47398703968831,47.71894233551959
-90.47403634675447,47.718881289383475
-90.47411489491226,47.718840983664286
-90.47420716441177,47.71881053999276
-90.47430802565475,47.71878643716887
-90.47473084529926,47.718708572105285
-90.47493964732226,47.71867640766139
-90.47504170677212,47.718656422044354
-90.47513933830155,47.71862859490324
-90.47551388325097,47.71848951632103
-90.4756111880778,47.71846089486568
-90.47571327195828,47.71844005022707
-90.475922596349,47.71840706387263
-90.47602372457165,47.718385332697984
-90.476119105349,47.71835485616842
-90.47621033162184,47.71831827930951
-90.47647604257126,47.71819620845596
-90.47675278952484,47.71808507984129
-90.47684804867698,47.71805236640755
-90.47694628248092,47.7180263828395
-90.47704843729218,47.718009591610354
-90.47747436349839,47.71797896119187
-90.4777892856354,47.71794088765572
-90.47810201772455,47.71789571147482
-90.47841031655472,47.71783797729286
-90.47891256338391,47.71771743365318
-90.47932058666854,47.71763241120403
-90.47941907208332,47.71760565347342
-90.4796089881002,47.71754069810747
-90.47988565038649,47.717431397249904
-90.48024291507951,47.71727049696867
-90.4803366235973,47.71723812452258
-90.48043501435703,47.717213695625205
-90.48053743881617,47.71719605992397
-90.4806426465011,47.71718323321598
-90.48127955876366,47.717124335235425
-90.48149169443298,47.71710990973868
-90.48191895171436,47.717100070488605
-90.48213049870377,47.7170867188989
-90.48245728425697,47.71705216449358
-90.48256352694555,47.717035043105156
-90.48266324228034,47.7170119741454
-90.48275331952064,47.71698106999888
-90.48282717000399,47.71693709734968
-90.4828817864526,47.7168767502277
-90.48297279951923,47.716738200858245
-90.48302937064298,47.71667602295109
-90.48310021441222,47.71662298092972
-90.48317957491292,47.71657445543859
-90.48352915341708,47.716390829357096
-90.48362098983162,47.716347251387845
-90.48371142160221,47.71631471364785
-90.48379869085237,47.716300765649656
-90.48388610133179,47.71633825291307
-90.48395823733112,47.71640608868029
-90.48399930700565,47.7164719243681
-90.48404002470411,47.716617610382684
-90.48406598155728,47.71668789701
-90.48411259313667,47.71674945263324
-90.484178761653,47.716805934448274
-90.48425740601006,47.71685866807839
-90.48434468921208,47.71690502425112
-90.48443677422603,47.71694237370254
-90.48453139366498,47.71696744956368
-90.48463497215344,47.71697646679489
-90.48474458552298,47.716974404541546
-90.48518302444239,47.71695318778025
-90.48528821038086,47.71694004833455
-90.48538320908717,47.71691387823999
-90.48546903081211,47.71687549388201
-90.4855504003598,47.71683022607587
-90.48570274815836,47.71672612357674
-90.48591287551096,47.71655981912854
-90.48602217996581,47.71643428909457
-90.4860851927343,47.71637719582028
-90.48616857467049,47.71633166711664
-90.48636855805492,47.71625885852783
-90.48645253003471,47.71621756484813
-90.48650403208792,47.716163850897956
-90.48651730766504,47.71609708226174
-90.48649461743268,47.71594549859347
-90.4864951307629,47.71587127731206
-90.4865258526489,47.715803452552045
-90.48658216041176,47.71573861879529
-90.48670430800401,47.71561235502226
-90.48673632583227,47.71554865195298
-90.48672405621069,47.715482488290945
-90.4866680875836,47.71541343890608
-90.48659679650888,47.715344419683746
-90.48653933432885,47.7152784575352
-90.48652485222684,47.715218579422
-90.48656258643963,47.71516465103762
-90.48662768689573,47.715113066178105
-90.48671231264301,47.71506431196145
-90.48680899216653,47.715018944205305
-90.4869102539861,47.71497751874736
-90.4870086266514,47.71494059145063
-90.48710320561364,47.71491065863392
-90.48720470411592,47.7148906135061
-90.4876290531404,47.71483634484538
-90.48784345926026,47.71481351081969
-90.48794847599568,47.71479915488107
-90.4880493872574,47.7147790908348
-90.48814415138021,47.71475045858631
-90.48823114725182,47.71471138896836
-90.48831255813651,47.71466478793901
-90.48847053135437,47.714564165781525
-90.48855304692685,47.714517731700894
-90.48864167352144,47.71447856676828
-90.4887361115739,47.71444579965288
-90.48903104455384,47.71435998256315
-90.4899003579068,47.71408548091529
-90.49019362753342,47.71399921037037
-90.49039470237086,47.713952157773825
-90.4907059242427,47.71389952241133
-90.49080693560647,47.71387740615027
-90.49090415716101,47.713848860159416
-90.49118327213671,47.71374219059753
-90.49127873815397,47.713710301715636
-90.49137771000844,47.71368376754025
-90.49178498225743,47.713594465781895
-90.49188429176445,47.71356893702717
-90.49198045360278,47.7135391594448
-90.49207163605055,47.713502415558494
-90.49232811958058,47.71336894881118
-90.49241536810051,47.7133277048095
-90.49250721463811,47.713293578220515
-90.49260525997708,47.713269165147594
-90.49270832288884,47.713252889629246
-90.49302875340867,47.71322175841151
-90.49344608628329,47.7131615886436
-90.4938591865844,47.71308401446622
-90.49405940783397,47.713035564192566
-90.49415413496757,47.71300497335947
-90.49423878203973,47.712962343034896
-90.4943980238855,47.712863937207224
-90.49448645353097,47.7128241380804
-90.49476604860618,47.71271831787172
-90.49495876739846,47.712656554861184
-90.49505831245531,47.71263164138441
-90.49526906448438,47.712601349814655
-90.49536654621342,47.71257480464021
-90.49545707924865,47.71253815554287
-90.49580293345186,47.71236775654468
-90.49589260822717,47.712328924833734
-90.49598534143499,47.71229350947389
-90.49617705626748,47.71222988636064
-90.49637394651495,47.712174982937505
-90.49667800080219,47.71210742320511
-90.49677718643196,47.71208119376451
-90.497461733712,47.71187958721766
-90.49755718708127,47.71184786610139
-90.49764944065916,47.71181214649414
-90.49773848970995,47.71177220903438
-90.49800091609882,47.71164691359524
-90.49809178884144,47.711610170242565
-90.49818703836728,47.71157972251745
-90.49828771199488,47.711557376517
-90.49859975646744,47.71150429869438
-90.4987000959105,47.711479549914216
-90.4988979071068,47.71142325572225
-90.49899804075956,47.71139924367463
-90.49910071555118,47.71138292497958
-90.49920590881483,47.71137473373139
-90.49952717452335,47.71136742904573
-90.49963315625587,47.711360074111354
-90.49984223667145,47.711332936267176
-90.50015402110394,47.71128350372039
-90.5005501032877,47.711177708521525
-90.50075204667691,47.71113158348642
-90.50090562687647,47.71110096264296
-90.50111343663725,47.71106891827588
-90.5013820051639,47.7110510831106
-90.5014841799098,47.71103516253759
-90.50157824790371,47.7110047285825
-90.5017927320322,47.71089269810596
-90.50183718671022,47.71087289030967
-90.50188365977597,47.71085651831359
-90.50193263244473,47.7108443834526
-90.50203630542661,47.71082962304836
-90.5023065194567,47.710811487537796
-90.50240907829041,47.710795488820935
-90.50245742733763,47.710782617317506
-90.50250419547368,47.71076649621697
-90.5025934729625,47.710726590092975
-90.50275659640282,47.71063021448032
-90.50279363960149,47.71060397272605
-90.50282690359313,47.7105728811806
-90.50294826455998,47.71043999381566
-90.50298267005718,47.71041548706181
-90.503021497269,47.7103988044908
-90.50306555258818,47.71039139444223
-90.50311251696182,47.71039046553193
-90.50316166464009,47.71039454887093
-90.50326505727192,47.71041349164902
-90.5034820629466,47.71046465709939
-90.50358986514551,47.71047983721785
-90.5036951644471,47.710479861915175
-90.50380336114266,47.71047371659356
-90.50391276050252,47.71046270123225
-90.50402068856546,47.71044668042941
-90.5041244713724,47.71042551879319
-90.50422143496893,47.710399080941265
-90.50426652395453,47.71038384112969
-90.50430507408956,47.7103627400047
-90.50433350959723,47.71033145831651
-90.50439894838344,47.71021966443724
-90.5044278939455,47.71019096544945
-90.50446722035272,47.710173759210804
-90.50451348227355,47.71016461270528
-90.50461359706658,47.710156345307226
-90.50500055714771,47.710167268972256
-90.50510800177302,47.71016122130034
-90.50515934457638,47.71015374361192
-90.50530872049139,47.71011847481191
-90.50560020802759,47.71002481648957
-90.50574968770005,47.70998647265794
-90.50585262643716,47.70996847822085
-90.50616638193479,47.70992455848088
-90.50652601921725,47.70985629058266
-90.50672831631691,47.7098109083814
-90.50682741553949,47.709784781189065
-90.50692420666307,47.70975367982438
-90.50725584894693,47.70963179533876
-90.50740200960567,47.70959209873279
-90.50750337815826,47.70957667956036
-90.50760859277084,47.70957310427434
-90.50787926465388,47.70958656171931
-90.50798664649999,47.70958803364343
-90.5080913821492,47.709580108604854
-90.50824591512693,47.70955323171916
-90.50839701520297,47.70951440771463
-90.50858883079641,47.70945078902526
-90.50867743372595,47.70940951650139
-90.50884847278888,47.70931873961439
-90.50893723994739,47.70927982303752
-90.50898382035837,47.7092642987895
-90.50903237060534,47.709252259320884
-90.50913469322438,47.709238078055165
-90.50951402314263,47.70922809632016
-90.50961815797432,47.709216300985105
-90.50966795414277,47.709205828836275
-90.5097160420899,47.70919188247124
-90.50980838443105,47.709156136425385
-90.51003309421887,47.70905351391071
-90.51012781716138,47.70902181104201
-90.5101774469334,47.70901044643377
-90.51033243475267,47.708988501309
-90.51070597822759,47.70895868227737
-90.51122315591806,47.70887107112038
-90.51127555883447,47.70886546696603
-90.51143944481512,47.708872152582096
-90.51149199788054,47.70887080261928
-90.51154114493762,47.70886133638775
-90.51158791369116,47.70884646189917
-90.51167805713456,47.70880966097029
-90.51194283863155,47.708683684649564
-90.51217756151536,47.70859821222266
-90.51232286944413,47.70855316546453
-90.51252155736333,47.70850135788901
-90.5128244858528,47.70843157737752
-90.51313147984968,47.70836911572711
-90.5132305453314,47.70834339160845
-90.51332523631162,47.708310575730906
-90.51359711129925,47.70819247962765
-90.51369082673959,47.70815974464588
-90.51378982328168,47.708137271665464
-90.5138419444246,47.7081311985156
-90.5141675596973,47.70812105319167
-90.51427057208349,47.70810737588882
-90.5143192008115,47.70809489547929
-90.51436653515407,47.70807886025031
-90.51445846058297,47.708038826903746
-90.51467904560754,47.7079201902828
-90.51476663649932,47.70787786794073
-90.51485560184145,47.70784565182937
-90.5149009628487,47.70783482808493
-90.51494708143734,47.70782964185069
-90.51499389927785,47.70783626569564
-90.51504132946364,47.70785242248554
-90.51518651745388,47.70792297950746
-90.51523562031859,47.707942157059364
-90.51528494711316,47.70795331204697
-90.51533444629926,47.70795403942902
-90.51538423308429,47.70794998194601
-90.51543429117515,47.707942903525364
-90.51553502009926,47.70792153617459
-90.51588872479861,47.707819663097524
-90.51619657369636,47.70774769470304
-90.51628590483497,47.70771510197112
-90.51630399410044,47.707681565778145
-90.51630870280063,47.70763991595355
-90.51634185377202,47.707618447069486
-90.51643747302398,47.70759447136625
-90.51659173058343,47.70756429593529
-90.51675288751278,47.70754134276912
-90.51696666982374,47.70752259794295
-90.51707199390152,47.7075272262946
-90.51723117836046,47.70754996969341
-90.51733708871069,47.7075596183673
-90.51744221401941,47.707555330290354
-90.51754699983772,47.707545072323164
-90.51807012250868,47.70746964178253
-90.51833628740074,47.70744790297544
-90.5184405478423,47.70743459395912
-90.518491248079,47.70742473253163
-90.51858968244228,47.70739854719609
-90.51887547506031,47.707299192605305
-90.51902226883384,47.707257123319884
-90.51912425972374,47.70723747701559
-90.51943891482894,47.70719553519039
-90.51954226377804,47.7071779812316
-90.51984326666575,47.70710340872452
-90.5199959799625,47.70707305514941
-90.52020613737326,47.707050356145636
-90.52047255495434,47.707035405024044
-90.52063212223466,47.70703017807539
-90.52100537793707,47.707027418348694
-90.5214257809102,47.707032408752674
-90.52163848822823,47.70702490411582
-90.52185063497762,47.70700926735424
-90.52227155425912,47.706963513054085
-90.52289826112745,47.70687722686909
-90.52332218640656,47.70684446342266
-90.52363743966902,47.70680554749487
-90.52384609581281,47.70677226548328
-90.52394770964125,47.7067509767854
-90.52404636407306,47.70672522842036
-90.52414130384844,47.7066933038173
-90.5242332184226,47.70665598219609
-90.52450305991492,47.7065350159915
-90.5245951227277,47.70649948704753
-90.52469028492769,47.706470251442134
-90.52479089533234,47.70645250576849
-90.52489707264691,47.70644685818046
-90.5251145413284,47.70644624529536
-90.52553918150856,47.706417557372205
-90.52564552408919,47.70641483775551
-90.52596632684515,47.706427029607184
-90.52607259803816,47.706428002026
-90.52617784661696,47.7064221813065
-90.52628199644272,47.7064090906495
-90.52638534953881,47.70639104907043
-90.52689880511137,47.70629084841859
-90.52710189413193,47.70624719254102
-90.52760334506415,47.70612500832417
-90.52802349117705,47.70605369082438
-90.5281209181057,47.70602846502768
-90.52820951727607,47.7059942382715
-90.52827805226957,47.705939965659105
-90.52839722101248,47.705813355725965
-90.5284771939241,47.705770096992616
-90.52857087474221,47.70574041531797
-90.52867106898951,47.70571717865688
-90.52898635970816,47.70566143775386
-90.52908839205247,47.70563939676783
-90.52958929649725,47.705515814369335
-90.52969167799513,47.70549650260298
-90.52979668981129,47.70548290196389
-90.53011560878232,47.705452051969
-90.53021807191652,47.7054347472398
-90.53031636430312,47.70540947075435
-90.53041146109202,47.70537839695363
-90.53087145488183,47.7051933907882
-90.53154357815951,47.70497473780451
-90.53209003444576,47.70475041914377
-90.53320349397052,47.70432548182632
-90.53338522815159,47.70425000405683
-90.5335625363268,47.70417015416784
-90.533647944772,47.70412707998723
-90.53389252998282,47.70398589112209
-90.53397609720628,47.70394133330111
-90.53406368062889,47.70390131969078
-90.53415674739652,47.70386731851813
-90.53425450242835,47.70383811965825
-90.53466144286953,47.70373938907687
-90.53475945609124,47.703711862213794
-90.53485289974132,47.70368025350878
-90.53493762688348,47.70364091865912
-90.5349989185804,47.70358157801415
-90.53505058866175,47.70351403740263
-90.5351118578248,47.703454635455785
-90.53519577567131,47.70341434584978
-90.53528778486996,47.70338044984556
-90.53538443090463,47.70335027213076
-90.53558622469085,47.70329775584323
-90.53589224426814,47.703228791866515
-90.53620911712204,47.70318451247896
-90.53630926104742,47.7031630216659
-90.53640148706698,47.70313098099447
-90.5364838198939,47.70308650621404
-90.5366384592961,47.70298387773498
-90.53672132668439,47.70293822884114
-90.53707767375953,47.70277935711759
-90.53724780588956,47.70269336805178
-90.53740305711996,47.702595142854214
-90.53762749235432,47.70244071559464
-90.53810167662643,47.70215092238612
-90.53839620803411,47.701942414431585
-90.5385347283018,47.701832967672665
-90.53860061286461,47.70177667585797
-90.53866091314578,47.70171762803024
-90.53897905242128,47.70134187047775
-90.53903536415632,47.70128096730747
-90.5390985883568,47.7012234982724
-90.5391684357596,47.70116932210358
-90.53939252127816,47.701014046512
-90.5394637815489,47.70096059151314
-90.53952911441553,47.700904179054454
-90.53958435730107,47.70084199922011
-90.53972690681196,47.70064337295289
-90.53978488453507,47.70058468562598
-90.53985700840968,47.70053541841037
-90.53994298519858,47.70049532802652
-90.54003846891142,47.70046159897624
-90.54034199771881,47.70037277578873
-90.5404355452038,47.70033868810062
-90.54051861760317,47.70029805982566
-90.54057889822779,47.70024319790209
-90.54061086459156,47.700170870936184
-90.54063554261649,47.700094387891376
-90.5406744569251,47.700027366802786
-90.5407450977937,47.699980952088275
-90.54083314527061,47.69994643272578
-90.54093096554253,47.69991862632744
-90.54124364082028,47.6998458552208
-90.54134112988882,47.69981527104909
-90.54142973937414,47.69977602061962
-90.54159385492099,47.699682388133816
-90.5416790285382,47.699639232756056
-90.54177276615857,47.69960540984602
-90.54187565168735,47.69957977353492
-90.54208724878424,47.699535376893444
-90.54218468692815,47.69950778187644
-90.54226903581615,47.69947069930188
-90.5423331656938,47.699419521245474
-90.54237765202649,47.699355419504144
-90.54244734419802,47.69921246557233
-90.5424925467679,47.69914569708524
-90.54255252817424,47.69908680816842
-90.54261828120968,47.699030457741586
-90.54297163042405,47.698759095053575
-90.5430361742152,47.6987021956972
-90.5430940536601,47.69864245588592
-90.54314249339961,47.69857869978348
-90.54326906649953,47.69837924508753
-90.54365046998215,47.697863916285606
-90.54375177337332,47.69773757915385
-90.54381042919509,47.69767793196777
-90.54401418523707,47.69751105814566
-90.54426245357514,47.697276930334006
-90.5443777906081,47.69715603422032
-90.54452755730519,47.69696467364503
-90.54458012832148,47.69690220855055
-90.54463914821304,47.69684273853555
-90.54470671878349,47.69678727321991
-90.54492342100903,47.69662750342143
-90.5449859787653,47.69656972785147
-90.54504116610427,47.696508486032634
-90.54543426473538,47.69599690870511
-90.54547944909868,47.69593180852443
-90.54559262519862,47.69572919134933
-90.54563609391782,47.6956638124087
-90.54574408730639,47.69554028608356
-90.5458652448736,47.69542138362088
-90.54606261037785,47.6952513263168
-90.54628525479261,47.69509517943424
-90.54642533794477,47.69498724785076
-90.54648558444168,47.69492854371559
-90.5465384811446,47.69486637077906
-90.54668219454285,47.69467252942308
-90.54673442508624,47.69460976757925
-90.54684210815535,47.69448538333064
-90.54695562968216,47.694363577178706
-90.54708145949128,47.694247758430016
-90.54728505909965,47.69408105658567
-90.54760273559336,47.69379217556999
-90.54772249576232,47.6936732046392
-90.5480679490578,47.69330986083589
-90.54871551799883,47.69264738211087
-90.54876705638839,47.69258481115565
-90.54881139311696,47.692520458832554
-90.54884085357433,47.69245187114266
-90.54886965605199,47.692230019892826
-90.54889831742666,47.692163644523696
-90.5489531427226,47.692106892744
-90.54902802572784,47.69205822509724
-90.54929315397709,47.69192634223665
-90.54936911585187,47.69187573935602
-90.5495008515603,47.691762857061924
-90.54956128893384,47.691703138272366
-90.54967361088542,47.6915801694441
-90.5497245643912,47.691516883637256
-90.549895682319,47.691248996671604
-90.54994727947309,47.69118757849778
-90.55000986132492,47.69113251298138
-90.55009074916794,47.69108847557062
-90.5503756420183,47.69098122122327
-90.550647178877,47.6908640113452
-90.55072872505204,47.69081881703913
-90.55080061693096,47.6907669992458
-90.55086654613665,47.69071056046386
-90.5509273953018,47.69065076611373
-90.551036296839,47.690525697990076
-90.55108296460205,47.69046061980895
-90.55118734049748,47.69024750219754
-90.55122712758534,47.69018062892124
-90.55127801060011,47.690121024628105
-90.55134504254337,47.690071793496635
-90.55142912108953,47.69003390241244
-90.55152572709362,47.690004431688514
-90.55184187999257,47.68993359665523
-90.55223056817401,47.689812800594616
-90.55232901666058,47.68978585760914
-90.5524297765646,47.68976356739489
-90.55263785618328,47.68973042035252
-90.55284939300444,47.689711206503816
-90.55295692133795,47.68971139990586
-90.55317487889903,47.68972559044295
-90.55328005933788,47.68972460116629
-90.55337923733876,47.689708462165214
-90.55347174787607,47.689677003896364
-90.55373462748969,47.68954698032814
-90.55382637362706,47.68951009862592
-90.55392594222039,47.689486184881325
-90.55413420203773,47.68945150854853
-90.55423170723033,47.689422771815494
-90.5545163094181,47.689322564543005
-90.55461552385447,47.689297941542115
-90.55472762753331,47.68929012326662
-90.55484415096313,47.68928966742467
-90.55494910769377,47.689279724091655
-90.555027128547,47.68924411103729
-90.55508225903009,47.689187205163186
-90.55512465951848,47.689118901051884
-90.55519648595579,47.6889703483546
-90.55523851959347,47.68890122486381
-90.55529303861306,47.68884295332627
-90.55536607743761,47.688800905629215
-90.5554577994317,47.68877542865844
-90.55556269761419,47.68876146909898
-90.55578907775501,47.68874682611123
-90.55589908722507,47.68873550468212
-90.55600184815238,47.6887161929115
-90.55660475500851,47.68856741442906
-90.5567064097766,47.68854645402287
-90.55680954967691,47.68853256121255
-90.55691538072276,47.688530798887946
-90.55713094741603,47.688545337818404
-90.5572369971793,47.68854601596115
-90.55733954408335,47.68853280685345
-90.557438809847,47.688507704040184
-90.55763508458647,47.688446967221005
-90.55773598457627,47.688423852278675
-90.55784397432419,47.688411531500414
-90.55807009115745,47.68840086832445
-90.55817619512881,47.68839078642563
-90.5582696473205,47.68836971135457
-90.5583392188284,47.68832832082593
-90.55837426143437,47.6882594110953
-90.55839875770252,47.688180775924245
-90.55843917304648,47.68811193973713
-90.55851193147141,47.68806474372154
-90.55859927033676,47.688025900688345
-90.5586955810785,47.68799250969283
-90.55899759872997,47.68790806347408
-90.5590983794547,47.68788530849409
-90.55940762784832,47.68782851033108
-90.5597258665789,47.68783612816975
-90.55983037987718,47.687830263921
-90.55992817670416,47.68781054220621
-90.56001665065945,47.6877725278161
-90.5601862150117,47.687679040601594
-90.56027900693084,47.68764456220106
-90.56037830223751,47.68761978245292
-90.56120006370091,47.687462633870304
-90.56161321726728,47.68738901281516
-90.56183106490877,47.687359384208534
-90.56193319964873,47.6873388931239
-90.56202260286597,47.687308153287745
-90.56208296026922,47.68725406898834
-90.56211714699276,47.68717884726153
-90.56215779880944,47.68710867489286
-90.5622330845528,47.6870661759537
-90.56232558949043,47.687037524906295
-90.56242599599715,47.68701522078334
-90.56274647680345,47.686963145694776
-90.56285034138851,47.68694298505166
-90.56315045859164,47.68686696077584
-90.56325158978166,47.686844944173565
-90.56335480402355,47.68682871592427
-90.56356566013669,47.68680868202556
-90.56420308714306,47.686765766760466
-90.56453446534441,47.686725031180856
-90.56464371576952,47.68670651942427
-90.56473785556412,47.68668103399913
-90.56480393609357,47.68664393612036
-90.564783914954,47.68656922903111
-90.56475133232686,47.68648782030319
-90.5648021238028,47.686441063929614
-90.56489006468959,47.686409888709505
-90.5652130316063,47.68633891780977
-90.56530992832313,47.686308156642596
-90.56549807117571,47.68624023146931
-90.56569879116077,47.6861928614523
-90.56611005380736,47.68611595359122
-90.56664321456934,47.68603374416388
-90.5667502669728,47.68602146674031
-90.56685109861124,47.6860188352907
-90.56693838332433,47.68603633106661
-90.56704976311491,47.68617041619425
-90.56714816523032,47.686198624879594
-90.56726460262797,47.68619918073238
-90.56734681239955,47.68616335456157
-90.56741759800212,47.686111802452174
-90.567482708675,47.68605177577429
-90.56754038389276,47.68598673517206
-90.56758886315917,47.685920141292364
-90.56762213499742,47.685852170615306
-90.56762774055719,47.68577363122297
-90.56762407353011,47.685693084641414
-90.56763291455854,47.685621359825504
-90.56767593184152,47.68556924853692
-90.56775640343793,47.68553986892108
-90.56785987741557,47.6855253125723
-90.5680924751436,47.68550967447158
-90.56819996415103,47.68549308409176
-90.56829721697306,47.68546234170874
-90.56839146872335,47.6854252107548
-90.568486866246,47.68539349386053
-90.56858738313103,47.68537910863262
-90.56869320576033,47.68538534962236
-90.56880106927491,47.685397989024494
-90.56890761740544,47.685401117182714
-90.56901296786036,47.68539183343813
-90.5691179056791,47.68537661136271
-90.56932111492793,47.68533262314848
-90.56941884081535,47.68530365920322
-90.56960595910559,47.68523381899967
-90.56969305779933,47.68519282325012
-90.56985916688352,47.685102051775445
-90.56994629305858,47.68506076429656
-90.57022053416637,47.68494957708653
-90.57041036955769,47.68488447073075
-90.57070353075336,47.68479806616095
-90.57100062256899,47.684717959366886
-90.57109628334281,47.68468664135233
-90.57137034029792,47.684574836117235
-90.57146492594268,47.68454223839716
-90.57156327537005,47.684515046966546
-90.57216584833478,47.68436944076322
-90.57236090507931,47.68431190517289
-90.57264597156724,47.684213973257926
-90.57274462395641,47.684186497843854
-90.57294894276201,47.68414066855817
-90.5730479457327,47.68411457556173
-90.5731401407338,47.68408089696811
-90.57321904276012,47.68403136878471
-90.57329078995261,47.68397381858491
-90.57336652743821,47.68392260776924
-90.57345682944212,47.68389136165697
-90.5735591402754,47.683876680195844
-90.57388877091029,47.68386495423018
-90.57399414923252,47.68385505802788
-90.5740911921465,47.68383372034252
-90.57417341994916,47.68379250044675
-90.57431318357021,47.683676578996156
-90.57438849075064,47.68362506506001
-90.57448070151581,47.68359510336577
-90.57458857698728,47.68358448348492
-90.57469418293583,47.68356900804014
-90.57488959653712,47.68350959714474
-90.57498889052084,47.68348459580745
-90.57509243187262,47.68347065194233
-90.57573081052423,47.683435216881044
-90.57627026633658,47.68340018879664
-90.57637649146054,47.68338926763071
-90.57647735125474,47.683371692220845
-90.57657038635658,47.68334464471236
-90.57664905819466,47.683299800254474
-90.57678034807792,47.6831775355539
-90.57684869493919,47.683119788763165
-90.57692933112783,47.68307741469882
-90.57703026208588,47.68305690489423
-90.57737472648222,47.68304560982082
-90.57746398701956,47.68302504789055
-90.57751477693536,47.68297738969749
-90.57752285547048,47.682902433173794
-90.57751888996641,47.68281822780479
-90.57753467879074,47.68274334149635
-90.57759456768142,47.68269179884951
-90.57767272898364,47.682647860805794
-90.5777606865685,47.68260764883793
-90.57785601682633,47.682571065985904
-90.5779562961567,47.68253801529613
-90.57805910096658,47.6825083998226
-90.57826268840476,47.68245912694569
-90.5783645575294,47.682441431807
-90.57846959484772,47.68242945152683
-90.57868484086598,47.68241841448738
-90.57889975998604,47.68241757375604
-90.57900636041977,47.68242417351269
-90.57922117241661,47.68245827922419
-90.57932634309361,47.682471424565364
-90.57942798588925,47.68247235719788
-90.57953241359768,47.682454087634774
-90.57964144429616,47.68241791817031
-90.5797339815227,47.68237108542716
-90.57978851236379,47.682320885840305
-90.579751159084,47.68226119417754
-90.57965740261797,47.68219233571912
-90.5796279452978,47.68213355487136
-90.57968531449198,47.68208806157636
-90.57975861483735,47.6820443900706
-90.5798442410087,47.682002389799784
-90.57993867583679,47.6819619247738
-90.58043243853159,47.68177544812049
-90.58053503437448,47.681740396828936
-90.58063691501947,47.68171362469459
-90.58073277031315,47.68170129574007
-90.58080822846928,47.681734031447036
-90.58086876024662,47.68180850051136
-90.58095774066588,47.68183164901087
-90.58105950488816,47.68183296353763
-90.58116555847104,47.68182788738067
-90.58127410005537,47.681818049963624
-90.58171252332392,47.68176258560856
-90.58182845471269,47.68174411815502
-90.58192169743832,47.68171401645601
-90.58196965576313,47.68166540631754
-90.58196978691366,47.68159692983426
-90.5819249200024,47.68143837281773
-90.58193186227753,47.68136885718952
-90.58198463803453,47.68131599297288
-90.58206963186798,47.68127417797151
-90.58226878856657,47.681198831583835
-90.58235276185529,47.681153548677585
-90.58250553832444,47.681050981650785
-90.5825856797154,47.68100430402445
-90.58267486271653,47.680967314241315
-90.58277358290772,47.680939749978556
-90.58287746341982,47.68091924709554
-90.58298191750231,47.68090362322945
-90.58308720285142,47.680895393459075
-90.5833010393477,47.6808890430088
-90.58340696961497,47.68088045743532
-90.5836191847952,47.68085898756381
-90.5837219082124,47.68084114807729
-90.58381994794944,47.68081465648109
-90.5840989755754,47.68070544777465
-90.58419433103883,47.680674133604825
-90.58429508267889,47.68065314041121
-90.58440403636138,47.68064433531947
-90.58462820681059,47.68063943222346
-90.58473286782872,47.680630302939115
-90.58482554212773,47.68060803434105
-90.58489498509854,47.680561604497576
-90.58494204791698,47.68049288500751
-90.58498458713767,47.6804189487316
-90.58504053090786,47.6803569292704
-90.5851231819985,47.680319687376766
-90.58522047323378,47.680296268185344
-90.58554520587592,47.6802548739861
-90.58564975237456,47.68023601438842
-90.58574512250325,47.68020726332994
-90.58582866966368,47.68016477545814
-90.58590388782595,47.68011216031786
-90.58604848952072,47.680000453144956
-90.58612744927744,47.67995331353855
-90.58621839448249,47.67992100252676
-90.58632642779773,47.67990848760406
-90.58644092204044,47.67990451795761
-90.58654943490014,47.67989606156731
-90.58663953698013,47.67987009391738
-90.58670689693315,47.67982044220783
-90.58675788582573,47.6797550077582
-90.58679752139734,47.679682693716465
-90.58683057994787,47.67961223008049
-90.58684723054299,47.67953953120099
-90.58686114107962,47.67939025037946
-90.5868914631081,47.67932601692394
-90.58695600264113,47.67927539478506
-90.58704715805963,47.6792358421453
-90.58734631443052,47.67914404630854
-90.58775072977483,47.679051598294684
-90.58805896908825,47.678992920223905
-90.58815766203945,47.678966706873
-90.5882526381822,47.67893177588668
-90.5884370257138,47.678850250974605
-90.58852960677292,47.678814374954044
-90.58862455919845,47.67878890181986
-90.58872394430729,47.67878317939999
-90.58882840505198,47.67880328640771
-90.58893458088899,47.678831149526154
-90.58903891865042,47.678847395079515
-90.58914174598596,47.67883895816087
-90.58924755985824,47.678815527911155
-90.58934650920811,47.6787803733528
-90.58942787744068,47.678735877425964
-90.58947700470885,47.67867490723348
-90.58953426845761,47.678526681651334
-90.58959624450728,47.67847474458538
-90.58968185441329,47.67843874132497
-90.5897776165541,47.678409720381296
-90.59008962675455,47.67833802123072
-90.59018980814076,47.67831039939392
-90.59028352916837,47.67827652042227
-90.59046381879139,47.67819929392634
-90.590557011416,47.67816453094191
-90.59084457374696,47.67807000010603
-90.5909421664526,47.67804119701547
-90.59104260038296,47.6780166278639
-90.59124731352641,47.67797386229517
-90.59134103280654,47.677941735362246
-90.59142778542257,47.677900934589395
-90.59167501751958,47.67776226849642
-90.59192838226606,47.67763052927599
-90.59210289078032,47.67754810933755
-90.5922869216167,47.67747480571393
-90.59237530539593,47.677434991008376
-90.59253880149797,47.67734280820714
-90.59269062717638,47.67724139372594
-90.59276130595799,47.677187812227466
-90.59302078920763,47.6769589888503
-90.59314682503515,47.676841533160776
-90.59321769902708,47.67678875110793
-90.59329902112515,47.67674333896253
-90.59338825790705,47.67670328898996
-90.59357869779528,47.67663678552955
-90.59377713605029,47.67658539067827
-90.5940815862153,47.67651788954249
-90.59430818728015,47.676462058652774
-90.5944029181696,47.676430319893925
-90.59449017303439,47.676389512740386
-90.59465991898216,47.67630164333152
-90.59492743642015,47.676183487775
-90.59526817019106,47.67601058672095
-90.59535634237602,47.67597033766073
-90.59608987123205,47.67567714994973
-90.59635882378453,47.675560486813666
-90.59662292246114,47.67543887338716
-90.59687965629375,47.67531037323992
-90.59721038645341,47.67512883901376
-90.59753338490168,47.67494108344252
-90.59784848462279,47.674747298539586
-90.59809456464558,47.67460946885888
-90.59835472450258,47.674484087341774
-90.59871795522827,47.67433233481049
-90.59881269683503,47.674299415291
-90.59891074641195,47.67427244984326
-90.59911524297513,47.67423118305505
-90.59932461241658,47.67420249288353
-90.59943038509131,47.67419623730355
-90.59964443749593,47.674195974107974
-90.59974858000854,47.67418376145414
-90.59985051079981,47.67416164416059
-90.59994928879088,47.67413376746857
-90.60042170118476,47.6739676041771
-90.6009049573659,47.67381624350556
-90.60120235137916,47.673734001410224
-90.60129730630645,47.67370237667955
-90.60138475733262,47.673662689122146
-90.60146676401011,47.673616528323215
-90.60161672600783,47.67351279450432
-90.60168082022582,47.67345369293413
-90.60173287835615,47.673384484928
-90.601788558696,47.67332152150486
-90.60186418045461,47.673281945656385
-90.60196332679118,47.67327123103406
-90.60218925119413,47.67328341828485
-90.60229568041241,47.67327833842116
-90.60238559595975,47.67324880229594
-90.60246235727024,47.67319886756368
-90.60253546090273,47.673141996023034
-90.602614460448,47.67309175748968
-90.60270987591443,47.67305541833932
-90.60281066573984,47.67302346151722
-90.60289560275208,47.67298385809306
-90.6029416815926,47.67291995682916
-90.60295341481546,47.67283253136602
-90.602970619281,47.67275974242882
-90.60302975924787,47.6727377789666
-90.60311833494164,47.672758474987965
-90.60333023063053,47.6728390762143
-90.60343503012835,47.67285907667134
-90.6035475264781,47.67286025341222
-90.60366244742676,47.67284829387134
-90.60375951275854,47.67282071840282
-90.60381855338456,47.67277215073
-90.60384124198815,47.67269876278311
-90.60385527674562,47.67261851764262
-90.6038894845752,47.67255097388275
-90.60396259187327,47.67250895182639
-90.6040581112529,47.67248150390939
-90.60427484373588,47.67244174610594
-90.60437668457998,47.672416041443746
-90.60447096664855,47.67238280367405
-90.60465547245099,47.67231037729308
-90.60483913787313,47.67223255281735
-90.60493311568106,47.672199087149046
-90.60503240189082,47.672179335779376
-90.60514003955636,47.67217880791667
-90.60535919094065,47.67219083391484
-90.60545734104213,47.67217636930238
-90.60553907856401,47.67213419989773
-90.60561239611278,47.672077429127704
-90.60568976942598,47.67202464992691
-90.60578125321865,47.671990859428234
-90.60588112774936,47.671967822433395
-90.60619334292626,47.67191259000367
-90.60629195958796,47.6718858475249
-90.60657982814351,47.67179168562869
-90.60687779135878,47.67171357813738
-90.60717137855312,47.671627609013655
-90.60727130730076,47.67160337654057
-90.6075836357421,47.67155709619622
-90.60768552063108,47.67153606039567
-90.60788572089155,47.671486041262796
-90.60798182629651,47.67145556753883
-90.60807412228912,47.67141971577082
-90.60825338378292,47.671341381809206
-90.60877822359589,47.671094260728715
-90.60886759883026,47.67105538700961
-90.60905742610663,47.67099031340724
-90.60925697618036,47.67093925631468
-90.60956931214001,47.6708933683205
-90.60966862601342,47.67086799020127
-90.60996156577626,47.670780976330114
-90.610571436043,47.67065086849158
-90.61076800189528,47.67059538716838
-90.6108629538565,47.67056178357595
-90.61095243972348,47.67052298648214
-90.61103399787656,47.67047751465044
-90.61126296004612,47.67032611926918
-90.61142877440038,47.670235724944135
-90.61159997737039,47.670150042929315
-90.6118646704244,47.67002903129935
-90.6122231901974,47.66987329866317
-90.61249965415507,47.669759207860785
-90.61258629390993,47.66971763270134
-90.61266532843715,47.66967135483911
-90.61273140492953,47.66961622476293
-90.61278136977063,47.669549073725555
-90.61286994631794,47.66940990341755
-90.61292780266018,47.66935417485135
-90.61300683281878,47.6693182790906
-90.61310603926272,47.66930240596148
-90.6133318694776,47.669298741019055
-90.61376278958973,47.66928046758024
-90.61386642787743,47.669267780180405
-90.61396697273088,47.669246111925
-90.61406567805555,47.66921823102872
-90.61416182945548,47.66918545760272
-90.61434309416391,47.669109293149546
-90.61442575343996,47.66906281677739
-90.614585218757,47.66896367150059
-90.61466841582055,47.668919382947216
-90.61475821708407,47.66888424825684
-90.61485945626255,47.668864609133045
-90.61507939911455,47.66885009931851
-90.6151838005412,47.66883670619545
-90.61527575274037,47.66880738676427
-90.61535969194362,47.66876333431351
-90.61543606920927,47.66870949785436
-90.61550262617,47.66864981767892
-90.61555710449653,47.668588234083124
-90.61559700675055,47.66852121874013
-90.61561890002994,47.66844681983105
-90.61561912850627,47.66837354283595
-90.61558768990217,47.668308906710884
-90.61543537862923,47.66819460419975
-90.61540180701485,47.66813369882354
-90.61541437227262,47.66805914430464
-90.61545581706406,47.66798303372007
-90.61551910320853,47.66792525519569
-90.61560565380205,47.66789603955211
-90.61572021165387,47.66788233730406
-90.61584035781138,47.667884065694686
-90.61594263558027,47.667901952310245
-90.61600462989881,47.667946144053175
-90.61606470155796,47.668099635016326
-90.6161261281823,47.668150715001026
-90.61622224011957,47.66817452722583
-90.61665926188931,47.668206922730946
-90.61676635788982,47.66821064762006
-90.61687246093082,47.66820890249778
-90.61697665255153,47.66819936261051
-90.61707896180035,47.6681808313883
-90.61738398802741,47.668111700975615
-90.61748832012732,47.66809839548972
-90.6178096457593,47.66808528560422
-90.6179143165851,47.66807561390875
-90.6180149369436,47.668055861058306
-90.61811105389789,47.66802525258218
-90.6182983552686,47.66795345002145
-90.61859461167849,47.66786157457247
-90.61869017732971,47.66782853781013
-90.61877819774381,47.66779031555762
-90.6188547383799,47.66774419459468
-90.61891263422505,47.66768411975513
-90.61899953649981,47.66754355206338
-90.61904801946643,47.66747890840056
-90.61911284348697,47.66742859332325
-90.61920146231776,47.66739904327878
-90.61930773689856,47.66738556958739
-90.61963796711807,47.667367432438425
-90.61985079998843,47.66735955130362
-90.6200580240193,47.66732729550526
-90.6204694373644,47.66725031906978
-90.62057118082711,47.6672291488654
-90.62067050571764,47.66720377443013
-90.620958056185,47.667109237774206
-90.62135543443303,47.66700088777518
-90.6214521328603,47.66697120619565
-90.62154471313917,47.666937259278676
-90.62163047855503,47.66689633126433
-90.62170880364809,47.66684785211542
-90.62185826236967,47.666743209813795
-90.62193687095332,47.66669442114353
-90.62218443977477,47.66655789878775
-90.6224244720507,47.66641533097124
-90.62250796705756,47.66637077533955
-90.62285342358648,47.66620222362751
-90.62319212165647,47.666027571903996
-90.6236359955319,47.665828695863425
-90.62389766181194,47.6657030002973
-90.6239887736247,47.665666799616346
-90.62408566459995,47.66563915605098
-90.62429417682858,47.665605473254764
-90.62439578904046,47.66558373882372
-90.6245929818139,47.66552932105088
-90.62488263594638,47.66543794375188
-90.62516442666058,47.66533602670673
-90.62857816341571,47.66436844361446
-90.62877250868932,47.66431068525716
-90.62914131025828,47.6641659353685
-90.62942808335208,47.664064313066696
-90.62951920284173,47.664027041172616
-90.62960304053733,47.66398447086752
-90.6296765795794,47.66393432262843
-90.62973989939589,47.66387631964158
-90.62990703941448,47.66368566207642
-90.62996829846372,47.6636270564066
-90.63003890645463,47.66357617233559
-90.630123481957,47.66353683283275
-90.63022171872107,47.663508951190074
-90.63043491163367,47.66346743928379
-90.6305376029136,47.66344363043058
-90.630629514114,47.663411000619845
-90.6307059466328,47.66336543793016
-90.63076947042013,47.66330887447286
-90.63082428477942,47.6632453551997
-90.6309702925338,47.66304781149483
-90.63104494576436,47.66290824260148
-90.63109216016059,47.6628448390297
-90.63115786437784,47.66279239839574
-90.631238183693,47.66274867511919
-90.63132735176595,47.662710317346196
-90.63171166955146,47.662574333887406
-90.63217019290772,47.66239008440387
-90.63235809515048,47.66232302732079
-90.63245481565075,47.66229372329571
-90.6325548633266,47.662269505469034
-90.6328610563037,47.66220557150538
-90.63326479291423,47.66210590465913
-90.63336260029376,47.66207729454333
-90.63345611421865,47.66204454951901
-90.63354374208942,47.66200613680635
-90.63362450704871,47.661960303493736
-90.63369952116952,47.66190861997155
-90.6339031681111,47.66173929201554
-90.63396152977231,47.6616780073324
-90.63412379446386,47.66148703025876
-90.6341873650668,47.66143081300777
-90.63426246281819,47.66138315836046
-90.63434666019022,47.661342284703906
-90.63443629109095,47.66130552223494
-90.63462723163565,47.66124090013241
-90.63502347465526,47.661123252373244
-90.63540669987958,47.66099721355863
-90.63569681362857,47.660906790873234
-90.63629281626766,47.660747050453665
-90.6364801167299,47.660681357314935
-90.6365684384164,47.66064105484462
-90.63665252855945,47.66059564329371
-90.63673184798859,47.660546231179026
-90.6368058575445,47.660493927018486
-90.63687371806887,47.66043935257562
-90.63693386791041,47.660380456228786
-90.6370388072618,47.66025410677399
-90.63713568014289,47.660124891614615
-90.63725502456505,47.65991773996749
-90.63729911113064,47.659851721017986
-90.63735145619691,47.65979087536811
-90.63741572317909,47.65973739741722
-90.63749196008038,47.659691304855684
-90.63757658385195,47.659650428590815
-90.637763386633,47.65957969724516
-90.63805895872105,47.659483799429104
-90.63852619793225,47.65930917260294
-90.638716117885,47.659244295583406
-90.63901026249371,47.65916017808378
-90.63921072381684,47.659110570018804
-90.63941297876384,47.6590654251244
-90.6395163903362,47.65904871449839
-90.63962465347053,47.659043400710665
-90.6397277110772,47.65902858771889
-90.6399154749006,47.658963250358354
-90.64046514959576,47.658740452294424
-90.64065528539562,47.65867588189268
-90.64104445359624,47.65855841223874
-90.641515951818,47.65839086478147
-90.64171030217494,47.658332629455366
-90.64201139838298,47.65825980380591
-90.642208367292,47.6582051646473
-90.64337065704181,47.65784550464669
-90.64357070955558,47.657796522079046
-90.64377383628116,47.65775194896358
-90.64408271060177,47.65769592048217
-90.64418658954737,47.657681138930236
-90.64429223880704,47.65767186355469
-90.6446141776824,47.657660404062234
-90.64471957420916,47.657652266611386
-90.64482222777771,47.657637093727175
-90.6449225589335,47.65761508109845
-90.64502138674587,47.657588433357645
-90.64511868489376,47.65755806853191
-90.64530858694961,47.65748985973444
-90.64549192825973,47.65741666525199
-90.64566824335581,47.65733580804959
-90.64600583672761,47.65715962067682
-90.64616496356055,47.65706381723268
-90.64631736593212,47.65696311992525
-90.64660121625185,47.656747025707354
-90.64667493324895,47.6566954016129
-90.64675321380642,47.65664747087151
-90.64684107699684,47.65660675101911
-90.6471274855888,47.65650335794554
-90.64720841712335,47.65645974951902
-90.64727221171877,47.65640515292737
-90.64732224134714,47.65634209637779
-90.64740940391862,47.656207179757814
-90.64746070900296,47.65614357943309
-90.6475768072427,47.65602177705993
-90.64763947086406,47.65596305101788
-90.64770715855185,47.655907718143375
-90.64778118032731,47.65585685482193
-90.64794494906977,47.65576145407443
-90.64803325119358,47.65571927366075
-90.64812507405053,47.65568310360923
-90.6482203526998,47.65565534885293
-90.64832356251969,47.655642703510374
-90.64854092811807,47.65563520581623
-90.64864532838894,47.65562163943302
-90.6487451427895,47.65559823003049
-90.64894075153568,47.65554152551369
-90.64932708753986,47.65541730926464
-90.64962628493615,47.655333152724424
-90.64981929535254,47.65527130069809
-90.64991000992411,47.65523557174171
-90.64999506191008,47.65519520189319
-90.65006904348296,47.6551458866878
-90.65013301288242,47.65508841566214
-90.6502513471793,47.654964980736615
-90.65031592808123,47.654907004101716
-90.6503897814445,47.65485576660672
-90.65055499534199,47.65476447276544
-90.65073184059473,47.65468328422526
-90.6508227990472,47.654646238089576
-90.65101188871847,47.65457961679632
-90.65130032166437,47.65448639552521
-90.65168819920892,47.65436732985256
-90.65216296139292,47.65420430852628
-90.65226178706224,47.65417760591511
-90.65256697909768,47.65411090618176
-90.65275866391717,47.654046474056976
-90.65295145511422,47.65397227527709
-90.65304037819267,47.65393044492999
-90.65311906127269,47.65388423955474
-90.65318319598451,47.65383256824241
-90.65321312792008,47.65376650301316
-90.65322003027364,47.65361116926208
-90.65324645290842,47.653543326227116
-90.65330844137479,47.65349057771428
-90.6533832249458,47.65344266127073
-90.65346682791497,47.65339825115962
-90.65355678930302,47.653356716977704
-90.65393286421327,47.653207734684564
-90.65402904988473,47.65317656805907
-90.65432693604195,47.65309365740242
-90.65442396739195,47.65306391630377
-90.65451717982567,47.65303030613526
-90.65460475214434,47.65299079922178
-90.65468469630528,47.652942468126795
-90.65490405423924,47.65277602927653
-90.65498021484154,47.65272599183459
-90.65506282918743,47.6526849708096
-90.65515478366568,47.652656977298676
-90.65525622354355,47.65264344190876
-90.6553641121066,47.6526396836573
-90.6555864358139,47.652640851400356
-90.65569447111558,47.652635453838556
-90.65579615554311,47.65261918641512
-90.65589360609769,47.65259243429595
-90.65598985085201,47.652559441052865
-90.65608320618963,47.652520967236676
-90.65617198850573,47.65247777340365
-90.65625451420834,47.65243062011515
-90.656329099719,47.65238026793669
-90.65639141356341,47.65232104688564
-90.65644057139063,47.652248674770796
-90.65652335276755,47.65209568761498
-90.65656900962638,47.652030810755214
-90.6566255328034,47.6519841704794
-90.65669843151053,47.6519647793959
-90.65678676422145,47.65197900300682
-90.6570982467298,47.65209995489919
-90.657202285897,47.652121396809065
-90.65730630099922,47.65212190105723
-90.6574151084996,47.652111574312435
-90.65752319022819,47.652091499703054
-90.65762497727063,47.652062701235565
-90.65771490073654,47.6520262029358
-90.65779668164376,47.65198213229273
-90.65787599641017,47.65193093717676
-90.65794986271975,47.65187416061158
-90.65801529790498,47.65181334567005
-90.65806931932374,47.65175003543083
-90.65810894435829,47.651685772975846
-90.6581239066633,47.65161779987542
-90.65811263931,47.65154358264249
-90.65806654054148,47.651390914916334
-90.65805932846325,47.65131974096032
-90.65808103610352,47.65125681482276
-90.65813654008353,47.65120163377537
-90.65821675829957,47.65115254515059
-90.65831214729192,47.651109553962485
-90.65841316364401,47.651072665248414
-90.65851098843966,47.65104219021316
-90.65862484436315,47.65102843727961
-90.65886523705692,47.6510226534573
-90.6589462750403,47.65100326437695
-90.65896888313175,47.65095715553502
-90.65893608426656,47.650889459901215
-90.65888412435893,47.65081134474095
-90.65885007861802,47.65073395813613
-90.65885367917303,47.65066178641056
-90.65886674231892,47.65058478984673
-90.65888853508994,47.65050740638644
-90.65892061554285,47.65043506174631
-90.65896454174415,47.65037318163902
-90.65902392309566,47.65032860999941
-90.65911895462487,47.65031665414779
-90.65935535834505,47.65032810140581
-90.65967147560481,47.65029252623948
-90.65987819966237,47.65025783977886
-90.66008589072119,47.650215819535305
-90.66018817162488,47.6501905828047
-90.66028289250538,47.650158590039496
-90.66036517305356,47.650116870553035
-90.66043425996364,47.65006468380128
-90.66049469445879,47.65000531975398
-90.66060872389886,47.64987990791417
-90.66067187768226,47.64982128416733
-90.66074422390257,47.64976900173324
-90.66098574470244,47.64962694623087
-90.66106209344242,47.64957668695833
-90.66135704055914,47.64936767519359
-90.66143664927526,47.64932070510846
-90.66152278614044,47.649279562423494
-90.66161610493465,47.64924492033166
-90.66180919619414,47.64918129828412
-90.66190124387722,47.64914522913941
-90.66198574611138,47.64910184215144
-90.66221475789602,47.64894622542551
-90.6622935424307,47.64889819384502
-90.66237884870473,47.64885828089885
-90.66247334156782,47.648830084694275
-90.66257556643878,47.6488121805104
-90.66289558895494,47.64877391770838
-90.66309919332075,47.64873157918668
-90.66339887097577,47.6486564687851
-90.66369466455345,47.64857118747001
-90.66378937239725,47.648538156676736
-90.66387894008635,47.64850041616593
-90.66396113363352,47.64845599956917
-90.66425731625385,47.6482471487299
-90.6644267265987,47.64815719002008
-90.66451734171972,47.64811545138651
-90.66461169898898,47.648080725437595
-90.66470981842586,47.648057060196315
-90.66481173734381,47.64804633568317
-90.6649168996327,47.64804458701976
-90.66524125078003,47.64806126321075
-90.66534877930015,47.648063588970444
-90.6654542418453,47.64805902807148
-90.6655570063938,47.64804452358714
-90.66565770002461,47.64802144951569
-90.66595522928053,47.64793707230125
-90.66625158217578,47.647836696865994
-90.66634974507343,47.6478136633524
-90.66644755463298,47.64780633960398
-90.6665438473841,47.64782748213108
-90.66673574992654,47.64790786837575
-90.66683486723589,47.64792996898368
-90.66694850872197,47.647933766133
-90.66706752863308,47.647925471082026
-90.66716847265582,47.64790245833382
-90.6672264543441,47.64786038757206
-90.66722962051324,47.647790667820864
-90.66721567217846,47.647708979867396
-90.667228373505,47.647635153323115
-90.66727564030121,47.64757271044911
-90.66733363442879,47.64751196388984
-90.66739989083626,47.64745358180512
-90.66754733809816,47.64734658731956
-90.66762776565716,47.64730107767648
-90.66790788967776,47.64719374728375
-90.66799271465436,47.64715066553811
-90.66806823820178,47.64709425103552
-90.66820809433601,47.64696777440784
-90.66828002890661,47.64691629101575
-90.668358369198,47.64688503004574
-90.66844615980997,47.64688370365765
-90.668541684562,47.64690981715349
-90.66874168361466,47.64699522493479
-90.66912483205967,47.647127742212916
-90.66952342900628,47.64724448195416
-90.66962569516667,47.647267572513385
-90.66972744559948,47.64728014288105
-90.66982802557727,47.647277847646905
-90.66992794567649,47.64726119330918
-90.67002749828207,47.64723464268417
-90.67032564430413,47.64714122393471
-90.6704471048479,47.64697644931829
-90.67049882934359,47.64691361875799
-90.67055902796392,47.64685551820949
-90.67063198023983,47.64680448182011
-90.67088715446151,47.64667187805379
-90.67116391425598,47.64654701752051
-90.67124796502094,47.64650271920649
-90.67131623629889,47.646452916672665
-90.6713554650164,47.64639208095144
-90.67135226482074,47.646313970711525
-90.67133466858657,47.6462316145038
-90.67133376784389,47.64615948835556
-90.67137880073935,47.64611118615612
-90.67146501703583,47.646084291920744
-90.6715749468665,47.64607068274787
-90.67191490176668,47.64605042102279
-90.67223519803063,47.646044649177014
-90.67234027622422,47.646035198510255
-90.67254868013289,47.646006766288174
-90.67285935873709,47.64595485745673
-90.67306459556316,47.64591551436493
-90.67337048365867,47.645850989204554
-90.67357042033449,47.64579921622254
-90.67366608607212,47.64576824722759
-90.67375720214437,47.645732479332274
-90.67384221608542,47.645689815905556
-90.67408355446881,47.64554573820645
-90.67416828273777,47.645502392578884
-90.67435169724732,47.64542927037261
-90.67454412296449,47.6453640853069
-90.67464279071204,47.64533577282145
-90.67484347844932,47.64529079384642
-90.67494679314547,47.64527866284769
-90.67505289093222,47.645274302191524
-90.67526843809844,47.64527368072976
-90.67537538856172,47.64526981434586
-90.67548099491334,47.64526111502431
-90.67611150789013,47.645190649898666
-90.67653646738326,47.645149010422195
-90.67663980931212,47.645133010485644
-90.67674018174534,47.64511155072847
-90.67683738184974,47.64508430423775
-90.67702664036624,47.6450204605861
-90.6776721256182,47.644764254390346
-90.67786219404766,47.64469933085091
-90.67815346210234,47.64461059037377
-90.67924672871919,47.64432663643968
-90.67954812775609,47.644255039541
-90.68015747760188,47.644122025320655
-90.68036414201967,47.644090811152104
-90.68046951079306,47.644084238986196
-90.68079052610777,47.644084704900784
-90.68089657489743,47.64407963202467
-90.68110875304518,47.64405986691551
-90.68131916177902,47.64403165257107
-90.6814212241069,47.64401211610155
-90.6815196815269,47.64398736379209
-90.68161126364305,47.64395111881256
-90.68178486277942,47.64386265738457
-90.68187521994605,47.64382519446016
-90.68197285452858,47.6438009266561
-90.6820753247055,47.64378554256586
-90.68218075981213,47.64377565896013
-90.68250282987641,47.643756880422636
-90.68303144513095,47.643712696088535
-90.6832407237087,47.643686702590806
-90.6835514303746,47.643634790125326
-90.68375998624796,47.643607053100254
-90.6839716434282,47.643593645349014
-90.68429156185634,47.6435849899602
-90.68450371796068,47.64357376807393
-90.68460890290045,47.6435636111819
-90.68481800241304,47.64353609556274
-90.68523131860398,47.64346562601304
-90.68563956996046,47.64338321507177
-90.6858414991029,47.64333760410941
-90.68623792976588,47.64323140958433
-90.6864384316573,47.64318363889444
-90.68654132494801,47.64316523431698
-90.68696259206865,47.64311217464706
-90.68706434160542,47.64309332414903
-90.68716184251778,47.64306737538411
-90.68725272675984,47.64303099710535
-90.68742641408619,47.64294487433392
-90.687516238759,47.64290569948935
-90.68770937370748,47.64284631098107
-90.68800929798472,47.6427706174045
-90.68840305656778,47.6426593961461
-90.68859308832845,47.64259525597219
-90.6886830105688,47.64255732487035
-90.68902716040304,47.64238702341626
-90.6892079776343,47.64231106031737
-90.68975830249234,47.64209164536669
-90.69011389055214,47.641933171061666
-90.69028487629895,47.641847531843766
-90.69045070256078,47.64175723896376
-90.69069588570738,47.64161863235568
-90.69093511831345,47.641474322881486
-90.69101833548152,47.6414298120207
-90.69110577467356,47.64138958782195
-90.6912898316276,47.64131734069207
-90.69157928861756,47.64122396079711
-90.69177728126292,47.64117227711639
-90.6929157866404,47.64097520722997
-90.69301793180055,47.64095459390901
-90.69311592894485,47.64092885451309
-90.69320753544822,47.64089525921501
-90.69329122918944,47.64085183069159
-90.69352724016385,47.64070280117846
-90.69376924010783,47.64056181564554
-90.6940188653549,47.64042687434316
-90.69419256210358,47.64034358483405
-90.69428392169208,47.64030706764489
-90.69466638335557,47.640179851505046
-90.6947578287636,47.64014324273899
-90.69511007933049,47.63998117837032
-90.69520233763825,47.639945492442415
-90.69548848670381,47.63984923951583
-90.6956753524456,47.63978042409858
-90.6964879715294,47.63943514220309
-90.69658144468961,47.63940152455902
-90.69667804367614,47.639373013287745
-90.69678095036251,47.6393547548906
-90.6969913100086,47.6393254505628
-90.69709022593696,47.63930045548808
-90.69718419085879,47.639267383861004
-90.69745886309029,47.639155613524395
-90.69812859148398,47.63893259915541
-90.69822762657407,47.638907501887125
-90.69833066159892,47.63889084753881
-90.698651172515,47.63886501210992
-90.69875380433656,47.638849205187604
-90.69885080337154,47.63882298061848
-90.69894308292253,47.6387879386052
-90.69929214950741,47.63861923594553
-90.69954210938457,47.63848466892544
-90.6998584281831,47.6382919954243
-90.7001627589387,47.6380887547202
-90.7002448666129,47.63804408978845
-90.70033403117712,47.63800630981227
-90.7004294529385,47.6379745137946
-90.70062925236971,47.637921107630525
-90.70072940927042,47.63789632734926
-90.70104058221325,47.63783866395083
-90.70114150394132,47.63781634882333
-90.70123725951117,47.637787543146906
-90.70132712909341,47.63775094959322
-90.70141297084652,47.63770878724752
-90.70157524397854,47.63761347174651
-90.70172919484291,47.637512810928826
-90.70180048303449,47.63745969569468
-90.70200023951784,47.63729065451063
-90.70235913992211,47.63702417196529
-90.70249204606009,47.636902972384206
-90.70256403570392,47.63685078737557
-90.7026470788105,47.63681499746419
-90.70275187217058,47.63680826571617
-90.7029825644493,47.63682827505287
-90.70307232060314,47.636812415172734
-90.70312051198131,47.63675349222699
-90.70314539093954,47.6366713697148
-90.70318008634574,47.63659962654333
-90.70325341590059,47.63656655985859
-90.70335712923863,47.63656164341956
-90.70347336207331,47.63657193670799
-90.70358550279335,47.63658659860457
-90.70368793503917,47.63660455220709
-90.70388893068936,47.63665562189689
-90.70399055812574,47.63667680904377
-90.7042022862269,47.636700007089146
-90.70431078418528,47.636707548059256
-90.7044186226016,47.63670989567619
-90.70452396394795,47.63670486790459
-90.70462511580577,47.6366902940113
-90.70472267212817,47.63666571942958
-90.70481784068802,47.63663378915904
-90.70509876085121,47.636523379742144
-90.70548091138753,47.63639606269046
-90.70566851625615,47.63632801022446
-90.70594601508343,47.63622113579281
-90.70667807941123,47.635924303982186
-90.70677242667836,47.63589163805645
-90.70686931272267,47.63586365096083
-90.70697070020346,47.63584167770279
-90.70707573024427,47.63582568379203
-90.70718223829294,47.63581526661647
-90.70728806572569,47.63581004428029
-90.70739403033078,47.6358174173494
-90.70750057862486,47.63583395929058
-90.70760572289102,47.63584557434319
-90.70770822952248,47.635838639759946
-90.70780839584083,47.63581068551389
-90.70789948585838,47.635770540645815
-90.70798040361964,47.6357247891323
-90.70820726143589,47.63557176892567
-90.70828508599212,47.635522432300796
-90.70836725845722,47.63547690915808
-90.70888885564105,47.635226724579454
-90.70907214669165,47.635145593651465
-90.70915885975397,47.635102435070316
-90.70923520874472,47.635054344503594
-90.70929544138811,47.634998542182466
-90.70933330502497,47.63493046454554
-90.70937620798928,47.63477760564502
-90.7094027864409,47.63470610578932
-90.7094471422164,47.63464674658389
-90.70951807766914,47.634605476514544
-90.70961102221844,47.63458069074649
-90.70971813355311,47.63456622326267
-90.70994447145084,47.63454335342298
-90.71004850534125,47.634522506273825
-90.71014911249847,47.6344926730796
-90.71024715370667,47.63445583461065
-90.71032849789681,47.63440968370829
-90.7103802827522,47.634351767627535
-90.71040631407215,47.63428196391545
-90.71043179341218,47.6341300169798
-90.71045615727482,47.63406036470262
-90.71050505910571,47.63400297282434
-90.71058595359543,47.63395804094683
-90.71068754719103,47.63392441228411
-90.71079553812847,47.63390180675202
-90.71089869072945,47.63389125428473
-90.71100441218219,47.633896290558226
-90.71122018544514,47.63391975013059
-90.7113252307694,47.63391923720478
-90.71142791757526,47.63390404204583
-90.71152911601911,47.63387911221128
-90.7116271135664,47.63384750706224
-90.71172019113635,47.63381222141087
-90.71180709172198,47.633771631122904
-90.7120524169534,47.63363188064495
-90.71227062277963,47.633454390141395
-90.71234475826127,47.633403455440764
-90.71242697076889,47.63336001067466
-90.71251842307576,47.63332530473871
-90.71281718120888,47.63324358177671
-90.71291357696943,47.63321266719332
-90.71300347634322,47.63317454321283
-90.71317685870739,47.63309045896222
-90.7136301079514,47.632901699002765
-90.71389534863863,47.632781677588035
-90.71415059363373,47.63265180306094
-90.71447899979304,47.63246814973132
-90.71464801872469,47.63238098816685
-90.71473855739727,47.63234217539434
-90.71512018803656,47.6322024615269
-90.71520616611787,47.63216243790989
-90.71528265292672,47.63211678448106
-90.71533761274232,47.632058770767465
-90.7153704323847,47.63198821687174
-90.71539696741307,47.63191401632762
-90.71543307898972,47.63184506573897
-90.71549323228582,47.63178945692671
-90.71557235150523,47.63174418914371
-90.7156625210167,47.63170496020925
-90.71585351973992,47.63163283593521
-90.716219011565,47.63148439987137
-90.71639519411762,47.63140374303031
-90.71664943630174,47.63127248405839
-90.71673871011835,47.63123385880711
-90.7168317836449,47.63119932928478
-90.71702487871787,47.63113807659695
-90.71722153323418,47.6310824093273
-90.71762301067258,47.63098613137578
-90.71781732226923,47.630927583370095
-90.71810196550534,47.63082929640887
-90.71847362093537,47.63068672586072
-90.71856163335465,47.63064648937635
-90.71864468741155,47.63060233620561
-90.71872194327631,47.63055355017638
-90.71908232239126,47.63028685875049
-90.71923129449833,47.63017166776356
-90.7193081695556,47.63011803536979
-90.71938900696624,47.63007472104391
-90.71947562006255,47.6300476043226
-90.71957212960795,47.63005026824436
-90.7197846071504,47.63010643948592
-90.71989030980724,47.630123041504426
-90.71999164977174,47.630113274893056
-90.72019143455823,47.63005513844006
-90.72059338417779,47.62995900057208
-90.72098981878622,47.62985390418973
-90.7211846843115,47.62979596217367
-90.72147036524267,47.62969822052373
-90.72156705405901,47.62966845874518
-90.72166623657975,47.62964312614696
-90.72177094949718,47.629625372911555
-90.72209317595092,47.629586216561236
-90.7221913448997,47.629563811365394
-90.72227868921046,47.62952952502154
-90.72235114222367,47.62947970664185
-90.7225329996191,47.6292928424446
-90.72260353547985,47.62924003295225
-90.72268820114257,47.62920022523915
-90.7227833470889,47.629167778396194
-90.72288544555063,47.629141757772715
-90.72299123503939,47.629121819959465
-90.72309745407192,47.629107621558546
-90.72320151640163,47.6291000260953
-90.72330716186161,47.62910734370448
-90.72352110798332,47.62913931661894
-90.72362607362983,47.62914507772505
-90.72372798773192,47.62913417402966
-90.72382802729969,47.629112894620114
-90.7239268042781,47.62908498478234
-90.72431729421831,47.62896137343306
-90.72450941207282,47.628896249468404
-90.72460641408475,47.628866614871846
-90.72470526197289,47.6288421395427
-90.72480744265923,47.62882708120971
-90.72512956066043,47.62882623424123
-90.725232639038,47.62881203039959
-90.72533281984806,47.62878882795906
-90.72563039652621,47.62870739204779
-90.72573240845288,47.62868721336992
-90.72625055108493,47.62860348382117
-90.72656987090448,47.6285589973781
-90.72667055127502,47.62853743984804
-90.72676365621477,47.62850737367549
-90.72684570606776,47.628464341810144
-90.7269178616875,47.62840933692495
-90.72705230122286,47.628288686912725
-90.72712450500526,47.62823570307386
-90.72720664473567,47.628196054185196
-90.72730141023513,47.62817408025518
-90.7274054545148,47.628165909635534
-90.72773661337249,47.628165021850435
-90.72784113774406,47.62815287216821
-90.72794023669773,47.62812943806442
-90.72803646195878,47.62809867630628
-90.72813038275228,47.62806306435965
-90.72840199748032,47.627947363424006
-90.72865502322786,47.62781515314078
-90.72889668261318,47.62767299738579
-90.72898203540224,47.627630659094585
-90.72907250816313,47.62759335662103
-90.7292615361982,47.62752653521695
-90.72945665234336,47.627467856379944
-90.72955555333239,47.62744174452236
-90.72996256213851,47.62735653983313
-90.73015906085097,47.62730094492678
-90.73035023763968,47.627237339266465
-90.73063029671516,47.62713128399832
-90.73071929410602,47.627091623334024
-90.73080278915239,47.627047783910065
-90.73087806338782,47.626997114971026
-90.73107512114622,47.62682010463761
-90.7311454973455,47.62676717669767
-90.73122537400509,47.62672451453819
-90.73131920956115,47.626697849352844
-90.73142427830223,47.62668446165497
-90.73164330846409,47.62666615118829
-90.73174486636869,47.626645544782114
-90.73183755362554,47.62661251635274
-90.73218485688241,47.62644309756425
-90.73227654388245,47.626406587555536
-90.73255890721916,47.62630493487941
-90.73273968706266,47.62622966495886
-90.73282470231602,47.62618660585644
-90.73315549608037,47.62600484669309
-90.73324307736321,47.62596412134506
-90.73378578261163,47.62573356103497
-90.73396028795663,47.625650856175376
-90.73403941458496,47.6256041718191
-90.73410995478157,47.62555141498705
-90.73417218825124,47.62549274411353
-90.73422829169597,47.6254304618993
-90.73428044333706,47.62536687305574
-90.73432653613344,47.625300963994704
-90.73439109117687,47.62515381392281
-90.7344343071729,47.6250900197804
-90.73450177208859,47.62504482837705
-90.73459278140768,47.625018924144044
-90.73469834445487,47.62500502638119
-90.73492205184199,47.624984531262925
-90.73502517631225,47.62496395318074
-90.73522502124617,47.624907542801175
-90.73531834885243,47.62487187316842
-90.73540161959491,47.624829055157775
-90.7354722178158,47.62477747597819
-90.73553360948851,47.62471893015326
-90.73564827446461,47.624594921525734
-90.73571129839313,47.62453645018606
-90.73578152827416,47.62448259183012
-90.73607967873927,47.62427676348684
-90.73621484309157,47.624165561503446
-90.73647401069272,47.62393648735495
-90.73661219052839,47.623827647825266
-90.73668738701537,47.623776958197034
-90.73685090955894,47.62368404886795
-90.73702378280994,47.62359992410151
-90.73739352887716,47.62345687215645
-90.73757393090865,47.62338046733817
-90.73784191768763,47.62326302574936
-90.73819353325962,47.62310053601393
-90.73836633109774,47.62301635804988
-90.73853470102112,47.622928464500106
-90.73870043459394,47.6228363053849
-90.73877822196062,47.622786897754274
-90.73884910568007,47.62273393522363
-90.73890914229992,47.622675516684104
-90.73905419376035,47.62248154103289
-90.73911348195035,47.62242228467904
-90.73924863609574,47.622310183368086
-90.73932140999189,47.62225676478632
-90.73947734162044,47.62215887615594
-90.73956637107015,47.62211825451469
-90.73978104568545,47.622060033027
-90.7398738488924,47.62202806617817
-90.73993256587768,47.621983500861965
-90.73990970869401,47.62190551438207
-90.73985905825666,47.62182144054442
-90.7398726904355,47.621776491594176
-90.73995325794411,47.62177370527579
-90.7401820267912,47.621811864238495
-90.74030033433131,47.621825690414404
-90.74040607719101,47.62182156692152
-90.7405095893502,47.6218075706007
-90.7408189925004,47.62174677769056
-90.74092471374125,47.62173261562943
-90.7411438840743,47.621714623074745
-90.7412403351794,47.62169168212814
-90.74131893820231,47.621649708634834
-90.74138516564197,47.62159513160413
-90.74150388365308,47.62147038541364
-90.74156779722712,47.62141094401142
-90.74171500983567,47.62130581118048
-90.74187522037522,47.62120928431382
-90.74196133116659,47.621168074787434
-90.74205550223421,47.621136479715574
-90.74226957095568,47.62110131458801
-90.7423698579525,47.62107858273118
-90.7424524278634,47.62103970432173
-90.74251567388704,47.62098437786261
-90.74262041524648,47.62085409428224
-90.74268101850356,47.62079401268029
-90.742753570218,47.620741944271586
-90.74283171858423,47.62069286130854
-90.7429140090437,47.620646458487045
-90.7430856917418,47.620560877854274
-90.74317727274118,47.62052448520152
-90.74336754562857,47.62045857440621
-90.74364172818677,47.6203391761069
-90.74372916805319,47.62029438142011
-90.74380314832223,47.62024438911556
-90.74385499545141,47.62018659693204
-90.74387495773975,47.62011499324145
-90.7438770074513,47.61995816314984
-90.74389566753243,47.61989176174649
-90.74395525329255,47.61985063694857
-90.74418529006134,47.61983914481245
-90.74428525778909,47.61981476100995
-90.74447612489993,47.61975052649045
-90.74503937721077,47.619546390482384
-90.7458171554895,47.619308738176045
-90.74591158698134,47.61927588047031
-90.74600099604648,47.61923822133738
-90.74608139732348,47.61919139544093
-90.74622522960281,47.61908067741305
-90.74630043899826,47.61902970740044
-90.74638566508527,47.61899024652455
-90.74648096295306,47.61896262198161
-90.74658222930242,47.6189422413463
-90.7468993112469,47.6188959928629
-90.74710273639201,47.61885294406484
-90.74759908259722,47.61872162744214
-90.74769607879007,47.61869199933593
-90.74778920021855,47.618657825955744
-90.7479661093102,47.61857826369388
-90.74822319610722,47.61844931335541
-90.74849820023829,47.61832733055075
-90.74857867948398,47.61828183237521
-90.74864315379293,47.61822980850542
-90.74866678597269,47.61815735277135
-90.74866396832141,47.61807296841065
-90.748674977368,47.618000426544945
-90.74873581989614,47.6179611107167
-90.74882772828778,47.617944621453525
-90.74893507474556,47.61794005705858
-90.74916783891442,47.617941316592095
-90.74927913502626,47.61793444744393
-90.7493776059907,47.61791393437679
-90.74945948245174,47.617872651887524
-90.74960167051925,47.617758977995386
-90.74967851403595,47.61770782495732
-90.75017696108887,47.6174379274658
-90.75034398806484,47.61741866716372
-90.75067074718714,47.617388915633676
-90.75077622463196,47.61737541049229
-90.75092617245083,47.61734653471528
-90.75101848670818,47.61731930971444
-90.75106054385397,47.61730146968789
-90.75109711124571,47.61727803170028
-90.75112924388695,47.61725005328331
-90.75126435528058,47.617083136708004
-90.75132832603698,47.61702566897183
-90.75136710652056,47.61700361030663
-90.75141069969318,47.616986376702386
-90.75150837879579,47.61696241103711
-90.75177669757792,47.61692401822702
-90.7518770484613,47.61689944730886
-90.75201953053619,47.616850553597
-90.75215735775058,47.61679431288405
-90.75228739406666,47.61673109104232
-90.75236815733608,47.61668506716723
-90.75247960312254,47.61660854179641
-90.75272209146023,47.6164157934527
-90.75297606328222,47.61623129748233
-90.75308082214265,47.6161499779736
-90.7531780830694,47.616064375543
-90.75342237461159,47.61582742292185
-90.75355398425141,47.61571515190807
-90.75362817369287,47.615664407976716
-90.75371139066398,47.615619575600874
-90.75388526889385,47.615534604515744
-90.75400272353707,47.61546205169438
-90.75410826059844,47.615381459950974
-90.75441052892124,47.61512956103324
-90.75469315260828,47.614912005922584
-90.75480343520155,47.61483356083183
-90.7549202232773,47.61476104536962
-90.75504750622652,47.614698341286136
-90.75514029081839,47.61466387554344
-90.75543271626032,47.61457276726228
-90.75552684962035,47.614538845340384
-90.75566049930922,47.61448023170754
-90.75604911190644,47.61429054079539
-90.75633651127457,47.61418670682726
-90.7564229345828,47.614146338231826
-90.75646081787906,47.614122685331544
-90.75652556551168,47.61406826995529
-90.75660840822864,47.61397781496686
-90.75679835083227,47.613716083848416
-90.75687815979472,47.613622090495326
-90.7569717459912,47.61353508427045
-90.75717846237042,47.61336993626361
-90.75727575900707,47.613283997933046
-90.75743790756584,47.613084012046556
-90.75750004647688,47.6130281120302
-90.75753589143955,47.61300584792509
-90.75757589149,47.61298847315107
-90.75762083950588,47.612977227228626
-90.75767026071063,47.61297165733777
-90.7577232074781,47.61297051826746
-90.7579512975252,47.612985366020204
-90.75806185733414,47.61298699944462
-90.75811294914658,47.61298201033804
-90.75816004117449,47.612971489699824
-90.75820353801355,47.61295482747645
-90.75824403928135,47.612932942461725
-90.75831741992565,47.61287801921934
-90.75844297205974,47.6127546740904
-90.75849467814248,47.61269122291534
-90.75862979208907,47.612490648627876
-90.75868361876773,47.61242957644976
-90.75871478831381,47.61240167650535
-90.75878775135168,47.6123524269269
-90.75887183299716,47.61231016685107
-90.75896363039274,47.612272785945294
-90.75930124028375,47.61215239237051
-90.75938966492336,47.612112981622744
-90.75946887477878,47.61206778961076
-90.75950241452512,47.61204083706445
-90.7595534778297,47.611974439423584
-90.75965015601102,47.611790715352356
-90.75967488814604,47.611760386173096
-90.75970454209074,47.61173495325862
-90.75974045626604,47.61171559848568
-90.75978240677694,47.61170238264536
-90.75982796505113,47.611693495285664
-90.75992791301059,47.611686133874755
-90.76003653585744,47.61168851757288
-90.76032163025229,47.6117045147617
-90.76043131662522,47.61170189009983
-90.76053355494652,47.611687141685145
-90.76067993041454,47.61164689815606
-90.76082062823787,47.611592682769874
-90.76104377004877,47.611490732943345
-90.76112669175733,47.61144556965397
-90.76136309006795,47.61129766879755
-90.76148894638936,47.611232786122414
-90.76153404742062,47.61121473310516
-90.76163040328278,47.61118591990057
-90.76193903173696,47.611122235065096
-90.76203684167832,47.61109458450126
-90.76208301556335,47.61107740345389
-90.76225923488406,47.61099819577147
-90.76259690110814,47.6108208629992
-90.76294434725898,47.610653698789406
-90.76316608971803,47.61055420273203
-90.763350366204,47.61048311075626
-90.76359086820905,47.61040637721758
-90.76393562702062,47.610309834762624
-90.76443566310682,47.61018686839875
-90.764683874528,47.61012078898462
-90.76483038709712,47.61007759776429
-90.76492474720887,47.61004485657134
-90.76501558872906,47.610008025594134
-90.76514725183465,47.609947336949034
-90.76549229153251,47.609777767069744
-90.76580406583187,47.60963861116296
-90.76598789062886,47.60956638119688
-90.76608308678391,47.6095351370661
-90.76618147207138,47.609508601945286
-90.76658794824387,47.60942073122493
-90.76678463904798,47.60936619542981
-90.76716901068748,47.6092422093591
-90.76770293586615,47.6090801369641
-90.76813613196639,47.608942091867505
-90.76832589814606,47.608876827556294
-90.76855507726081,47.6087815095137
-90.76869579986779,47.60873147997377
-90.7687944893103,47.60870798973561
-90.7688969649775,47.608692510242406
-90.76900194334246,47.608682419397745
-90.7693758473956,47.608658816442265
-90.76953297232437,47.60863968319569
-90.76979383964755,47.6086014268106
-90.76994877506549,47.60857432186038
-90.77010109839051,47.60854252503116
-90.77030055075109,47.608492239979725
-90.77049903316434,47.60843536569826
-90.77064279483831,47.608386436802206
-90.77073424504852,47.60834993679953
-90.77082096156678,47.60830977625066
-90.7709016705269,47.60826488809035
-90.77097636602433,47.60821471927766
-90.7710466438202,47.60816065942039
-90.7713159883794,47.60793405678351
-90.77151295533197,47.607942556282175
-90.77173922144136,47.60795853704091
-90.77184827418162,47.60796149132254
-90.77195117686442,47.60795685520034
-90.77204535707716,47.607941453930714
-90.77212703860694,47.60791092702175
-90.77219246341619,47.607861439861274
-90.77224674177738,47.60779853357696
-90.77234515782966,47.607657563358096
-90.77240094485639,47.60759204925704
-90.77266472248071,47.607351801506674
-90.77273581002615,47.607295876228505
-90.77281081275272,47.60724634317656
-90.77289069673488,47.60720561895956
-90.77297746215474,47.60717790533159
-90.77307665196285,47.60717272883932
-90.77340921870855,47.60721058566951
-90.77351622867556,47.60720960680328
-90.77362164566392,47.607201914023356
-90.77383188185983,47.60717783074741
-90.77435578195217,47.607103277519386
-90.77456391995071,47.60706888115425
-90.77466436277537,47.60704645120747
-90.77476101238223,47.60701885579285
-90.77485322792924,47.60698522917686
-90.77494176759902,47.606946479506654
-90.77536590001033,47.60672519256346
-90.77554306137424,47.60664544042954
-90.77581436268026,47.60653151137884
-90.77599800863034,47.60645882340102
-90.77618501231431,47.60639024465052
-90.77665781466344,47.606224177292674
-90.77694738103179,47.60612787172868
-90.77712923009327,47.60605460586684
-90.77721250267629,47.606011887182454
-90.7772875592827,47.60596266658125
-90.77735533943527,47.6059076696138
-90.77754280935837,47.60572967856833
-90.77760917736174,47.60567313888276
-90.77789004676146,47.60545659068478
-90.77795608417017,47.60540035883378
-90.77807622823683,47.605281760035076
-90.77841600910708,47.60491456879948
-90.77852194655846,47.60478983874351
-90.77856761849257,47.60472540240699
-90.77860451901911,47.6046582470488
-90.77863116322453,47.60458769010992
-90.77869648032954,47.604372403273494
-90.77872922911311,47.604305115596226
-90.77877527571142,47.60424269408434
-90.77883415760517,47.60418065688836
-90.77890296026555,47.60411926107403
-90.77897978734158,47.60406213543854
-90.77906274251515,47.60401290878278
-90.7791499295034,47.60397520991266
-90.7792399757047,47.60395319842979
-90.77933786944627,47.60395406452236
-90.77944281289011,47.603971712108496
-90.77966092556912,47.60401950120016
-90.77976763294609,47.60403071745158
-90.7798709065901,47.6040244342181
-90.77997414905036,47.60400628344362
-90.78007577951287,47.60397964232822
-90.78017396720215,47.60394763004196
-90.78026718544014,47.60391311613125
-90.78044580353294,47.603834846519014
-90.78061496017912,47.60374590585959
-90.7809454273427,47.60354807576028
-90.78102013936632,47.603493583132675
-90.78107824859144,47.60343619807515
-90.78111189683811,47.60337533860706
-90.78110311194723,47.60330615831365
-90.78106249376236,47.60323052138546
-90.78101354832728,47.60315407034663
-90.78097978153602,47.60308244774915
-90.78098469914576,47.603021296166204
-90.78103523157476,47.60297101376556
-90.78111258126641,47.60292634463688
-90.78120855606329,47.60288697285655
-90.78131507420747,47.60285262256501
-90.78152741362678,47.60279788314192
-90.78162970095545,47.60278543333413
-90.78184820307486,47.602791507798955
-90.78195431234684,47.60278710034312
-90.7820533851581,47.602766071247366
-90.78214944971428,47.60273653783193
-90.7823347889556,47.60266250410689
-90.78268475973866,47.60249646432566
-90.78285224170565,47.60240698306575
-90.78301258781327,47.60231235227555
-90.78308854363337,47.60226234981138
-90.78315867522925,47.60220821930726
-90.78336019927501,47.60203963815448
-90.78343408600942,47.60198833304616
-90.78351382251503,47.60194124995701
-90.78368208810335,47.60185342990009
-90.78403074642621,47.60168700511661
-90.78438601802749,47.601526937196745
-90.7844707730434,47.601483877847976
-90.78455070179916,47.60143710913372
-90.78469642425746,47.601332892191294
-90.78490299674287,47.601167229722535
-90.78497509180768,47.601114250983024
-90.78528186860838,47.60091384738586
-90.78535253684947,47.600860455968544
-90.78541731782411,47.60080379259284
-90.78553625544441,47.60068468891216
-90.78570624423233,47.60050127225326
-90.78582779822085,47.600383162690825
-90.78610131606581,47.600161673500104
-90.78623270191576,47.60004887160334
-90.78629046875685,47.59998905869533
-90.7863714097265,47.59985477969438
-90.7864168605914,47.59978984338053
-90.78647706400628,47.59973119068061
-90.78660805802437,47.5996179891592
-90.78674775047551,47.59950868858558
-90.78696690135205,47.59935131024719
-90.7873659403082,47.599112953570234
-90.78751451502423,47.59901032103665
-90.78785731868325,47.59873487060741
-90.7880743767178,47.59857373884895
-90.78814072275584,47.5985176899342
-90.78819828322861,47.598458332923336
-90.78824360644934,47.59839439616
-90.78827811873245,47.59832641466383
-90.78836596530536,47.59811637357043
-90.78840645987728,47.5980504034262
-90.78846259404756,47.59798992977338
-90.78860562797233,47.597879712945414
-90.78867217135135,47.59782324596831
-90.78872193912979,47.597761419475376
-90.78875854872415,47.59769478171961
-90.78878872336585,47.59762557382088
-90.78881308684785,47.597554601058064
-90.78884687550212,47.59741058204874
-90.78886500499868,47.59726573485323
-90.78886559139376,47.59718979105082
-90.788853085853,47.59711618823581
-90.78882126503609,47.59704980595126
-90.78875940618958,47.596993414471584
-90.78866338856216,47.596943031044674
-90.78845268303533,47.596852451021974
-90.78838133917056,47.596808649498044
-90.78836135988924,47.59676344438319
-90.7883951977722,47.59671616761446
-90.78846717853622,47.59666814102328
-90.78856409106938,47.59662084435236
-90.78887484504935,47.59649830587673
-90.78897120136806,47.596469266980066
-90.78927572189092,47.5964002194735
-90.78937499248907,47.596374014264875
-90.78976095373288,47.59625243813345
-90.78985955907744,47.59622576278709
-90.79006086265805,47.59617949355289
-90.79077550600849,47.596036565412795
-90.79119977825154,47.595944808167864
-90.79130955468442,47.59591950378256
-90.7914072205051,47.59589045995398
-90.791484317203,47.5958558431301
-90.79152387035337,47.59580598223981
-90.79149537451178,47.59572426143712
-90.79142515557255,47.595653834224535
-90.79133976593508,47.59563291477598
-90.79123716493955,47.59563908810509
-90.79100906454633,47.595675719765694
-90.79090102442889,47.59568280554804
-90.79080381602876,47.59566544688439
-90.79070075250293,47.59561393487332
-90.79062268010759,47.59554808838743
-90.79060946219374,47.59549165385172
-90.7906584032414,47.5954474828588
-90.79073792125202,47.59540515891876
-90.79083716290697,47.59536484835367
-90.79114779632457,47.59525819512472
-90.79124587084297,47.595230856430184
-90.79154721479739,47.59515777208593
-90.79164384975105,47.595127858913905
-90.79202054504889,47.594993342625514
-90.79211654677876,47.594962601209794
-90.79231537256358,47.59491160127657
-90.79262001366266,47.59484512596326
-90.79281618809945,47.594790843409854
-90.79300120497814,47.594720577385914
-90.79327163945852,47.59460474295018
-90.79336388325987,47.594568853384175
-90.79364485241082,47.594466046788014
-90.79383500039388,47.59440134864697
-90.79402932427168,47.59434314889825
-90.79433556456652,47.594277151360906
-90.79443488259452,47.594252063582886
-90.79452928368926,47.594220826389346
-90.79461717805432,47.59418171648917
-90.79494557315479,47.59399651741385
-90.79503406342265,47.59395679973547
-90.79531161044635,47.59384952853144
-90.79567156645413,47.59368595651905
-90.7957562119432,47.593640983060034
-90.79583148400178,47.59359205931717
-90.79589328437687,47.59353779314172
-90.79593257389378,47.59347444475465
-90.79595372890589,47.59340352955482
-90.79598426592747,47.593255577335135
-90.79601224334353,47.593185725913806
-90.79607174535371,47.59304542713157
-90.79610601472899,47.592976621293005
-90.79614702003492,47.5929105876967
-90.7961975722107,47.59284873967946
-90.79626267566009,47.59279301279627
-90.79633991728454,47.59274224686384
-90.79650318936588,47.59264450635695
-90.79657540700003,47.592591986081814
-90.79663218095237,47.59253334950983
-90.7966713343831,47.59246760929229
-90.79669833370706,47.59239697153871
-90.79673995337144,47.592251036702436
-90.79676661531377,47.592180756244126
-90.79680520635331,47.59211561149879
-90.79686085865623,47.59205710198882
-90.79693200531985,47.59200351464886
-90.79701437470362,47.5919548466967
-90.79710371630226,47.59191127807794
-90.79719577963009,47.59187298874974
-90.79729009290722,47.59184310017249
-90.79739591816592,47.591828843825866
-90.79750568209897,47.59181987496146
-90.79760994534608,47.59180417519448
-90.79770018210952,47.59177076048676
-90.79777937513406,47.59172256089485
-90.7979976880243,47.591554800902685
-90.79807758251239,47.591510914323095
-90.79816804424888,47.591483816677446
-90.79827065377894,47.59147776553666
-90.7984921287712,47.591490752236076
-90.79860015232278,47.59148889974613
-90.79880977853368,47.59146498319201
-90.79901724848968,47.59143145892472
-90.79932610125638,47.591374164841376
-90.79942668611505,47.591350635891615
-90.79952399750756,47.59132260352811
-90.79961769205597,47.59128940365165
-90.79979796685708,47.59121248346549
-90.8000616843666,47.591090087359625
-90.8007517117377,47.590753048548585
-90.80120160496571,47.590561244668876
-90.80162839240535,47.59034656290295
-90.80207298995198,47.59014911868186
-90.80259678080027,47.58990238096099
-90.80286946538435,47.58978637165823
-90.80295383657169,47.58974335953732
-90.8030292984129,47.58969436543789
-90.8030966934966,47.58963956467142
-90.80315813601041,47.58958059742137
-90.8033215354152,47.58939303202284
-90.80336775185046,47.589327782423354
-90.80348973508102,47.58912538275858
-90.8035419605227,47.58906407221593
-90.8036075108627,47.589009597084456
-90.80368347570466,47.58896074497378
-90.80402567920883,47.58878491889774
-90.80410516719604,47.588736972685496
-90.80424886120637,47.58863127637337
-90.80445264997543,47.58846456895561
-90.80474095664972,47.58824879884824
-90.80481655561712,47.5881971793011
-90.80489601032781,47.58815017559348
-90.80498076545142,47.588109885517376
-90.80507841309851,47.58808517320545
-90.8052974642598,47.588064265821465
-90.80539677215053,47.58804224658145
-90.80547925506056,47.588000671331855
-90.80555296008477,47.58794867729793
-90.805756288901,47.58777265387697
-90.80582893376634,47.58772052518153
-90.80590941162438,47.58767828246459
-90.80600240604757,47.58765266900604
-90.80610729361027,47.587643245353874
-90.8063289543837,47.587637573599764
-90.80643389605045,47.58762371305923
-90.80663209693097,47.58757309179948
-90.80702272378936,47.58745396307179
-90.80722119343876,47.58738539602502
-90.80732029128288,47.587356883885434
-90.80741885125917,47.58733923871338
-90.80751652184507,47.5873384028359
-90.80761311263228,47.5873597577988
-90.80790055260613,47.587472725318264
-90.80794382086587,47.58724958942337
-90.80796647566818,47.58717752293822
-90.80800732437623,47.58711878721354
-90.808073948571,47.5870789033339
-90.80816178135564,47.58705434795316
-90.80826456195025,47.58704064068458
-90.808609036466,47.58702695886122
-90.80883208887774,47.58701428779742
-90.8090709841007,47.58701305601018
-90.80917606275291,47.58700420558851
-90.80925826812476,47.58698157805561
-90.80930554199732,47.586937751188856
-90.80931494410255,47.58687109350228
-90.80928390116073,47.58670856243476
-90.80926711463702,47.58655712155316
-90.80922643768423,47.58632400953257
-90.80922408744597,47.58625259934427
-90.80923544979399,47.58618863398705
-90.80926727100756,47.586135896457705
-90.80935448398532,47.58611610984757
-90.80947895538876,47.58611677710162
-90.8096013669112,47.58611180425564
-90.80968589793797,47.58607656984472
-90.80974015895526,47.586012034001456
-90.80978368359015,47.585937062317385
-90.8098330007642,47.58587039840494
-90.8099043806506,47.58583058101696
-90.8099992766959,47.58582159986655
-90.81010775041352,47.58583062042706
-90.81022183248395,47.58584506614821
-90.81033355348039,47.585852360507836
-90.81043877955591,47.58584504959676
-90.81075071662352,47.58579684980907
-90.81085540239229,47.58578401322617
-90.81106999556796,47.58577765664493
-90.8111752404632,47.58577006357019
-90.81137700111225,47.58572654515509
-90.81157509328085,47.58566953404659
-90.81166997305257,47.585635991848015
-90.81176042624992,47.58559880190005
-90.81184618875851,47.58555746720969
-90.81192886597941,47.58551144168355
-90.81200760615334,47.58546138577678
-90.81208139691762,47.585408020249275
-90.81214922591963,47.58535206586313
-90.81220962168568,47.58529393669773
-90.81225065965837,47.585226387293986
-90.81230754489367,47.585080244239286
-90.81235292680569,47.585018559271674
-90.81242500734753,47.584973239879375
-90.81251417209097,47.584938594143544
-90.81261418208037,47.58491098191246
-90.81292687763161,47.584839929666636
-90.81323388338492,47.58477806564433
-90.81333248404438,47.584752356095485
-90.81352007555789,47.58468384489526
-90.81360942872082,47.584643567543495
-90.81369374465035,47.58459946524794
-90.81377083998865,47.58455098842774
-90.81383820673558,47.58449564314552
-90.8139642877773,47.58437826226945
-90.81403461002843,47.58432443323402
-90.81411185405038,47.58427527969249
-90.81443635814301,47.58408859369049
-90.81473350363468,47.58388254511207
-90.81489386037508,47.58378818428793
-90.81538766231061,47.58351356682397
-90.81556802180233,47.58342498029969
-90.81565108402435,47.58337813826158
-90.81571857236327,47.583326279672846
-90.81576044087136,47.583266092006966
-90.81576611332679,47.583193263984725
-90.81574259245406,47.58303697444153
-90.81575599607112,47.58296946400289
-90.81581128698386,47.582919009644336
-90.81590114650987,47.58288390145392
-90.8161156325582,47.58282699284252
-90.81620599875912,47.58278862212275
-90.81626574029826,47.58273381882586
-90.81630276717645,47.582665945498675
-90.81633308831769,47.58259356645382
-90.81637271776485,47.58252528166698
-90.81643084097885,47.58246574082701
-90.81656437952167,47.58235217978136
-90.81663790811758,47.58229905916948
-90.81671542370943,47.582249423281574
-90.81679663239962,47.5822040383988
-90.81688338126608,47.58216297573664
-90.81697537726413,47.582125898185986
-90.81707109584649,47.582092569488765
-90.81726761948559,47.582036235362885
-90.81736930441195,47.58201713748913
-90.81768524904736,47.581979613037305
-90.81788735837786,47.58193291432644
-90.8179867435831,47.581904935998836
-90.81808228280534,47.58187269771582
-90.81817177913253,47.5818351377596
-90.81825123066999,47.58178775068479
-90.81839031461169,47.58167241338817
-90.81846285093974,47.581619444258564
-90.81854598906362,47.58157959992618
-90.8186425988382,47.58155693881284
-90.81874819282555,47.58154627617599
-90.81896811888966,47.581535535516124
-90.81907334359019,47.58152275213762
-90.81916958429474,47.58149689695429
-90.81925718119453,47.58145840984725
-90.81950303230114,47.581315762477125
-90.81959081325739,47.58127513474454
-90.81977788732665,47.58120577784833
-90.8198745456421,47.581174434325945
-90.82007248147842,47.58112102784093
-90.82017383268312,47.581101006847724
-90.8202815305756,47.58109264364091
-90.82050112771161,47.58108667884906
-90.82060285563244,47.58107299819126
-90.82069291915113,47.58104246820532
-90.82077278995325,47.58099844892969
-90.82084628714547,47.580945991747186
-90.82098842688274,47.58083294938961
-90.82106420254584,47.580780957056405
-90.82114750593605,47.58073698216895
-90.821237605462,47.580699233428184
-90.82151981191286,47.58059646525941
-90.82179228744828,47.58048348748742
-90.82197763127176,47.58041333826145
-90.82207645864096,47.58038527959269
-90.82228620055974,47.580342568311565
-90.8223835145692,47.58031562055418
-90.82246640282371,47.580276549407984
-90.82252713370086,47.5802199420347
-90.82262343373219,47.580085809685585
-90.82268661012469,47.58002869628713
-90.82277021982932,47.57998500955762
-90.82296276982783,47.57991356366202
-90.82305294841589,47.57987476584657
-90.82312655680558,47.579826560363024
-90.82318110573055,47.57976781320035
-90.82322347036062,47.57970256976048
-90.82332941093885,47.57949396710003
-90.82337503462557,47.579428844615144
-90.82343667992336,47.57936923643012
-90.82357860270342,47.57925669388721
-90.8236347294778,47.57919755135928
-90.82366606610728,47.57913244825255
-90.82367428156125,47.57906129368631
-90.82366677049336,47.57898723829983
-90.82365074922633,47.57891359050902
-90.8236289204,47.578841849616595
-90.82358957873465,47.578766934432
-90.82349696142789,47.57861704887679
-90.8234670718394,47.57854835823468
-90.82346371888367,47.578488022186896
-90.82349825669317,47.57843923778108
-90.8235713443987,47.578402769379835
-90.82367162986793,47.578375184781294
-90.82401610955446,47.57830843375261
-90.82431853502544,47.57823765318598
-90.82441716219054,47.578211332971016
-90.82451259818016,47.57817987642771
-90.82460700422912,47.57814500577972
-90.82469744450543,47.57810588033632
-90.8247804452604,47.57806129899772
-90.82485390591806,47.57801052699221
-90.82492080622896,47.57795505648515
-90.82510923297154,47.577779160481526
-90.82531217142477,47.577610593926444
-90.82545611999691,47.57750413606698
-90.82553545465875,47.57745756337161
-90.82562252208913,47.5774181505976
-90.82571681157377,47.57738532178782
-90.82600985313324,47.57729511743094
-90.82609990240205,47.577257362621644
-90.82618337754582,47.577212557097766
-90.82634311598162,47.57711537964527
-90.8264260201295,47.577070545922325
-90.82651527517518,47.57703310975259
-90.82661025153222,47.5770019456816
-90.82670891499576,47.57697488977028
-90.82691250633812,47.57692935481687
-90.82711745700976,47.57689034963585
-90.82753582474174,47.576836887475416
-90.82805481413796,47.57675833774624
-90.82826329824533,47.57673016412069
-90.82857832487946,47.576695153688405
-90.82879007474824,47.57667910547101
-90.82890502785601,47.5766787034337
-90.82914661479336,47.57668779326275
-90.8292596971728,47.5766887018728
-90.82935860446196,47.576681464152564
-90.82943656085928,47.576661788531915
-90.82947568481055,47.576620676696024
-90.82946372006498,47.576552607407315
-90.8294291612138,47.57647029480177
-90.82940170819444,47.576386980978086
-90.82940707580752,47.57631387085954
-90.82942767692768,47.57624155181915
-90.82945679324392,47.57616905420751
-90.82949539925947,47.576099628710935
-90.82954446948469,47.57603652601249
-90.82960631046771,47.57598324000985
-90.82969065628122,47.57594277256331
-90.82979059148602,47.575911589047905
-90.82999585723988,47.575859801132225
-90.8303059044214,47.57580759807484
-90.83061286127183,47.57574858527844
-90.83091699745289,47.575683491199946
-90.83121854531761,47.57561237579341
-90.83141581818445,47.57555892615826
-90.83151158206735,47.57552688665258
-90.83179261593966,47.57542055055805
-90.83188914274548,47.5753930481227
-90.8319901349622,47.575377410953344
-90.8320966449398,47.575377598195125
-90.83220521996628,47.5753826742454
-90.83231214446351,47.5753807829664
-90.83241621609949,47.57536772384738
-90.83272659734637,47.57531490759577
-90.83292852590412,47.575268957118034
-90.8330270298163,47.57524259964969
-90.83312415596511,47.57521352022259
-90.83331469952176,47.575148794501395
-90.8335922573478,47.575041781092935
-90.83376893082817,47.57496178749799
-90.83402766585635,47.574834819669206
-90.83429338591522,47.57471096175077
-90.83437172809437,47.57466381487723
-90.83443757112263,47.57460969568598
-90.83448843387926,47.57454701076064
-90.83457176441348,47.57441182522572
-90.83471254003115,47.57421585378995
-90.83474885624354,47.574148773557766
-90.83476954617288,47.57407946334129
-90.83477504482174,47.5740079866196
-90.8347681376803,47.573862312097084
-90.83476997275092,47.57379006348456
-90.83478430579194,47.573719378956135
-90.83480811119605,47.57364921130571
-90.83483868897122,47.57357963062399
-90.83491761078298,47.57344505599863
-90.83496562734848,47.57338156953102
-90.83502323465807,47.57332144322666
-90.83508756484764,47.57326365968998
-90.83528820952688,47.57309481556955
-90.83549460330589,47.57292998930605
-90.83562332632444,47.572813802712155
-90.83569394733088,47.572760604336764
-90.83577463544128,47.57271524225957
-90.83586268173724,47.57267568036995
-90.83614160344968,47.57256821825341
-90.83658342305326,47.572367996786745
-90.83694075147054,47.57221126302555
-90.83712594854329,47.57214101489857
-90.83722427949692,47.5721128982715
-90.83742759108705,47.572064885908226
-90.83752585296759,47.57203766591842
-90.83761737303259,47.57200342057262
-90.8377013627538,47.57196096427967
-90.8377802048386,47.57191284688054
-90.83785503581063,47.57186078183351
-90.83799720645172,47.571751659032934
-90.83806501997512,47.571696351974055
-90.83831370608063,47.571461923252166
-90.83838410907006,47.57140862893227
-90.83846203822144,47.5713602048034
-90.83871549702724,47.571227642674316
-90.83879683770506,47.571181276481674
-90.83887209091912,47.571130833540074
-90.83894207557164,47.57107684674306
-90.83914225660544,47.57090812163785
-90.83943360857123,47.57069606579938
-90.8395119168048,47.57064749850046
-90.83959449953228,47.57060363552973
-90.83968900316592,47.570571980544266
-90.83989658423778,47.57052840662295
-90.83998061448612,47.57048871188941
-90.8400514811648,47.57043663178992
-90.84011504965616,47.57037799884693
-90.84029073115023,47.570194834920656
-90.8404525174304,47.57000840578567
-90.84051366504,47.56994980988672
-90.8406478887209,47.56983848747885
-90.84114027524319,47.56945919465721
-90.8412050513512,47.56940240782706
-90.8412621186456,47.56934228295949
-90.84135810356487,47.56921398547255
-90.84148676234808,47.56901578415304
-90.8416482747466,47.56874947175905
-90.84198556606117,47.56852347570759
-90.84234976197105,47.56826107665798
-90.84251161573698,47.56816843585212
-90.84285545530368,47.56799830856214
-90.84301860895802,47.567904354017365
-90.84310275414883,47.56786051148472
-90.84319317130495,47.56782409699339
-90.84329012536766,47.56779549767944
-90.84359382956245,47.5677249459299
-90.84369081176047,47.567696153932346
-90.84378142885886,47.56765945019801
-90.84403301497845,47.56752403474795
-90.84412153431201,47.567485260430836
-90.8442178631935,47.56745698504236
-90.84452831359992,47.56740111263081
-90.84462517357936,47.567372712409004
-90.84471846242054,47.56733849885621
-90.84489798163645,47.567260097443686
-90.84515256006047,47.56712988851685
-90.84539148023164,47.56698646136856
-90.84546661997562,47.566935612307226
-90.84567995256481,47.566774434199694
-90.84575779788474,47.566725937158616
-90.84584448374025,47.5666835355732
-90.8460293558587,47.56660707342849
-90.84611688151855,47.566566473282336
-90.84619402649972,47.56651993405594
-90.84624638669693,47.56645997346718
-90.84627880847069,47.56638919372884
-90.84631740450486,47.566320695183414
-90.8463775680773,47.56626225734207
-90.84644486251115,47.56620688033345
-90.84666259098961,47.56604765637548
-90.84687272210483,47.56588425540172
-90.84702120386336,47.56578179591359
-90.84710324659046,47.56573669186187
-90.84719013116835,47.56569529120808
-90.84737122522439,47.56561862957035
-90.84746244551614,47.565581286825854
-90.84775737477895,47.56548511157962
-90.84784205662626,47.56544500383492
-90.84790750607743,47.56539248911166
-90.84795222617112,47.565325043710175
-90.84801696635675,47.565175163985074
-90.84805695124734,47.565109060184064
-90.84811532837548,47.56505974445681
-90.84820295552451,47.5650400900318
-90.84831328851418,47.56504408595195
-90.84843119636923,47.56505332791438
-90.84854154796014,47.565049411670586
-90.84864459061984,47.56502993292014
-90.84874803946049,47.565004968995524
-90.84884668019843,47.56497361065328
-90.84893529523193,47.56493494548786
-90.84900748893864,47.56488646475129
-90.84906016070117,47.56482420692411
-90.84915263259116,47.56468939286457
-90.84921670546272,47.564633781607235
-90.84929706477376,47.56458802677343
-90.84938717843703,47.564548339777524
-90.84957819733249,47.564480846958745
-90.84967555607925,47.56445276851629
-90.85008177654232,47.564365512359615
-90.85038817812159,47.56430541815516
-90.85059339994373,47.564267733411924
-90.85121241741906,47.56416342337114
-90.85161653003057,47.56406592463784
-90.85171825381825,47.5640478748018
-90.85182130390616,47.5640383607093
-90.85192625857479,47.56404299631348
-90.85213891048207,47.564071161376305
-90.85224471881706,47.564078837976695
-90.85234919166446,47.564072175358
-90.85265920201161,47.56400827108117
-90.85276240382534,47.564001111846785
-90.85286931019505,47.564012610368444
-90.85319749511268,47.56409204136629
-90.85329476935497,47.564105586932875
-90.85337866538364,47.56409850561586
-90.85344461907636,47.56405412014445
-90.8534906770798,47.56398034900119
-90.85351587215008,47.56389755433962
-90.8535183040242,47.56382490021886
-90.85348735923283,47.563757055635534
-90.85338657883457,47.563620903651824
-90.85335854766211,47.56355345362224
-90.85336637872268,47.56348573317583
-90.85339885920366,47.5634163365857
-90.85344869003234,47.5633485609879
-90.85350922886481,47.56328592626313
-90.8535760034005,47.56323180637647
-90.8536562748248,47.563186208462284
-90.8539274129674,47.56306641939732
-90.854188095669,47.56294182378666
-90.85437181269504,47.56286949439283
-90.85456159707903,47.56280414333301
-90.85475636662824,47.56274486176655
-90.85485635567458,47.56271837069201
-90.85495835626115,47.56269921092093
-90.85506249690887,47.562690702391805
-90.85516841655709,47.56269004515728
-90.85538249249234,47.56269667440404
-90.85548908233376,47.56269630322999
-90.85570050750114,47.56268197639167
-90.8560150081068,47.56264469330068
-90.85642523290112,47.56256748209462
-90.8565288296409,47.5625524260501
-90.85663497333297,47.562545263756405
-90.85685107578051,47.5625435946491
-90.85695635572885,47.56253711937419
-90.85705675727104,47.56251914665473
-90.85715277905992,47.56249118383947
-90.85724601231531,47.56245703967964
-90.85752024048475,47.56234186901484
-90.85789350726273,47.56220301558128
-90.8579892497291,47.56217209833991
-90.8580885452525,47.56214657940196
-90.85829473917285,47.56210714930277
-90.85839370949932,47.562082074617145
-90.85848618354613,47.562048041132385
-90.85866144464681,47.561966508107325
-90.85891284826954,47.56183231970046
-90.85923391042174,47.56164347264491
-90.85966058991596,47.56142885049033
-90.8599112315872,47.561294776468145
-90.86008155069086,47.561208801891524
-90.86026030161976,47.56113151501138
-90.8604471879516,47.561062570887664
-90.86073305526092,47.5609663674434
-90.86112150624007,47.56084893881027
-90.86130973677417,47.56078227434798
-90.86167695356293,47.56063685948755
-90.86212244273852,47.56044062778025
-90.86239798028032,47.56033110589795
-90.8625733102232,47.56025041885711
-90.86265529169569,47.56020484329482
-90.86297290629558,47.56001286840556
-90.86314198240456,47.55992580497654
-90.86349257522232,47.55976263868596
-90.86385222246588,47.559608937877464
-90.86402485484054,47.559525103133495
-90.86435944723296,47.559347304417486
-90.86476902872158,47.55911797415762
-90.86503094781972,47.5589933710511
-90.86511443563522,47.558949204334986
-90.86519161003282,47.55890049229561
-90.8652597474031,47.55884528415717
-90.86538636716972,47.55872804024177
-90.86545542533197,47.55867365897174
-90.86553407234194,47.558626300225
-90.86561899961788,47.558583648210885
-90.86597613871955,47.558425361171615
-90.86622628113373,47.558291395657946
-90.86638786547557,47.55819766100408
-90.86654387728984,47.558099978852
-90.8667592776254,47.557939514883564
-90.86683500617833,47.557889453630594
-90.86691709099937,47.55784464813476
-90.86709574303309,47.557767067852495
-90.86737497812436,47.55766089921094
-90.86766368632462,47.55756397373794
-90.86775553508073,47.557528331865015
-90.86784032032241,47.55748701204551
-90.86791815545396,47.55743876838634
-90.867990611327,47.55738489872013
-90.86805662093808,47.55732674473913
-90.86811511618681,47.55726564790967
-90.86816494815154,47.557202869800975
-90.86820326726631,47.557136815745004
-90.86823215778455,47.55706748893702
-90.86830426609372,47.55685503714856
-90.86839878770756,47.55664458641011
-90.86842167940614,47.5565744507791
-90.86843273163923,47.55650458071829
-90.86842708360234,47.556435131760445
-90.86840414099322,47.556366097514626
-90.8682931612754,47.55615955218197
-90.86826285059936,47.55609020759709
-90.86816504230902,47.55580976795966
-90.86813245256663,47.55574155579157
-90.86798976287369,47.555546706333146
-90.86795466402607,47.55547982432278
-90.86793285490033,47.555409484914
-90.8679186750726,47.555336773612595
-90.86791415492434,47.55526356256231
-90.86792134628189,47.555191724183096
-90.86796663766943,47.555045233661176
-90.86799950826651,47.55496886021822
-90.86804028335834,47.55489730212215
-90.86808997466113,47.554836030375355
-90.86814961475966,47.554790539288476
-90.86824063225855,47.55478732547171
-90.86835902626565,47.55481761371452
-90.86847188725778,47.55483868632951
-90.86855031864847,47.554813447250815
-90.86860166330362,47.55475233378547
-90.86864533552105,47.554678162297826
-90.86869979371531,47.55461215671398
-90.86883919593355,47.554503617373705
-90.86899306819464,47.554403563023946
-90.86923730896088,47.55426480536204
-90.8694930340308,47.55413556379849
-90.86958195585581,47.55409625094884
-90.86985658549486,47.553985961347266
-90.86994197254498,47.5539430031582
-90.87002213141128,47.55389259836292
-90.8701768755685,47.55378522495802
-90.87025679945853,47.55373735775127
-90.87034198365357,47.55369943779859
-90.87043500004468,47.55367611761708
-90.8705359595169,47.553669413184046
-90.87064251063343,47.55367427556773
-90.8708626083963,47.55369520844008
-90.87097126521907,47.55369953277701
-90.87107603658013,47.553692431587194
-90.87117963879946,47.55367764311186
-90.87138457643954,47.553634095478216
-90.87158120617798,47.55357647044056
-90.87167366601088,47.553542841073416
-90.87175769690526,47.55349960136382
-90.8719169972193,47.55340191070409
-90.87217917079349,47.55326658273542
-90.87226991360703,47.55322467972607
-90.87236259073981,47.553192810353984
-90.87245764014476,47.553176478697196
-90.87255981813156,47.553178284962385
-90.87266698635834,47.553195041431536
-90.87277272206605,47.55322294087575
-90.8728706024521,47.55325817608894
-90.87295457448609,47.55329934063177
-90.87302519077767,47.55335375726549
-90.87315143921991,47.553477377586844
-90.8732198864836,47.553531113290596
-90.8733066745094,47.553568796779494
-90.87343180478082,47.553580090853785
-90.87352218974759,47.55355685149373
-90.87354071901686,47.553498717233985
-90.87352264699234,47.553340491121574
-90.87355009823656,47.55327176248449
-90.87360214215661,47.55321060355342
-90.87379909407029,47.55303590061008
-90.87385562285638,47.552974886709535
-90.87389737842274,47.552909894269916
-90.87392759114871,47.55284164074255
-90.87395040559353,47.55277124183585
-90.87398857379142,47.552628095908815
-90.87408075125292,47.55234140927195
-90.87410910426907,47.552271383575984
-90.87414742984564,47.55220610810107
-90.87420072534064,47.55214805391622
-90.87427516442055,47.552099756179786
-90.8743644442371,47.55205844154842
-90.8745525386522,47.55198177061951
-90.87517963241044,47.551710652687504
-90.87548857880566,47.55153805855883
-90.87556457450587,47.551488300729886
-90.8756334150975,47.55143430917152
-90.87572530978964,47.551346697464986
-90.8758938204986,47.55116224871398
-90.87601378799016,47.551041968628326
-90.87619094931316,47.55084902943221
-90.87629157058188,47.550766054540865
-90.87636880923718,47.55072336265283
-90.87641141869149,47.55070706071784
-90.8764572815424,47.55069474737978
-90.876557698857,47.55068062116871
-90.87666661629271,47.55067678659672
-90.8770073045842,47.55068252511048
-90.87711315757744,47.55067534955822
-90.87720897804799,47.550656211944016
-90.87725163257865,47.55064048048083
-90.8772895172263,47.55061949167812
-90.8773233739933,47.55059403206308
-90.87738245548329,47.55053328484819
-90.8774902515294,47.550397569585634
-90.87755277251036,47.550336939282346
-90.87758920889674,47.55031156733719
-90.87767314829911,47.550271305665085
-90.87781519720295,47.55022512316161
-90.87807006934274,47.55016287517037
-90.87821780213841,47.55011948905203
-90.87830935796087,47.550083454028595
-90.87839759241987,47.550043477570064
-90.87874304619424,47.54987441083261
-90.87888004705312,47.54981981604617
-90.87906926110529,47.54975445679832
-90.87955610714873,47.54960903216406
-90.8800564050137,47.549486240593566
-90.8801535211401,47.549457582469756
-90.88029467865192,47.549408197604585
-90.88079441024632,47.54920190683531
-90.88126083030046,47.54902882944059
-90.88144346576223,47.54895554151022
-90.8815747342134,47.54889456102936
-90.88191147621944,47.54871803982307
-90.88204401690126,47.54865856369475
-90.88218412135943,47.548607159836386
-90.88251838031903,47.548495158197014
-90.88260970577586,47.5484587481706
-90.88288011347733,47.548340077107746
-90.88301358850698,47.548277778297134
-90.88314052133315,47.548211327759255
-90.8832568407677,47.548139072010216
-90.88332647306322,47.54808685539123
-90.88338612794668,47.548029344370164
-90.88343587565473,47.54796639660869
-90.88360083854195,47.547695319001065
-90.88364983314973,47.54763149812176
-90.88370841657832,47.54757275530186
-90.8837776309908,47.5475196423061
-90.88385489639802,47.54747076076559
-90.88414797639757,47.54731099818222
-90.88426319925112,47.54723649189842
-90.88436051798979,47.547151817214285
-90.88453239845605,47.54696886881156
-90.88481442675416,47.54669643336944
-90.8849175023603,47.54661337937617
-90.88499405001276,47.546567092496
-90.88507922658782,47.546531032234846
-90.88517640964955,47.54650806800357
-90.88533945509329,47.54649217544745
-90.88556828865961,47.54648443756626
-90.88567869407399,47.546477256089524
-90.88578114277003,47.54646248686798
-90.88587167286302,47.546436095377146
-90.88591121715882,47.54641724184571
-90.88594648862241,47.54639391130335
-90.88600613146522,47.54633581950709
-90.88605493420074,47.54626666391657
-90.8861586006802,47.546078265850035
-90.8862043651575,47.546009860964745
-90.88625923357586,47.545952948818844
-90.8862914667666,47.5459303689427
-90.88632763795025,47.54591254195321
-90.88636819107275,47.54590065841295
-90.88641283764538,47.54589494709432
-90.88651219249464,47.545898297494944
-90.8866212649912,47.54591510348612
-90.88685081248683,47.54595912169433
-90.88696241209539,47.54597135367811
-90.88701547683905,47.54597174847201
-90.88706601116495,47.5459671170753
-90.8871639784692,47.54594748024715
-90.8872599465547,47.54591827653205
-90.88735371569776,47.54588178699269
-90.8874898095458,47.545818381589996
-90.8876616550711,47.54572950455918
-90.8877411242757,47.5456825980303
-90.88781595338305,47.54563166862528
-90.88806698951119,47.54544399577565
-90.88826960860823,47.5452305411838
-90.88834902806704,47.545158950636655
-90.88844023449215,47.54509523448446
-90.88864559086825,47.544974594555676
-90.88875599524656,47.54491991366483
-90.88887042569858,47.54487268506248
-90.88898803872222,47.54483567843242
-90.889110309055,47.544815678011304
-90.88924208148912,47.54482068310051
-90.88951492016024,47.544849633636964
-90.88964581684563,47.54484402984345
-90.88977627740633,47.54482252053832
-90.88990361640998,47.54478944579006
-90.89002068919544,47.54474522126505
-90.89012310507789,47.5446907638213
-90.89021816797391,47.544629068646906
-90.89039352976728,47.54449170404872
-90.89055696134041,47.54434773203463
-90.89083769294412,47.544119748545036
-90.89092481309906,47.544042246971514
-90.8909950873759,47.54396647532764
-90.89104034544307,47.5438939237221
-90.8910486651959,47.54382637744967
-90.89095861372964,47.54376912227826
-90.89065714690081,47.54366968122828
-90.89058648408286,47.54361515492906
-90.89061372959914,47.54355352297051
-90.8906843824399,47.54348932180626
-90.89078421028181,47.54342338803343
-90.89101689873038,47.54328945195823
-90.89112251339978,47.54322301442538
-90.89121309017017,47.54315214863887
-90.89139111514721,47.54299237622992
-90.89148120012744,47.542922960581485
-90.8915735335609,47.542873699660916
-90.89166930449879,47.54286212689284
-90.89176963141946,47.542923410232405
-90.89187493395245,47.543007055105136
-90.89198556861872,47.54304960526517
-90.89210542989811,47.54303629905317
-90.89223108512408,47.54299632508135
-90.89246626833739,47.54289402262694
-90.89257449339617,47.54284201806151
-90.8927828284053,47.54272900606049
-90.89288215099388,47.54266871262608
-90.89307213234952,47.54254243894505
-90.89325670515564,47.54240906744461
-90.8933410136223,47.5423387168141
-90.89341610250159,47.542265315959924
-90.89347820203467,47.54218799519709
-90.89351436496163,47.54210083449117
-90.89354984110989,47.54191358406037
-90.89358039101333,47.541826813853014
-90.89364019818265,47.541753500136934
-90.89373432076388,47.54169719266828
-90.8938508374973,47.54165217353684
-90.8940981686975,47.541566657408445
-90.89420397369467,47.54151205127935
-90.89430531283375,47.54145088511957
-90.89440280163635,47.541385444949725
-90.89448969784021,47.54131550443249
-90.89455925922108,47.541240837249475
-90.89460148514672,47.54115949470146
-90.8946111602018,47.541068485120036
-90.89460977557964,47.54088078047009
-90.89463926591736,47.54079662255676
-90.89470390522463,47.54071998334167
-90.89479129064445,47.540646818330046
-90.89489394952125,47.540581825246576
-90.89500444723842,47.54052973556307
-90.89512178387432,47.54050009440277
-90.89526842123834,47.54051169854201
-90.89541527106215,47.54053149854141
-90.89552465554522,47.540519021833255
-90.89555935299049,47.5404431514143
-90.89555236430886,47.54033361198881
-90.89557123994597,47.54024115751723
-90.89566211004636,47.54020139440601
-90.89578597365208,47.54018727258824
-90.89607356233338,47.54018515075238
-90.89621360961766,47.5401757610928
-90.89633594261522,47.54014689080129
-90.89644298307876,47.54009830937809
-90.89654170972702,47.54003741595554
-90.89673402248252,47.53990618705832
-90.89683693366395,47.539848740458325
-90.8973758593431,47.53958531094815
-90.89758142824061,47.53946069218558
-90.8976856179357,47.53940208975627
-90.89779507672942,47.539355719368025
-90.89791387921049,47.539329827934104
-90.89804966251162,47.53933422852091
-90.89833510214544,47.53937721569691
-90.89846092631328,47.539380720109186
-90.89855864797427,47.53934877936006
-90.89862094016534,47.539276822363064
-90.89870837869802,47.539087150969706
-90.89876819476443,47.539005258816715
-90.89883357582703,47.53892698569574
-90.89904201002969,47.53869676727012
-90.8991153439625,47.53862170266939
-90.89935112282504,47.53840292777602
-90.89941900150653,47.538326206531124
-90.89947325161742,47.538242909305055
-90.89951498451244,47.53815150140278
-90.89958547834611,47.537962669821304
-90.89962663318772,47.537874603614185
-90.89967998920525,47.537797008762446
-90.89975174330716,47.53773456397405
-90.89984909995151,47.53769419907673
-90.8999717308448,47.5376772189742
-90.90011081290395,47.537674788450204
-90.90040255840266,47.53767756692167
-90.90053733554716,47.537664771413866
-90.90065491160738,47.53763087543378
-90.9007595327415,47.53757638553023
-90.90122825944624,47.53724430355076
-90.90131324219405,47.53717455938174
-90.90138582324076,47.53710081791167
-90.90143858775679,47.5370208202391
-90.90146481531495,47.53693165000481
-90.90149494227514,47.53674613463433
-90.90153008598479,47.53666101343468
-90.90159482607355,47.53658562003111
-90.90167388243539,47.53650980575361
-90.90176251318583,47.53643465926972
-90.90185878439368,47.53636329614005
-90.90196076216404,47.53629883193054
-90.90206651263998,47.53624438221371
-90.90217410200204,47.53620306256925
-90.90228534800585,47.536185460171396
-90.90241005604297,47.53621043002704
-90.90267504918329,47.53629832624379
-90.90280086693744,47.536311428137054
-90.90292821795933,47.536287011742445
-90.90305101459296,47.53623695216924
-90.90314874620245,47.53617156445061
-90.90320999567805,47.53609741128546
-90.90325019604444,47.53601327627596
-90.90330571001897,47.53583162587493
-90.90333939311667,47.5357427854116
-90.90342581762525,47.535572611677644
-90.90351956937606,47.53540413198786
-90.90377510975051,47.534982140823374
-90.90383527136747,47.53490191317946
-90.90390535122975,47.53482812106607
-90.90398976777443,47.534763712488406
-90.90409477154037,47.534712034989184
-90.90421399526763,47.53466933360182
-90.9045822285934,47.53455240416676
-90.90494963571105,47.5344439227976
-90.9050672230129,47.53440311088575
-90.90517813372847,47.5343556075211
-90.90527948299692,47.53429860745444
-90.90555895413554,47.53410377165484
-90.90585655120712,47.533920901228
-90.90595071765614,47.533857450131144
-90.90603589593363,47.53378970911711
-90.90610637276103,47.533714212115754
-90.90615954209461,47.53362843298856
-90.90625182960751,47.533451410700344
-90.90631071032985,47.53337351242233
-90.90639153039815,47.5333117740013
-90.90650350673722,47.53327270663615
-90.90663693620961,47.53325051500005
-90.90691223640209,47.533222262272545
-90.90704786113047,47.533214265760684
-90.90732611868643,47.533211257580106
-90.90746006212886,47.533204789192375
-90.90758475566244,47.53318737349279
-90.90769551082843,47.533152870468996
-90.90778665261958,47.53309437704069
-90.90786299361115,47.533018459759674
-90.90799999887692,47.532852407573266
-90.90823576306667,47.53262565750625
-90.90830803374295,47.53254845043792
-90.90836558029461,47.53246925638656
-90.90840134932552,47.53238739316611
-90.90840494530062,47.532301809428816
-90.90838277137999,47.532213081510136
-90.90831708128717,47.53203153033578
-90.90830154859053,47.53194137570695
-90.90830040622039,47.53175295872272
-90.90830880338093,47.531657657202494
-90.90833123963971,47.53156818572849
-90.90837378006295,47.53148946964861
-90.90845078381686,47.53143019463174
-90.90857433061592,47.53139531970868
-90.90871566467554,47.53136849150016
-90.90884400179387,47.53133235501239
-90.90893334332586,47.53127214654705
-90.9089946770319,47.53119384299715
-90.90909527493211,47.53102071725624
-90.90916294087971,47.53094347516882
-90.90925552205043,47.530878442004486
-90.90958470539894,47.53070712988045
-90.90967309907128,47.53064489161145
-90.90972849486877,47.53057293646977
-90.90972303010616,47.530485112788405
-90.90968816258696,47.530389207598176
-90.90966835597926,47.530295833461956
-90.90970221675612,47.53021181417327
-90.90977056640332,47.530119472997185
-90.90985631288396,47.53002477783101
-90.90994873908441,47.529939734948435
-90.91003712804964,47.52987635065737
-90.91011076295301,47.52984663130039
-90.91015726901195,47.529877287329015
-90.91018144481426,47.52997193209571
-90.91020312470476,47.53009002751162
-90.91024224417312,47.53019064835299
-90.91032994871132,47.53023701205538
-90.91047910061518,47.53023036922914
-90.91060768880365,47.530190692868565
-90.91071422108669,47.53014082026022
-90.9108185753678,47.5300868335846
-90.91102195475206,47.5299697755463
-90.9114158287014,47.52972211853915
-90.91160756169512,47.52959627762552
-90.91216525729962,47.52920045015343
-90.91235376022077,47.529073005534165
-90.9125477848136,47.52895310953477
-90.91274986280578,47.528843941940586
-90.91286167952275,47.52880404365995
-90.91299112132289,47.52878846971081
-90.91326957147032,47.528784611201004
-90.91340375392586,47.52877595250964
-90.91382259289847,47.5287721938404
-90.91395412607662,47.52876027027881
-90.9139935292666,47.5287508154136
-90.91553113585091,47.530418048503755
-90.91554428992285,47.530463279923026
-90.91558334022056,47.53056747211489
-90.91562322046558,47.530671679381776
-90.9156655902641,47.53077593189786
-90.91571542844476,47.53088032018345
-90.91578055970216,47.53097598804339
-90.9158649549158,47.531067506866734
-90.915964643327,47.53115030520184
-90.91607511955517,47.53123329955431
-90.91619259095403,47.53130742250662
-90.91631273028003,47.53137709460708
-90.9164405163833,47.53144240633929
-90.91657529759156,47.53149884661161
-90.91671422815972,47.53155536212973
-90.91685416696363,47.53160739657673
-90.91699677360137,47.531654980104626
-90.91714204804474,47.53169811270313
-90.91728815254812,47.53174126019678
-90.91743508711379,47.531784422582454
-90.91758119210759,47.53182756970928
-90.91772628948114,47.53187519756853
-90.91787239497609,47.531918344331025
-90.9180193305364,47.531961505981315
-90.91816994164633,47.53199573574671
-90.91832523605487,47.532016552690585
-90.91848337602396,47.53202842264775
-90.91864317571586,47.53204032252023
-90.91880333139775,47.53204323018894
-90.91896449486859,47.53204165670655
-90.9191223390478,47.53204002274639
-90.91928219869759,47.53202942670713
-90.91944271021215,47.532023341497215
-90.91960357747013,47.53200826407522
-90.91976130322826,47.53198863019978
-90.91991671727004,47.53196445494021
-90.92006667811948,47.53193118208703
-90.92021201552836,47.53188882671529
-90.92035504106941,47.53184192999845
-90.9204940950728,47.53179046183902
-90.92062935531013,47.531729926254506
-90.92076147375481,47.53166483430492
-90.92088944279296,47.53159966694815
-90.92101243262356,47.53153440914932
-90.92113162858354,47.531460083976576
-90.92124750495445,47.531385698485
-90.92136006174964,47.53131125268488
-90.92147113632647,47.53123228067805
-90.92158138075956,47.53115329351275
-90.92169079505248,47.53107429119139
-90.9218002090161,47.53099528875956
-90.9219071332321,47.53091624109028
-90.92201239751608,47.53083716323224
-90.92211700934288,47.53075357422938
-90.92222061337888,47.530674466086744
-90.92232522454863,47.530590876881675
-90.92243048754884,47.53051179861598
-90.92253841725399,47.53042826935779
-90.92264765097806,47.530353762072004
-90.92275872159162,47.53027478874485
-90.92286979187115,47.53019581530396
-90.92298003202255,47.530116826714966
-90.923090094266,47.53004233401871
-90.92319784438874,47.52996330010762
-90.92330328237236,47.52987972498777
-90.92340706044112,47.529796119702254
-90.92350817127613,47.52971696523153
-90.9236094593351,47.529633314659335
-90.92370991728481,47.529549648962615
-90.92381037491332,47.52946598317183
-90.92391166200359,47.52938233231446
-90.92401543811523,47.52929872644168
-90.92412004367596,47.52921513549469
-90.9242261309876,47.52913607050511
-90.92433221797953,47.52905700541147
-90.92443913442855,47.528977955237316
-90.92454771010681,47.52889893500305
-90.92465545568369,47.528819899638
-90.92476403070937,47.528740879186856
-90.92487426495236,47.528661888667564
-90.92498532863466,47.52858291305572
-90.9250972217527,47.52850395234884
-90.92520893714912,47.52842948753876
-90.92532082960443,47.52835052660157
-90.92543171459191,47.5282760465457
-90.92554028732518,47.528197025317425
-90.92564654778568,47.52811346292284
-90.92574865909425,47.52802982535426
-90.9258482807926,47.52794614264931
-90.92594707241223,47.52786244483943
-90.92604669347455,47.527778761950124
-90.9261488034908,47.52769512400093
-90.9262548846714,47.52761605702102
-90.92636594406322,47.5275370799928
-90.92648660562858,47.527467274984986
-90.9266137276406,47.52740208592121
-90.92674482085316,47.52734146776082
-90.92687591376611,47.52728084944532
-90.92700552410265,47.52721570494734
-90.92713199233536,47.527146004264054
-90.92725911278102,47.527080814457115
-90.9273893747132,47.527020180530194
-90.92752674971132,47.526968673496754
-90.92767372706639,47.52692633833122
-90.92782681069899,47.52689761102434
-90.92798321315243,47.526868943500006
-90.9281377788266,47.5268447417887
-90.92829400385472,47.52682056985705
-90.92845005164774,47.52680089373282
-90.92860775881961,47.526781247380086
-90.92876594148284,47.52677060784739
-90.92892477677609,47.52676447911
-90.92908444178391,47.52675836514135
-90.92924392973187,47.52675674697467
-90.92940324066093,47.526759624611316
-90.92956255161474,47.526762502026784
-90.92972186259328,47.52676537922108
-90.92988099662091,47.52677275222096
-90.93003912399303,47.52678460604522
-90.93019707449471,47.526800955680024
-90.9303552020371,47.526812809070556
-90.93051315273588,47.52682915827247
-90.93067110353992,47.52684550725816
-90.93082905444919,47.52686185602764
-90.93098783521089,47.52687821955658
-90.93114596319933,47.52689007186222
-90.93130343837342,47.5268974129467
-90.93146227387057,47.52689128069433
-90.93162128616558,47.526880652189696
-90.93177946865606,47.52687000849351
-90.93193865763742,47.52685488351431
-90.9320974929609,47.526848750378555
-90.93225632825458,47.52684261702211
-90.93241599326574,47.52683649841035
-90.93257482849977,47.52683036461139
-90.93273384043623,47.52681973455697
-90.9328920225685,47.52680908931907
-90.93304955160194,47.526793932865424
-90.93320725724307,47.526774280157696
-90.93336413302674,47.52675461227264
-90.93352100869991,47.52673494417104
-90.93367705451654,47.52671526089672
-90.93383327686057,47.52669108137009
-90.9339884926981,47.52667138271284
-90.93414471478194,47.52664720275741
-90.9342992772389,47.526622992683485
-90.93445466930467,47.526598797349415
-90.93460940806014,47.5265700908127
-90.93476331690916,47.52654136911609
-90.93491556610938,47.52651261731581
-90.93506799167993,47.52647936926896
-90.93521958732111,47.52644610607132
-90.93537118277645,47.52641284267013
-90.93552129505377,47.52637505313676
-90.93567057737982,47.52633724846166
-90.93581985949672,47.52629944358864
-90.93596682863677,47.526257097654785
-90.93611213806638,47.52621472165173
-90.93625744726671,47.52617234546063
-90.93640210291406,47.52612545809939
-90.93654675830807,47.526078570551334
-90.93669058371192,47.52603166788222
-90.93683357912762,47.52598475009525
-90.93697657429264,47.52593783212565
-90.93712039894181,47.52589092890452
-90.93726570646835,47.52584855140712
-90.93741350296656,47.52580621850852
-90.93756361211813,47.5257684262483
-90.93771437449223,47.52573514476451
-90.93786531296814,47.52569736702913
-90.93801607495914,47.525664085142154
-90.93816535356333,47.52562627715578
-90.93831231901423,47.52558392815282
-90.93845679504345,47.52554153419358
-90.93859830437273,47.5254900882624
-90.93873898370069,47.525438627232624
-90.93888114601485,47.52539169191535
-90.93902413780687,47.52534477133477
-90.93916961852783,47.525297895319945
-90.93931426926822,47.525251004201124
-90.9394587436077,47.52520860895062
-90.9396019105399,47.52515719157719
-90.93974175830111,47.525105714372614
-90.93987994634634,47.52505420717104
-90.94001665077865,47.52499817392165
-90.94015169548018,47.52494211068644
-90.94028525653071,47.524881521413725
-90.94041549839764,47.52482087235221
-90.94054259714379,47.52475566745489
-90.94066323387628,47.5246858471111
-90.94077989773743,47.52461145605398
-90.94089656126896,47.52453706487225
-90.94101405418517,47.524462688468425
-90.94113154676955,47.52438831193826
-90.94124803332075,47.52431841644177
-90.94136469554199,47.52424402476015
-90.94147969801368,47.52416960315567
-90.9415930407425,47.5240951516334
-90.94170489968353,47.52401617413597
-90.94181426916886,47.523937151833344
-90.94192280861974,47.52385811452453
-90.94202968833567,47.523779047316864
-90.94213508423341,47.52369545415126
-90.9422403038948,47.52361635694678
-90.9423448694292,47.52353274868259
-90.94244759935032,47.52345360659788
-90.94254884543763,47.5233699385677
-90.94264843180807,47.52328624066117
-90.9427457046283,47.52319800192699
-90.94284114188635,47.52311422939233
-90.94293509529018,47.52302593092916
-90.94302821868489,47.52293761749529
-90.94312134176444,47.52284930397978
-90.94321529421747,47.52276100526887
-90.94330824086231,47.52267718765734
-90.94340136300357,47.52258887389651
-90.94349448482971,47.52250056005404
-90.94358594697401,47.52241221636297
-90.94367740880857,47.522323872593006
-90.94376721097203,47.522235498979896
-90.9438555292256,47.52214259945773
-90.94394284174116,47.522054181050876
-90.94402950002102,47.521961251621036
-90.94411764161246,47.521872847949574
-90.94420661257872,47.52178445908343
-90.94429890193301,47.52169612965511
-90.94439285031703,47.52160782990146
-90.94448762805295,47.521519544941505
-90.94458388911875,47.52143578572176
-90.94468180921059,47.52135205616601
-90.94478156398944,47.52126386019663
-90.94488428577137,47.52118471577658
-90.94498967188342,47.521101119803916
-90.94509968435243,47.52102660511012
-90.94521402044522,47.52094766858731
-90.94533298291616,47.52087781331744
-90.94545526370817,47.52080801739694
-90.94558169246683,47.52073829568358
-90.94571191800578,47.52067764031612
-90.94584795084047,47.52061708886262
-90.94598843461367,47.520570114668004
-90.94613983111677,47.520541332712085
-90.94629816775034,47.52052617255881
-90.94645816360938,47.52051104190991
-90.94661519177902,47.52048685943379
-90.94676973084815,47.520462632160324
-90.94692527491563,47.52043392345514
-90.947080467886,47.52041420669701
-90.9472371446001,47.52039901552096
-90.94739678896455,47.52039287571377
-90.94755608244675,47.520395727847145
-90.94771603019471,47.52040309069474
-90.94787514834071,47.5204104384678
-90.94803326149864,47.52042226725287
-90.94819119936263,47.52043859190438
-90.94834913733156,47.52045491633969
-90.94865880832285,47.52051894807731
-90.94886049625529,47.52056305001764
-90.94905502137637,47.520620521117564
-90.94924605301202,47.520682428610996
-90.94943341592922,47.52075326860261
-90.9496174607123,47.520824048936866
-90.94979801210903,47.52089926571718
-90.949975899813,47.52097893379732
-90.95015212873014,47.5210585719371
-90.95032818299204,47.52114270590188
-90.95050091914864,47.52122678027087
-90.95066169015352,47.52131963891834
-90.95081132569214,47.52142129672554
-90.950953319608,47.52152731696528
-90.95108767188842,47.52163769966559
-90.95121853090144,47.52175251899351
-90.95134340761946,47.52187173047919
-90.95144470362969,47.521999518877514
-90.95151097834115,47.522131180592496
-90.95155183753225,47.52227588577419
-90.95157776255832,47.52242032408025
-90.95159539081487,47.52256461412372
-90.95160140346466,47.52270869660523
-90.9515966301066,47.52285258635085
-90.95158604883254,47.52299637231242
-90.95156468140118,47.523139965532195
-90.95153086832225,47.523283336350396
-90.95148561430724,47.52342200349069
-90.9514287441648,47.5235604630288
-90.9513619172198,47.52369874460117
-90.95128447881388,47.52383233727158
-90.9512004023107,47.523965811250925
-90.95110737366473,47.52409462594673
-90.95100456312099,47.524218766506614
-90.95088865176957,47.524338173579544
-90.95076527241278,47.52445744703707
-90.9506418924918,47.524576720351064
-90.9505211763747,47.524691541936335
-90.95039779534208,47.52481081496643
-90.95026629170246,47.52492544341002
-90.95012518121837,47.52503090148026
-90.94998075124857,47.52513630001504
-90.9498321720428,47.52524162416262
-90.94968293778325,47.525342437182935
-90.94953204348309,47.525443220316355
-90.94938031886899,47.52554398839847
-90.94923025314812,47.52564478595616
-90.94908001152328,47.5257500793889
-90.94892911489823,47.5258508616869
-90.9487773879531,47.52595162892912
-90.94862483068333,47.52605238111222
-90.94847161846768,47.526148622153016
-90.94831657080258,47.52624932935804
-90.94815920871184,47.526345495710046
-90.9480001865485,47.52644163213086
-90.94784033405453,47.52653775346714
-90.9476806564315,47.52662937849295
-90.94752080278606,47.52672549936327
-90.94736260806742,47.526821649714755
-90.94720607228417,47.526917829554385
-90.94705184969278,47.52701854982371
-90.94689845627036,47.52711928473561
-90.94674672178219,47.52722004915521
-90.94659664623738,47.527320843089235
-90.9464457403535,47.52742162195251
-90.94629566365666,47.52752241547183
-90.94614475661773,47.527623193918075
-90.94599301923213,47.527723957287996
-90.9458421110351,47.527824735315065
-90.94569019685659,47.527929994334094
-90.94553928748795,47.528030771941424
-90.94538837754102,47.52813154933969
-90.94523663723982,47.52823231165597
-90.9450840665798,47.52833305888696
-90.94493167103518,47.528429309836355
-90.94477909922011,47.52853005664071
-90.94462569703876,47.52863078835412
-90.94447229427003,47.528731519851725
-90.9443188909139,47.528832251133466
-90.94416483295231,47.52892847125313
-90.94400976885782,47.529029172338674
-90.94385487996598,47.529125377139394
-90.9436989849077,47.529226062900456
-90.94354160549227,47.52932222260454
-90.94338025237231,47.52941381158648
-90.94321872283965,47.52950989639377
-90.94305736858549,47.5296014849012
-90.94289998687924,47.52969764368382
-90.94274740749972,47.529798387648725
-90.94260294963702,47.529903776384195
-90.94246744310239,47.5300138248142
-90.94233507928331,47.530128428710256
-90.9422010552718,47.530243002651936
-90.94206074412418,47.53034846513824
-90.94190899105278,47.53044922282002
-90.9417492912623,47.530540839189136
-90.94158295242175,47.53063233612691
-90.94141429957958,47.53071929205348
-90.94124315673942,47.53080620301503
-90.9410736729687,47.53089314351859
-90.94090650203269,47.530984624531186
-90.94074430942871,47.531076194726424
-90.94058691909328,47.53117235017939
-90.94043184154575,47.53127304618433
-90.94028025881195,47.53136930555432
-90.94012766957053,47.5314700458554
-90.93997424991878,47.531570771031106
-90.93981834019733,47.531671451252194
-90.93966343587886,47.53176765011408
-90.93950752497985,47.53186832989135
-90.9393526195145,47.53196452831275
-90.9391975372712,47.53206522256371
-90.93904263066042,47.53216142054575
-90.93888772348386,47.53225761830836
-90.9387318096501,47.53235829697806
-90.93857755489816,47.532459005269146
-90.93842430567773,47.532555232218904
-90.93827336912862,47.532655999772665
-90.93812474522382,47.532761307939
-90.93797861025891,47.53286666068135
-90.93783247470748,47.53297201322677
-90.93768568506866,47.5330728546026
-90.93753391576708,47.533173606201565
-90.93738362921218,47.53327888349387
-90.9372441301449,47.53338435469404
-90.93711589568422,47.533499026859296
-90.93699744252963,47.533618374117864
-90.93688960057268,47.533742411434986
-90.9367882205549,47.53387106416423
-90.93669347893352,47.533999836282455
-90.93660602917417,47.53413323878353
-90.93652936722823,47.53426683539408
-90.93646847238857,47.534400715763866
-90.9364196723608,47.53454381224544
-90.93637834091385,47.534687043145816
-90.93633967532911,47.534825822802325
-90.93630913182685,47.53496924786927
-90.93629186622296,47.53511291195088
-90.93629617744706,47.53525696444765
-90.936318746139,47.535401345603326
-90.93635227994614,47.53554142492122
-90.93640324158667,47.535681817940194
-90.93646167250802,47.53582234538132
-90.93652442966206,47.53595845144471
-90.93659465619018,47.53609469191143
-90.93667169870747,47.536226555793334
-90.93675538080012,47.53635853911615
-90.93684736232295,47.536490671737184
-90.93694615996462,47.53661842772869
-90.9370542634697,47.536741851876016
-90.93717250278674,47.536860959087
-90.93730087795753,47.53697574933113
-90.9374393890189,47.537086222575105
-90.93758720608939,47.537192363852526
-90.93774717167281,47.53728522583412
-90.93792343529748,47.53736488310866
-90.9381171795018,47.53742235844385
-90.93831424381156,47.537479893158114
-90.9385026567584,47.53754627038707
-90.93868840413695,47.53761709858848
-90.93888114394537,47.537679053777445
-90.93908472457385,47.537718707463995
-90.93929381377653,47.53774496216802
-90.93950189705537,47.53777569762237
-90.93971081051353,47.53780644761764
-90.93991990041407,47.5378327011892
-90.94013034896524,47.53784548115333
-90.94034363970707,47.53784931336902
-90.94055645283112,47.53784413818274
-90.94076795830286,47.53782994068794
-90.94097667225984,47.53780219502877
-90.94118390223727,47.53776992312708
-90.94138964818376,47.537733124990055
-90.94159456393008,47.537696311577676
-90.9417979955791,47.53765497194249
-90.94200142691889,47.53761363194116
-90.94220420401686,47.537567780623505
-90.94240615085046,47.53752191404587
-90.94260809734199,47.53747604710678
-90.94280921357162,47.537430164913616
-90.94301115937961,47.53738429725311
-90.94321144500836,47.537338399451755
-90.9434117302975,47.53729250129483
-90.94361219111377,47.53724210672496
-90.94381330562294,47.537196222741606
-90.94401441979126,47.53715033839975
-90.94421784755085,47.5371089944057
-90.94442275903475,47.53707217586704
-90.94462850015726,47.53703537183693
-90.94483507091702,47.5369985823108
-90.94504081148538,47.53696177753148
-90.94524572186378,47.53692495750344
-90.94544914784849,47.5368836112949
-90.94565257352394,47.536842264720235
-90.94585534465091,47.536796406844985
-90.94605793977988,47.536755044669995
-90.9462598803275,47.53670917119908
-90.946461820533,47.53666329736679
-90.94666358479434,47.53662191923951
-90.94686552433312,47.53657604468497
-90.94706663362196,47.53653015490739
-90.94726774256988,47.53648426477135
-90.94746902670899,47.536433878207944
-90.94766930505173,47.53638797249714
-90.94786975855205,47.536337570360736
-90.94806920629345,47.536291649083914
-90.94826965906287,47.53624124623608
-90.94846993601277,47.53619533910335
-90.94867104252565,47.536149446465025
-90.94887297859967,47.53610356831668
-90.94907639874202,47.53606221557455
-90.949280648476,47.53602087731183
-90.94948489789962,47.53597953868004
-90.94968980157347,47.53594271059721
-90.94989405039344,47.5359013712264
-90.95009812359919,47.53586452756328
-90.95030237181602,47.535823187455
-90.95050578982463,47.5357818321411
-90.95070920752391,47.53574047646111
-90.95091345481057,47.535699135248635
-90.95111770178684,47.535657793667085
-90.95132111855702,47.535616436885896
-90.95152453501787,47.53557507973864
-90.9517294357961,47.53553824796215
-90.95193748073049,47.5355059712016
-90.95214748972373,47.53548722678162
-90.95235815336517,47.53547299288103
-90.95257047669261,47.53545878823462
-90.95278197002436,47.53544456837315
-90.95299215357474,47.53542132631233
-90.9532008522009,47.535393558143504
-90.95340955061852,47.535365789591246
-90.95362038850581,47.5353470572714
-90.95383236109602,47.535341842449114
-90.95404516354958,47.53533664204503
-90.9542573110263,47.53532693034708
-90.95446945843736,47.53531721825531
-90.95468095079896,47.53530299487341
-90.95489309806061,47.535293281994875
-90.95510524525662,47.53528356872251
-90.95531721753291,47.53527835114814
-90.9555300196723,47.53527314798124
-90.95574199188998,47.535267929620076
-90.95595479397083,47.53526272566329
-90.95616694091126,47.53525301042107
-90.95637891302287,47.535247790879865
-90.95659105985014,47.53523807485057
-90.95680303188496,47.53523285452349
-90.95701600849145,47.53522315249644
-90.95722798044946,47.53521793138196
-90.95744078227055,47.535212724661086
-90.95765275416989,47.5352075027598
-90.95786555593236,47.53520229524908
-90.958077527773,47.53519707256097
-90.95829032947684,47.53519186426033
-90.95850230125879,47.53518664078545
-90.95871427301137,47.53518141691792
-90.95892724917206,47.53517171133118
-90.95913922084777,47.53516648667625
-90.95935184787817,47.535165772504335
-90.95956447491565,47.535165057937924
-90.95977710196019,47.53516434297698
-90.95998972901178,47.53516362762152
-90.96020235607043,47.53516291187156
-90.96041480871847,47.535166691833304
-90.9606274358094,47.53516597529489
-90.960839888526,47.535169754469386
-90.96105234128599,47.535173533250564
-90.96126479408933,47.535177311638385
-90.96147707260903,47.53518558574209
-90.96168852131396,47.535193844698135
-90.96190097428344,47.53519762190873
-90.9621132530235,47.53520589483691
-90.96232570609774,47.53520967126142
-90.96253898911037,47.53521346204196
-90.96275161648965,47.53521274156555
-90.96296406967586,47.53521651680796
-90.96317669708728,47.53521579554312
-90.96338915034197,47.53521956999826
-90.96360160363996,47.53522334406007
-90.96381405698125,47.53522711772857
-90.96402550636026,47.535235372381415
-90.9642376116234,47.53524813749906
-90.96444989107549,47.5352564061083
-90.96466099259949,47.535273651827424
-90.9648730982093,47.53528641577364
-90.96508420001761,47.535303660717105
-90.96529429807723,47.53532538666409
-90.9655043963227,47.53534711222849
-90.9657134908889,47.53537331880477
-90.96592175577578,47.5353995102777
-90.96612984695135,47.535430197497185
-90.96633793838154,47.53546088434235
-90.96654603006635,47.5354915708132
-90.9667542958837,47.53551776078607
-90.96696339182304,47.53554396510091
-90.96717349172825,47.53556568762844
-90.9673825880912,47.53559189118432
-90.96759168467456,47.53561809436178
-90.96780178517204,47.535639815745654
-90.96801088217902,47.53566601816415
-90.9682209830655,47.5356877387849
-90.96843008049609,47.535713940444424
-90.96864018177162,47.53573566030206
-90.96884927962577,47.53576186120257
-90.96905855138286,47.5357835655948
-90.96926847956802,47.535809780438655
-90.96947775171313,47.535831484070755
-90.96968768032279,47.53585769815261
-90.96989677924442,47.53588389715673
-90.97010605198017,47.53590559964968
-90.9703151513248,47.535931797896325
-90.97052324742046,47.53596247720656
-90.97073234722298,47.53598867469834
-90.97094061733381,47.536014857122915
-90.9711487141585,47.53604553530753
-90.97135781463874,47.536071731667484
-90.9715659119555,47.53610240910137
-90.97177418297935,47.53612859002371
-90.97198328413724,47.536154785251846
-90.972191382183,47.53618546156007
-90.97240048379874,47.53621165603334
-90.9726095856348,47.536237850128096
-90.97281886105519,47.53625954770443
-90.97302796331415,47.53628574104173
-90.97323706579343,47.536311934000494
-90.97344616849298,47.53633812658082
-90.97365527141287,47.536364318782674
-90.97386437455302,47.53639051060603
-90.97407247473568,47.53642118352808
-90.97428157833362,47.53644737459655
-90.97449068215182,47.536473565286514
-90.97469978619033,47.53649975559803
-90.97490889044909,47.53652594553103
-90.97511917118904,47.536543157451945
-90.97532927892773,47.53656486513575
-90.97554038990886,47.53658209094527
-90.97575167415607,47.53659482022009
-90.97596378844207,47.53660756375952
-90.9761750729192,47.53662029225689
-90.97638718743575,47.53663303501577
-90.97659947511085,47.53664128123345
-90.97681158984014,47.53665402320971
-90.97702370468485,47.53666676479491
-90.9772349897192,47.53667949134577
-90.9774471047944,47.53669223215046
-90.97765839005862,47.53670495792386
-90.9778696754376,47.53671768330928
-90.97808179085835,47.53673042294394
-90.97829307646717,47.53674314755188
-90.97850519211836,47.53675588640603
-90.97871748074775,47.536764128713195
-90.97892959661164,47.53677686678468
-90.97914105548914,47.53678509367848
-90.979353344374,47.53679333481117
-90.9795658061286,47.5367970793934
-90.97977809515379,47.53680531974113
-90.97999038425816,47.53681355969665
-90.98020284617787,47.536817303099966
-90.98041513542253,47.53682554227053
-90.98062759744627,47.5368292848877
-90.98084005951296,47.5368330271115
-90.98105252162257,47.53683676894193
-90.98126498377512,47.53684051037901
-90.98147744597057,47.53684425142272
-90.98169008081815,47.536843495908954
-90.9819025430813,47.53684723616533
-90.98211500538737,47.53685097602838
-90.98232847022211,47.53685023393867
-90.98254093259601,47.53685397301286
-90.98275374004943,47.53684871935957
-90.98296488761042,47.5368434361067
-90.98317638010562,47.53682916012774
-90.98338721503124,47.536810372989144
-90.98359739233344,47.536787074693684
-90.9838082269642,47.53676828677583
-90.98401971897741,47.53675400923285
-90.9842325259663,47.536748752825844
-90.98444567767132,47.53673450367945
-90.98465485197737,47.53671568501427
-90.98486122343746,47.53668331909344
-90.98506693704473,47.53664644203682
-90.9852711628185,47.536605039261964
-90.98547455835305,47.53656362153453
-90.98567878350522,47.536522218023414
-90.98588366602492,47.53648532490011
-90.98608937819458,47.536448445985364
-90.98629574779993,47.53641607745187
-90.9865014594317,47.5363791977889
-90.98670717078585,47.536342317752286
-90.98691288186238,47.53630543734201
-90.98711776273696,47.53626854198633
-90.98732198553503,47.53622713550956
-90.98752603591569,47.53619022484469
-90.98772877035253,47.536144292314845
-90.98793067452323,47.53609834485501
-90.98813091850825,47.536052367905306
-90.9883313341893,47.53600189441713
-90.98853091957513,47.53595140601102
-90.98872967466782,47.53590090269136
-90.98892676955079,47.53585036990392
-90.98912403603153,47.535795340586105
-90.9893196422741,47.53574028181087
-90.98951607803208,47.53568523724951
-90.98971251338767,47.53563019234502
-90.98990829032496,47.53557063635808
-90.99010389494534,47.535515576218096
-90.99029949916482,47.535460515737775
-90.99049593289583,47.53540546946424
-90.99069236622438,47.53535042284754
-90.9908896290614,47.53529539043184
-90.9910875496084,47.53524486840425
-90.99128629969384,47.53519436057023
-90.99148504940686,47.53514385238555
-90.99168379874747,47.53509334385022
-90.99188188953532,47.53503832423358
-90.99207897830114,47.53498778592676
-90.9922754084842,47.53493273654608
-90.99247035013036,47.53487316156144
-90.99266446143895,47.53481357170694
-90.99285857231581,47.53475398151663
-90.99305185285846,47.53469437646215
-90.9932451329711,47.53463477107474
-90.9934384126537,47.53457516535441
-90.993632350232,47.534520070024264
-90.99382728886903,47.53446049268276
-90.99402288543082,47.53440542572413
-90.99421931148936,47.53435037294511
-90.99441573714542,47.53429531982296
-90.99461299229515,47.5342402808747
-90.99481107693622,47.53418525609601
-90.99500815982277,47.534134712657284
-90.99520690212759,47.53408419789917
-90.99540581547976,47.53402918658623
-90.99560455702236,47.53397867112627
-90.99580395669915,47.53393266602943
-90.99600435729579,47.533882178881186
-90.99620541605744,47.53383620208846
-90.99640730436734,47.53379023944152
-90.99661050948275,47.53375329785387
-90.99681620399026,47.5337163994045
-90.9970227281085,47.533679515081026
-90.99722908068642,47.533647126590495
-90.99743643415273,47.53361025601093
-90.99764212756503,47.53357335606187
-90.99784616092619,47.533536426752285
-90.99805053639251,47.53349050465134
-90.99825622893776,47.53345360358635
-90.99846538601231,47.533434759445036
-90.9986758604461,47.53342493632203
-90.99888799458408,47.533415141783216
-90.99910061634031,47.533414353764705
-90.99931323810276,47.53341356535169
-90.99952651869312,47.53341728724146
-90.99973997037202,47.53341651251825
-90.99995242114397,47.53342021913642
-91.00016504296781,47.5334194291435
-91.00048523305612,47.533407017342206
-91.00075065055114,47.5333936494772
-91.00101606793066,47.53338028099558
-91.00128131428112,47.53337140811822
-91.00154673145244,47.53335803840417
-91.00181197764014,47.533349164295835
-91.00207788279822,47.533344800258284
-91.00234278722324,47.53334491736614
-91.00260852155503,47.53334504832076
-91.00287408513047,47.533349674884604
-91.00313964877225,47.53335430083384
-91.0034058716351,47.533363436848425
-91.00367126472308,47.53337255779472
-91.00393748781002,47.533381692577265
-91.00420271045748,47.53339530852421
-91.00446710337374,47.533408909413915
-91.00473115520803,47.533431502156255
-91.00499454799603,47.53344958362088
-91.00525759983566,47.533476656946185
-91.00551982207494,47.5335037152337
-91.0057820446028,47.53353077292517
-91.00604409691162,47.53356232625434
-91.00630514917606,47.533598360791
-91.00656620181653,47.53363439473813
-91.0068264249396,47.5336704136672
-91.0070866484373,47.5337064320105
-91.00734587201737,47.53374693158043
-91.00760492563894,47.53379192680752
-91.00786249028218,47.53383239637462
-91.00811905511009,47.53387734718848
-91.00837545008325,47.533926793673956
-91.00862935585826,47.53397619634594
-91.00888209169125,47.534034576530594
-91.00913399820006,47.534092941753705
-91.00938424547931,47.53415127761056
-91.0096334932213,47.53421409476332
-91.00988174148543,47.53428139321927
-91.01012833058812,47.53434866233652
-91.01037409042908,47.534415916528715
-91.01061885088271,47.534487652046664
-91.01086112228963,47.53455934385228
-91.01110239437816,47.534635517003565
-91.01134100738072,47.53471614271526
-91.01157979116881,47.53479227169194
-91.01181657578728,47.5348773638919
-91.012054361102,47.53495797375464
-91.01229131724003,47.53503856874434
-91.01252827411622,47.5351191632537
-91.01276340194666,47.53520422476172
-91.01299770062694,47.535289271413085
-91.01322951030583,47.53537427444763
-91.0134576612748,47.5354682120044
-91.01368332328833,47.535562105979444
-91.01390549655576,47.53566043826309
-91.0141250110423,47.53576322325219
-91.01434452639421,47.53586600783164
-91.01456421240516,47.5359642957463
-91.01478455940484,47.53606709387739
-91.01500673690417,47.53616542407937
-91.01523057511947,47.53626378259779
-91.01545458390031,47.53635764443245
-91.01567742414525,47.53646048398992
-91.01590143457871,47.53655434497204
-91.01612610610154,47.53665271614729
-91.0163534379589,47.5367466337143
-91.01658426005676,47.53683611201548
-91.01681774240618,47.53692113667236
-91.01705654440177,47.53699725447294
-91.01729617705352,47.53707338613861
-91.017537470319,47.5371495460161
-91.01777876429624,47.53722570539483
-91.01802188840377,47.53729739670803
-91.01826584314514,47.53736910186093
-91.0185106285241,47.537440820848246
-91.01875624454442,47.537512553664776
-91.01900286063363,47.53757980403925
-91.01925113729263,47.53764708257059
-91.01949958398349,47.53770986430546
-91.01974886124707,47.53777265984578
-91.01999830846114,47.53783095858352
-91.02024941617695,47.537889285450625
-91.0205013544331,47.537947626105655
-91.02075346254054,47.53800146994418
-91.02100723111954,47.538055341889056
-91.02126183020536,47.53810922760422
-91.02151742901313,47.53815863081195
-91.02177385829033,47.53820804777767
-91.02203045723527,47.53825296790272
-91.02228871658394,47.538297916094734
-91.02254697639147,47.53834286371095
-91.02280540576126,47.53838331447579
-91.02306466552267,47.53842377897552
-91.02332392570084,47.53846424289439
-91.02358401627365,47.53850472054076
-91.02384427628026,47.53854070132418
-91.0241037066816,47.538576667217036
-91.02436396743583,47.538612646830366
-91.02462539644381,47.5386396475979
-91.02488848570124,47.53866667637089
-91.02515174415251,47.5386892082621
-91.02541683169474,47.538707271859735
-91.02568191943833,47.53872533484692
-91.02594717622014,47.53873890093978
-91.0262132631414,47.53875248071015
-91.02647868902748,47.538761549292076
-91.02674411502448,47.538770617260724
-91.02700871114824,47.53877967033241
-91.02727430609049,47.53878424078898
-91.02754040720124,47.53877532176638
-91.02780650824107,47.53876640212476
-91.02807177922573,47.53875746758816
-91.02833705013948,47.53874853243636
-91.0286023209823,47.53873959666934
-91.02886759175419,47.53873066028713
-91.02913303101958,47.538717226997235
-91.02939830162684,47.5387082893839
-91.02966357216316,47.53869935115537
-91.02992884262852,47.53869041231165
-91.0301941130229,47.53868147285274
-91.03045955179702,47.5386680364825
-91.0307248220267,47.53865909579247
-91.03099009218536,47.53865015448723
-91.03125536227301,47.538641212566795
-91.03152080064946,47.53862777373215
-91.03178607057234,47.538618830580624
-91.03205150873845,47.53860539051341
-91.03231594851269,47.53859643188558
-91.03258138646856,47.53858299058776
-91.03284665606179,47.53857404497592
-91.03311126382361,47.53856058820611
-91.03337670145262,47.538547145061
-91.03364213896504,47.53853370129926
-91.03390674637741,47.538520242687206
-91.03417135367332,47.53850678346238
-91.03443679083605,47.538493337854554
-91.03470139789898,47.53847987740223
-91.03496600484544,47.53846641633708
-91.03523061167542,47.538452954659164
-91.03549538640772,47.538434996058534
-91.035759992982,47.5384215331543
-91.03602476741315,47.53840357332592
-91.03628954168235,47.53838561288332
-91.03655414786166,47.53837214813926
-91.03681892182966,47.538354186468894
-91.03708286565356,47.53833620997366
-91.03734763929772,47.53831824707674
-91.0376124127799,47.538300283565576
-91.03787635611839,47.538282305235306
-91.03814112927667,47.5382643404976
-91.03840507229157,47.53824636094462
-91.038669182891,47.538223884462646
-91.03893312555977,47.538205903688144
-91.03919723576766,47.538183425983185
-91.03946117809022,47.5381654439872
-91.03972528790655,47.538142965059286
-91.03998856753556,47.538120471329954
-91.0402525093276,47.53810248750324
-91.04051512617339,47.53807548204727
-91.0407777427677,47.538048475985676
-91.04103886669476,47.53801694462942
-91.04130015784649,47.537980916347806
-91.0415606186797,47.53794487328711
-91.04182091169848,47.53791332595656
-91.04208220185258,47.537877295876626
-91.04234415421342,47.53784577569701
-91.04260676884762,47.53781876541416
-91.04286938323028,47.53779175452564
-91.04313199736143,47.53776474303153
-91.04339378126521,47.53773771676693
-91.04365656221039,47.537706207731034
-91.04391917556457,47.537679194421194
-91.04418178866716,47.5376521805057
-91.04444357154364,47.537625151827434
-91.04470618414337,47.53759813670261
-91.04496896369535,47.53756662463612
-91.0452315757693,47.53753960829934
-91.04549418759161,47.537512591356936
-91.04575596918934,47.537485559661235
-91.04601858050873,47.53745854150951
-91.0462813586673,47.537427026412495
-91.04654396946081,47.537400007048795
-91.04680658000267,47.53737298707951
-91.04706836032143,47.537345952366444
-91.04733097036028,47.53731893118785
-91.04759358014745,47.53729190940364
-91.04785618968293,47.53726488701381
-91.04811896589932,47.53723336767363
-91.04838157490882,47.537206344071876
-91.04864418366661,47.53717931986454
-91.0489059622034,47.537152280926776
-91.04916857045808,47.53712525551014
-91.049431178461,47.53709822948791
-91.0496937862122,47.537071202860076
-91.04995656048604,47.53703967927683
-91.05021916771112,47.53701265143712
-91.05048177468446,47.536985622991786
-91.05074438140603,47.53695859394088
-91.05100698787585,47.53693156428439
-91.0512687641273,47.536904519914664
-91.05153137009383,47.536877489048905
-91.05179397580855,47.536850457577565
-91.052056747865,47.53681892914504
-91.05231935305349,47.53679189646183
-91.05258195799016,47.53676486317303
-91.052844562675,47.53673782927867
-91.053107167108,47.53671079477875
-91.05336977128916,47.53668375967324
-91.05363237521846,47.53665672396215
-91.0538949788959,47.536629687645515
-91.05415758232145,47.536602650723296
-91.05442018549513,47.53657561319554
-91.05468195845434,47.53654856097931
-91.05494555743165,47.53651703995973
-91.05520732986511,47.53648998653548
-91.05546993200889,47.53646294658667
-91.05573253390075,47.53643590603227
-91.05599513554068,47.53640886487235
-91.0562577369287,47.53638182310684
-91.05652033806476,47.5363547807358
-91.05678293894884,47.53632773775921
-91.05704553958101,47.53630069417706
-91.05730813996121,47.53627364998937
-91.05757074008942,47.536246605196126
-91.05783333996564,47.53621955979736
-91.05809593958988,47.536192513793026
-91.05835853896212,47.53616546718315
-91.05862113808236,47.53613841996778
-91.05888373695056,47.536111372146834
-91.05914633556677,47.53608432372035
-91.05940893393094,47.53605727468835
-91.05967153204308,47.536030225050816
-91.05993412990314,47.536003174807746
-91.06019755746746,47.53597613800198
-91.06046015482315,47.53594908654596
-91.06072408014346,47.5359310553213
-91.06098817112606,47.535908527106216
-91.06125292605425,47.53589050869545
-91.06151685086442,47.53587247563729
-91.0617809412687,47.535849945586534
-91.06204569568618,47.53583192533653
-91.06231011851862,47.535822897239875
-91.06257603550047,47.5358183929676
-91.06284095683507,47.53581837043928
-91.06310670814358,47.53581836132045
-91.0633722938507,47.535822847972064
-91.06363887517539,47.53582285163962
-91.06390446098872,47.53582733705922
-91.06417004686635,47.53583182186412
-91.06443579833783,47.535831809664955
-91.0647013843214,47.535836293239754
-91.06496697036926,47.53584077619985
-91.06523272194286,47.53584076215376
-91.06549830809661,47.53584524388375
-91.06576372889855,47.53585422139195
-91.06602914981006,47.53586319828681
-91.06629457083115,47.53587217456838
-91.06655916200387,47.535881136239894
-91.06682458324379,47.53589011129679
-91.0670908345517,47.53589909973331
-91.06735526077189,47.5359125559677
-91.06761836141303,47.53593948679814
-91.06788162757762,47.53596192062998
-91.06814389881156,47.535988836274036
-91.06840700029306,47.53601576530512
-91.068669106932,47.53604717615495
-91.06893220901077,47.53607410398824
-91.06919448141461,47.536101017243595
-91.06945758406827,47.53612794387842
-91.06972068700962,47.536154869913034
-91.06998395529591,47.53617729894364
-91.07024722382518,47.5361997273727
-91.07051049259742,47.5362221552002
-91.07077475656828,47.53624009998663
-91.07103985070421,47.53625805813077
-91.07130411507346,47.53627600170183
-91.07156854456406,47.53628944825823
-91.07183280930877,47.53630739061515
-91.0720970742524,47.536325332365315
-91.07236133939499,47.53634327350877
-91.07262659953729,47.53635673158779
-91.07289086505565,47.53637467151514
-91.07315529556024,47.53638811442374
-91.07342055618821,47.53640157067145
-91.07368482225873,47.53641950877531
-91.07395008321807,47.53643296380174
-91.07421434966429,47.53645090068952
-91.074479610955,47.536464354494676
-91.07474404242889,47.5364777937502
-91.07500930402827,47.536491246333355
-91.07527373581019,47.53650468437074
-91.07553883313398,47.53652263215017
-91.0758032652464,47.53653606897008
-91.07606852748572,47.536549519109954
-91.07633378987953,47.53656296863791
-91.07659805795996,47.53658090005061
-91.07686332068495,47.53659434835723
-91.07712775358986,47.53660778213146
-91.0773930166234,47.53662122921611
-91.07765728543232,47.536639158195925
-91.077922548797,47.53665260405925
-91.07818698234013,47.536666035397815
-91.07845208167714,47.53668397646494
-91.07871635123692,47.5367019030125
-91.07898062099544,47.536719828953316
-91.07924489095265,47.53673775428734
-91.07950999108662,47.536755692917865
-91.07977458988891,47.536764624178005
-91.08004018297927,47.536769072298156
-91.08030660611212,47.53677353370106
-91.08057302930912,47.536777994485355
-91.08083961670296,47.53677795821908
-91.08110537413623,47.5367779074411
-91.08137062978294,47.53676884929038
-91.08163505537783,47.536759776636714
-91.08189897900469,47.53674169661614
-91.08216306648755,47.53671911954977
-91.08242798374043,47.53669655575385
-91.08269140480141,47.53666946714506
-91.08295498955997,47.536637881489305
-91.08321707799314,47.53660177103166
-91.0834766761529,47.53656561834606
-91.0837332818343,47.53652041669717
-91.08398673104944,47.53647066254368
-91.08423635760555,47.536411845595396
-91.08448133141071,47.53634395200825
-91.08472414227268,47.53626702340647
-91.0849636325492,47.53619003882484
-91.085200959736,47.53610401925827
-91.0854381224217,47.53602249563295
-91.08567378816116,47.53593644734324
-91.08590131716558,47.535845763543236
-91.08612170305523,47.53574596168942
-91.08634291807908,47.5356461732521
-91.0865697783714,47.535550977785896
-91.08679497792842,47.535455754157255
-91.08702100663751,47.53536054392184
-91.087245538196,47.53526080908389
-91.08747073531049,47.53516558408856
-91.08769593161739,47.535070358637896
-91.08792278702477,47.53497516041588
-91.08815113802756,47.534884485865255
-91.08838197810594,47.53479385236324
-91.08861597374215,47.534707770185605
-91.08885213159846,47.53463072193343
-91.08909243851366,47.53455374235127
-91.0893342412375,47.53448128637395
-91.08957786657113,47.534404361079346
-91.08982315109361,47.53432746291219
-91.09007009479838,47.534250591861706
-91.0903177044289,47.53417823055165
-91.09056697327425,47.534105896341636
-91.09081690812376,47.53403807186033
-91.09106850222172,47.533970274462305
-91.09132076240354,47.53390698678123
-91.09157352553419,47.533852705276175
-91.09182794803283,47.53379845083293
-91.09208287365031,47.53375320255665
-91.09233913245343,47.53371697425567
-91.09259522781014,47.53368524184201
-91.09285265657012,47.53366252939577
-91.09311158193034,47.533644340443175
-91.09337350078434,47.533635199047005
-91.09363691641586,47.53363058111978
-91.09390249583065,47.533634996919446
-91.09416973518069,47.53363943969739
-91.09443747862653,47.53365288858778
-91.09470605216491,47.533666350647316
-91.09497430004677,47.53368880502255
-91.09524254817654,47.53371125877317
-91.09551047083218,47.53374270484495
-91.09577673394905,47.53377412272509
-91.09604200464689,47.53381002268227
-91.09630478590414,47.53384588068722
-91.09656574488388,47.53388620701173
-91.09682421445568,47.53392649141547
-91.09707920194198,47.53397121661654
-91.0973315373409,47.534020396412544
-91.0975837105417,47.534074072137294
-91.09783389905238,47.53413671273117
-91.09808226563635,47.53420382172933
-91.09832881034912,47.534275399144256
-91.09857353324516,47.53435144498828
-91.0988147744766,47.53443193174765
-91.09905336403948,47.53451687320608
-91.09928930198043,47.53460626938065
-91.09952109095782,47.534695596289595
-91.09974856844414,47.53478935044088
-91.09997173447225,47.5348875318605
-91.10019075154096,47.534985644089716
-91.10039948499161,47.53509258385932
-91.10059528253706,47.53521280645968
-91.10078079655007,47.53534185671882
-91.10095867935497,47.53547527944385
-91.10113142084732,47.53561311590948
-91.10130151094683,47.53575540737472
-91.10147243193818,47.53589771234114
-91.10164517615553,47.53603554806095
-91.10181958123493,47.536173411013245
-91.10198402744345,47.53631110882402
-91.10214482995447,47.5364577444264
-91.10230579565344,47.536599883323724
-91.10246410996761,47.53674647728106
-91.10262258742996,47.53688857453953
-91.10278853568676,47.5370307952013
-91.10296559927107,47.537164201189995
-91.10314266375214,47.53729760691468
-91.10331873691518,47.537435495134694
-91.10349497319942,47.5375688866032
-91.10367187819482,47.53770678802988
-91.10384977629414,47.53784020642926
-91.10402933531282,47.53797365201429
-91.10421055526402,47.53810712477733
-91.10439442830156,47.5382361419417
-91.10458162230323,47.53836521370958
-91.10477312940849,47.538489857292575
-91.10496977962077,47.53861008638847
-91.10517090496957,47.53872139075877
-91.10537701131355,47.53883277708508
-91.1055880986861,47.538944245341014
-91.105803499105,47.53905128529045
-91.10602238251501,47.53915388319707
-91.10624557891279,47.53925205275096
-91.10647126624787,47.53935026300634
-91.10669960647206,47.53944401745118
-91.10693142957784,47.53953332977459
-91.10716408351762,47.539622655342534
-91.10739939025085,47.539707525054965
-91.10763552779392,47.53979240799409
-91.10787265799024,47.53987280765456
-91.10811078078449,47.539948724029635
-91.1083542081369,47.54001572908727
-91.10860443825729,47.54007834668135
-91.10885930448472,47.540127542687024
-91.10911749139022,47.54017679289119
-91.10937849236187,47.54021709057591
-91.10964032379856,47.54025740135761
-91.10990148727332,47.54029320135728
-91.11016182107177,47.5403289870845
-91.11042314691545,47.540360289399
-91.11068661799267,47.54037812895727
-91.11095274099743,47.54039151243407
-91.11121902571212,47.54040039878639
-91.11148531053543,47.540409284521395
-91.11175092692646,47.54041365945843
-91.112016704868,47.540413537270084
-91.11228248282688,47.5404134144655
-91.11254826080305,47.54041329104469
-91.11281387737698,47.54041766352032
-91.1130796554105,47.54041753886774
-91.11334527208716,47.540421910112975
-91.1136108888265,47.5404262807434
-91.11387666695731,47.540426154243534
-91.11414228379932,47.54043052364353
-91.11440806198739,47.54043039591194
-91.11467367893204,47.54043476408155
-91.11493945717736,47.54043463511821
-91.11520424417124,47.54043898841173
-91.11547002247357,47.54043885821851
-91.11573563962322,47.540443223929294
-91.11600125683547,47.54044758902523
-91.11626703523487,47.540447456984744
-91.11653265254964,47.540451820850265
-91.11679843100615,47.540451687578035
-91.1170640484234,47.540456050213194
-91.11732982693692,47.54045591570919
-91.11759544445664,47.540460277113944
-91.1178610620389,47.54046463790386
-91.11812684064931,47.54046450155257
-91.11839245833399,47.54046886111206
-91.11865823700137,47.54046872352901
-91.11892385478839,47.54047308185812
-91.11918947263791,47.5404774395724
-91.11945525140203,47.54047730014205
-91.11972086935387,47.540481656625936
-91.11998664817487,47.54048151596381
-91.12025226622899,47.54048587121729
-91.12051855364103,47.540494735995686
-91.12078401110435,47.54050358655137
-91.12104896005013,47.54050342982241
-91.12131489976319,47.54049878954807
-91.121580170061,47.54048963852128
-91.12184627034196,47.54048050047704
-91.12211154049167,47.540471348218055
-91.12237697116954,47.540457698806655
-91.12264173225029,47.540439538648826
-91.12290566310946,47.54042136428694
-91.12316825475928,47.54039416905989
-91.1234293465543,47.540362449515
-91.12368826886295,47.540321695536456
-91.12394569114359,47.54027641726097
-91.12420244338728,47.54022662827823
-91.12445437526146,47.540172260698206
-91.12470030781304,47.540099797767255
-91.1249444192161,47.54003180369251
-91.12518636056699,47.53995477527845
-91.12554779992688,47.539857204293014
-91.12582195118941,47.53978520031244
-91.12609278152912,47.539713141398046
-91.12635978142605,47.53963202091229
-91.12661963057921,47.53954178462828
-91.12687631889163,47.53944699694786
-91.12713300629038,47.53935220867849
-91.1273888627349,47.53925740626287
-91.12764471826851,47.539162603262085
-91.12790073301323,47.53906330312348
-91.12815658670257,47.538968498951576
-91.128411609446,47.53887368064471
-91.12866762136967,47.53877437874954
-91.12892347230516,47.53867957282327
-91.1291793223297,47.53858476631188
-91.12943600147268,47.53848997275763
-91.12969267970198,47.53839517861448
-91.12995018704419,47.53830039742102
-91.13020753354996,47.53821011219409
-91.13046669912976,47.53811535688564
-91.13072570391297,47.53802509753769
-91.13098470781954,47.53793483759099
-91.13124454086959,47.53784459057469
-91.1315043730404,47.5377543429559
-91.13176503434946,47.53766410825991
-91.13202652479285,47.53757388648101
-91.13228868462862,47.53748817417856
-91.13255100333836,47.53739796469782
-91.13281399148126,47.53731226468739
-91.13307780879165,47.53722657757635
-91.13334229561983,47.53714539992709
-91.13360860128613,47.53705975211011
-91.13387474649936,47.53697860023102
-91.13414156133568,47.536901957799955
-91.13440853496229,47.53682081816518
-91.13467716778801,47.53673970490434
-91.1349456402935,47.53666308757417
-91.13521411203182,47.53658646960358
-91.13548341300395,47.53650986449068
-91.1357527132067,47.53643325873348
-91.13602217205268,47.536352155756376
-91.13629147069331,47.53627554870976
-91.13656076856458,47.53619894101884
-91.13683006566647,47.5361223326836
-91.13709853200459,47.53604571021773
-91.1373671568709,47.53596459053215
-91.13763479165901,47.53588795330234
-91.1379017549398,47.535806805374826
-91.13816871741118,47.53572565681328
-91.13843484908443,47.53564449414109
-91.13869931997544,47.535563303889504
-91.13896311923384,47.53547760295901
-91.13922458682406,47.53538736441161
-91.13948522354606,47.535297111785326
-91.13974419942132,47.53520683161894
-91.14000250350409,47.53511204080213
-91.14025997668793,47.5350172359259
-91.14051728993499,47.53492692704542
-91.1407732603522,47.53482759747722
-91.14102824086258,47.534732750454644
-91.14127373763652,47.5346242516104
-91.14151591351668,47.53451569840853
-91.14176306822992,47.53440722539299
-91.14201089301248,47.534303261871656
-91.14225871682474,47.53419929779941
-91.14250653966664,47.53409533317628
-91.14275436153822,47.53399136800229
-91.14300234124153,47.53388290568207
-91.14324933118915,47.533778925964256
-91.14349715012949,47.53367495913876
-91.14374512683635,47.533566495164905
-91.14399211385738,47.533462513801084
-91.14423992986652,47.53335854532413
-91.14448774490533,47.5332545762963
-91.14473638892619,47.53315062014813
-91.14498420202285,47.533046650016836
-91.14523284409849,47.532942692761544
-91.14548231514853,47.53283874837678
-91.14573178522215,47.53273480343393
-91.14598125431937,47.53263085793298
-91.14623155238338,47.53252692529343
-91.1464816909714,47.53242748869752
-91.14673281703871,47.532323568351046
-91.14698461360982,47.53222415745994
-91.14723723917689,47.532124759413335
-91.1474906937356,47.53202537420571
-91.14774564883031,47.531930511848806
-91.14800143294987,47.53183566231746
-91.14825887602191,47.53174083901071
-91.14851781972,47.531650538528375
-91.14877759247052,47.53156025084856
-91.14903819426955,47.53146997596559
-91.14929962511319,47.53137971387376
-91.14956089684527,47.531293947786274
-91.1498239857907,47.53120371126217
-91.15008691566528,47.531117970736226
-91.15034984469607,47.531032229594366
-91.15061360280333,47.53094650122404
-91.15087653014523,47.53086075884848
-91.15114028656119,47.5307750292406
-91.15140487204751,47.530689312394685
-91.15166862676965,47.53060358154541
-91.15193388245395,47.53052237345277
-91.1521984654171,47.53043665473683
-91.15246454938143,47.53035545876736
-91.15273063253854,47.53027426216804
-91.1529983747075,47.53019309167897
-91.15326611606457,47.53011192055227
-91.1535345286366,47.53003525877925
-91.15380460025368,47.52995862309445
-91.15407534317075,47.52988649675056
-91.15434691526524,47.52981438311653
-91.15461931653408,47.52974228218638
-91.15489337687643,47.52967020731045
-91.15516644884414,47.529602615043636
-91.15544133764176,47.5295305521902
-91.15571622570243,47.52945848866657
-91.15599178525757,47.52939093445275
-91.15626817401896,47.52932339291241
-91.15654539198385,47.52925586403952
-91.15682245165915,47.52919283111996
-91.15710117047712,47.5291298242014
-91.15738056099232,47.52907132656921
-91.15765995090405,47.529012828247126
-91.15794099999688,47.52895435590316
-91.15822256342764,47.528904889468855
-91.15850495623867,47.52885543566535
-91.1587878635787,47.5288149877652
-91.15907160039312,47.5287745524865
-91.15935683919429,47.528738639787704
-91.15964358005334,47.52870724965858
-91.15993182304216,47.52868038208889
-91.16022156823331,47.528658037068375
-91.16051214308793,47.528635704627426
-91.16080323310271,47.528622378048986
-91.16109598276824,47.52860907735157
-91.16138857510633,47.528600272550655
-91.16168282714499,47.52859149361529
-91.16197609206824,47.528587197266134
-91.16227018685409,47.52858291346871
-91.16256428161412,47.528578628916115
-91.1628582192729,47.52857884025819
-91.1631514841177,47.52857454089978
-91.16344459191123,47.52857473744182
-91.16373686983988,47.528574919942415
-91.16402847487868,47.528570591755155
-91.16431976599017,47.52857525613255
-91.16461157321322,47.52858892636458
-91.16490239381874,47.5286070792272
-91.1651937307847,47.528634237947514
-91.16548439503312,47.528656885995545
-91.16577407283475,47.528684016689674
-91.16606375095631,47.52871114665571
-91.16635327262014,47.528742772552114
-91.16664196475953,47.5287743844508
-91.1669298273726,47.528805982358016
-91.16721753364787,47.52884207620741
-91.16750441044293,47.52887815607507
-91.16779294744448,47.52891426175527
-91.16808081159695,47.52894585679098
-91.16837049251751,47.528972980962
-91.16866033033979,47.52899560774074
-91.1689509983311,47.529018247044284
-91.16924068016249,47.52904536902736
-91.16953134872108,47.5290680068662
-91.1698220175512,47.52909064397126
-91.1701135165533,47.529113293588544
-91.17040434236047,47.52913143255562
-91.17069516838964,47.5291495707875
-91.17098682454257,47.52916772152383
-91.1712778073753,47.52918136161267
-91.17156962028292,47.529195014200326
-91.17186075977031,47.529204156141816
-91.17215205566507,47.52920880067252
-91.17244418153602,47.5292134576928
-91.1727364637151,47.529213617295184
-91.17302874591766,47.52921377615233
-91.17332201423191,47.5292094508114
-91.17361445261625,47.529205111498925
-91.17390704710854,47.52919627476262
-91.17419964152425,47.52918743727818
-91.17449156204425,47.529174089152704
-91.1747834824376,47.529160740281796
-91.1750747288354,47.52914288077537
-91.17536514515365,47.52912500731831
-91.1756548873774,47.5291026232354
-91.17594312553004,47.52907571532692
-91.17623084537627,47.52903980012182
-91.17651773494804,47.529003870989534
-91.17680478003354,47.528963444449246
-91.177090994797,47.528923003988595
-91.17737653507616,47.52887805292779
-91.17766274897475,47.52883761102695
-91.17794979235214,47.52879718159454
-91.17823600540952,47.52875673825014
-91.17852206230907,47.52872079087399
-91.17880827455038,47.52868034608883
-91.17909531626847,47.528639913763776
-91.17938152766847,47.528599467535024
-91.17966758300939,47.528563517277576
-91.17995379359326,47.5285230696081
-91.1802400037567,47.52848262121787
-91.18052704339439,47.528442185277406
-91.18081309717651,47.5284062321387
-91.18109930610277,47.528365781584974
-91.18138551460855,47.52832533031053
-91.18167172269386,47.52828487831536
-91.18195876025092,47.52824443875955
-91.18224481207827,47.52820848201963
-91.18253101892626,47.52816802786097
-91.1828172253537,47.52812757298164
-91.18310343136066,47.52808711738159
-91.18339046683685,47.528046674210486
-91.18367651670917,47.52801071386945
-91.18396272147864,47.52797025610597
-91.18424892582756,47.527929797621795
-91.18453512975587,47.527889338416934
-91.18482117806928,47.52785337519684
-91.18510821106801,47.527812927688544
-91.18539441375873,47.527772466320265
-91.18568061602883,47.52773200423134
-91.18596681787831,47.52769154142173
-91.18625286423627,47.52765557460064
-91.18653906526913,47.527615110350425
-91.18682526588135,47.527574645379566
-91.18711229595633,47.52753419281065
-91.1873984957267,47.527493726396365
-91.1876846950764,47.527453259261435
-91.18797073908263,47.527417288119466
-91.1882569376156,47.527376819543974
-91.18854313572787,47.52733635024782
-91.18882933341942,47.527295880231016
-91.18911636057018,47.52725542260167
-91.18940240262037,47.52721944785883
-91.18968859907388,47.5271789756788
-91.1899747951066,47.52713850277809
-91.19026099071858,47.52709802915678
-91.19054718590975,47.527057554814824
-91.19083322600416,47.52702157647329
-91.19112025025495,47.52698111378432
-91.19140644420791,47.52694063727918
-91.19169263774005,47.5269001600534
-91.19197883085135,47.526859682106995
-91.19226502354181,47.52681920344002
-91.19255106128355,47.52678322077788
-91.19283725315698,47.526742740670414
-91.19312344460955,47.52670225984234
-91.19340963564125,47.526661778293644
-91.19369665612409,47.526621309099156
-91.1939828463135,47.52658082610721
-91.1942688817022,47.52654483912461
-91.19455507107446,47.52650435469221
-91.1948412600258,47.52646386953924
-91.19512744855619,47.52642338366567
-91.19541363666563,47.526382897071535
-91.19569967009771,47.526346906490474
-91.19598585738991,47.5263064184559
-91.19627287412875,47.52626594275687
-91.1965590605785,47.526225453279096
-91.19684524660724,47.52618496308075
-91.19713143221499,47.526144472161846
-91.19741746329336,47.526108477260486
-91.19770364808376,47.5260679849012
-91.19798983245313,47.52602749182138
-91.19827601640141,47.52598699802099
-91.19856219992866,47.525946503500066
-91.19884921289797,47.52590602129594
-91.19913524162236,47.525870022074365
-91.19942142391056,47.52582952539048
-91.19970760577768,47.52578902798602
-91.19999378722368,47.525748529861055
-91.20027996824858,47.52570803101555
-91.20056614885237,47.525667531449535
-91.20085217522282,47.52563152790992
-91.20113835500901,47.52559102690361
-91.20142536423273,47.525550538195375
-91.2017115431761,47.52551003574594
-91.2019977216983,47.525469532575976
-91.20228374611054,47.52543352543614
-91.20256992381505,47.525393020825874
-91.20285610109838,47.525352515495136
-91.20314227796048,47.52531200944388
-91.20342845440138,47.52527150267215
-91.20371463042105,47.52523099517988
-91.20400148233294,47.525194996722135
-91.20428682768055,47.5251544747897
-91.20457300246115,47.52511396513672
-91.20485917682048,47.52507345476326
-91.20514467434849,47.525028433919694
-91.20543084784109,47.5249879221066
-91.20571702091242,47.52494740957304
-91.20600304019428,47.524911393079236
-91.20628921244766,47.52487087910544
-91.20657621412937,47.52483037739245
-91.20686306209471,47.52479437171723
-91.20715006295644,47.52475386855571
-91.20743608030298,47.52471784845851
-91.20772308034523,47.524677343850556
-91.20801075661724,47.52464134825417
-91.20829760266854,47.52460533896176
-91.20858527819333,47.52456934191283
-91.20887363006949,47.52453785386874
-91.20916198162058,47.524506365094595
-91.2094510096208,47.52447938531981
-91.20974019039123,47.524447908042546
-91.21002937083583,47.524416430031074
-91.21031938079895,47.52438496423944
-91.21060939043548,47.524353497709434
-91.21089955269191,47.52431753366827
-91.21119039149345,47.524286078608405
-91.21148122996763,47.524254622805984
-91.21177123827204,47.5242231533174
-91.21206192324536,47.52419619280752
-91.21235245511978,47.524173728332855
-91.21264298676675,47.524151263118576
-91.21293336541459,47.52413329394248
-91.2132237438848,47.52411532402815
-91.21351381673355,47.524106346934246
-91.2138029069656,47.52410185295621
-91.21409252166558,47.52410636473663
-91.2143821364361,47.52411087578603
-91.21467227587317,47.52412439259111
-91.2149624154802,47.524137908663775
-91.2152530799529,47.52416043048934
-91.21554374469525,47.52418295158109
-91.2158342571831,47.52420996872388
-91.21612461749041,47.52424148191982
-91.21641497816609,47.52427299438468
-91.2167043569138,47.524308989997586
-91.21699275380504,47.52434946876683
-91.21728115115997,47.524389946816044
-91.21756871913026,47.52443041124364
-91.21785530536069,47.52447535884544
-91.21814023240023,47.52452027994188
-91.21842417778993,47.52456968423167
-91.21870661630903,47.52461456524627
-91.21898792096209,47.52466842626408
-91.21926673664825,47.524722247930534
-91.21954358879297,47.5247850367381
-91.21981862971663,47.52485229590833
-91.22009268933884,47.52492403833842
-91.22036509000752,47.52499575435922
-91.22063650945657,47.52507195365799
-91.22090709984609,47.52514813944584
-91.22117670909901,47.52522880852569
-91.22144465946562,47.525309451233674
-91.22171276269631,47.52538559652668
-91.22197890297333,47.52547070905982
-91.22224006491628,47.52555574377705
-91.22249926405297,47.52564974577685
-91.22275597451397,47.5257437086082
-91.22301170411133,47.52584215481378
-91.22326841644984,47.52593611651872
-91.22352678946967,47.52603010337689
-91.22378878664523,47.526115147485406
-91.22405410419788,47.526200242425155
-91.22432402745478,47.52627191061437
-91.22459447777047,47.52635258463711
-91.22486425081158,47.526428748377086
-91.2251355326763,47.52650943399174
-91.22540598550222,47.526590106128815
-91.22567726905976,47.52667079048091
-91.22594855346436,47.52675147420077
-91.22622082025661,47.526827673319644
-91.22649391774442,47.526903884638685
-91.22676701603902,47.52698009531645
-91.22704094503443,47.5270563181865
-91.22731600785157,47.52712355962169
-91.2275919012847,47.52719081323494
-91.22786877684929,47.52725358220839
-91.2281474643772,47.52731187935981
-91.22842630400513,47.52736567902807
-91.22870612556288,47.52741499403284
-91.22898791030067,47.52745534037134
-91.2292715066867,47.52749121484255
-91.22955623611952,47.52751810780094
-91.22984262566905,47.52754502568264
-91.2301308266589,47.527567471658166
-91.23042068772281,47.52758994253072
-91.23071236013449,47.527607941469284
-91.23100501391713,47.52762145565413
-91.23129849777622,47.527634981896675
-91.23159296290846,47.527644023369966
-91.23188757933373,47.527648567266866
-91.23218302573702,47.52765312320375
-91.23247945323881,47.52765319435148
-91.23277505085704,47.52765325194049
-91.23307162947286,47.527648824733205
-91.23336737815424,47.52764438397004
-91.23366244791973,47.5276354328318
-91.23395766859953,47.52762198410643
-91.23425205924373,47.52760852183724
-91.23454494088973,47.52759053642349
-91.2348369924507,47.52757253748152
-91.23512836482,47.52755002818846
-91.23541724724491,47.52752747983231
-91.23570545038073,47.527500421143216
-91.23599116352622,47.52747332341891
-91.23627536738269,47.52744170261276
-91.23655738274527,47.52740104913743
-91.2368372094727,47.527351363007035
-91.23711552660627,47.527297153830624
-91.23739233407818,47.5272384216182
-91.23766778249525,47.52717066954399
-91.2379415704195,47.52710289128859
-91.23821482900813,47.52702610594243
-91.23848642701913,47.52694929443214
-91.23875734493453,47.52686797267981
-91.23902743213145,47.526786637528545
-91.23929766903944,47.52670080488903
-91.23956692467799,47.526619455697734
-91.23983534960624,47.52653809312128
-91.24010460360847,47.526456742643425
-91.24037385679195,47.526375391521306
-91.24064295874167,47.52629853659851
-91.2409080608762,47.526217120523285
-91.24116614433969,47.52612209870788
-91.24141788850316,47.52601798077195
-91.24166299261937,47.52591376044829
-91.24190273752048,47.52579595996473
-91.24214150119151,47.52568264308729
-91.2423794339634,47.52556931297486
-91.24261736571685,47.525455982353236
-91.24285529645192,47.52534265122244
-91.24309337636855,47.52522482273213
-91.2433313050459,47.52511149058232
-91.24356855299403,47.524993648358105
-91.24380564974814,47.52488030247921
-91.24404289560363,47.52476245924167
-91.24427999030684,47.524649112350794
-91.24451723406966,47.52453126809995
-91.24475349686168,47.52441790749221
-91.24499073853363,47.52430006222982
-91.24522699927985,47.52418670061534
-91.24546340900582,47.52406884164177
-91.24569981767853,47.52395098216469
-91.2459360753483,47.52383761904242
-91.24617248193535,47.52371975855906
-91.24640888746916,47.52360189757227
-91.24664529194975,47.52348403608201
-91.24688071566588,47.52337065825992
-91.24711711806259,47.52325279576518
-91.24735351940608,47.523134932766986
-91.24758908985689,47.523017056581295
-91.24782533931231,47.52290368944151
-91.24806173751874,47.52278582493545
-91.24829813467193,47.52266795992598
-91.24853355121842,47.52255457860144
-91.2487699462878,47.52243671258756
-91.24900634030399,47.52231884607026
-91.24924258360839,47.52220547591708
-91.24947897553902,47.522087608393676
-91.24971619624037,47.5219697530354
-91.24995243646677,47.52185638137301
-91.25018965507738,47.52173852500345
-91.250593569388,47.52155122539935
-91.25085514889984,47.52142474106383
-91.25111740748216,47.52130276564354
-91.25137966485705,47.521180789605225
-91.25164109121413,47.521058800294455
-91.25190349560057,47.52093232614706
-91.25216574933197,47.52081034825581
-91.25242717205106,47.52068835709791
-91.25268942336945,47.520566377972514
-91.25295167348041,47.52044439822913
-91.25321324189397,47.52031790834633
-91.25347548956893,47.520195927368135
-91.25373690624069,47.52007393313293
-91.25399915150265,47.519951950920685
-91.25426154477454,47.51982547120901
-91.25452295780839,47.51970347512684
-91.25478519942696,47.51958149106187
-91.2550466100515,47.51945949374955
-91.25530816859755,47.519332998938815
-91.25557040657458,47.519211013023124
-91.25583347312543,47.51908903911318
-91.25609487890652,47.518967039338
-91.25635145385208,47.51884046634251
-91.25660251716408,47.5187048106525
-91.25685191963996,47.51856912916068
-91.25709800174904,47.518433396649264
-91.25734174223125,47.51829312886259
-91.25758299211611,47.51815282270535
-91.25781609197102,47.51800789303865
-91.25804036092089,47.517853830412534
-91.25825730957847,47.51769515698191
-91.25847093789396,47.517536432702805
-91.25868305423394,47.51737318590558
-91.25889350974855,47.51720991349239
-91.25910396395349,47.51704664067165
-91.2593150978266,47.5168878769373
-91.25952969815636,47.51672466628297
-91.25974580790614,47.516565977292224
-91.25996191635026,47.51640728787326
-91.26017719375038,47.51624858543437
-91.26039081037783,47.51608985739029
-91.26060042570194,47.51592656908523
-91.2608052099728,47.515758707953545
-91.26100418483398,47.515590758335975
-91.26119500976395,47.51541818560961
-91.26138002537391,47.51524552446549
-91.26156518833058,47.51506836609971
-91.26174952031442,47.51489119483368
-91.26193385104848,47.51471402325015
-91.26211720230205,47.51454133567624
-91.26230070084644,47.51436415088382
-91.26248336843969,47.514186953202106
-91.26266603479408,47.5140097552084
-91.26284787020819,47.51383254433082
-91.2630297043889,47.51365533314397
-91.26321153733622,47.51347812164783
-91.26339253935689,47.513300897274625
-91.2635735401496,47.513123672594844
-91.26375371002655,47.51294643504336
-91.26393470836615,47.51276920975179
-91.26411502413319,47.51258747468056
-91.26429436064412,47.51241022365444
-91.2644745256149,47.5122329848869
-91.26465385968909,47.512055733257085
-91.26483334081898,47.51187398441313
-91.26501267244299,47.51169673218037
-91.26519200285003,47.511519479646466
-91.26537148026408,47.51133772989673
-91.26554997856056,47.51116046420814
-91.26572930530331,47.51098321077149
-91.26590794934947,47.51080144756827
-91.26608644399266,47.5106241809823
-91.26626493742441,47.510446914097855
-91.26644357777158,47.51026514999689
-91.26662206876436,47.51008788251494
-91.26680055854575,47.509910614734515
-91.26697919519405,47.509728849735914
-91.26715768253653,47.50955158135801
-91.2673361686677,47.50937431268166
-91.26751563124759,47.50919255932263
-91.26769411493721,47.5090152900475
-91.26787259741553,47.50883802047392
-91.26805205628585,47.50865626621197
-91.26823136594214,47.50847900857153
-91.26841067438173,47.50830175062998
-91.26859012953702,47.508119995462565
-91.26876943552705,47.50794273691831
-91.26894956990891,47.50776549059952
-91.26912887346299,47.507588231451834
-91.2693091532707,47.50740648759982
-91.26948845437259,47.507229227848136
-91.2696637541053,47.507047408261215
-91.26983656383274,47.50686555082562
-91.27000703138394,47.50667915862358
-91.27017569075004,47.506497238041995
-91.27034366712661,47.506310807745386
-91.2705116423017,47.50612437718172
-91.27068127543617,47.50593797137823
-91.27085158920838,47.50575607474709
-91.27102522009238,47.50557422788675
-91.27120133848264,47.50539241827192
-91.2713814558138,47.50521516784141
-91.2715673788896,47.505038004656654
-91.27175798279934,47.50486991005284
-91.27195522197769,47.504701915145425
-91.27215977831321,47.50453852933814
-91.27237165179379,47.504379752592
-91.2725916719654,47.50422559736615
-91.2728156910567,47.50407600112483
-91.27304302707405,47.50392645441046
-91.27327533908543,47.50377698219183
-91.27351082047085,47.503632056392796
-91.2737496187345,47.50348718005387
-91.27399241594499,47.503346862584614
-91.2742377004817,47.50320658204347
-91.27448630186258,47.50306635089977
-91.27473807268198,47.502930666075144
-91.27499218344931,47.502799515067686
-91.2752479520187,47.50266838843791
-91.27550703743638,47.50253731113065
-91.27576763333504,47.50241075511722
-91.27602988703893,47.502284223441265
-91.27629365129319,47.50216221303903
-91.2765590733768,47.50204022695258
-91.276826006082,47.50192276211949
-91.27709361995036,47.50180980606383
-91.27736206219723,47.50169686183118
-91.2776338213623,47.50158396680311
-91.27790943273463,47.50148012732054
-91.27818919059139,47.50137634945186
-91.27847294785695,47.50127713012006
-91.27876085161188,47.501177972341964
-91.27905177832196,47.501087857544185
-91.27934519257117,47.500997779344075
-91.27964094739656,47.500912234679014
-91.27993904286423,47.50083122353191
-91.2802394790415,47.50075474588554
-91.28054157336813,47.50067829232228
-91.28084434948985,47.50060634734963
-91.28114849016158,47.500543420360664
-91.28145277692069,47.5004759955936
-91.28175759888218,47.500417576364754
-91.28206310294343,47.50036366570922
-91.28237026539348,47.50030977908704
-91.28267962234716,47.5002649228392
-91.28299215011677,47.500224612408445
-91.2833061897862,47.500188822927505
-91.28362174143392,47.50015755438504
-91.2839396346338,47.500130819186204
-91.284258357029,47.500104095515844
-91.2845777620932,47.500081880336
-91.28489784990789,47.500064173642045
-91.28521779106089,47.50005096302203
-91.2855385615716,47.500037763911955
-91.28585850245209,47.50002455149955
-91.28617746731393,47.500015822764524
-91.28649560260037,47.50000708074256
-91.28681290831139,47.49999832544056
-91.28713172662167,47.49999409102083
-91.28745205761336,47.4999943774718
-91.28777224238073,47.49999916000421
-91.28809408621979,47.50000396641599
-91.28841480825253,47.50001775349675
-91.28873455481212,47.5000360242792
-91.28905235033977,47.500063263372304
-91.28936834111057,47.50009497381402
-91.28968169770394,47.50013114324509
-91.28999227412959,47.50017626866966
-91.29029841153951,47.500230325370765
-91.290604549599,47.50028438126168
-91.29090971282082,47.50034292095983
-91.29121390127912,47.50040594447383
-91.29151726098243,47.50046895482726
-91.29182032961305,47.50054095835757
-91.29212271547001,47.500608451752356
-91.29242329724919,47.50068041663471
-91.29272373403566,47.50075687772591
-91.29302334220363,47.50083332568863
-91.293321975966,47.50091425751817
-91.29361895163937,47.500995163886664
-91.29391592824325,47.50107606949612
-91.29421124674688,47.50115694966157
-91.29450559097494,47.50124231372747
-91.29479910665621,47.50132766471005
-91.29509096426649,47.501412990279434
-91.29538116379695,47.5014982904482
-91.29566512086603,47.501596994550106
-91.29594229725413,47.50170009631437
-91.2962150360277,47.50181212976959
-91.29648514187002,47.50192862260525
-91.29675261483098,47.50204957484033
-91.29701940497178,47.50216601714536
-91.2972877099202,47.50228698047986
-91.2975579660422,47.50239897384123
-91.29782724838034,47.50251545125923
-91.29809389791532,47.5026363881119
-91.299153872014,47.50312003099174
-91.29942052770585,47.503240964822496
-91.29968815943663,47.50335741334729
-91.29995925580818,47.50346941346283
-91.30023284201278,47.50358144984773
-91.30051086755003,47.5036845530723
-91.30079235758758,47.503783207811864
-91.30107814163605,47.503877426333815
-91.30136573095966,47.50396717173193
-91.30165580997215,47.50405695328696
-91.30194754912155,47.50414675869314
-91.30224109345542,47.50423209093082
-91.30253546832647,47.504317434710295
-91.30283247786811,47.50439831757847
-91.3031303179116,47.50447921196594
-91.3034291333996,47.504555620856756
-91.3037296089217,47.504632053527075
-91.30403105979819,47.50470400068093
-91.30433431553332,47.50477147457989
-91.30463757206536,47.504838947685485
-91.30494194859541,47.504897438237684
-91.30524715540203,47.50495594025291
-91.30555333724776,47.50500995671041
-91.30586215322154,47.505059512119495
-91.30617374796007,47.505100109442594
-91.3064879766317,47.5051362456715
-91.30680400957887,47.50516790853165
-91.30712087251388,47.505199582774914
-91.30743885463752,47.50522227435775
-91.3077576666445,47.50524497730713
-91.3080774530814,47.505263194596324
-91.30839641017717,47.50528139875545
-91.3087153675174,47.50529960202978
-91.30903266592752,47.505317779947205
-91.30935010901712,47.505331459966285
-91.30966784111463,47.50533614506145
-91.30998600643977,47.50532733820409
-91.31030514562511,47.5053140456642
-91.31062428467315,47.5053007522338
-91.31094273829676,47.505282948664224
-91.31126036214123,47.505265131987315
-91.31157730045304,47.505242805182
-91.3118949238875,47.50522498674105
-91.31221362953812,47.505225179961165
-91.31253316480228,47.50522538450597
-91.31285270009292,47.5052255881601
-91.31317306499764,47.505225803129655
-91.31349425951683,47.505226029407694
-91.31381462447519,47.505226242584364
-91.31413484543269,47.5052309518996
-91.31445506647161,47.50523566032104
-91.31477348444183,47.505244840494974
-91.31509175860097,47.50525851682186
-91.31540822985167,47.50527666492399
-91.3157227543799,47.505303781854764
-91.31603547620846,47.5053353705938
-91.31634722500434,47.50537144333996
-91.31665966002885,47.50541202446383
-91.31697195177087,47.50545710178208
-91.31728410030969,47.50550667529677
-91.31759610572456,47.50556074500994
-91.31790645261037,47.50561478953747
-91.31821582687667,47.50567331810542
-91.31852422859872,47.50573633072249
-91.31882916905388,47.50580379090148
-91.31913230750568,47.50587572299684
-91.3194319848197,47.50595210270173
-91.31972820105567,47.506032930043794
-91.3200209562714,47.50611820505044
-91.32030873481597,47.50620340639203
-91.32059207930776,47.506297540354296
-91.32087362215108,47.5063961463745
-91.32115156074983,47.506503697218285
-91.3214278412708,47.50661122310698
-91.32170051769602,47.50672769386334
-91.32196890388784,47.506848600320566
-91.32223397284653,47.50696945759867
-91.32249460828116,47.50709924768476
-91.32275095359077,47.50723347355752
-91.32300149283547,47.507367613922426</coordinates></LinearRing></outerBoundaryIs></Polygon></Placemark></Document></kml>