<kml xmlns="http://www.opengis.net/kml/2.2"><Document>
<Placemark>
<ExtendedData>
  <Data name="COMNAME"><value>CALIFORNIA RED-LEGGED FROG</value></Data>
  <Data name="SCINAME"><value>RANA DRAYTONII</value></Data>
  <Data name="SPCODE"><value>D02D</value></Data>
  <Data name="VIPCODE"><value>V01</value></Data>
  <Data name="UNIT"><value></value></Data>
  <Data name="SUBUNIT"><value></value></Data>
  <Data name="UNITNAME"><value>ELD-1</value></Data>
  <Data name="SUBUNITNAM"><value></value></Data>
  <Data name="STATUS"><value>FINAL</value></Data>
  <Data name="LEADOFFICE"><value>FF08ESMF00</value></Data>
  <Data name="COOPOFFICE"><value>NONE</value></Data>
  <Data name="COOPOFMORE"><value></value></Data>
  <Data name="FEDREG"><value>75FR12816</value></Data>
  <Data name="PUBDATE"><value>20100317</value></Data>
  <Data name="EFFECTDATE"><value>20100416</value></Data>
  <Data name="VACATEDATE"><value></value></Data>
  <Data name="ACCURACY"><value></value></Data>
  <Data name="SINGLMULTI"><value>SINGLE</value></Data></ExtendedData>
  <Polygon>
<outerBoundaryIs>
  <LinearRing><coordinates>-120.5596355912522,38.760064820162064
-120.55736122148534,38.75890898202432
-120.55536580696702,38.75833119606026
-120.55400785880157,38.757282167114504
-120.55438396605037,38.75585091177688
-120.55671102231899,38.75254783820503
-120.55742088663314,38.75193651440218
-120.56199226760103,38.75044164313305
-120.56422982252873,38.74760067707763
-120.56466030304422,38.74521743215807
-120.56554503079377,38.74411937593176
-120.57014849822436,38.74207465181187
-120.57282724376711,38.73985532179691
-120.57562369684184,38.73797595795412
-120.57927319450093,38.73839414282454
-120.58320430335549,38.739551879518494
-120.58595098151955,38.73960866429224
-120.58933219091537,38.738960902733375
-120.59641934779764,38.73252920149633
-120.59706972992801,38.73134664188363
-120.59956302555358,38.729843155193215
-120.60129732644933,38.72820443522863
-120.6056691182244,38.72530422394304
-120.60994099716358,38.7253916808933
-120.61318071108461,38.72438154184276
-120.61428046950255,38.72344723987218
-120.61707824756272,38.721949586031485
-120.6172943237557,38.72004046848338
-120.61993538045688,38.71865914755799
-120.62234067494761,38.71790887950212
-120.62510774134466,38.7192034373237
-120.63044638834711,38.71892218617381
-120.63615566131435,38.72036167368936
-120.63936985130408,38.71895440800945
-120.64402790986033,38.71886606557863
-120.64562881048693,38.720284982506335
-120.64731473011781,38.72043936835704
-120.64959818218651,38.723416529711116
-120.65197468886981,38.722297851206726
-120.65380472570098,38.72468354072879
-120.65978690963644,38.72503766745765
-120.6683280832164,38.72935056046927
-120.67193655152339,38.729121784075666
-120.67427189524143,38.73009531003383
-120.6723749432944,38.732308120279846
-120.67140363521115,38.732928502796184
-120.66746650148862,38.734498840831904
-120.6664668484773,38.73532584053173
-120.66381282780351,38.73861553249803
-120.66311547326059,38.740475411603796
-120.66261632536472,38.74103051800152
-120.66187806597446,38.74154317221284
-120.66142207180674,38.74224985440863
-120.65863396419512,38.743663276513644
-120.64786928588995,38.74333402263583
-120.64427849525302,38.74427886018492
-120.64259469886346,38.744282581488726
-120.6423778728694,38.74356240020845
-120.63973387491144,38.743509016227215
-120.63945535124253,38.743202012332866
-120.63880126661881,38.74115442979146
-120.63881892376128,38.7391581047013
-120.63832240795762,38.73816857042343
-120.63732289254997,38.73784696665752
-120.63568731021454,38.73785156492675
-120.6353927027876,38.7380339658881
-120.63537407071053,38.73859869667185
-120.63567453630392,38.73969728980019
-120.63532935272721,38.73995401595929
-120.63258811424507,38.739936187465865
-120.63214428761052,38.74026625417012
-120.63196525231125,38.74131747233378
-120.63081153884113,38.741294082957474
-120.62964364662223,38.74315405921131
-120.62841692462663,38.743882614907086
-120.62781388747685,38.74466150643585
-120.6266576539804,38.744713373045094
-120.6252966194876,38.74513780958503
-120.62229546070553,38.74714877439613
-120.61918742254113,38.74802730846268
-120.61470893229733,38.74816200257558
-120.61368557079656,38.74855551187569
-120.61044445912643,38.7490920336403
-120.6037232002287,38.75155380155523
-120.60000883418405,38.75328585885737
-120.59496831684363,38.7543877334274
-120.59129534144988,38.75630872170926
-120.58695031455862,38.758178027550564
-120.58588364884181,38.75841969810628
-120.58580908215782,38.7577777261798
-120.58533587959145,38.75754190132828
-120.58169279195855,38.759990636151095
-120.57935687925558,38.76077104560674
-120.56999389554049,38.76061433321119
-120.56865822130769,38.76018992810941
-120.56740999353683,38.76009643925134
-120.56206548419237,38.76060214042201
-120.5596355912522,38.760064820162064</coordinates></LinearRing></outerBoundaryIs>
<innerBoundaryIs>
  <LinearRing><coordinates>-120.6016495571514,38.74801132118075
-120.60193123670336,38.74469704548686
-120.59513077267691,38.744724807124406
-120.59476778157156,38.74801542001681
-120.6016495571514,38.74801132118075</coordinates></LinearRing></innerBoundaryIs></Polygon></Placemark>
<Placemark>
<ExtendedData>
  <Data name="COMNAME"><value>CALIFORNIA RED-LEGGED FROG</value></Data>
  <Data name="SCINAME"><value>RANA DRAYTONII</value></Data>
  <Data name="SPCODE"><value>D02D</value></Data>
  <Data name="VIPCODE"><value>V01</value></Data>
  <Data name="UNIT"><value></value></Data>
  <Data name="SUBUNIT"><value></value></Data>
  <Data name="UNITNAME"><value>SCZ-1</value></Data>
  <Data name="SUBUNITNAM"><value></value></Data>
  <Data name="STATUS"><value>FINAL</value></Data>
  <Data name="LEADOFFICE"><value>FF08ESMF00</value></Data>
  <Data name="COOPOFFICE"><value>NONE</value></Data>
  <Data name="COOPOFMORE"><value></value></Data>
  <Data name="FEDREG"><value>75FR12816</value></Data>
  <Data name="PUBDATE"><value>20100317</value></Data>
  <Data name="EFFECTDATE"><value>20100416</value></Data>
  <Data name="VACATEDATE"><value></value></Data>
  <Data name="ACCURACY"><value></value></Data>
  <Data name="SINGLMULTI"><value>SINGLE</value></Data></ExtendedData>
  <Polygon>
<outerBoundaryIs>
  <LinearRing><coordinates>-122.2828336146245,37.17984662752709
-122.28011037232861,37.18139398551378
-122.27996403259232,37.1819317216513
-122.28035850395003,37.18304063181756
-122.27976107780107,37.18429432656344
-122.28025168160424,37.18495989549238
-122.28014986694028,37.18581109952939
-122.27935209757297,37.187906423527664
-122.27843567079218,37.18869182157743
-122.27838227318674,37.19021488796903
-122.27740403460521,37.191601490004224
-122.27733127881824,37.19233578315398
-122.27424216506995,37.192429467736865
-122.27325961548179,37.19210341561053
-122.271651436371,37.19239769819752
-122.27100810014724,37.192317182610786
-122.2705336784378,37.19275367491054
-122.27045703313627,37.193548636837576
-122.26951554812706,37.19425049946479
-122.26767252326322,37.194317913293006
-122.26659414854386,37.19459513628054
-122.26465767095127,37.19459215384784
-122.26282024696127,37.19526573913251
-122.26002498873231,37.197981764222675
-122.25846416896991,37.198285228790525
-122.25750489439353,37.19885157716865
-122.25718844801675,37.199480454206764
-122.2570933768192,37.2019677732611
-122.2556902193033,37.20267103644844
-122.25501743393596,37.203764113987326
-122.25283644939891,37.203635439738484
-122.2516908748387,37.204617513579564
-122.24975591299022,37.20513618193059
-122.24454436477573,37.207734418756566
-122.2419841989061,37.208595385329474
-122.23931331720087,37.20904247788914
-122.23826226491674,37.210974453218796
-122.23663453690509,37.212611241084595
-122.23648858761717,37.21309709464996
-122.2370114757295,37.21387119050346
-122.2369525297604,37.21443639524262
-122.23611115549825,37.21514299287407
-122.2342448472716,37.21604578645442
-122.2335278204472,37.215887927658585
-122.23285089752767,37.21528416564433
-122.23052065452228,37.21434964331176
-122.22876706151324,37.21406334515081
-122.22626248166534,37.214333169202035
-122.2247255652816,37.21473318182466
-122.22368252444485,37.21476920487909
-122.22303112675984,37.21453279582593
-122.22063319033661,37.215132116836735
-122.21987130610977,37.21590235198634
-122.21939807980263,37.21604580749443
-122.21757712763315,37.21565746991992
-122.21696647263914,37.21527024648757
-122.21590938415714,37.21386382061206
-122.21283459412511,37.21274148172293
-122.21136225938973,37.211683839877175
-122.20898620729939,37.20796549192278
-122.20546677605549,37.206218025133815
-122.20372534999913,37.20346379177344
-122.2016479389277,37.20107245944442
-122.20084058674956,37.1995843012716
-122.19482866123126,37.19681011626486
-122.19406310270956,37.19520036588287
-122.19428265771552,37.19288517850431
-122.19382591789523,37.191653991653126
-122.19389195146418,37.190854508232256
-122.1925528730067,37.18864595942986
-122.19250894006072,37.1874400562419
-122.19307153785203,37.18629692501567
-122.1907358082343,37.182785779402835
-122.18877273667205,37.17685929169849
-122.18896033453322,37.17562339282771
-122.1894247265642,37.17467569217067
-122.19208289374146,37.17281224558332
-122.19252388039321,37.172184199826084
-122.19245964076094,37.17187725499508
-122.19158589403523,37.170568751859854
-122.19044336925106,37.17011253314734
-122.19024082710534,37.16915567117889
-122.18983570853635,37.168641429656525
-122.18740712168119,37.166851350563924
-122.18636738995086,37.165496582964
-122.18443800614854,37.16508887205866
-122.1843026652142,37.16485135111697
-122.18475497532562,37.16446235977071
-122.18596789363468,37.16404026147504
-122.18693972106051,37.16324703745237
-122.18921237534741,37.160040110177626
-122.18929103204981,37.15842714762121
-122.18882528622915,37.15702681790531
-122.18985118745375,37.156078330206704
-122.18974836522119,37.15556379142312
-122.18896999421027,37.15473598886913
-122.18737954543637,37.154107668459844
-122.18715761880792,37.153684742382545
-122.18904112027467,37.1520886096035
-122.19159710426793,37.151245277932965
-122.19235364924351,37.14987134657554
-122.19462042789786,37.14862925919355
-122.19537834368268,37.14726891957158
-122.19572686799971,37.1461017338902
-122.19565855370341,37.14534409126389
-122.19427514021307,37.1446135470198
-122.19118162873873,37.14448874886544
-122.18991379323899,37.142720132097615
-122.18788363504177,37.14247631588128
-122.18596943849994,37.141830036252884
-122.1853110005025,37.14132971791334
-122.18482818282264,37.13960018139686
-122.18428075455687,37.13923363908545
-122.18185337486089,37.13862196350187
-122.1777226792871,37.13821932501989
-122.17573532648697,37.13733787066845
-122.17364216260788,37.13720618411069
-122.17230380181799,37.13654085890055
-122.17189779161824,37.13575169583036
-122.17192396836863,37.13442231216933
-122.17159270850989,37.133486961068634
-122.16641070269283,37.12903607197541
-122.1634825443508,37.12595517649267
-122.16210680168729,37.12487725942495
-122.159274798169,37.12353222055079
-122.15747866816405,37.12194644069176
-122.15710416433728,37.12027613260595
-122.15583775355695,37.118793403705205
-122.15508650301258,37.11454016346179
-122.15440899278265,37.113465029250435
-122.15307503490591,37.112698179839775
-122.14974670272233,37.112509934449704
-122.14892749289848,37.112278629654426
-122.14304051426035,37.108432275726194
-122.14083881027283,37.10470937655957
-122.14062067613882,37.101458215385
-122.13962047711283,37.09832356987438
-122.13971309908638,37.09733205784418
-122.13927361877018,37.09453958649011
-122.14063034519512,37.09150420155885
-122.1396390662648,37.08916717214249
-122.13691701554592,37.08494725623303
-122.13481363292382,37.08416079640111
-122.13360483919801,37.08344913219364
-122.1328008133512,37.08270586346739
-122.13263765969009,37.08215088016864
-122.13288746449876,37.07961687306772
-122.13383933946493,37.0773276252479
-122.13381182367857,37.07591266587586
-122.12749648526024,37.071401601620884
-122.12607949207847,37.07085106866917
-122.12229419366618,37.06746957183778
-122.12099920177262,37.06478954109138
-122.12196819614611,37.0636339033155
-122.12232840294267,37.062536874857265
-122.12164769338177,37.06159694367281
-122.12170908147353,37.06089128260424
-122.12411450472483,37.05998532024541
-122.12396993649698,37.05912853709618
-122.12198203428748,37.056558063737846
-122.12092644071545,37.05594877845513
-122.11966883318141,37.055648200667996
-122.11814494113788,37.05415645658356
-122.11736453347488,37.0521879359573
-122.11665113318593,37.051565409662174
-122.11563288395443,37.0511992896268
-122.11514824414274,37.04925072173526
-122.11379136967005,37.048048402803175
-122.1131108964647,37.0471084188979
-122.10992106810171,37.0456803799743
-122.10799555495778,37.045165670517555
-122.10674573357038,37.04424391481934
-122.10624700021768,37.043070358332315
-122.10617740746878,37.0408120211714
-122.10640823216367,37.03979740612541
-122.10708263246195,37.038611957354036
-122.10690839576894,37.03830009745421
-122.10590309746308,37.03786624695514
-122.10574659463437,37.03729936688396
-122.10625556874598,37.03599903035913
-122.10626860582435,37.03521415873143
-122.10543521696296,37.034158104484064
-122.10514366592125,37.03229422680015
-122.10322684299723,37.03049339616151
-122.1020000352075,37.0299023065602
-122.10106325937674,37.02799318045326
-122.09842751722307,37.026206826253485
-122.09689180822971,37.02620423095638
-122.09581659694223,37.02567704649114
-122.09308094258525,37.025687500812175
-122.0909195775325,37.02623043636549
-122.08924364515296,37.02604848196474
-122.087481404426,37.025261527840776
-122.08465106053335,37.022440710316275
-122.08249026247348,37.020830980899085
-122.07799893441953,37.01864205120845
-122.07510135386481,37.017411361240626
-122.07197798286099,37.01780872645449
-122.07155798540374,37.01751460461348
-122.07025587660453,37.01530749515306
-122.06873217325261,37.01437571310579
-122.06780169263827,37.01236906634132
-122.06638965276092,37.01082607347065
-122.06471544309002,37.00965839796544
-122.06367860805891,37.007460098853315
-122.06388453163456,37.00522211288375
-122.06276740216795,37.0028812228803
-122.06321185650965,37.0020482910996
-122.0614534168634,36.99893116008757
-122.0620601619176,36.99703182005472
-122.06187726682363,36.99547999416682
-122.0614908308105,36.994474363941265
-122.06087699318999,36.994333879665554
-122.0603569995205,36.99366710040338
-122.06056418191788,36.992762725300615
-122.06043481907008,36.99123161931048
-122.05880766352094,36.98643027267244
-122.05846035850776,36.982880077391755
-122.05866274501554,36.981669831876175
-122.05931326264268,36.98022592584368
-122.05955884400025,36.978127715699465
-122.05910477833594,36.97491224866859
-122.0581645666235,36.9732665555877
-122.05790951974124,36.969258414898384
-122.05729330420316,36.967279553416
-122.05628453232028,36.9655962972722
-122.05757756152326,36.96341235558352
-122.05757811090638,36.96065333076838
-122.05798468666441,36.95955293266045
-122.0584094336841,36.95659039760034
-122.05766973217263,36.9512615820098
-122.05697905740502,36.9493524018137
-122.05742225642423,36.94933571871153
-122.05776382268573,36.94903822327734
-122.0578547557164,36.949275701770645
-122.05729226884706,36.94966357418085
-122.0592613191788,36.950113494794785
-122.05967075067676,36.94984438960394
-122.06051374887603,36.949795457850875
-122.06166905769062,36.949206884978125
-122.06378865903004,36.948994025215896
-122.0658069126255,36.94804906690222
-122.06689739012272,36.948948397484855
-122.06734322852577,36.94890500882031
-122.06773840356148,36.94832802660691
-122.06809904874862,36.94876693757956
-122.06991177174581,36.94882998882948
-122.07150098732022,36.949779988556095
-122.07224895415462,36.94969122912279
-122.07248969716316,36.95030430573322
-122.07308004133675,36.950224394721346
-122.07365513133428,36.94955093888371
-122.07408638394281,36.94988640301166
-122.07423335153351,36.95039931831499
-122.07465922262635,36.949993038217734
-122.0758698662545,36.950377487106955
-122.07637377060155,36.952521398177005
-122.07736400547385,36.95297427403187
-122.07980043250787,36.95334225567105
-122.08066946298067,36.953024333085516
-122.08073899001344,36.95263520711788
-122.0813450727165,36.952791701756766
-122.0814009085141,36.952402391102424
-122.0824386355773,36.95186697319813
-122.08358135694617,36.95222845301636
-122.0834061765048,36.95276449350643
-122.08376432685768,36.95299455556153
-122.08428869412013,36.952792837436085
-122.08493551413004,36.95296634249884
-122.08561144438225,36.95271720983728
-122.08572796130724,36.95237266282283
-122.08647393348059,36.9523826757315
-122.08726191945622,36.953360161494096
-122.087275836958,36.95470084216716
-122.0876502996366,36.953788394838426
-122.08903545624173,36.954350849499626
-122.08872301541876,36.95389067557389
-122.08927186247026,36.953832103061586
-122.09111147171107,36.954603891493626
-122.09165747184271,36.95434749218066
-122.0919290779756,36.953779767078096
-122.09303937116647,36.95473405357908
-122.09398317904008,36.95477962544896
-122.09437977737784,36.955142019891525
-122.09504355765465,36.9548157580411
-122.09525371185963,36.95525806821016
-122.09558001330302,36.955372298563645
-122.09672915270123,36.95542058779966
-122.09736742807017,36.95500057813416
-122.09766149326582,36.95535610102195
-122.09807081145101,36.95542748006512
-122.09852263392429,36.95508738760013
-122.09885158774495,36.95541040917711
-122.10005481328164,36.954811116213214
-122.1018082391534,36.955790354799
-122.10194480279995,36.956149267271456
-122.10344486218361,36.95576814281401
-122.10478899709818,36.956335360206495
-122.10603163698222,36.95615955306563
-122.10718331765624,36.957108758317226
-122.10908698095312,36.95777123580606
-122.10956047264267,36.95874440682586
-122.11260838519657,36.960394353545894
-122.11281043887902,36.96056183377186
-122.11252324615039,36.960887671306345
-122.11270137505724,36.96122514348542
-122.11451205598098,36.96209506800659
-122.11503479797508,36.962662323580666
-122.11623251929247,36.96268359318387
-122.11820047533676,36.962187578266274
-122.119143390774,36.962628488988
-122.11960440270282,36.962167575027514
-122.11984015562109,36.9623629545789
-122.11952473581775,36.96273238808301
-122.1196990709251,36.96360818994507
-122.12122042361246,36.96526531251343
-122.12267220625566,36.965943609838575
-122.12393919460784,36.966273360370515
-122.1256395859563,36.96580667886982
-122.1267374429755,36.964299265739314
-122.12730625563245,36.96496595583388
-122.1281415583069,36.96496588493034
-122.12876295896095,36.965397022622696
-122.12924654456961,36.96656801649897
-122.1300484266524,36.96687514656748
-122.1302697425511,36.966762665229965
-122.13083064466826,36.96713806450464
-122.13122647538307,36.967203657882564
-122.13143809893039,36.966887778667406
-122.13302399324265,36.96771602728081
-122.13411825797526,36.967779717651716
-122.13477211778655,36.96690922364515
-122.13525639874034,36.96770113072438
-122.13482309693424,36.96849758392806
-122.1356754141568,36.96798126732187
-122.13616682187401,36.968410674802044
-122.13558627177233,36.969732617463144
-122.13829034807577,36.973256277601685
-122.13945681379852,36.97418337298168
-122.13969738464255,36.97413704884503
-122.13981950167086,36.97454516947303
-122.14099916080868,36.97549988862455
-122.14300475158322,36.97659164032038
-122.14369470035021,36.97667747729514
-122.14404340669276,36.97705556060471
-122.14432582224413,36.97661971257891
-122.14476311176554,36.97666931450125
-122.1448234311738,36.9770876181253
-122.14544042847048,36.97740323905588
-122.14741478477275,36.977642981834094
-122.14793840478262,36.97747942997744
-122.14791229829189,36.977061569444395
-122.14826775385419,36.976742022710944
-122.14979280948867,36.97649248348188
-122.14994415527887,36.97610437769982
-122.1503253060721,36.97657625356125
-122.15078838315337,36.97670857125348
-122.15093127812139,36.97640276151233
-122.15103377442476,36.97676666710243
-122.15170357746214,36.97612702534427
-122.15226636022042,36.976414444433395
-122.15315301313898,36.976244550320175
-122.15358650393625,36.97684344389542
-122.15364094055259,36.977920914287125
-122.15426429534065,36.97826403897895
-122.15415684605777,36.97886147523931
-122.15520844211503,36.97936941213982
-122.15523736502334,36.980704758269454
-122.15477354752758,36.98096250336128
-122.15535901669409,36.9818490136775
-122.15645857074287,36.983066243598884
-122.1580241635573,36.984267458500504
-122.15876791200466,36.98440883275918
-122.15860459676473,36.98400020671837
-122.15896105073274,36.9839827957858
-122.15902044955594,36.98480761329763
-122.15930733000238,36.985201339070464
-122.16005215028201,36.98528778169132
-122.16016207934908,36.985624304326564
-122.16100907814685,36.98573951640939
-122.16144334996056,36.98701411433169
-122.16178442898004,36.987084397567074
-122.16216768533893,36.98780896968592
-122.16408597668112,36.98848721006487
-122.16454592121694,36.98807555579233
-122.16575650261511,36.98780531728044
-122.16653969372466,36.98803504390673
-122.16692061087994,36.98781465348924
-122.16693702379928,36.988386207414514
-122.16762037464567,36.98810923491541
-122.16774076593387,36.988616187645945
-122.16857443642306,36.98835760385176
-122.16911388422065,36.98844137636025
-122.16927126141758,36.98880596150913
-122.16873149055341,36.989095757134386
-122.16862941055483,36.989418586921296
-122.16886147836334,36.98945999440537
-122.16873200940552,36.98978247592143
-122.1692608270389,36.990063885459996
-122.16875254319636,36.99049691762242
-122.17000508602528,36.99232576024807
-122.17038749241756,36.99238555600889
-122.1702184140485,36.992630623980624
-122.17078181612374,36.99325307440727
-122.1714365526941,36.99339873055615
-122.17198065600942,36.992883736414726
-122.17221350930055,36.99395796052995
-122.17265977652578,36.99426028132759
-122.17275450237284,36.99467900303981
-122.17337601385333,36.99369802113164
-122.17357293244004,36.99414550628378
-122.17390130479623,36.99416614971979
-122.17410482290512,36.99391052578294
-122.1748415827717,36.99478236874026
-122.17503360804237,36.994411230326726
-122.17523001355886,36.994886174413786
-122.17581744929309,36.994970523257926
-122.17626513152351,36.995558519510844
-122.17661077095345,36.995392588682336
-122.1769161235819,36.99697863126434
-122.1787373554343,36.99701813413384
-122.17901556374869,36.99679640768596
-122.1804428529223,36.997380275486705
-122.1811718716994,36.99722466225692
-122.18146623603702,36.997953539522726
-122.18188233974634,36.99768410217938
-122.18241000820832,36.998031360745095
-122.18241596044687,36.99771829641911
-122.18362081699419,36.99847511946225
-122.18298173596298,36.99966469076232
-122.18171215677457,36.99942894441118
-122.18180923746188,36.99972682654127
-122.18148656239435,37.00017428473056
-122.18186102769475,37.000878958259804
-122.18258786726986,37.00083734045057
-122.18239480743549,37.001138985778276
-122.18256583240044,37.00123846231682
-122.18377352059679,37.00093459045537
-122.18386737475082,37.00151744660879
-122.18432737403224,37.001332068690374
-122.18569110157054,37.00147933370979
-122.18589048787727,37.00132059395779
-122.18581106134995,37.00243048983943
-122.18513016453318,37.00303284548458
-122.18525805126757,37.00368725456523
-122.1860724312373,37.00409105488077
-122.18678071323366,37.00349977300152
-122.18783331328025,37.00438795094475
-122.18857399318075,37.004318861507635
-122.18901771234782,37.00485336201082
-122.18949881628875,37.00451964488114
-122.18968989637673,37.0047675608325
-122.18950991920997,37.00525061978547
-122.19013100377343,37.00603848412705
-122.19190492011468,37.006544200441276
-122.19233707940543,37.00647961124273
-122.19228392367522,37.007941322379985
-122.19259769485569,37.00839845899701
-122.19369881088735,37.00917682019268
-122.19517086102047,37.009763977171296
-122.1959045006872,37.00976076927312
-122.19651591215653,37.00941643844277
-122.19679373482344,37.01036257611585
-122.1980464659762,37.010938023696575
-122.19961450242927,37.01250785003201
-122.20227169102948,37.01345022935555
-122.20471290032555,37.01336961305146
-122.2054924678492,37.01400400204254
-122.2061305243985,37.013884987424795
-122.20719987332882,37.01607564684176
-122.20789081546954,37.01656685571862
-122.20800477381204,37.01736963537978
-122.20882311317804,37.01875709264022
-122.21119621634038,37.02072071814729
-122.21269706199189,37.02099992128747
-122.2147651580134,37.02188533297724
-122.21542581097295,37.023316253847874
-122.21642969368241,37.024643735737556
-122.21698468916946,37.02479373490338
-122.2181302932584,37.02467062308158
-122.22042582092512,37.025243307208214
-122.22098819386026,37.02522842372652
-122.22131208851535,37.02471270742573
-122.22295679096209,37.025080128504015
-122.22382223778988,37.026879824156964
-122.2246079127347,37.02786035978697
-122.22484454226121,37.02898224354975
-122.22651378002473,37.03034998429237
-122.2266600679581,37.031878325599536
-122.22730848481457,37.03291891462699
-122.22789083144784,37.03312390026231
-122.22854511920154,37.03450525982392
-122.2284203242514,37.03495559614458
-122.22912272928592,37.036309605236305
-122.22917583473367,37.03690333684673
-122.229504544307,37.03707463144705
-122.22954284373041,37.03803656332596
-122.23042465093988,37.039044804933404
-122.23040303517415,37.03939649816452
-122.23080741680972,37.03949654887659
-122.23092915943465,37.040079476883584
-122.23064025696692,37.04035898027247
-122.23122766822398,37.04119601912685
-122.23291868669362,37.04228342160764
-122.23304790297429,37.04266301044405
-122.23339749621312,37.04274091699533
-122.2332184521443,37.04298225517706
-122.23418939289995,37.04404017735672
-122.23660627075492,37.045596683869114
-122.23817113998334,37.04768396242094
-122.23969795640869,37.04870486787523
-122.24047711033948,37.04971825098563
-122.24244194143522,37.05113052111783
-122.2431249174936,37.05221507883779
-122.24482116152015,37.054044297676114
-122.24582086054518,37.054733957207084
-122.24745492704466,37.05676632896173
-122.25080623234699,37.05806117745252
-122.25155010645973,37.05917858163378
-122.25279092627075,37.05960309489848
-122.25324995902001,37.06003760155375
-122.25366145499265,37.060010653680415
-122.25327556810026,37.0618447567029
-122.25389216465395,37.0624662126075
-122.25452861012462,37.06382921406866
-122.25607689280247,37.06553938277702
-122.25626042243977,37.06723687383872
-122.25678103117669,37.06789664505794
-122.25768605299004,37.06821633138353
-122.25789886572205,37.06800786537353
-122.25837204737785,37.06806886042861
-122.25820104518822,37.06757979686613
-122.25844118531397,37.06748121834026
-122.2587150615757,37.06797589880647
-122.25837839418864,37.06861265181843
-122.2585766539574,37.06929399472076
-122.25889881019037,37.06950860207327
-122.25898827007659,37.069190129838894
-122.2586251177762,37.068810690186865
-122.25885184701019,37.068388021531916
-122.25953705760772,37.06908642856876
-122.25980382981301,37.069861228662354
-122.25970070077007,37.07013025017904
-122.25926854005687,37.070195643427624
-122.25953572532237,37.070525530747844
-122.25926106361781,37.07086025857039
-122.25932920778112,37.07133821084698
-122.25989856158243,37.07126199651073
-122.26048701091021,37.07280616630885
-122.26113859759589,37.07282342113381
-122.2617562787575,37.07240670432228
-122.26185856282835,37.073076941889205
-122.26267427730014,37.07364915082892
-122.26226159115406,37.074933969725656
-122.26270745578279,37.07491252378351
-122.2631254251645,37.07541285519943
-122.26422797228798,37.07747941776527
-122.26649758688202,37.07849270167093
-122.26731404584606,37.07827392271483
-122.26761654601512,37.077439368087
-122.26795270060764,37.07738482142563
-122.2679933828405,37.07796709908933
-122.26698421904759,37.07896563378147
-122.26762151127954,37.079751821507855
-122.26762759258214,37.08070207379664
-122.26875730644797,37.08335634584672
-122.26988791453668,37.084977971093835
-122.27133482200516,37.08571560306105
-122.27191749372251,37.08629298197978
-122.2734400149044,37.08688785980604
-122.27457123151834,37.087883267569666
-122.27520042993649,37.08915520933569
-122.27582029375205,37.09251853777696
-122.27714733794431,37.09275806555022
-122.27775667431706,37.094615248698574
-122.28045852576827,37.09671078030705
-122.28350308735226,37.09963599353003
-122.28514842149164,37.102021468196156
-122.28694553844315,37.10313275609848
-122.28778206312099,37.104226616033706
-122.28861895731875,37.10468331530569
-122.28943561439274,37.10450283455241
-122.29181586828231,37.1061144375114
-122.29678185208581,37.11094155129888
-122.29873029799255,37.112124197668926
-122.29912839343051,37.11195427025856
-122.29974592217062,37.11220197667897
-122.30122791483296,37.11304363048562
-122.30129641136102,37.11338972901034
-122.30315590192801,37.11420970805183
-122.30415756681721,37.11507838650319
-122.30526925358022,37.11534844200307
-122.30613364855682,37.116381772282885
-122.30734148964603,37.11649259783798
-122.3083776280873,37.11707564747546
-122.31191871639513,37.11797370376036
-122.31318836856502,37.11804057522817
-122.31419039560747,37.11794794676469
-122.3142522592278,37.117475620757794
-122.31474637699574,37.11757485446532
-122.31489066010607,37.11675654888036
-122.31546037571674,37.11627360929224
-122.31568683041195,37.11638912126032
-122.31533675198274,37.11675687625544
-122.31574161165891,37.1170537775653
-122.3162151796264,37.116927789624604
-122.31780734859574,37.11718159668844
-122.31830154155836,37.11679745834385
-122.31852112062086,37.11703929205644
-122.31959185243139,37.11623261579295
-122.31947522438735,37.115924943455916
-122.32146545751041,37.11593729968401
-122.32258412663217,37.11572384033155
-122.32378518307449,37.11499960392331
-122.32392932911327,37.11463718094151
-122.32435480911813,37.1147967491386
-122.32526070749333,37.1145886174487
-122.32668819574552,37.11369422442104
-122.32791662361461,37.11329952543351
-122.32902837902824,37.11233899351521
-122.32952248296078,37.11223493588254
-122.32948130619758,37.11292699109518
-122.33032542502873,37.11497078994318
-122.33174606970817,37.11666339298444
-122.3326794570236,37.11733405252777
-122.33480015526338,37.1177691991935
-122.33685901904067,37.11724854494786
-122.33753163117406,37.11761692409795
-122.33838971759381,37.11941349970213
-122.33856828303169,37.12045171444741
-122.33904876781483,37.12089138649338
-122.33954980012531,37.120963057125955
-122.33882921729206,37.121517436152075
-122.33781114273232,37.125015118926335
-122.33711700859075,37.130296203731014
-122.33727879800013,37.131791621876346
-122.33483865352805,37.131693767593944
-122.33251993635828,37.13189916768518
-122.32936815947656,37.132514695821186
-122.32566131383498,37.134034987769525
-122.32198005659671,37.136066894905476
-122.31886240293392,37.136481668009885
-122.31324637747318,37.13849534477779
-122.30811842010905,37.14091722758788
-122.30431151474936,37.14214111045589
-122.30335063889979,37.143848140558546
-122.30349372727397,37.144989204751056
-122.30323644248192,37.145949964724046
-122.3019861913319,37.14685297341032
-122.3014859349435,37.14749679543054
-122.29942534475413,37.148050235037275
-122.29776200641432,37.1481304830226
-122.2956786394982,37.149195190235105
-122.2930306978582,37.14927413269573
-122.29233377282765,37.149653078739426
-122.29178216870542,37.15165996989167
-122.29209996702951,37.15697550302954
-122.29165353058468,37.158214410788624
-122.2918285070584,37.159930437973166
-122.291311290191,37.16050873498222
-122.29015573128552,37.16052888798897
-122.28954410503609,37.16077758732482
-122.28863615812219,37.1618290811431
-122.28833059758598,37.164407413115285
-122.28677808539724,37.16715855885139
-122.28597654520297,37.16810695723438
-122.28557763928188,37.170137233220224
-122.28465302601526,37.17153553295265
-122.28460855369646,37.17305190100497
-122.28283630506147,37.17440213754782
-122.2823036739218,37.17820968041372
-122.2828336146245,37.17984662752709</coordinates></LinearRing></outerBoundaryIs>
<innerBoundaryIs>
  <LinearRing><coordinates>-122.17703864802114,37.033333320606914
-122.1768372961053,37.03310414048859
-122.17659477276563,37.033255963885644
-122.1768023538686,37.03348023581388
-122.17703864802114,37.033333320606914</coordinates></LinearRing></innerBoundaryIs>
<innerBoundaryIs>
  <LinearRing><coordinates>-122.17275448245,37.02839281851366
-122.17225176178513,37.028354735823086
-122.17183789850223,37.029400677085974
-122.17225375427242,37.029495783586476
-122.17275448245,37.02839281851366</coordinates></LinearRing></innerBoundaryIs>
<innerBoundaryIs>
  <LinearRing><coordinates>-122.15745120209978,37.02765434283378
-122.15764208981707,37.027094878300325
-122.1560480628034,37.02721222448057
-122.15745120209978,37.02765434283378</coordinates></LinearRing></innerBoundaryIs>
<innerBoundaryIs>
  <LinearRing><coordinates>-122.17500542030821,37.026295138153706
-122.174828684125,37.02599212164067
-122.1738998064571,37.02638585507455
-122.17407668186387,37.0266757527077
-122.17500542030821,37.026295138153706</coordinates></LinearRing></innerBoundaryIs>
<innerBoundaryIs>
  <LinearRing><coordinates>-122.15294172153781,37.02289414223908
-122.15293084580733,37.021987113057776
-122.15181840398702,37.02219330814255
-122.15257991065435,37.022937746296186
-122.15294172153781,37.02289414223908</coordinates></LinearRing></innerBoundaryIs>
<innerBoundaryIs>
  <LinearRing><coordinates>-122.15249665341385,37.02147595196915
-122.15243264186864,37.02111019479671
-122.1517405460089,37.021189226477006
-122.15190820302809,37.02165229834722
-122.15249665341385,37.02147595196915</coordinates></LinearRing></innerBoundaryIs>
<innerBoundaryIs>
  <LinearRing><coordinates>-122.15974182815178,37.02076336519975
-122.15937256557872,37.02056515124862
-122.15908048068312,37.02090982484659
-122.15944444541823,37.02108577505378
-122.15974182815178,37.02076336519975</coordinates></LinearRing></innerBoundaryIs></Polygon></Placemark>
<Placemark>
<ExtendedData>
  <Data name="COMNAME"><value>CALIFORNIA RED-LEGGED FROG</value></Data>
  <Data name="SCINAME"><value>RANA DRAYTONII</value></Data>
  <Data name="SPCODE"><value>D02D</value></Data>
  <Data name="VIPCODE"><value>V01</value></Data>
  <Data name="UNIT"><value></value></Data>
  <Data name="SUBUNIT"><value></value></Data>
  <Data name="UNITNAME"><value>SLO-1</value></Data>
  <Data name="SUBUNITNAM"><value></value></Data>
  <Data name="STATUS"><value>FINAL</value></Data>
  <Data name="LEADOFFICE"><value>FF08ESMF00</value></Data>
  <Data name="COOPOFFICE"><value>NONE</value></Data>
  <Data name="COOPOFMORE"><value></value></Data>
  <Data name="FEDREG"><value>75FR12816</value></Data>
  <Data name="PUBDATE"><value>20100317</value></Data>
  <Data name="EFFECTDATE"><value>20100416</value></Data>
  <Data name="VACATEDATE"><value></value></Data>
  <Data name="ACCURACY"><value></value></Data>
  <Data name="SINGLMULTI"><value>SINGLE</value></Data></ExtendedData>
  <Polygon>
<outerBoundaryIs>
  <LinearRing><coordinates>-120.20825546860684,35.77926425816155
-120.20761599140226,35.77855279926289
-120.20815983233773,35.777195712994065
-120.20781519838881,35.776732747093284
-120.2057182797066,35.775280014402966
-120.20471484015262,35.77525475139346
-120.20366096970794,35.7747929982385
-120.20313505229642,35.773843269014684
-120.20047290633927,35.77199900339042
-120.19963383819862,35.76977158349662
-120.19581555558547,35.766354742712956
-120.19394419070619,35.764967943126805
-120.19318881118863,35.7647721310404
-120.19214103571834,35.76498621506724
-120.19183870174926,35.764778827970304
-120.19167348639279,35.762659249561516
-120.19189479294224,35.76220248792622
-120.19220008144374,35.76165609053633
-120.19361100342375,35.7614035487386
-120.19396031488128,35.759736572285824
-120.19518594034274,35.758651448157586
-120.19528625363932,35.757512800374485
-120.19684118882509,35.75527220475214
-120.19813953448549,35.75236091891409
-120.2002412739388,35.7518575652778
-120.2015554709321,35.752378276243554
-120.20340067291818,35.75123720638529
-120.20513865581,35.75089377187299
-120.2066338817539,35.75030865118382
-120.20768488779711,35.75028515623787
-120.20821818734707,35.75064181626176
-120.207057322836,35.749297502252944
-120.20695047484499,35.74853972200957
-120.20637251089228,35.74773775655844
-120.20655852673032,35.74674640474125
-120.20622299140797,35.745947670643176
-120.20686205275447,35.74478801027682
-120.20637766271994,35.74340442666137
-120.20643790779945,35.74282905740228
-120.2057270427377,35.74185727034505
-120.20569607877715,35.74098500359841
-120.20323295598052,35.73885234396118
-120.20157139572026,35.73796219066851
-120.19942889900129,35.73734822174077
-120.19830331150402,35.73553992430286
-120.19861956228523,35.73424497245305
-120.20108845901517,35.733268611370804
-120.20033391381506,35.73206998775291
-120.19887669924007,35.730952573570434
-120.19858914255559,35.727797608466545
-120.19242572871126,35.725229714076434
-120.17085700504727,35.71399870412054
-120.16548096518427,35.710415149221774
-120.16276226453354,35.70895099911228
-120.16245504156637,35.708983742180386
-120.16095682381037,35.705161214907534
-120.16014240863879,35.704116790584514
-120.15572580271576,35.701176424810825
-120.15281350112654,35.699750561566105
-120.15072512287419,35.69902608013505
-120.14879009773277,35.69784673207745
-120.14722721358407,35.69593050143135
-120.14629174896811,35.69332487882569
-120.14706391131456,35.69392254402225
-120.14850237763454,35.69414130298337
-120.15809205792921,35.69691502705272
-120.1594568228485,35.69772703305764
-120.16040795506491,35.69874915908636
-120.16114849552672,35.698803151629924
-120.1648514558998,35.69815625208772
-120.1679328397634,35.69718323363051
-120.17188559616531,35.70022838007966
-120.173751985145,35.70131306238282
-120.17439206330336,35.701255437857725
-120.17570503597153,35.70066738775841
-120.17846223569343,35.6991114161984
-120.17863341925163,35.69883842748351
-120.17846198085739,35.6978861680143
-120.17946245942747,35.696911601630795
-120.18088784863745,35.696437673913174
-120.18168266568418,35.69581180548404
-120.17908606706348,35.69370030045661
-120.17820550883496,35.692375666514174
-120.17719686088402,35.69162635882427
-120.17610429700304,35.691178733331824
-120.17456788892791,35.68945994007548
-120.17286369574728,35.688267846069174
-120.17241632385618,35.6860791818563
-120.17372420851454,35.684061662837536
-120.17210531453956,35.68432958548536
-120.17112530266652,35.68410426650626
-120.17086075182915,35.6836562348758
-120.17120635226418,35.68221991203472
-120.17290463745749,35.67890469306782
-120.17475295429074,35.678610398464336
-120.1774147521359,35.67770173377481
-120.17782115113926,35.67680809119338
-120.17775088140787,35.67644994250405
-120.17691215162486,35.67562568043663
-120.17696274254726,35.67530687511344
-120.18033468668227,35.674091007421
-120.18171102168621,35.67252985343206
-120.18320203835779,35.672179145688915
-120.1840426374672,35.67161788284204
-120.18585597684182,35.66883705467278
-120.1871022055884,35.66812476708393
-120.18915484474967,35.668765154061155
-120.18988861904135,35.668744145541424
-120.19114399341215,35.66844055241147
-120.19187635590818,35.66788939320672
-120.19146736590447,35.666465047817255
-120.1916548431769,35.66593980737792
-120.19351068237937,35.6642390380383
-120.19474909091726,35.66354918454893
-120.19730270430118,35.65871078953653
-120.19463493757412,35.65593100551714
-120.19539632671682,35.6545307520086
-120.1960649492533,35.65242678578418
-120.19622560485578,35.64925773706133
-120.19720112412932,35.64995828743295
-120.19789657976423,35.65229123199954
-120.19839361482212,35.653019577832836
-120.20120614286671,35.65493426126295
-120.20274260008165,35.656712099868166
-120.20485144985113,35.65836570772117
-120.2088430265376,35.660864978456445
-120.20940489660858,35.66183354442466
-120.21157205487388,35.663150325851845
-120.21241495846039,35.66493123737331
-120.21390853930137,35.66501771841636
-120.21613496539537,35.6677124745199
-120.2181319466157,35.6686108420141
-120.21847216246832,35.66891178377561
-120.21867918437988,35.669668422046584
-120.21946695147044,35.67032228549165
-120.22102144877806,35.67102070511391
-120.22222770482199,35.6708977553872
-120.22275030537222,35.671076812222296
-120.22465826371082,35.672116595096256
-120.22706629647159,35.674884629600385
-120.22804715389879,35.67644459840927
-120.23096123385007,35.679138564515654
-120.23245649542046,35.68106122273938
-120.23332548610007,35.681687821601
-120.23409746048314,35.68190599803748
-120.23534112213119,35.68183660698818
-120.23521756369036,35.685415315003645
-120.23626669916077,35.689483132454434
-120.23338402079904,35.698312994786676
-120.22942926176404,35.703721384644986
-120.22853032308198,35.70677387050544
-120.2285522798134,35.71586593140195
-120.22985274147503,35.71799593975559
-120.23026693151226,35.7183380457692
-120.23175713039615,35.718794221552535
-120.2320548648247,35.719332902069624
-120.23156353715947,35.72063280211882
-120.23273115141303,35.721067936845195
-120.23436153131705,35.722299786255064
-120.23734563221251,35.72358290681073
-120.24042188581087,35.72579829162321
-120.24680421569474,35.726089339200314
-120.24824209907155,35.72577941578385
-120.25076589465553,35.725934278249554
-120.25276108407486,35.72750082266643
-120.25420229547196,35.72948795523784
-120.25507914225211,35.73022870407612
-120.25576932436476,35.73046758148043
-120.2566962585449,35.73031520564902
-120.25786602003211,35.72978970162334
-120.25909361776061,35.72979333447877
-120.26097148889802,35.73114029404222
-120.26448528146003,35.731525009441945
-120.26732313046948,35.733493497814294
-120.2694699774367,35.73452028558427
-120.26902741716508,35.735498832163024
-120.26905022620812,35.736803413012126
-120.26941655925917,35.738243472080015
-120.27127506222799,35.74103690947968
-120.27134218045921,35.74218813009468
-120.27013635887906,35.74507862205104
-120.26944162202261,35.75025251947586
-120.27006600054494,35.7510522279832
-120.27268483236459,35.75292399959031
-120.27372729744248,35.7546327181404
-120.27423998023328,35.75761201801416
-120.27631543024287,35.76072787830141
-120.27775040776683,35.76220806153822
-120.27593295090297,35.76355173159877
-120.27087667557625,35.76470933752668
-120.26803425379805,35.76437463062518
-120.26667961412595,35.76374675855861
-120.2660495304099,35.7639218846736
-120.26508372850864,35.76499706848566
-120.26466150609518,35.76723221330144
-120.2636104920715,35.76857311725039
-120.26284835386787,35.76854415962245
-120.26119287684881,35.76776105858446
-120.26005219100185,35.76826682111934
-120.2595759024674,35.76951541809443
-120.25889194346587,35.770189360365954
-120.25901401246682,35.77099570643263
-120.25806294428455,35.77403746796197
-120.25748007162521,35.775385441501314
-120.25679881892198,35.77616006634356
-120.2557485274895,35.77668809024956
-120.25442597643463,35.77791697443351
-120.25313803470873,35.77856152088164
-120.25054207386704,35.78061122965535
-120.24863807683577,35.780996128891374
-120.24606410771094,35.78102219968686
-120.244845921705,35.781442313529546
-120.24417286912326,35.78283540612692
-120.24349462495195,35.78335888726389
-120.24212741121741,35.783311207884
-120.2404811129125,35.78225972454723
-120.23933384660718,35.78206852657488
-120.2375180322329,35.78225231583236
-120.23654151287028,35.78152103426147
-120.23617639431079,35.78011394140634
-120.23570597198058,35.77967493627632
-120.23267442426652,35.779504970805256
-120.23238812245563,35.780297435928645
-120.23112753867767,35.781091811142176
-120.23033746217016,35.782369195596196
-120.22799495474153,35.78340027803491
-120.22651929815513,35.78472294900732
-120.22388713242,35.785461206973515
-120.22248647487784,35.787810216734094
-120.2215856250016,35.78828118225805
-120.22017920384836,35.78863576479303
-120.2189187710149,35.78957665005189
-120.21624922006679,35.78993351812916
-120.21573110045236,35.78993446478419
-120.21395877686227,35.789044177863026
-120.21238554103077,35.788666225217725
-120.21130606804927,35.78740495044816
-120.21042799373166,35.78692066584036
-120.20994810178536,35.786306108562314
-120.21010576407255,35.78565802872214
-120.210900083184,35.784652523219094
-120.2104612359101,35.78447516006679
-120.20894584261393,35.78408916604973
-120.20758779653208,35.78292551546105
-120.2074666922685,35.782342706227574
-120.20833663854053,35.779814747695475
-120.20825546860684,35.77926425816155</coordinates></LinearRing></outerBoundaryIs></Polygon></Placemark>
<Placemark>
<ExtendedData>
  <Data name="COMNAME"><value>CALIFORNIA RED-LEGGED FROG</value></Data>
  <Data name="SCINAME"><value>RANA DRAYTONII</value></Data>
  <Data name="SPCODE"><value>D02D</value></Data>
  <Data name="VIPCODE"><value>V01</value></Data>
  <Data name="UNIT"><value></value></Data>
  <Data name="SUBUNIT"><value></value></Data>
  <Data name="UNITNAME"><value>MRN-1</value></Data>
  <Data name="SUBUNITNAM"><value></value></Data>
  <Data name="STATUS"><value>FINAL</value></Data>
  <Data name="LEADOFFICE"><value>FF08ESMF00</value></Data>
  <Data name="COOPOFFICE"><value>NONE</value></Data>
  <Data name="COOPOFMORE"><value></value></Data>
  <Data name="FEDREG"><value>75FR12816</value></Data>
  <Data name="PUBDATE"><value>20100317</value></Data>
  <Data name="EFFECTDATE"><value>20100416</value></Data>
  <Data name="VACATEDATE"><value></value></Data>
  <Data name="ACCURACY"><value></value></Data>
  <Data name="SINGLMULTI"><value>SINGLE</value></Data></ExtendedData>
  <Polygon>
<outerBoundaryIs>
  <LinearRing><coordinates>-122.94587701952562,38.31011918304859
-122.94425303966779,38.30952355966557
-122.94452893493307,38.30836112991472
-122.94426558303013,38.30769409538604
-122.94550264988341,38.30664922819452
-122.94478221075708,38.30563946234517
-122.94440566359947,38.304485741254425
-122.94471672730187,38.30183617750208
-122.94402043369705,38.30033081699536
-122.94309474025329,38.29954627045861
-122.94183786026699,38.297652975645555
-122.94086601734193,38.29772461310369
-122.939185185486,38.29739026234139
-122.93719538416445,38.29732613165151
-122.93693320192,38.296082210684936
-122.9356773255006,38.293972657431084
-122.93514001456366,38.293593768085564
-122.93035989803899,38.29311332454497
-122.92979955301767,38.2935996751169
-122.92627327224355,38.29456648894552
-122.9251011663369,38.292988885754184
-122.92563903320796,38.288367229678805
-122.9243409359824,38.28663022328636
-122.9255028470991,38.282023762245046
-122.92426793979509,38.275409632622434
-122.92765745494901,38.27318920851174
-122.92817907031525,38.26509120093218
-122.9254437719374,38.2629669909816
-122.92751550571863,38.256712897851315
-122.92349779128645,38.250010649483016
-122.92435536855648,38.247836340077086
-122.93041168513001,38.24573932354541
-122.93117563470132,38.24592006217096
-122.9321693619177,38.2458125710198
-122.93310261391109,38.24628622282766
-122.93416618632716,38.24643549819654
-122.93519467226155,38.24729685129811
-122.93925901664052,38.246911511665
-122.94127579121647,38.24752095217136
-122.94186817268098,38.24823315475661
-122.9421708766202,38.24952210162275
-122.94454981199651,38.25164573264966
-122.94595348956244,38.253881533519234
-122.94750814885492,38.25428778799127
-122.94871863037847,38.25505444012356
-122.94951879007402,38.25589293745747
-122.95003285716263,38.25601032150051
-122.95150772697616,38.255470239904014
-122.95561216245372,38.25473280810067
-122.95639935794274,38.255156768618804
-122.95787412363228,38.256635311191694
-122.95835297157537,38.256788733090445
-122.9601027283936,38.25650999420909
-122.9607078750037,38.2572221784603
-122.96220421067058,38.25806087380833
-122.96222681386924,38.259692126202644
-122.96448956582589,38.26065722152163
-122.96598702664164,38.26082896047361
-122.96703829557495,38.262190105480315
-122.96700322308949,38.26381233763994
-122.96719698721887,38.26404668948548
-122.96877485236071,38.26428147550478
-122.96895663674776,38.26447987304818
-122.96819055370933,38.26697608890052
-122.96841814075945,38.267201433099366
-122.96959628547006,38.26650787231649
-122.97080885096756,38.26645407648288
-122.97279718241127,38.26773431760916
-122.97422596644499,38.268104194568906
-122.97548297583212,38.26910489008836
-122.97717967088774,38.269817994944646
-122.97506688074296,38.269747438629075
-122.97428070420952,38.270033708876
-122.97307402633874,38.271209708794714
-122.97252031375604,38.27269725956795
-122.97165846425496,38.27339497649208
-122.9715070244034,38.274185264837044
-122.97113152038872,38.274410606626226
-122.96918702527955,38.27357299223957
-122.96677972388997,38.271193922404585
-122.9646891819993,38.27037283624435
-122.9645413096314,38.26958832398772
-122.9648287094439,38.26888360045002
-122.96461207932838,38.268607059098315
-122.96405358645508,38.26942416671221
-122.96404203058168,38.27054902608563
-122.96610448535831,38.27126040873766
-122.96690681715326,38.27201686139664
-122.96745279266538,38.273355184066624
-122.96922389324223,38.2745167323346
-122.970714898843,38.274937776636676
-122.97172380931784,38.2746075539757
-122.97309896046056,38.27302590341938
-122.9736700675612,38.27097827852839
-122.97499807844889,38.27011518584055
-122.97595954482436,38.270366485975366
-122.97678933126335,38.27088682507441
-122.97997681918609,38.27019157630804
-122.98118272977679,38.27036491633435
-122.98117738273187,38.27069099491661
-122.98255128021391,38.271649750945976
-122.98236448727623,38.27216025064151
-122.98288674599418,38.272181632669586
-122.9839054443468,38.27308040109247
-122.98649422237847,38.273098374037346
-122.98711677053673,38.27425449766067
-122.98773046598903,38.27463235923715
-122.98747644172279,38.27613078889969
-122.98802709601864,38.276349589766056
-122.98895020026679,38.277426020485535
-122.98868390225783,38.279588230070374
-122.98890161696045,38.28034519928131
-122.98970411660586,38.281035656400555
-122.99247054482544,38.28178967980333
-122.99362158143146,38.282600419954356
-122.99477872226139,38.28305996901599
-122.99549271817772,38.28451868379481
-122.99542518732272,38.28535280021937
-122.99682722711479,38.28624551746991
-122.99655699571008,38.28678357579429
-122.99673248154001,38.287326586167495
-122.99741673687532,38.28801713471243
-122.99712514855968,38.288374146496885
-122.99729516288015,38.289498793488214
-122.99813941448889,38.290106838919534
-123.00016121927892,38.290921945855565
-122.99985668330866,38.29165758910149
-123.0004456385758,38.29317130058066
-123.00234355149107,38.295375090689255
-123.00299688837428,38.29592235588931
-123.00296614347266,38.295924999884996
-123.00296541920632,38.29592440600894
-123.00215318573925,38.296023540439684
-123.00060322523551,38.29755113754687
-122.99914460194802,38.29823607486273
-122.99448417483654,38.29935341967083
-122.99360677093672,38.29980397763795
-122.99331254752383,38.30025460064221
-122.99330059051206,38.30139916671337
-122.99386767717291,38.302778118825266
-122.99385285100924,38.304157020338664
-122.99500256984456,38.30554950628901
-122.9947025829059,38.30645974136061
-122.99382900230718,38.306685008849286
-122.99266771749217,38.30644608395356
-122.99122414421643,38.305522207206614
-122.99005416555835,38.30619352248486
-122.98946722024745,38.30687839070134
-122.98712823896838,38.30824349235197
-122.9862554308238,38.30823436759774
-122.9862585654275,38.30800907625382
-122.98567386308241,38.30822975745395
-122.9839309395795,38.30822050587333
-122.98334206874155,38.30890986501186
-122.98303595312888,38.31050502480602
-122.98245004005099,38.31096006233483
-122.9807056250595,38.3109417184575
-122.98041356047064,38.311176005786244
-122.97925526523481,38.31070713510993
-122.97809274715107,38.310697898015604
-122.97576087482628,38.31137333247986
-122.97372363608585,38.31159366322728
-122.97314720490236,38.311120376039305
-122.97025262386889,38.309970535300174
-122.96879026021851,38.31086687349212
-122.96848285324383,38.31247100162143
-122.96760019385277,38.31338100823919
-122.96721220986669,38.31612515181424
-122.96610992401038,38.31703960710115
-122.96349159005622,38.31724606124027
-122.96232905873849,38.31724567513034
-122.96059098388355,38.316542115921855
-122.95567224268723,38.31353013718194
-122.95132700586188,38.31305518415632
-122.94959101156758,38.31235146236023
-122.94930537158146,38.311887189951335
-122.94872688749741,38.31165712486669
-122.94758203472567,38.31165207886753
-122.94802614370916,38.31124671295985
-122.94754701968759,38.31077789268239
-122.94655105962335,38.31062417422509
-122.94587701952562,38.31011918304859</coordinates></LinearRing></outerBoundaryIs></Polygon></Placemark>
<Placemark>
<ExtendedData>
  <Data name="COMNAME"><value>CALIFORNIA RED-LEGGED FROG</value></Data>
  <Data name="SCINAME"><value>RANA DRAYTONII</value></Data>
  <Data name="SPCODE"><value>D02D</value></Data>
  <Data name="VIPCODE"><value>V01</value></Data>
  <Data name="UNIT"><value></value></Data>
  <Data name="SUBUNIT"><value></value></Data>
  <Data name="UNITNAME"><value>SNM-1</value></Data>
  <Data name="SUBUNITNAM"><value></value></Data>
  <Data name="STATUS"><value>FINAL</value></Data>
  <Data name="LEADOFFICE"><value>FF08ESMF00</value></Data>
  <Data name="COOPOFFICE"><value>NONE</value></Data>
  <Data name="COOPOFMORE"><value></value></Data>
  <Data name="FEDREG"><value>75FR12816</value></Data>
  <Data name="PUBDATE"><value>20100317</value></Data>
  <Data name="EFFECTDATE"><value>20100416</value></Data>
  <Data name="VACATEDATE"><value></value></Data>
  <Data name="ACCURACY"><value></value></Data>
  <Data name="SINGLMULTI"><value>SINGLE</value></Data></ExtendedData>
  <Polygon>
<outerBoundaryIs>
  <LinearRing><coordinates>-122.46026957589905,37.622286768265845
-122.45898732705717,37.62166681064912
-122.4581418658432,37.62172482783519
-122.45651250976431,37.62042395775364
-122.45605670798518,37.62024762250043
-122.45524386618278,37.62041775683677
-122.45435312223617,37.61993944044819
-122.45437048838254,37.61943863056152
-122.45334136347468,37.61840814495182
-122.4515924378992,37.617273746173105
-122.44948808903253,37.618058379610524
-122.44786381986457,37.61986236299915
-122.44450891969161,37.620385078336724
-122.4397601880371,37.61516406228332
-122.43731446786782,37.6129326825985
-122.43607374036723,37.61150884898001
-122.43470079112095,37.6091893750535
-122.43329363490493,37.60775171523456
-122.42954151528524,37.604490312758216
-122.42677662541954,37.601519765362696
-122.41617993014818,37.59204786120023
-122.41341546798779,37.58914854411861
-122.41330083836479,37.588480229629745
-122.41166576643188,37.58680272877891
-122.41008430131185,37.58593630622543
-122.40829663849459,37.58408843816667
-122.40645357957725,37.58274631569953
-122.40515545283215,37.58095735727513
-122.40092442961972,37.57344148934473
-122.39694383339759,37.569176263244316
-122.39199767065352,37.56581216035549
-122.39044174029233,37.564490077690074
-122.39056979693332,37.564093286623084
-122.39032249977498,37.56380496096839
-122.38936664521921,37.56366753678895
-122.38850221751058,37.56252590755769
-122.38784741881855,37.56042489032751
-122.38631652225256,37.560151933221874
-122.38611430015149,37.55944429985888
-122.38672882764251,37.558917556990814
-122.38642634418669,37.55836657562787
-122.38571152897633,37.55786204810138
-122.38484204784153,37.55795291346639
-122.38378545952321,37.55763259138984
-122.3828865035844,37.55565167365716
-122.3815250654326,37.5542645059488
-122.38193632173717,37.553162624165395
-122.38119090055127,37.5527502266044
-122.38179737648669,37.55151688370749
-122.38058129259898,37.550803033903875
-122.3802436446205,37.54991892681616
-122.3790632548717,37.54845539757412
-122.37955349819812,37.54786179510357
-122.37932071142309,37.54750728003229
-122.3760517465543,37.54709259799949
-122.37488083102059,37.54617005461856
-122.37334768831653,37.546159184837656
-122.37022026479889,37.54306502726513
-122.36775052290393,37.5386171765736
-122.36684070903192,37.53641826929394
-122.36479564850383,37.53390322688784
-122.36443458735499,37.533143077020306
-122.36457338021738,37.532436220118974
-122.3625734940058,37.53110101437016
-122.36100017172579,37.529103653043755
-122.35973839486383,37.52645912560149
-122.35497763184577,37.5194695383983
-122.34901427486017,37.51316473188809
-122.34642805812135,37.51105180294107
-122.3436152429883,37.50748281384568
-122.34019059723948,37.50543663044813
-122.33365861825303,37.5027528047457
-122.33154551360138,37.50138151391038
-122.3282025129556,37.500313224763254
-122.3247345147937,37.49984033367525
-122.32123382430089,37.49967718061314
-122.31783075484017,37.498655949875385
-122.31473449436714,37.496825560149475
-122.31085693165907,37.49534825819561
-122.30536335639022,37.493861337895275
-122.30336608749245,37.492991038902495
-122.30175926512108,37.491979924933446
-122.30029792591102,37.49065471021417
-122.29942323738025,37.48740037765989
-122.30005775663902,37.47738261141917
-122.29911511460486,37.473863398759576
-122.29528687916097,37.47047801070316
-122.29482755964747,37.46889719800893
-122.29686864654418,37.467897274409154
-122.30396610913316,37.46935625508309
-122.30675953717125,37.469372677099614
-122.30755124080001,37.469693994444
-122.30738030225837,37.47003989900706
-122.30798283941165,37.47091555575468
-122.30693764275468,37.47197976897181
-122.31355266074482,37.47739055280557
-122.31826782007049,37.47378656064942
-122.31713759935484,37.46958083051754
-122.3242751290714,37.47028380533596
-122.32934347539877,37.47152728118549
-122.33618077224237,37.473792511344094
-122.33999029793809,37.47381385283076
-122.34378748496111,37.475251970952684
-122.34580692792007,37.476680147774196
-122.3508795113529,37.47751782846673
-122.35470323464811,37.47591937902085
-122.35878590310296,37.47371492560824
-122.36032525815688,37.47190144596869
-122.36161574134546,37.46947932741719
-122.36542851769872,37.46909501478536
-122.37531765283373,37.47096953532555
-122.37735439418329,37.47037301153181
-122.37840950274268,37.46839164186883
-122.38290325854179,37.46757151412945
-122.38602549302567,37.46596502977263
-122.38907602070468,37.46517913725001
-122.38969924555009,37.46458070808103
-122.39051931226399,37.464224391580494
-122.39329592783912,37.464500123707
-122.39565862177888,37.46599964401441
-122.39869981883015,37.466862413254134
-122.39898359124982,37.46688198815485
-122.39966297256765,37.46630403071133
-122.40017299233602,37.4662818328033
-122.40360649267863,37.46679735416909
-122.4046077815091,37.467690282445595
-122.40465064259836,37.46874503627215
-122.40493904227276,37.469230921319536
-122.407931970958,37.46974411802401
-122.40957065005115,37.46952470599134
-122.41143062863118,37.46825186416509
-122.41856898430328,37.46592030038814
-122.4201880249722,37.466329541795055
-122.42040041030297,37.46780196553875
-122.41934871039092,37.46857210599323
-122.41695291620432,37.4723329093418
-122.41699186673557,37.473205860568655
-122.41463744543078,37.475130458743
-122.41362629735386,37.47566049199593
-122.41234764750314,37.47573099681869
-122.4064297496378,37.47308308504393
-122.4035275477912,37.472221312220896
-122.40285484437801,37.472396263437844
-122.40736560954362,37.475005034352186
-122.40934522491715,37.47574652492822
-122.40516249693322,37.47750695470461
-122.40526374425396,37.47836879202697
-122.40448353201373,37.4786466955528
-122.40430755597124,37.47967131411748
-122.40564001735243,37.480971053382575
-122.40737366824445,37.48106893640428
-122.40802013970143,37.480419102648966
-122.41340819853873,37.479071057556986
-122.41576876232386,37.482189772816064
-122.41648775060469,37.48184843519006
-122.41524889211509,37.47876169994193
-122.41850655221967,37.475856292065764
-122.4214763269884,37.47490500600001
-122.42388683622558,37.476633877954754
-122.42549116994367,37.47814414151641
-122.43016499618952,37.48331804757598
-122.4336646626848,37.483549509971525
-122.434462951259,37.48484115315772
-122.43617773365762,37.48629328498149
-122.43595983822381,37.48699730879667
-122.43634987008868,37.48765776059845
-122.43866440512198,37.489354652066446
-122.439604477965,37.490960692633216
-122.43958810355618,37.49315224674444
-122.44083555624279,37.49610843028102
-122.44144456456135,37.49956734304433
-122.44079721383572,37.50125014868199
-122.4429746373851,37.504933253099985
-122.4422269757503,37.50816896400529
-122.44274237885597,37.51347556656383
-122.4416520975122,37.51431965638342
-122.44300892756142,37.51685485896762
-122.44458749392801,37.51804239740096
-122.44563262386032,37.51981746418398
-122.44742481252028,37.52075308750854
-122.45121213009993,37.521247504018184
-122.45333633598237,37.52280363341602
-122.45417253177806,37.52424048430139
-122.45575755464687,37.5245849716506
-122.45727737110332,37.52459196559232
-122.45798260203426,37.5242105568225
-122.4597806082915,37.52158728463229
-122.46087406995173,37.52051132826698
-122.46680086566752,37.52040643981533
-122.46909663628246,37.51966556001527
-122.47099120582789,37.518493567756714
-122.47167619996088,37.51688686539232
-122.47370086006482,37.5163593161696
-122.47747242002816,37.516483382458674
-122.47990194553141,37.51585019668875
-122.48179699299834,37.51457071452556
-122.48342407930407,37.51402366897342
-122.48425332757365,37.514372933773096
-122.48615426290436,37.514381219029964
-122.48745221664497,37.514111546987706
-122.48784752484903,37.5149344768949
-122.4878825186269,37.51597418286502
-122.48922875961199,37.5159454256549
-122.490275652525,37.518914611446576
-122.48893573933105,37.52005650978209
-122.48942397062972,37.52077898731083
-122.49114769157227,37.52003997631643
-122.49271293230834,37.51989859068444
-122.49589537518396,37.52060456595912
-122.49628845588975,37.52135896735681
-122.49796497183449,37.52136610569431
-122.49796850705529,37.52083849128573
-122.49876728520906,37.520841883944584
-122.50005803017801,37.51965465847174
-122.50165237498277,37.520246307337494
-122.50046113787899,37.52228281868334
-122.49854324348591,37.52457519934046
-122.50028326515447,37.525498661866095
-122.5011334648288,37.526815757892656
-122.50034760935297,37.52805106882071
-122.49759127478079,37.52803937507551
-122.49653950315133,37.5289982769526
-122.49563089444557,37.529200838708746
-122.49536844332975,37.52968140792664
-122.49544951541101,37.530473102739215
-122.4948802359005,37.531606081910674
-122.49487443488948,37.53246621811489
-122.49443683211155,37.53329009996933
-122.4933964607037,37.53380173791482
-122.49274024968732,37.53500314584156
-122.49174094594677,37.5358246030854
-122.4896669597917,37.53885236816921
-122.48983325519139,37.539344620954154
-122.48877590609774,37.54073524310827
-122.48897511306565,37.54132137123168
-122.487656204867,37.5443232329533
-122.48777336125693,37.54689935558953
-122.48911237226567,37.548192965252646
-122.49072538766545,37.54884383586958
-122.49423702282606,37.54778575764489
-122.49652832259382,37.54779554984961
-122.50068724398386,37.55071077373043
-122.50243663058568,37.55114742813405
-122.50812580650353,37.55016437100276
-122.50870844242922,37.5508976000859
-122.50878967613008,37.55168928406583
-122.50726948258371,37.55285276546914
-122.50639701885483,37.55408774926583
-122.50798136104247,37.55479717641146
-122.50841616655069,37.555919708526595
-122.50970995691937,37.556337964078516
-122.51360216703371,37.55635406303849
-122.51387620947324,37.55678985679691
-122.51411868612377,37.55676070119499
-122.51395945377865,37.55705486655399
-122.5143570750533,37.557176474715
-122.51520538121392,37.55806878721597
-122.51522078742543,37.55856345952551
-122.5158108212101,37.55872654235725
-122.51558034845087,37.559107488511856
-122.51464217078868,37.559614670564336
-122.51424500919791,37.56031163895917
-122.51433748709806,37.562158985735856
-122.515369060362,37.562625655569406
-122.5141763725841,37.563645262758
-122.51429862282734,37.56568535307316
-122.51498759081394,37.567437675141
-122.51687559905625,37.56735738945118
-122.51803590002243,37.56793043979476
-122.51795815765603,37.568561004210046
-122.51623555640899,37.569495419208046
-122.51637271200237,37.56981620585357
-122.51722241607227,37.57009870521261
-122.51672932572096,37.571041395492045
-122.51690914632745,37.57131339848611
-122.51738757168557,37.57152417181114
-122.51812613100743,37.57127203453108
-122.5183406421634,37.57153910125912
-122.51777986339603,37.57214562798659
-122.51844474355141,37.57235928779601
-122.51853601870882,37.572580464442716
-122.51739861434157,37.57331531121127
-122.51846313578945,37.573853868063075
-122.51901307691783,37.57368667626207
-122.51897312607066,37.57418599343298
-122.51993962292148,37.57393740831641
-122.5200763908772,37.574274658413934
-122.52040951330781,37.57421395052032
-122.52052965369565,37.574386142980195
-122.52039423322182,37.57567503884064
-122.5195298231609,37.57598565236809
-122.51908157139465,37.57651152788221
-122.51838711224022,37.576374296036875
-122.51802604895165,37.57700591668213
-122.51793193981435,37.58165762743134
-122.51753239289526,37.5821677828288
-122.5174114094252,37.58314925745621
-122.51720294234758,37.589855901189964
-122.51096984074321,37.59045237412865
-122.50967938243573,37.591102049659604
-122.5085721782398,37.592767831099586
-122.50593293374672,37.59316288103332
-122.50330960008708,37.59118328601728
-122.50452207656285,37.58814643136173
-122.50453422736078,37.586313365412124
-122.50487373749162,37.584743559257674
-122.50394822822098,37.58447132058947
-122.50380357044224,37.58367179628393
-122.50332185387589,37.5830511461739
-122.5021985208342,37.58360331999893
-122.50109560983435,37.58218224095694
-122.49959784901428,37.58150423831572
-122.49688928058933,37.582749291034936
-122.49281116778371,37.58251538953013
-122.49183629625021,37.582142742451346
-122.49107211209756,37.581048761907894
-122.49251537801466,37.579366316724254
-122.49566388895708,37.579047765630065
-122.49546365996154,37.578228122170884
-122.49408203826313,37.577157784555595
-122.49227800433714,37.57652161730398
-122.48734223217356,37.58076409794358
-122.48248998900898,37.579809532453204
-122.48198127275285,37.578988513817364
-122.48025651253543,37.57867401796202
-122.48024754916841,37.579963437443354
-122.47785934674812,37.57995289771959
-122.47698889369735,37.57937589323961
-122.47648253410415,37.57822734659364
-122.47571469940021,37.577691727069485
-122.47473508845836,37.5780148870153
-122.47390690212575,37.57874810730551
-122.47205513092135,37.57873983981079
-122.47061283598461,37.57901995578917
-122.46947218944044,37.58028395435152
-122.46926091136501,37.58106085191236
-122.4682265859244,37.581834043981495
-122.46620010402788,37.58260577660118
-122.46563906931769,37.583992142230926
-122.46414080606512,37.58488601455481
-122.46305140324142,37.586150181820614
-122.46304434538465,37.587132692458525
-122.46123643657043,37.588147935899116
-122.4591606843499,37.587277757207
-122.45676701882482,37.587267725955336
-122.45675996320618,37.58833129721194
-122.45935471660108,37.58970528976506
-122.45952381718725,37.591440589677475
-122.4586806715233,37.592967073442594
-122.45684229912135,37.59513406483168
-122.4572689859534,37.596071970932
-122.45798542398337,37.5966074729532
-122.45977741719,37.5965310111422
-122.46158455797946,37.59763482972015
-122.46198498637325,37.59850897627833
-122.46301166471062,37.59884116563414
-122.46510707664669,37.59857306506173
-122.46583624843133,37.59959088909019
-122.46581880791874,37.60203013150005
-122.46634519802497,37.602018248098574
-122.46715389599656,37.60270247120111
-122.46867225369837,37.6033312046624
-122.47083605480174,37.60381646614816
-122.47516727887827,37.604031980744296
-122.47747077815144,37.60506971355314
-122.47926738284916,37.6052174262001
-122.48080054748333,37.606817704004804
-122.47813448464069,37.60863841548051
-122.47193743301793,37.60847757911076
-122.47065007124051,37.60986159987249
-122.47145199852314,37.61071034279275
-122.47026913113632,37.612997973834425
-122.47090563074097,37.61381836563946
-122.4707154770303,37.614648178818484
-122.476112322803,37.61456494320041
-122.4789430227207,37.61489942553718
-122.47919860572789,37.61693955712427
-122.47891531351065,37.61886999044051
-122.4764748916811,37.62057624465322
-122.47659626130032,37.622508465674855
-122.4799527296437,37.62488425594525
-122.48034778207284,37.62628110267977
-122.47977253765282,37.627247500936846
-122.47855760839154,37.6273226274552
-122.47767554668494,37.62790870638896
-122.47815887387661,37.629718440310874
-122.47732948576795,37.63031142979579
-122.47280334459145,37.63181368021675
-122.47273351893709,37.6315667044972
-122.47203070329648,37.63124312985621
-122.4712470027977,37.62997881083958
-122.47061269664034,37.62986640591149
-122.46999966882089,37.629208629834274
-122.4698499030857,37.62855293297349
-122.46885708588006,37.62787784606892
-122.4680650885064,37.626821506373894
-122.46524581647908,37.625159287712364
-122.46347888963324,37.623419611759246
-122.4628888467414,37.623076561733015
-122.46156833436477,37.62291468350844
-122.46026957589905,37.622286768265845</coordinates></LinearRing></outerBoundaryIs>
<innerBoundaryIs>
  <LinearRing><coordinates>-122.4378237577934,37.60832615779417
-122.43661419606798,37.60736531444178
-122.43655613964796,37.606541097322314
-122.43713141388356,37.60622038105877
-122.43756313908003,37.606265911173885
-122.44003882674754,37.6073635688589
-122.44104535583588,37.606630373868036
-122.4411020098078,37.60562309888779
-122.43954654587448,37.603540717453804
-122.43894194824755,37.603220377827746
-122.43802113276098,37.6033125045885
-122.43738794426649,37.603038099753526
-122.43652460358199,37.60303856599518
-122.43594841439847,37.60200856506855
-122.43402013751147,37.60157450566164
-122.43378935108129,37.600727562948705
-122.43430654563137,37.59992609513111
-122.43278076130295,37.598805094716596
-122.43050701072647,37.597958972304426
-122.42906794350858,37.597158317877046
-122.42895275780542,37.59690656230997
-122.42926881909142,37.59637978267585
-122.4303909491446,37.5963107195229
-122.43102360540915,37.595989968187986
-122.43099460518317,37.59566937519032
-122.43047641344602,37.59525756150431
-122.43061975482696,37.59450209624646
-122.43027434796048,37.5943190921239
-122.42805894844489,37.59438871985902
-122.42595794705136,37.59322196893893
-122.42552581694973,37.592466718240566
-122.42549660383202,37.591711192042816
-122.42587019672749,37.591115779693546
-122.4255246038493,37.59056650124771
-122.42638713209449,37.58949031120938
-122.42796882037172,37.58861956144429
-122.4274510105464,37.588528189596396
-122.42474682204976,37.58891850497096
-122.42417113504584,37.58852949845016
-122.424630945856,37.58763656572059
-122.42385441579785,37.58788856164515
-122.42198434636477,37.58795797259493
-122.42103481710755,37.58770656140314
-122.42066041502758,37.58713437576321
-122.4194807592195,37.586722561878766
-122.41847335379583,37.585578315317605
-122.41832912888192,37.58502890854946
-122.41904776028474,37.58388409556572
-122.41663100533613,37.58365590793793
-122.41565260328677,37.58301519340095
-122.41507681433491,37.582214098676324
-122.41740635160161,37.58088556138773
-122.41743500232839,37.58067949918652
-122.41484581411721,37.5806115642508
-122.41412681704821,37.58077209366397
-122.41225660034642,37.580062971355424
-122.41087600112922,37.58049831111764
-122.41047340738189,37.58075019038723
-122.41056035234125,37.58180331751625
-122.40998500428582,37.58235297412293
-122.41018653779355,37.582719187620015
-122.41119341123269,37.58267309560846
-122.41263241204835,37.58397756280637
-122.41240241052877,37.58432097212575
-122.41145312674308,37.58452737987102
-122.4114245973175,37.58493950044051
-122.41297812966818,37.58496196994143
-122.41312235016152,37.585625784754484
-122.4141865389853,37.585350785211105
-122.41504994011342,37.58608309979517
-122.4150791970232,37.58693009740559
-122.41599994362286,37.58718156561196
-122.4164028207053,37.58752490638676
-122.41766960360484,37.589172786601544
-122.41726775607884,37.59093578609633
-122.41795834746755,37.591255971207566
-122.4176135416926,37.59203450492855
-122.41781535099062,37.592606909585214
-122.41844841223066,37.592995782402035
-122.4185918226369,37.59207997297122
-122.41879300881614,37.591805187488774
-122.41931081565458,37.591713380475554
-122.42167159668534,37.594345377498676
-122.42218994360302,37.595260907916796
-122.4222481317672,37.596313974648005
-122.42328394541963,37.59635937485602
-122.42371575779764,37.596611098402626
-122.42492541288726,37.598419191645
-122.42590394660223,37.598945314099936
-122.42731481777906,37.600295375970425
-122.42702735132633,37.60086791290878
-122.428668759163,37.602652908455866
-122.42866894802604,37.60290472130581
-122.43007994918617,37.60427772148862
-122.43246935809688,37.60594790853822
-122.43503275963387,37.60889990988314
-122.43627060390807,37.60947156849624
-122.43673160268857,37.61027256301761
-122.43866094811034,37.61178272099084
-122.44004376411834,37.61340750604983
-122.44070613646318,37.613933725142076
-122.4413969541793,37.614093506114244
-122.4408487639121,37.6124455020714
-122.44027241364917,37.61159878455123
-122.43845801130772,37.6099513119161
-122.4378237577934,37.60832615779417</coordinates></LinearRing></innerBoundaryIs>
<innerBoundaryIs>
  <LinearRing><coordinates>-122.43706381350347,37.55665631440742
-122.43691953935563,37.55594671841229
-122.43617182196148,37.55606150097576
-122.43525113104032,37.55535218663939
-122.43522194736417,37.55482572040454
-122.43418653887944,37.55464309261148
-122.4339275377236,37.55441431206744
-122.43214453501011,37.55418609304208
-122.43067740941736,37.55356872015427
-122.42990053119276,37.55274478349283
-122.43001494210526,37.55203509373386
-122.42877853659259,37.55212718856486
-122.42837574942156,37.551738188552775
-122.42834675295123,37.55137190746363
-122.42920840906604,37.55011237469719
-122.4273681940678,37.55020471750954
-122.4268216011146,37.54976990542688
-122.42621775586719,37.54965577599635
-122.42561353455936,37.54908356208393
-122.42480819508013,37.54885508854784
-122.42446234812621,37.54768755947985
-122.42351353038394,37.54782531432146
-122.42262294204521,37.5489703755722
-122.42242253424797,37.55043556500825
-122.42176141265085,37.55096237705617
-122.4217911315024,37.552541964744876
-122.42225159618307,37.553205781854025
-122.42216559541222,37.553778183540594
-122.42262653368633,37.55503718894016
-122.42420941109768,37.557051093093506
-122.42498619143062,37.55750872117283
-122.42521612595552,37.55732537236282
-122.42478419582368,37.556478563956155
-122.42357574885328,37.55542596705624
-122.42334412491431,37.55293056238753
-122.4227683424618,37.55160309167872
-122.42279675621815,37.55119096523425
-122.4233140005931,37.55070997117288
-122.42593181340847,37.55233437292105
-122.42685219377115,37.552631561246706
-122.42696741185965,37.55292918768786
-122.42958500044928,37.55407278247978
-122.43053434389098,37.55462178237661
-122.43056335006605,37.55485071937942
-122.431454759296,37.55485030878457
-122.43197259645696,37.55523918482715
-122.43320919486104,37.55521590371603
-122.43459034724593,37.556176783202595
-122.43467682113122,37.5566573763409
-122.43530981402945,37.55700049761178
-122.43870401041609,37.55789171844249
-122.4389919400297,37.55818918394985
-122.43893482109871,37.55880731405063
-122.43985475395058,37.55841756071495
-122.44051635283223,37.558463093684196
-122.44290394047859,37.55924018596007
-122.44273100820637,37.55880537615918
-122.43910613329767,37.55722771623168
-122.43706381350347,37.55665631440742</coordinates></LinearRing></innerBoundaryIs>
<innerBoundaryIs>
  <LinearRing><coordinates>-122.38708199899867,37.54858896986001
-122.38578799227906,37.54744449860032
-122.38518411722441,37.546482968862115
-122.38573018277964,37.54568172099622
-122.38440758633438,37.545338310805995
-122.38403374593624,37.544834719169174
-122.38285481175619,37.54462878559615
-122.38276853021881,37.54396477861702
-122.38147474826803,37.543415501493044
-122.38029580320435,37.542087566127414
-122.3808133398091,37.54140078256136
-122.37972058990702,37.541011718187775
-122.37923193536338,37.53977537847495
-122.3799219335907,37.538218561506476
-122.37842693313111,37.538516310229596
-122.37802440004937,37.53833296582702
-122.37836940109652,37.53785237506285
-122.37721940396978,37.537211316076416
-122.37652933550105,37.53592931598579
-122.37489059087156,37.53428090474009
-122.3743445215329,37.53325056601706
-122.37399952489595,37.53306749753389
-122.37282080995125,37.533090376310824
-122.3725333966936,37.532289093397885
-122.37333833559329,37.531808375407834
-122.37379839706237,37.530846780710505
-122.3742008044238,37.53080109138572
-122.37468952101874,37.5311675020866
-122.37543712305649,37.53119037508765
-122.37644318217563,37.531602371804254
-122.3768743392374,37.53212890585101
-122.37882918530195,37.53283871578609
-122.37940418417865,37.5326555648899
-122.38087040505687,37.53290737531705
-122.3815029357905,37.533525378722786
-122.38501034320885,37.53400596757647
-122.38590159148978,37.534646969999905
-122.38593018349631,37.533593903286736
-122.38521152730306,37.53361690980432
-122.38253780511627,37.53293031570788
-122.38219293597031,37.5323349679936
-122.3814453413336,37.53217471832857
-122.37931792889714,37.531030095793035
-122.3750633344476,37.529839562139564
-122.37500580852468,37.529175715480854
-122.37351112163185,37.52858037529203
-122.37305111917333,37.52819118609914
-122.37279239611163,37.527504374710006
-122.37187252407597,37.52761878420883
-122.37158493325033,37.52855737855991
-122.36968774425567,37.52869472176299
-122.36733080308916,37.52601590692378
-122.3654338047439,37.52471077875887
-122.36554880313028,37.52390956304051
-122.36689974102651,37.524230190139185
-122.3658939917407,37.52189496783701
-122.36598039958275,37.5214599666169
-122.36632533019882,37.52132271573593
-122.36790617718762,37.521689090335435
-122.36793498994642,37.52146009063731
-122.36638293162923,37.520361186170156
-122.36540579858222,37.52006337382228
-122.3625603320499,37.51850630897619
-122.36270411202257,37.518162906790025
-122.36422751832305,37.518414905869854
-122.36434258876952,37.51809450048205
-122.36365273835665,37.51768230859338
-122.36307792767704,37.51763637455753
-122.36316433494522,37.51715572015373
-122.36210080664816,37.517086909694875
-122.36129599363946,37.516491501086605
-122.36123879951774,37.51578172070852
-122.36080792820191,37.51500337624975
-122.36201498873544,37.51498071631763
-122.36152652483564,37.51447690267225
-122.36069311237596,37.514110496904124
-122.36049199248632,37.513446501252936
-122.3598597363051,37.5131259089483
-122.35983117610574,37.512828314570356
-122.36054980086037,37.51223331128308
-122.36009017308479,37.51097396781332
-122.35948658642289,37.51065330899606
-122.35865292343343,37.51214131144618
-122.35741679808037,37.51280496500093
-122.35661217711288,37.51271331433006
-122.3549169234886,37.51117918788269
-122.35448598839896,37.51044649750474
-122.35365273916769,37.50987396642657
-122.35428532783618,37.50863778358519
-122.35399811064424,37.50829431581837
-122.3535669267562,37.50831709588912
-122.35253211592611,37.50914109273389
-122.35172711556419,37.510171092088996
-122.35164073746755,37.51065190533227
-122.35330732820393,37.511682496611456
-122.35330733419686,37.5119343115121
-122.35218633229076,37.51177377977804
-122.35112280303059,37.51207118680738
-122.35112280284653,37.51248330942911
-122.35198473381959,37.51323890826062
-122.353766393978,37.513788715745676
-122.35385258291969,37.5140405018681
-122.35528939074821,37.51493378256077
-122.35755992510055,37.515781184318755
-122.3573873312971,37.51610171731616
-122.35646751757957,37.5161930969431
-122.35646739163572,37.516513560155204
-122.35695599118691,37.51685718601225
-122.35669711040582,37.517223372946596
-122.35678333295573,37.51761250083214
-122.3575013940829,37.51932972038868
-122.35813352201909,37.52001671596895
-122.35885211702478,37.5203600906023
-122.35839199263211,37.521229969448385
-122.35911058352994,37.52116150071918
-122.35957039569604,37.521504906383406
-122.35948399095116,37.52221455992092
-122.3602887993606,37.52244371791392
-122.3608923340064,37.52306190972169
-122.36083474304283,37.52342809551756
-122.36011611284205,37.523908779813254
-122.36106451873427,37.524160780047104
-122.36192674027316,37.525053779822194
-122.3617828016056,37.5263587217406
-122.36212758612291,37.526770781338655
-122.36192633059046,37.52761778079194
-122.36267358757097,37.528419184849916
-122.36307580794144,37.52942656561856
-122.36652517500015,37.53100656274369
-122.36692752115404,37.53212837878114
-122.36764617911098,37.53251771878306
-122.36755980866253,37.533593563575565
-122.36784733252104,37.533731097561684
-122.36896852275373,37.53359377847555
-122.36985958431153,37.534189094068836
-122.37138333831071,37.53400597099972
-122.37210193526272,37.53423496862941
-122.37244693408957,37.53540250206618
-122.37316558522244,37.53563156172848
-122.37313693463477,37.535860563058975
-122.37230312297308,37.53606649936529
-122.37233192919763,37.53638697157071
-122.37382680383203,37.536295503897996
-122.37382680906501,37.536570312174575
-122.37302180869618,37.53679909728584
-122.37204440250241,37.5377377175274
-122.37253299041463,37.53812697116888
-122.37302181004586,37.53776056220511
-122.3743729910523,37.537371560645276
-122.37477558806064,37.537829377389684
-122.37451680839702,37.53835590998757
-122.37463180959888,37.539340311029115
-122.37523552979225,37.539340376702214
-122.37563811663132,37.53966090755983
-122.3758105857822,37.54009590401254
-122.37661552882662,37.540691190671886
-122.37707552848187,37.54169837291479
-122.37891580483856,37.54311778042549
-122.379692125082,37.544628780564175
-122.38015211953798,37.544743188377396
-122.38104352281232,37.54568190824392
-122.38213618480391,37.54620831078912
-122.38259633746975,37.546917972935546
-122.3836889959671,37.547421723164405
-122.38515558883674,37.549573719146885
-122.3862773384629,37.5503290922353
-122.38621974967771,37.55124478336299
-122.38696740239821,37.551633906183746
-122.38783034049719,37.553350906811524
-122.3893259388903,37.55454118864634
-122.3896423436607,37.555273717486806
-122.39070653336,37.55630390685554
-122.39145434640092,37.55669291107904
-122.39125274622042,37.55554831305239
-122.39159759323994,37.554815719105804
-122.39090733931721,37.55401437678301
-122.39059100167293,37.55316750239326
-122.39013074981754,37.55270956357007
-122.38915299932654,37.55232037705516
-122.38949793586492,37.551702312771084
-122.38880781124155,37.551175781542
-122.38708199899867,37.54858896986001</coordinates></LinearRing></innerBoundaryIs>
<innerBoundaryIs>
  <LinearRing><coordinates>-122.3518399849573,37.508591558674546
-122.35186892886092,37.50815656245376
-122.35143798561445,37.50744671854632
-122.35161073536686,37.506141905911306
-122.3510935199117,37.505958560037534
-122.35003011188944,37.50632456228684
-122.34980033007872,37.50623296527925
-122.34922580236393,37.505271311010446
-122.34965692799462,37.50426418922894
-122.34856498830166,37.50410356360717
-122.34891010731214,37.50325655846338
-122.35057732586614,37.50238709632617
-122.34750273808879,37.50169949952317
-122.34557799010442,37.500210905888935
-122.3436525766965,37.50014156299957
-122.34293451248197,37.49941478262309
-122.34293473647377,37.498796500308615
-122.34250357643324,37.49836137096162
-122.33985911337041,37.49650618651698
-122.33862357659288,37.495269498736704
-122.33876732890849,37.4950863719836
-122.33810692189496,37.49435356396068
-122.3382223900708,37.49325471434102
-122.3402055111495,37.49238537737453
-122.34029191675171,37.49181309441825
-122.33828117289492,37.49091950144723
-122.3379663910078,37.48849271860704
-122.33753573240733,37.48810331203653
-122.33543858003574,37.48778196704658
-122.33529392033091,37.48922418567715
-122.33365616565769,37.489429562788246
-122.32926257715066,37.48574177809654
-122.32917679745086,37.48544418405811
-122.32955032683387,37.48537556319213
-122.33133110342756,37.485857190378624
-122.33173373165376,37.485285095923196
-122.33115973542884,37.484575185846424
-122.3307287348692,37.48462077996647
-122.33072838411645,37.48514731275062
-122.3304121662654,37.48523855923629
-122.32960810658817,37.484780373436166
-122.32848772827279,37.48468837693949
-122.32708057334719,37.483657502803865
-122.32570151640613,37.48383996827741
-122.32504091557063,37.48363371889471
-122.32440957614212,37.48267190564573
-122.32188172675674,37.482189784296416
-122.32196731993369,37.48294537396676
-122.32098950982667,37.48443297051218
-122.32078779061283,37.48521131304697
-122.32118957265115,37.4858753713161
-122.32104532566379,37.48665371841229
-122.32239572823235,37.48679178252517
-122.32383151553621,37.48798290359246
-122.32429138568669,37.48750237428206
-122.32469373370522,37.48747971763237
-122.32512438865132,37.48780037736566
-122.32684751333733,37.489220559908325
-122.32658857355064,37.48999890417196
-122.3251805711319,37.49038737336678
-122.32589816564992,37.49171556620409
-122.32687498095993,37.491853372080236
-122.32716232313788,37.49212818915933
-122.32808079146965,37.49409756259761
-122.32871279223663,37.494189373577335
-122.329747330368,37.49393809696471
-122.33040811127194,37.49419009744314
-122.3303789241667,37.495334779809205
-122.331096735582,37.49689196733009
-122.3304355103091,37.49744109154845
-122.32919979458252,37.4975779049641
-122.32928573227355,37.49842509536004
-122.33169958023144,37.498105564072965
-122.33382539214601,37.49895337566792
-122.33531951681752,37.499297497809735
-122.33577917454238,37.49975556514666
-122.33620973621123,37.500848969543654
-122.33761757942024,37.50105549902742
-122.33810591764676,37.50149056468634
-122.33824898230326,37.50279556613999
-122.33724298706474,37.502909778087336
-122.33707032400268,37.503596499286346
-122.33821992461361,37.50359690515085
-122.33922573419235,37.50329956359146
-122.3418689876723,37.50449090724247
-122.34186879507219,37.504902968486334
-122.34244357663101,37.505223715986105
-122.34385157504663,37.50552171724627
-122.34640851962682,37.507376781627514
-122.3467239914626,37.5094145019586
-122.34804573777365,37.50998709615503
-122.34844792650864,37.51053656141973
-122.34833273384942,37.511177566463466
-122.35002851657913,37.51099490776955
-122.35043117206953,37.50998771848989
-122.3518399849573,37.508591558674546</coordinates></LinearRing></innerBoundaryIs>
<innerBoundaryIs>
  <LinearRing><coordinates>-122.39783865251692,37.49873889312901
-122.3989117169511,37.499721637595705
-122.39944542171398,37.49913429924063
-122.39946229776287,37.497027052824286
-122.40116102847892,37.49627703656256
-122.3994717475827,37.49584699449916
-122.39684258111014,37.49389485333589
-122.3941978928946,37.49388132073815
-122.39312433054322,37.49581455663055
-122.39384919208352,37.497757023749216
-122.39783865251692,37.49873889312901</coordinates></LinearRing></innerBoundaryIs>
<innerBoundaryIs>
  <LinearRing><coordinates>-122.40527457712389,37.498272909546515
-122.4063147619919,37.50009624887831
-122.40501309836198,37.50413577597619
-122.40528907283559,37.506736436621935
-122.40413184298548,37.50851457970471
-122.40411174064616,37.51104327254091
-122.40570226113294,37.510629820287456
-122.40915320802156,37.50683186445558
-122.41177518407818,37.50534974852955
-122.41433160154833,37.50317082659727
-122.41605067698923,37.49980760514853
-122.41607627560484,37.496520290908464
-122.41386585136136,37.495076356669145
-122.40989451188244,37.49422247924989
-122.4075231441274,37.49445466253914
-122.40527457712389,37.498272909546515</coordinates></LinearRing></innerBoundaryIs></Polygon></Placemark>
<Placemark>
<ExtendedData>
  <Data name="COMNAME"><value>CALIFORNIA RED-LEGGED FROG</value></Data>
  <Data name="SCINAME"><value>RANA DRAYTONII</value></Data>
  <Data name="SPCODE"><value>D02D</value></Data>
  <Data name="VIPCODE"><value>V01</value></Data>
  <Data name="UNIT"><value></value></Data>
  <Data name="SUBUNIT"><value></value></Data>
  <Data name="UNITNAME"><value>SOL-1</value></Data>
  <Data name="SUBUNITNAM"><value></value></Data>
  <Data name="STATUS"><value>FINAL</value></Data>
  <Data name="LEADOFFICE"><value>FF08ESMF00</value></Data>
  <Data name="COOPOFFICE"><value>NONE</value></Data>
  <Data name="COOPOFMORE"><value></value></Data>
  <Data name="FEDREG"><value>75FR12816</value></Data>
  <Data name="PUBDATE"><value>20100317</value></Data>
  <Data name="EFFECTDATE"><value>20100416</value></Data>
  <Data name="VACATEDATE"><value></value></Data>
  <Data name="ACCURACY"><value></value></Data>
  <Data name="SINGLMULTI"><value>SINGLE</value></Data></ExtendedData>
  <Polygon>
<outerBoundaryIs>
  <LinearRing><coordinates>-122.15664436484252,38.19705874232611
-122.15602061495072,38.19612429459513
-122.15517437224185,38.19614205340324
-122.15374736141489,38.19691030595668
-122.15326656074345,38.19686321179656
-122.15299785433399,38.19620828293221
-122.15369970813857,38.19470103285625
-122.15444468540205,38.19184595395947
-122.15394054980526,38.190667473570784
-122.15078258734451,38.189520950134394
-122.14810800976512,38.185772711175716
-122.14694792643859,38.18535569487427
-122.1469334018561,38.18565190084841
-122.14645431449158,38.18548981869079
-122.14175964526362,38.17316272594078
-122.139623689593,38.16917036470488
-122.13966681132064,38.16899252238875
-122.14206483640716,38.16807783652719
-122.14208001692273,38.16457125091291
-122.13999279150813,38.163561627915435
-122.14077964736728,38.16311172587356
-122.14071921855437,38.162754376844674
-122.1389992020012,38.16072743445311
-122.13771624880101,38.15997861998697
-122.13366654133712,38.159644439180326
-122.13306462528062,38.16009736367899
-122.13299778967634,38.161082884880884
-122.12621021983084,38.1634886859611
-122.12546813335209,38.163432216283915
-122.12000324945708,38.16132610485264
-122.11896584599359,38.16124406269714
-122.1177339939854,38.15945366554888
-122.11837004079207,38.157183479806484
-122.11777903420665,38.15610600016724
-122.11665113635738,38.15536306054747
-122.11703278544098,38.15443159810804
-122.11801130602507,38.153627938677246
-122.12010831874532,38.15338229461277
-122.12087385535459,38.152932913789726
-122.12020683424592,38.14944458395349
-122.11859435227505,38.148161771728056
-122.11640162101457,38.14700522031194
-122.11569759330021,38.14623838124591
-122.11252831033013,38.1464667308007
-122.11097623539021,38.14601786687761
-122.1109067759028,38.14529640329194
-122.11188340220723,38.1446008429407
-122.10987744186393,38.14308953514571
-122.11016394433065,38.142668098144696
-122.11159311516491,38.142291476248126
-122.11195963963674,38.1417984995522
-122.11135027256618,38.14025286501323
-122.1116784202809,38.13894513663786
-122.11587542076195,38.13868454170843
-122.11739635180135,38.137742159832726
-122.11741790115212,38.13595391579957
-122.11849890746271,38.13393519654951
-122.11841240345,38.13322132378572
-122.11867012404257,38.13322325700194
-122.11877823056894,38.13215823188061
-122.11964568726731,38.13133680691254
-122.11976630699859,38.129230441130964
-122.11912743812367,38.126892561816355
-122.11763569145485,38.12417190857329
-122.11347049154416,38.12195802346631
-122.11204710391749,38.121495709554786
-122.10944534217326,38.12122877935963
-122.10991254210678,38.120040044562884
-122.11190465601068,38.11755134421797
-122.10860510859482,38.1158571652
-122.10865945979214,38.1113855845611
-122.10945998943151,38.11110099858621
-122.11437812202493,38.112681680001735
-122.12343307724262,38.112630364004204
-122.12766373414304,38.11218493903622
-122.1295013156342,38.10993324286484
-122.131619378831,38.10947200601731
-122.1343536191392,38.107942217734944
-122.13665194517246,38.10497843128934
-122.13848346872699,38.10320345364481
-122.14411585845298,38.098952404839174
-122.14610623655113,38.09646309149954
-122.15256843559335,38.09865598400077
-122.15573247664734,38.09903644826985
-122.16295227057297,38.10099575756571
-122.16627547156556,38.100661697806956
-122.17047959519223,38.10247987958931
-122.17251476233955,38.10419141164104
-122.17325017763406,38.10532461162874
-122.17299039174495,38.11400613859957
-122.17546334510416,38.11977718599158
-122.17583856198306,38.1219653403946
-122.18073206949761,38.12494669083577
-122.18438548916525,38.12812892305204
-122.18667499094894,38.12826154988181
-122.18880630389782,38.12919460513684
-122.19305376790349,38.13232429518442
-122.19315650362981,38.13307933651405
-122.19589198857638,38.13858456219196
-122.2014922059934,38.144673216983406
-122.20884842431846,38.14916990268101
-122.21088874725417,38.15107319755931
-122.21326481883837,38.15251986939369
-122.21129917905424,38.15626278901289
-122.2091651337831,38.15632669350511
-122.20541703089138,38.15441283118979
-122.20266375487567,38.15433694222411
-122.20104754191232,38.15632898018175
-122.19915570476695,38.15939278254711
-122.19857950998424,38.15929948859338
-122.19426075383146,38.160446860538535
-122.19285014384731,38.159603625911295
-122.19185253471785,38.15805157888491
-122.19186832464297,38.15662095909463
-122.19037233368685,38.154264260350416
-122.18959935950906,38.14993781519423
-122.1880582060322,38.147266323771035
-122.1869807786092,38.14640043226666
-122.18555124704638,38.14461642207938
-122.18009544430349,38.14183054939392
-122.17879636940772,38.13953321524328
-122.17691058886294,38.139691703641454
-122.1736591300153,38.138724129466176
-122.17135931223967,38.13719181441096
-122.16800817538652,38.137035717086334
-122.16791543426544,38.13827730656581
-122.16489764941304,38.13993201278819
-122.16580965162322,38.14060426720711
-122.16601658855771,38.14435107212425
-122.16808318188974,38.14919511478003
-122.17004090836627,38.15265858830442
-122.17038412292226,38.1554207254235
-122.1718394153662,38.15917624762515
-122.17177474940794,38.16489234754416
-122.17111047828496,38.168435786670216
-122.17123212390273,38.171455318466776
-122.17319112243452,38.171671956601706
-122.17472676225081,38.17074549351351
-122.17651137659192,38.17211898953072
-122.17728808913931,38.17205679890248
-122.17940733153495,38.17005290850641
-122.18293523168438,38.168094782673464
-122.18396325185573,38.168034467773275
-122.18563219550454,38.167135787363364
-122.18687388337442,38.1655041362804
-122.19122787540694,38.16553437499659
-122.19256101114199,38.1650794024445
-122.19406176574837,38.16492297247345
-122.19425317482113,38.16566779472873
-122.19573395032845,38.167363421458646
-122.19431460330912,38.16881615576119
-122.19263923962895,38.169548626581296
-122.19088376429069,38.17096726938564
-122.19214165675301,38.17303378928421
-122.19319037978126,38.17380405267027
-122.19077102587626,38.176791925344354
-122.18890999496008,38.17844826237348
-122.1852608407951,38.180616773634846
-122.18379813935923,38.18175119286448
-122.18225970818348,38.183390300126
-122.18174522909483,38.18308945099481
-122.18121289842088,38.18330698737726
-122.18156700316094,38.18384684196378
-122.18013931662945,38.184754062394795
-122.178155411486,38.1855197401649
-122.17392420876492,38.186689663104836
-122.17207091245648,38.187606577077815
-122.16909948471114,38.18959965386459
-122.1633472451817,38.195925748425104
-122.16208772041718,38.196668503376706
-122.1588167209456,38.19733662522858
-122.15757686300337,38.19742311618443
-122.15664436484252,38.19705874232611</coordinates></LinearRing></outerBoundaryIs></Polygon></Placemark>
<Placemark>
<ExtendedData>
  <Data name="COMNAME"><value>CALIFORNIA RED-LEGGED FROG</value></Data>
  <Data name="SCINAME"><value>RANA DRAYTONII</value></Data>
  <Data name="SPCODE"><value>D02D</value></Data>
  <Data name="VIPCODE"><value>V01</value></Data>
  <Data name="UNIT"><value></value></Data>
  <Data name="SUBUNIT"><value></value></Data>
  <Data name="UNITNAME"><value>SOL-2</value></Data>
  <Data name="SUBUNITNAM"><value></value></Data>
  <Data name="STATUS"><value>FINAL</value></Data>
  <Data name="LEADOFFICE"><value>FF08ESMF00</value></Data>
  <Data name="COOPOFFICE"><value>NONE</value></Data>
  <Data name="COOPOFMORE"><value></value></Data>
  <Data name="FEDREG"><value>75FR12816</value></Data>
  <Data name="PUBDATE"><value>20100317</value></Data>
  <Data name="EFFECTDATE"><value>20100416</value></Data>
  <Data name="VACATEDATE"><value></value></Data>
  <Data name="ACCURACY"><value></value></Data>
  <Data name="SINGLMULTI"><value>SINGLE</value></Data></ExtendedData>
  <Polygon>
<outerBoundaryIs>
  <LinearRing><coordinates>-122.19493311651097,38.235424321092985
-122.19191344808131,38.23510550246596
-122.1877403145745,38.236567016698025
-122.18450839476543,38.23833299135697
-122.17864783108291,38.238590185580584
-122.17099321608393,38.236628927282325
-122.16806490959908,38.2353870896421
-122.1680756191741,38.234447148695835
-122.16869648711463,38.23302084105431
-122.17007302815841,38.231599872117414
-122.17009335080353,38.229811628569315
-122.16585378516704,38.22966235171258
-122.16378137776027,38.22773321327035
-122.16152864378248,38.226477194134894
-122.16097051526032,38.22506634148267
-122.1606975787626,38.22251295751818
-122.16139902796684,38.22196953215059
-122.16069529713961,38.22008073339372
-122.15804199250368,38.216890322191404
-122.15477121484878,38.21662398051571
-122.15427523243277,38.21572429139594
-122.1533256145619,38.21500541143845
-122.15071302072175,38.211908772216965
-122.15016264132187,38.209408830800136
-122.15083665894227,38.20904781837902
-122.15602944328266,38.20810062408851
-122.15750533962732,38.208910251131925
-122.160252712727,38.209673907367105
-122.16489235523309,38.209878690904176
-122.16879961198238,38.21070762169462
-122.17075652112436,38.21083591882775
-122.17418983373572,38.208685435865576
-122.17797139696637,38.20779631940222
-122.18028573084288,38.20838478863721
-122.18209464983619,38.21074511914511
-122.18142633930127,38.21663366233324
-122.18160675849221,38.219954174470615
-122.18295485472751,38.22265330512231
-122.18475490124882,38.223867619242945
-122.18859949966513,38.22389425912194
-122.19171427330586,38.22431634905689
-122.19389805576334,38.22364462479741
-122.19696048281733,38.22152868647396
-122.20130338559493,38.216484448683964
-122.20464237465717,38.21627820564341
-122.20797910592837,38.21693074645401
-122.21339151600739,38.21887191230644
-122.2146493463152,38.21995337121551
-122.21626094704824,38.22187176304429
-122.21782264987375,38.22281214487885
-122.21833778827325,38.22391274905128
-122.21824463191808,38.22574792097749
-122.21889721854726,38.225768533596806
-122.22037514450605,38.22472949758117
-122.22118518342702,38.224956730848625
-122.22024260547565,38.22622496537994
-122.21713043390861,38.22817270833199
-122.21931736783786,38.230023356980574
-122.21996154121649,38.229972329947756
-122.2208142937279,38.22855490004652
-122.22157657673372,38.227939982011854
-122.22251411428623,38.22789850557632
-122.22359492693197,38.228597171737974
-122.2240887436772,38.229321572648836
-122.22618732127728,38.23066110680299
-122.22614237082271,38.23235553352024
-122.2230798687691,38.23606111308138
-122.22361340693557,38.23919432660175
-122.22186364686537,38.24380274170163
-122.21354949086064,38.24374732053334
-122.2097671123351,38.24401997555843
-122.2052321126371,38.24398935126536
-122.20184716438695,38.24247606170039
-122.19940710695649,38.240969117350815
-122.19493311651097,38.235424321092985</coordinates></LinearRing></outerBoundaryIs></Polygon></Placemark>
<Placemark>
<ExtendedData>
  <Data name="COMNAME"><value>CALIFORNIA RED-LEGGED FROG</value></Data>
  <Data name="SCINAME"><value>RANA DRAYTONII</value></Data>
  <Data name="SPCODE"><value>D02D</value></Data>
  <Data name="VIPCODE"><value>V01</value></Data>
  <Data name="UNIT"><value></value></Data>
  <Data name="SUBUNIT"><value></value></Data>
  <Data name="UNITNAME"><value>SOL-3</value></Data>
  <Data name="SUBUNITNAM"><value></value></Data>
  <Data name="STATUS"><value>FINAL</value></Data>
  <Data name="LEADOFFICE"><value>FF08ESMF00</value></Data>
  <Data name="COOPOFFICE"><value>NONE</value></Data>
  <Data name="COOPOFMORE"><value></value></Data>
  <Data name="FEDREG"><value>75FR12816</value></Data>
  <Data name="PUBDATE"><value>20100317</value></Data>
  <Data name="EFFECTDATE"><value>20100416</value></Data>
  <Data name="VACATEDATE"><value></value></Data>
  <Data name="ACCURACY"><value></value></Data>
  <Data name="SINGLMULTI"><value>SINGLE</value></Data></ExtendedData>
  <Polygon>
<outerBoundaryIs>
  <LinearRing><coordinates>-122.20149034366712,38.199374343763246
-122.19740901132337,38.19869025479689
-122.18832649893486,38.199475677663045
-122.18271982921434,38.205637519670674
-122.17631192456574,38.20541427459955
-122.17336808310439,38.204387506936456
-122.17156805439983,38.203230245875424
-122.16866535060063,38.203381412333435
-122.16564848422584,38.20457183342058
-122.16271421727231,38.203739719071464
-122.15947376481856,38.20171936836933
-122.15952601342437,38.20134770890028
-122.16666386384381,38.19439973914945
-122.16954974212132,38.194122386565475
-122.170472072626,38.19272203422885
-122.17091084687443,38.19141433366147
-122.17092801671049,38.18981612707818
-122.17481026629193,38.188123555650016
-122.17735574186085,38.187810641417386
-122.1807579416743,38.18616525580381
-122.18085016107264,38.185699093019245
-122.18140274174942,38.18523978457203
-122.18237235581493,38.184984241742626
-122.18508735130335,38.18317992342609
-122.18645506558951,38.18188885863909
-122.18975806552031,38.17953373602022
-122.19189460228222,38.17739715430895
-122.19390925008805,38.17482210904351
-122.19566450318628,38.17405947995852
-122.19715602487751,38.173020488696594
-122.1998465140408,38.17286379159249
-122.2016657685059,38.17223234748355
-122.20366206079264,38.17198360262355
-122.20577604856383,38.17202176506887
-122.20798968158617,38.17122597119896
-122.20920837437279,38.17025652125942
-122.21093379279435,38.16991044611798
-122.21145545964433,38.16915089580142
-122.21277526732948,38.168186873604725
-122.21523675810523,38.16699858363626
-122.21777837720846,38.166472040431664
-122.21941301159241,38.165849012781166
-122.22363695930382,38.1660816679557
-122.22530049764264,38.16695585688733
-122.2349437505821,38.16730324891655
-122.23782922102582,38.16865735950903
-122.23849584198888,38.17135622423625
-122.24056296392784,38.172394324173126
-122.24247902772696,38.173747540941754
-122.24119550766746,38.1775654486523
-122.23947947844866,38.17959643834098
-122.23953373248871,38.180597019060336
-122.23807582084488,38.18210541741932
-122.23640535658663,38.18238071117111
-122.23297749115147,38.18430415579149
-122.2323063629329,38.186073868822334
-122.23373663740412,38.187971768386575
-122.23403503055488,38.19121060745733
-122.2300622036265,38.19950797129014
-122.22721532278995,38.201263360505344
-122.22633057370804,38.202631025050664
-122.22627424158863,38.20795293137154
-122.22025471581956,38.20791310288989
-122.21788652010254,38.20555097023541
-122.21520873879193,38.20501804089001
-122.21232700112103,38.20322464957806
-122.21096333657907,38.20189923053743
-122.20813760727582,38.20165128971082
-122.20502805072469,38.200829071701996
-122.20149034366712,38.199374343763246</coordinates></LinearRing></outerBoundaryIs></Polygon></Placemark>
<Placemark>
<ExtendedData>
  <Data name="COMNAME"><value>CALIFORNIA RED-LEGGED FROG</value></Data>
  <Data name="SCINAME"><value>RANA DRAYTONII</value></Data>
  <Data name="SPCODE"><value>D02D</value></Data>
  <Data name="VIPCODE"><value>V01</value></Data>
  <Data name="UNIT"><value></value></Data>
  <Data name="SUBUNIT"><value></value></Data>
  <Data name="UNITNAME"><value>SON-1</value></Data>
  <Data name="SUBUNITNAM"><value></value></Data>
  <Data name="STATUS"><value>FINAL</value></Data>
  <Data name="LEADOFFICE"><value>FF08ESMF00</value></Data>
  <Data name="COOPOFFICE"><value>NONE</value></Data>
  <Data name="COOPOFMORE"><value></value></Data>
  <Data name="FEDREG"><value>75FR12816</value></Data>
  <Data name="PUBDATE"><value>20100317</value></Data>
  <Data name="EFFECTDATE"><value>20100416</value></Data>
  <Data name="VACATEDATE"><value></value></Data>
  <Data name="ACCURACY"><value></value></Data>
  <Data name="SINGLMULTI"><value>SINGLE</value></Data></ExtendedData>
  <Polygon>
<outerBoundaryIs>
  <LinearRing><coordinates>-122.58569540588336,38.413096000256004
-122.58416111763437,38.40941932221718
-122.58505469045562,38.40425554881024
-122.58654202364183,38.40099747161461
-122.59096338164466,38.39829353821325
-122.59389606518108,38.39911956958341
-122.59630706327337,38.40055560742566
-122.60087800979757,38.40199897039211
-122.60397781263556,38.40391309663166
-122.60615733810693,38.40365302276491
-122.6071020705193,38.40134013746357
-122.60722794340995,38.39931704228956
-122.60923111806689,38.39828574473113
-122.61298260494185,38.40279799452791
-122.61632881320746,38.402940136457715
-122.61666257705687,38.40285380129697
-122.61690114613029,38.402384659988066
-122.61891770020151,38.40184481347405
-122.62040169247479,38.40233577035216
-122.62256085403789,38.40247871548083
-122.62420376579963,38.402212049703124
-122.63067021945419,38.40481607868998
-122.62997141119226,38.406309570075834
-122.62987773002699,38.407736983216516
-122.62779015138577,38.41044981676978
-122.62312501826206,38.41029893636159
-122.62173936086411,38.410906347246794
-122.61828495217584,38.41055521717225
-122.61506563038348,38.41119547587166
-122.61315845340275,38.41590930567743
-122.61185101472991,38.41801254860143
-122.60846952090515,38.420108865221806
-122.60362095136614,38.42179221470225
-122.59828679889458,38.421870941500494
-122.58964860358807,38.41691712263445
-122.58569540588336,38.413096000256004</coordinates></LinearRing></outerBoundaryIs></Polygon></Placemark>
<Placemark>
<ExtendedData>
  <Data name="COMNAME"><value>CALIFORNIA RED-LEGGED FROG</value></Data>
  <Data name="SCINAME"><value>RANA DRAYTONII</value></Data>
  <Data name="SPCODE"><value>D02D</value></Data>
  <Data name="VIPCODE"><value>V01</value></Data>
  <Data name="UNIT"><value></value></Data>
  <Data name="SUBUNIT"><value></value></Data>
  <Data name="UNITNAME"><value>SON-2</value></Data>
  <Data name="SUBUNITNAM"><value></value></Data>
  <Data name="STATUS"><value>FINAL</value></Data>
  <Data name="LEADOFFICE"><value>FF08ESMF00</value></Data>
  <Data name="COOPOFFICE"><value>NONE</value></Data>
  <Data name="COOPOFMORE"><value></value></Data>
  <Data name="FEDREG"><value>75FR12816</value></Data>
  <Data name="PUBDATE"><value>20100317</value></Data>
  <Data name="EFFECTDATE"><value>20100416</value></Data>
  <Data name="VACATEDATE"><value></value></Data>
  <Data name="ACCURACY"><value></value></Data>
  <Data name="SINGLMULTI"><value>SINGLE</value></Data></ExtendedData>
  <Polygon>
<outerBoundaryIs>
  <LinearRing><coordinates>-122.59794986157475,38.34473904590447
-122.5973535110102,38.3440189711692
-122.59236174535518,38.346582849106326
-122.5898913231337,38.346612865523056
-122.58836107323292,38.34792667918066
-122.58756754839476,38.347353465705574
-122.58352688405758,38.347339184404866
-122.58055841690313,38.343359033797036
-122.58002855547491,38.340461778059755
-122.57515646709484,38.33803900699229
-122.57325678706289,38.329471660308684
-122.5766018301081,38.327497527053076
-122.5753404116381,38.322407690943926
-122.57314255548941,38.3202894600446
-122.57093815455208,38.31460041875453
-122.56221840103551,38.31147972422517
-122.55981191700224,38.30401340247146
-122.55651857976757,38.30044004448069
-122.55653318042711,38.29804158164034
-122.55806512605433,38.29636839957161
-122.55854271569866,38.292892343673486
-122.56038823480118,38.28966126974995
-122.56345080508613,38.286434699580454
-122.58661761356876,38.28880239735457
-122.58789986295382,38.2949179598057
-122.58648929050602,38.300986270771006
-122.58708667583261,38.30414940301125
-122.58919703689062,38.30775458907828
-122.59020681155229,38.30844446455003
-122.5960445776378,38.30801822196626
-122.6036499001679,38.30888364754768
-122.60543904549827,38.31072071395102
-122.60209448370458,38.31499459770878
-122.60177300434326,38.31811157518981
-122.61771858574092,38.32796716653179
-122.62180923771136,38.32909112369957
-122.62435358457343,38.33115383758628
-122.62773687282483,38.33102889691192
-122.62940486513305,38.332353359980246
-122.62908691743273,38.334990714777106
-122.62694735781552,38.3365429585572
-122.61277666012974,38.33858816266083
-122.60939695824935,38.34332311247343
-122.6036834952298,38.34606690938555
-122.60282582742393,38.348336339517786
-122.60047237092456,38.347784706362845
-122.59794986157475,38.34473904590447</coordinates></LinearRing></outerBoundaryIs></Polygon></Placemark>
<Placemark>
<ExtendedData>
  <Data name="COMNAME"><value>CALIFORNIA RED-LEGGED FROG</value></Data>
  <Data name="SCINAME"><value>RANA DRAYTONII</value></Data>
  <Data name="SPCODE"><value>D02D</value></Data>
  <Data name="VIPCODE"><value>V01</value></Data>
  <Data name="UNIT"><value></value></Data>
  <Data name="SUBUNIT"><value></value></Data>
  <Data name="UNITNAME"><value>SON-3</value></Data>
  <Data name="SUBUNITNAM"><value></value></Data>
  <Data name="STATUS"><value>FINAL</value></Data>
  <Data name="LEADOFFICE"><value>FF08ESMF00</value></Data>
  <Data name="COOPOFFICE"><value>NONE</value></Data>
  <Data name="COOPOFMORE"><value></value></Data>
  <Data name="FEDREG"><value>75FR12816</value></Data>
  <Data name="PUBDATE"><value>20100317</value></Data>
  <Data name="EFFECTDATE"><value>20100416</value></Data>
  <Data name="VACATEDATE"><value></value></Data>
  <Data name="ACCURACY"><value></value></Data>
  <Data name="SINGLMULTI"><value>SINGLE</value></Data></ExtendedData>
  <Polygon>
<outerBoundaryIs>
  <LinearRing><coordinates>-122.64634353670705,38.21847867106726
-122.6441842952624,38.2160213492283
-122.64418699004888,38.2154679515327
-122.64542642001217,38.21473382714399
-122.64739682521062,38.21479246744802
-122.64826804285647,38.21421532235423
-122.64999816256626,38.21186109923284
-122.65759993790621,38.20505764083996
-122.66163894515229,38.20604309799306
-122.6635887287253,38.20722544748593
-122.66720920281273,38.20350790864334
-122.66663417342443,38.20024791508418
-122.66815913082434,38.19831275494131
-122.6654062772905,38.19287424675663
-122.66542656505891,38.18843960153786
-122.66976170638198,38.186176232111976
-122.67121543041047,38.18347798536512
-122.67195086152135,38.18020880345897
-122.67503564439286,38.17918820803338
-122.67664818146093,38.1773772750785
-122.6795353534501,38.17638959432865
-122.68403538866966,38.17739738431788
-122.68602854194435,38.18022807586973
-122.69410614108449,38.182750538287735
-122.69737086153512,38.18784801894765
-122.69603390352242,38.19506529660085
-122.69403601494922,38.198758021782176
-122.68904305305163,38.20199013632898
-122.68343760457067,38.202479329279505
-122.67386128098957,38.20824173446591
-122.67406605346088,38.210157613300325
-122.66999372943609,38.214622348353906
-122.66746933946716,38.2147574516964
-122.66510327388146,38.21769171600176
-122.6582463968264,38.21716600862794
-122.65640854403006,38.21621588120342
-122.65489787445537,38.21781896221522
-122.65416177328906,38.21808032245718
-122.6532599040975,38.2180776619805
-122.65249342221499,38.21838239869325
-122.65111356380744,38.21808647555699
-122.64951706203532,38.21855463362188
-122.64634353670705,38.21847867106726</coordinates></LinearRing></outerBoundaryIs></Polygon></Placemark>
<Placemark>
<ExtendedData>
  <Data name="COMNAME"><value>CALIFORNIA RED-LEGGED FROG</value></Data>
  <Data name="SCINAME"><value>RANA DRAYTONII</value></Data>
  <Data name="SPCODE"><value>D02D</value></Data>
  <Data name="VIPCODE"><value>V01</value></Data>
  <Data name="UNIT"><value></value></Data>
  <Data name="SUBUNIT"><value></value></Data>
  <Data name="UNITNAME"><value>NAP-1</value></Data>
  <Data name="SUBUNITNAM"><value></value></Data>
  <Data name="STATUS"><value>FINAL</value></Data>
  <Data name="LEADOFFICE"><value>FF08ESMF00</value></Data>
  <Data name="COOPOFFICE"><value>NONE</value></Data>
  <Data name="COOPOFMORE"><value></value></Data>
  <Data name="FEDREG"><value>75FR12816</value></Data>
  <Data name="PUBDATE"><value>20100317</value></Data>
  <Data name="EFFECTDATE"><value>20100416</value></Data>
  <Data name="VACATEDATE"><value></value></Data>
  <Data name="ACCURACY"><value></value></Data>
  <Data name="SINGLMULTI"><value>SINGLE</value></Data></ExtendedData>
  <Polygon>
<outerBoundaryIs>
  <LinearRing><coordinates>-122.17866487955666,38.451565298715884
-122.17781551893489,38.45000077367092
-122.1757054903797,38.45037558443182
-122.17483956812397,38.45027208919171
-122.17226965961547,38.44752650124538
-122.16943440689394,38.4463375248731
-122.16485072150562,38.446402341452675
-122.1631347809178,38.444831549032315
-122.1627755970296,38.443757471106906
-122.15783412392908,38.44265056427512
-122.15660246370979,38.4420572491477
-122.15435279504062,38.443794400861684
-122.15323473673486,38.44407856320384
-122.15260409279578,38.44504809616396
-122.1508667925383,38.445327736302936
-122.1498793922391,38.44502835798434
-122.14828080317135,38.44404265590832
-122.14667420538176,38.44373872872739
-122.1424484043208,38.444974204598736
-122.1373844752855,38.443768102197794
-122.13589598379725,38.443951971302646
-122.1356680372245,38.44229432463442
-122.1359401131729,38.440250728770486
-122.13384876669119,38.43906637696272
-122.13189300334558,38.436908900145355
-122.1314175022297,38.43524940942182
-122.13404708858812,38.43283364954622
-122.13604575807227,38.43138725338922
-122.13828273455647,38.43072185025628
-122.13692762713377,38.43012742077523
-122.13596022460602,38.42817210355626
-122.13709749200359,38.42714798019967
-122.14110550576191,38.426439432189156
-122.14193548093674,38.426941257413965
-122.14329700958572,38.42614013245734
-122.1464308980507,38.425586259060026
-122.14755086133145,38.424882500090874
-122.14805202428305,38.425156519899964
-122.14904525161717,38.42634435577502
-122.1505646670359,38.42676084689798
-122.1541444856575,38.429202074025035
-122.15548123675059,38.42854477130829
-122.15734496042626,38.42884662673798
-122.15925397656831,38.42822058487327
-122.16153144473333,38.42941742700704
-122.16265176677719,38.42967778822902
-122.16397168419202,38.43048928767546
-122.16469143858977,38.43058456483001
-122.1657135804262,38.430384616362
-122.16663588516593,38.42991359280706
-122.16844671610193,38.42981832623447
-122.17136555490485,38.42908202863652
-122.17396183173736,38.42650500320047
-122.17484088223904,38.42667338361078
-122.17492787079503,38.4260915430558
-122.18089659016275,38.42946892656168
-122.18174026449871,38.431520432775876
-122.18172267504552,38.43307886360104
-122.1841806776252,38.43475197538608
-122.19408412508577,38.43511272812161
-122.19703888990034,38.4366915675313
-122.2025965801075,38.43809325620861
-122.20394492321279,38.43936875909763
-122.20442104644847,38.44112536566952
-122.20599582889203,38.44435057309694
-122.20536588344048,38.445320397710866
-122.20399924208851,38.445700758985176
-122.20164602770811,38.445684747949365
-122.19953729249117,38.44596259815848
-122.1976719351429,38.44663169595641
-122.19547965456819,38.445538771852604
-122.19509753689609,38.44447272965089
-122.19264059283586,38.44240851717461
-122.19053627317437,38.442296598240056
-122.18869273787008,38.441017514598194
-122.18683617835858,38.440907244654305
-122.18620054059872,38.4423639641341
-122.18631236965786,38.443436254361814
-122.18605263916564,38.44450594458016
-122.18626971425223,38.447234934887476
-122.18600996851201,38.44830462416524
-122.18538081714387,38.44917694515362
-122.18499172452941,38.45073278848705
-122.18288607920603,38.4507181218795
-122.17989909003266,38.451963581677795
-122.17866487955666,38.451565298715884</coordinates></LinearRing></outerBoundaryIs></Polygon></Placemark>
<Placemark>
<ExtendedData>
  <Data name="COMNAME"><value>CALIFORNIA RED-LEGGED FROG</value></Data>
  <Data name="SCINAME"><value>RANA DRAYTONII</value></Data>
  <Data name="SPCODE"><value>D02D</value></Data>
  <Data name="VIPCODE"><value>V01</value></Data>
  <Data name="UNIT"><value></value></Data>
  <Data name="SUBUNIT"><value></value></Data>
  <Data name="UNITNAME"><value>BUT-1</value></Data>
  <Data name="SUBUNITNAM"><value></value></Data>
  <Data name="STATUS"><value>FINAL</value></Data>
  <Data name="LEADOFFICE"><value>FF08ESMF00</value></Data>
  <Data name="COOPOFFICE"><value>NONE</value></Data>
  <Data name="COOPOFMORE"><value></value></Data>
  <Data name="FEDREG"><value>75FR12816</value></Data>
  <Data name="PUBDATE"><value>20100317</value></Data>
  <Data name="EFFECTDATE"><value>20100416</value></Data>
  <Data name="VACATEDATE"><value></value></Data>
  <Data name="ACCURACY"><value></value></Data>
  <Data name="SINGLMULTI"><value>SINGLE</value></Data></ExtendedData>
  <Polygon>
<outerBoundaryIs>
  <LinearRing><coordinates>-121.4190139447122,39.747321014500734
-121.41801716153144,39.746970184017286
-121.4172623438768,39.74749948357006
-121.41582032434361,39.74751353858286
-121.41554592002474,39.74804938371648
-121.41470607438683,39.748476314200495
-121.41370153927868,39.748462587651346
-121.41270631586205,39.748044291246416
-121.40820319272548,39.74818495677887
-121.40777697483878,39.74811023649381
-121.40778052172308,39.74770487140992
-121.4028694797422,39.74758332827174
-121.40289187905364,39.744187060777136
-121.40315256151962,39.74398345507922
-121.41232928273266,39.74392910057317
-121.41272105094808,39.7433307668024
-121.41286927379915,39.74033259813459
-121.39348284807957,39.740642447109195
-121.39331729871455,39.74577226909481
-121.39187199543281,39.74551214860576
-121.3898061665201,39.74451112712933
-121.38744194428256,39.74409945918855
-121.38424060036654,39.74139725976888
-121.3770112318827,39.74197171729008
-121.37572592031515,39.74148561507314
-121.37406921026877,39.74043567442625
-121.372967187814,39.73938846749023
-121.37063522600923,39.73849552325453
-121.37010223204439,39.73733840179179
-121.37008595819677,39.73641512261566
-121.37080764093727,39.73467698518356
-121.37221959054916,39.73252602757784
-121.37217606918415,39.73144818331329
-121.37339608443963,39.729461375081996
-121.37254898569934,39.726129528416315
-121.37084447587335,39.723564305640195
-121.36554023931733,39.72199857088681
-121.36516349362047,39.720885735690615
-121.3643883192679,39.71975285403729
-121.36380287072836,39.71789790547951
-121.36305087854376,39.71675594965391
-121.36343850387445,39.714635444036695
-121.36330785696087,39.71414266851517
-121.36041178223464,39.71242138370615
-121.35983290681916,39.71180768027919
-121.36058151744588,39.71092828361497
-121.37637311525059,39.71114102159745
-121.37632690747651,39.69974316107897
-121.37603777661528,39.699639986674306
-121.37603621817377,39.697163946918906
-121.39203646494612,39.69713952425349
-121.39082807538314,39.696868340440915
-121.39094284977092,39.695238701724406
-121.39322916774171,39.696314586303686
-121.39448679501749,39.69648920476388
-121.39385363951354,39.69650493796488
-121.39412302052177,39.69668466713608
-121.39939551751783,39.697685084619806
-121.40043925375596,39.69759568266706
-121.40339049013997,39.69614530772659
-121.40395279612213,39.69601370762176
-121.40431403866334,39.69616714954289
-121.40461163177352,39.696599430059564
-121.40459781004373,39.69727473136818
-121.40266698235345,39.69918071510739
-121.40209759655883,39.70046539046566
-121.40196232840846,39.70381994483685
-121.40269331157211,39.70524457215013
-121.40248042748264,39.705710606888225
-121.40310509696877,39.70584034186592
-121.40324580803295,39.70624276875109
-121.40439628191163,39.70665984306967
-121.4050845347841,39.70785922621505
-121.4056455677507,39.707659204658704
-121.40837696963189,39.709502964566504
-121.40853290939437,39.710090739905255
-121.40942729509938,39.71028747653118
-121.41048530862483,39.71177494826526
-121.4116484291667,39.71277793331979
-121.41274099512279,39.71338723925892
-121.41401212930893,39.71375619863121
-121.41472120197422,39.71457251741076
-121.41766001803576,39.716189593130416
-121.4182421716879,39.716840814091995
-121.42412035240501,39.71954262958569
-121.42774069895984,39.72012351178052
-121.4290258292868,39.72071799771239
-121.43057760736248,39.72081206316148
-121.43194293006383,39.723798846991876
-121.43308715381401,39.72522770091846
-121.43300945756978,39.72865915389331
-121.43265980070727,39.729896278866256
-121.4221116292779,39.729872226408595
-121.42232707481806,39.736767576517636
-121.42785746911629,39.73689370485013
-121.42797870644796,39.739247816056036
-121.42753127663732,39.73971390535726
-121.42796797970492,39.73971982139257
-121.42894863317571,39.74077853581065
-121.43012013950383,39.7430539113684
-121.43000678444794,39.74419900440766
-121.42937927696694,39.7448987201805
-121.428806951808,39.74509331789338
-121.4286437606035,39.74650752080182
-121.42744693604888,39.747266976622534
-121.4260975763229,39.748968612825664
-121.42637336517957,39.75028759175785
-121.42541401773374,39.75020713743533
-121.42326405002446,39.74869407483665
-121.4221760118936,39.74851067313215
-121.42097543163703,39.747516333273005
-121.4190139447122,39.747321014500734</coordinates></LinearRing></outerBoundaryIs></Polygon></Placemark>
<Placemark>
<ExtendedData>
  <Data name="COMNAME"><value>CALIFORNIA RED-LEGGED FROG</value></Data>
  <Data name="SCINAME"><value>RANA DRAYTONII</value></Data>
  <Data name="SPCODE"><value>D02D</value></Data>
  <Data name="VIPCODE"><value>V01</value></Data>
  <Data name="UNIT"><value></value></Data>
  <Data name="SUBUNIT"><value></value></Data>
  <Data name="UNITNAME"><value>YUB-1</value></Data>
  <Data name="SUBUNITNAM"><value></value></Data>
  <Data name="STATUS"><value>FINAL</value></Data>
  <Data name="LEADOFFICE"><value>FF08ESMF00</value></Data>
  <Data name="COOPOFFICE"><value>NONE</value></Data>
  <Data name="COOPOFMORE"><value></value></Data>
  <Data name="FEDREG"><value>75FR12816</value></Data>
  <Data name="PUBDATE"><value>20100317</value></Data>
  <Data name="EFFECTDATE"><value>20100416</value></Data>
  <Data name="VACATEDATE"><value></value></Data>
  <Data name="ACCURACY"><value></value></Data>
  <Data name="SINGLMULTI"><value>SINGLE</value></Data></ExtendedData>
  <Polygon>
<outerBoundaryIs>
  <LinearRing><coordinates>-121.17755502992263,39.465586305065614
-121.17578020027105,39.463709747742776
-121.1699737838572,39.45050874221607
-121.16988751471072,39.445098920799694
-121.16774857030512,39.4421449366412
-121.16280639403527,39.43894407722212
-121.15822872946275,39.436825738806526
-121.15363847902012,39.433889359680336
-121.15115493808125,39.43147651586502
-121.15007894927949,39.429324887523464
-121.1465596073098,39.42773347503568
-121.14548675918394,39.426124302867876
-121.14829581743903,39.4261526311895
-121.14831141385126,39.42505771226882
-121.14882003089103,39.42522522689049
-121.14975272869378,39.42467049586323
-121.15161137144909,39.42461128735025
-121.1520659592806,39.424977510315564
-121.1527950895577,39.42514078032075
-121.15291720161058,39.426071827764105
-121.1540168661389,39.42701839725136
-121.15544927535417,39.4274013853354
-121.15586418944892,39.42835602973818
-121.15757645366294,39.428326303721136
-121.15862087885517,39.427660223317964
-121.15967575191213,39.42752523672951
-121.1597376069385,39.42703322759848
-121.15945579555331,39.42659264728362
-121.15894607016476,39.426451848652
-121.15757566666726,39.42739748875509
-121.15695559671579,39.42745921042392
-121.15652263354872,39.426565141104135
-121.15515031924686,39.42569312887414
-121.1551911772896,39.42414399091061
-121.15803861569137,39.42261670084483
-121.15838653697188,39.421702647157495
-121.15951363813397,39.421606716946286
-121.15947026305962,39.42139745768587
-121.15793371957861,39.421259354790266
-121.15682106469843,39.42173473219739
-121.15627700657988,39.42104348357359
-121.15600518123159,39.42115294749306
-121.15578915394293,39.42208483455275
-121.15506061195346,39.42214375721181
-121.1546027804256,39.42149097897565
-121.1542242293912,39.42194002835344
-121.15346817197869,39.421871157788715
-121.15287416877932,39.42214613973402
-121.1519620719237,39.4215059117138
-121.1511421345633,39.42200484170909
-121.15075213026431,39.42196072861793
-121.1500988593883,39.421703834922745
-121.14970147224436,39.42101490819523
-121.1490152344786,39.421079830264695
-121.14860980378432,39.420874864010784
-121.15167824311668,39.42011311207363
-121.15270573307427,39.418748174064824
-121.15371194763007,39.41603348409806
-121.15854577291915,39.41247067363953
-121.15996078597482,39.412159154859495
-121.16718914561571,39.41202713484914
-121.16724723253365,39.40792410387829
-121.16360578303032,39.40808943860049
-121.16890632205212,39.4053382008213
-121.1720028932987,39.40260339166502
-121.17572873536042,39.396859239676154
-121.18570089667543,39.39729618234456
-121.18767711483456,39.400016082827754
-121.19189874766819,39.40214210184467
-121.1933162327941,39.40347820748171
-121.19727396533577,39.41020538070244
-121.19174895871662,39.41431992954096
-121.19144202078843,39.41675365153777
-121.19677162764931,39.42238589215221
-121.19891695952916,39.42533926376148
-121.20174435206198,39.42747327983214
-121.20559934069651,39.428247030271265
-121.20702208754318,39.42985744512902
-121.20847272989695,39.43309116000803
-121.20885931152341,39.4355235810274
-121.21064574726111,39.437668526841456
-121.21103350736145,39.44010093868906
-121.2117713845832,39.4422554052957
-121.21375464246447,39.4436307153602
-121.21381714221377,39.44740897724732
-121.21322664231515,39.44883412622026
-121.21306005767931,39.457112882256155
-121.21187813295452,39.45948884942351
-121.21005981660484,39.46045182830974
-121.2082492635038,39.46188885353777
-121.20187250353298,39.46384073529899
-121.19700280223967,39.4650727387932
-121.19536535315531,39.464875565171525
-121.19292724941333,39.46543750560637
-121.18772310897292,39.46765521772768
-121.18422264657475,39.46741462736568
-121.18107269148852,39.46690773457505
-121.17755502992263,39.465586305065614</coordinates></LinearRing></outerBoundaryIs></Polygon></Placemark>
<Placemark>
<ExtendedData>
  <Data name="COMNAME"><value>CALIFORNIA RED-LEGGED FROG</value></Data>
  <Data name="SCINAME"><value>RANA DRAYTONII</value></Data>
  <Data name="SPCODE"><value>D02D</value></Data>
  <Data name="VIPCODE"><value>V01</value></Data>
  <Data name="UNIT"><value></value></Data>
  <Data name="SUBUNIT"><value></value></Data>
  <Data name="UNITNAME"><value>NEV-1</value></Data>
  <Data name="SUBUNITNAM"><value></value></Data>
  <Data name="STATUS"><value>FINAL</value></Data>
  <Data name="LEADOFFICE"><value>FF08ESMF00</value></Data>
  <Data name="COOPOFFICE"><value>NONE</value></Data>
  <Data name="COOPOFMORE"><value></value></Data>
  <Data name="FEDREG"><value>75FR12816</value></Data>
  <Data name="PUBDATE"><value>20100317</value></Data>
  <Data name="EFFECTDATE"><value>20100416</value></Data>
  <Data name="VACATEDATE"><value></value></Data>
  <Data name="ACCURACY"><value></value></Data>
  <Data name="SINGLMULTI"><value>SINGLE</value></Data></ExtendedData>
  <Polygon>
<outerBoundaryIs>
  <LinearRing><coordinates>-120.94728289617308,39.33889129488268
-120.94665670971668,39.33808612835771
-120.9447012399852,39.33815384342667
-120.9447155887854,39.33744082346739
-120.94413343555524,39.33737008226882
-120.94272535226958,39.33587958923444
-120.94067791339252,39.335116236190665
-120.93853093196684,39.33505681666283
-120.93605401197871,39.335648693566576
-120.93402932576863,39.33777943577356
-120.93194399678019,39.33787013349526
-120.93205145530567,39.33675978532718
-120.9315385562152,39.333493361348374
-120.9315852328209,39.33289554981087
-120.93227045550594,39.33205607785375
-120.93214584573597,39.331684427413215
-120.92971400438857,39.32971333142223
-120.92967643922002,39.32909535210327
-120.93082943036671,39.327169780077405
-120.93081163039061,39.326795617812465
-120.92915120008438,39.32281087977973
-120.92884425795317,39.32134553925167
-120.92773057707467,39.31906463379579
-120.9276979890633,39.31680246025529
-120.9267502164638,39.31587558753103
-120.92540735678836,39.31509936131702
-120.92103037881806,39.31598103791923
-120.91717170087807,39.31482575486697
-120.90808909202796,39.31346741661982
-120.90809478394091,39.312275772065476
-120.91918712481873,39.30207258343619
-120.92243150062482,39.299589826016444
-120.9445673169318,39.287364195544704
-120.94540662012591,39.28698706933811
-120.94994848222117,39.286868875373735
-120.94991407967329,39.286116352852
-120.95423321151912,39.28578267019049
-120.95796349045055,39.286622047517
-120.95937051510359,39.28650750526026
-120.96298105564892,39.28569616506847
-120.96563107862289,39.28568872043536
-120.96717405979392,39.28534490349909
-120.96712081216519,39.287186019375596
-120.96746445330741,39.28805152773862
-120.9684384809166,39.289429388898675
-120.96886599747756,39.29058285291661
-120.97002643324562,39.291892329862016
-120.97167232827634,39.29235076944527
-120.97452419724266,39.292543684140746
-120.99719052995451,39.2960874449148
-121.00455118352363,39.29657200082371
-121.00903544680631,39.29772316294022
-121.01184918449697,39.299275391984295
-121.01724301354525,39.300871538991686
-121.01988488419774,39.3019908824621
-121.0205418434799,39.30754778341095
-121.02060950156347,39.319486859609945
-121.01812625452506,39.319475613278335
-121.01683075452692,39.319012114589
-121.01439476646759,39.31765549340417
-121.011377185311,39.31710813188859
-121.01140162121597,39.31541580145151
-121.00279027172509,39.3153357679584
-121.00157875818219,39.314327141833566
-120.9996844009919,39.31433084527056
-120.99655591662209,39.31597089768932
-120.99536531622532,39.31636039838334
-120.9939644630032,39.31649865219151
-120.99437704305087,39.31757540713147
-120.99138246152204,39.317606966584115
-120.99144047172183,39.319328944655915
-120.99484726228278,39.31932863637077
-120.99563958130628,39.320829703641834
-120.99590678761969,39.32208205384979
-120.99489779861185,39.32286236503416
-120.99373493227358,39.32334162614594
-120.99280046702647,39.323465360272806
-120.99167244137844,39.3240944813521
-120.99162758511899,39.32481009771052
-120.99077090251221,39.325624479305695
-120.98997802054541,39.32787250763935
-120.99080888233698,39.33050883563311
-120.9906409446913,39.331285110668986
-120.98950434992491,39.332311980701625
-120.9881889728286,39.33014994526538
-120.98571535952159,39.32995741181049
-120.98237186706265,39.33037318775283
-120.98041379997849,39.33040032311619
-120.97681606416279,39.33174232666439
-120.97608769892588,39.3323574918684
-120.97306312704737,39.333117764604
-120.9705771170484,39.335256522247434
-120.96919097214337,39.33508257992817
-120.96846080391,39.33452796107235
-120.96476743656973,39.33278041612991
-120.9620871986942,39.33211311594581
-120.9607735313955,39.330870706783806
-120.96071931422857,39.32894439896327
-120.96009912679328,39.32848427751558
-120.95768946484183,39.327992757118054
-120.95639051549949,39.330257986558834
-120.9550485921047,39.33147453276295
-120.95487614483712,39.33190101302631
-120.95334127250139,39.332579988001136
-120.95279256677884,39.333447453619584
-120.95319572563191,39.33527508128966
-120.95251008144828,39.33887065972472
-120.94965751864845,39.34208983875829
-120.94898829821095,39.34202316120982
-120.94728289617308,39.33889129488268</coordinates></LinearRing></outerBoundaryIs></Polygon></Placemark>
<Placemark>
<ExtendedData>
  <Data name="COMNAME"><value>CALIFORNIA RED-LEGGED FROG</value></Data>
  <Data name="SCINAME"><value>RANA DRAYTONII</value></Data>
  <Data name="SPCODE"><value>D02D</value></Data>
  <Data name="VIPCODE"><value>V01</value></Data>
  <Data name="UNIT"><value></value></Data>
  <Data name="SUBUNIT"><value></value></Data>
  <Data name="UNITNAME"><value>MRN-2</value></Data>
  <Data name="SUBUNITNAM"><value></value></Data>
  <Data name="STATUS"><value>FINAL</value></Data>
  <Data name="LEADOFFICE"><value>FF08ESMF00</value></Data>
  <Data name="COOPOFFICE"><value>NONE</value></Data>
  <Data name="COOPOFMORE"><value></value></Data>
  <Data name="FEDREG"><value>75FR12816</value></Data>
  <Data name="PUBDATE"><value>20100317</value></Data>
  <Data name="EFFECTDATE"><value>20100416</value></Data>
  <Data name="VACATEDATE"><value></value></Data>
  <Data name="ACCURACY"><value></value></Data>
  <Data name="SINGLMULTI"><value>SINGLE</value></Data></ExtendedData>
  <Polygon>
<outerBoundaryIs>
  <LinearRing><coordinates>-122.85564173056825,38.23986172250714
-122.85212885069801,38.23811333081848
-122.85033787625551,38.23859772533798
-122.84732843215666,38.23995918710744
-122.84577696713856,38.24000218554492
-122.84306931295197,38.23937667938322
-122.84097546646672,38.23815716144636
-122.84057920883514,38.237579810005805
-122.84073568601193,38.23610200228012
-122.84177110613663,38.23438208790737
-122.84170704496987,38.23246234240491
-122.84147081933605,38.232236717089
-122.84059251519143,38.234024478802354
-122.83928174682983,38.234252446914766
-122.8356291539985,38.233810295225624
-122.8351216779367,38.233584257920526
-122.83454206917527,38.23167728349922
-122.83417701191458,38.231523508722695
-122.83247525949245,38.23245390191138
-122.83161012717102,38.234354239506644
-122.83000246366859,38.23511348391423
-122.82880337349927,38.23463851938831
-122.8267468471697,38.234275019172145
-122.82558928987844,38.23320079361356
-122.82389742808954,38.23313061244213
-122.82314277847655,38.2327509499836
-122.82082762180539,38.23226526114196
-122.81978586627376,38.23292155950341
-122.81882715480442,38.23428994793572
-122.81845450054186,38.2344831520077
-122.81706998684366,38.233579719585855
-122.8161986870522,38.23202370788873
-122.81424624318645,38.23144381993645
-122.81298099840247,38.2307838792333
-122.81090521186192,38.23057329209793
-122.81007377171908,38.23019334542135
-122.80883023354296,38.23014177412379
-122.80511982137637,38.22939658530958
-122.8045508298207,38.229571355007316
-122.80129706158623,38.232941000810676
-122.80047560606924,38.233097315996446
-122.79905732790856,38.23220266494775
-122.79815341917623,38.231290837202884
-122.79700460065895,38.229279085827834
-122.79695934418098,38.22837776245099
-122.7965206544641,38.22766501199414
-122.79505732887995,38.22733345251784
-122.79341289750958,38.22650589701199
-122.79207181580412,38.22693607794169
-122.79084380691162,38.226929408773024
-122.78989761865877,38.226594198801585
-122.78821537997538,38.22536553762108
-122.78498430244402,38.221822144546664
-122.78512270965284,38.22034890057273
-122.78361762517903,38.22097697186514
-122.7813889903191,38.222333676813705
-122.78024630609299,38.22234510089442
-122.7792976239627,38.221973786734004
-122.77667921949327,38.2232169864492
-122.77616547674545,38.2232475344366
-122.77512656411443,38.2230021778641
-122.77348077518333,38.222990000417255
-122.77153386287594,38.22235980256218
-122.77048342512519,38.221307811655215
-122.76880638100211,38.2201779297809
-122.76968737519836,38.219008024449955
-122.77288648165748,38.2164547839771
-122.77337657404769,38.21434232573694
-122.77307141161135,38.21290421301066
-122.77328059453349,38.21231884561522
-122.77454474120644,38.211271298454626
-122.77622107846396,38.20928279380309
-122.77755542225049,38.208740078291655
-122.77780946810209,38.20806910606127
-122.77867445013578,38.20711997734791
-122.77940533457375,38.20542697480647
-122.7825253892676,38.2016701867875
-122.7891425255139,38.198974117583795
-122.79021980789098,38.19832716369561
-122.79075904022068,38.19824698922118
-122.79219058935803,38.19878584762537
-122.79508334015024,38.20021938897484
-122.79793043447464,38.20040460417609
-122.80129275693363,38.19962635882896
-122.80280018155031,38.19870966276227
-122.80373899058476,38.197724342692794
-122.80359725594246,38.19660205442226
-122.80300912006103,38.19571335761192
-122.80332116129809,38.19305972033265
-122.80376718509898,38.19162742496508
-122.80357310308875,38.19093761872351
-122.8039269368693,38.1888788539699
-122.80380183759588,38.18792782161784
-122.80195760202098,38.18331032846559
-122.7997419615051,38.18101277594044
-122.7983328378801,38.18014968982552
-122.79453821958124,38.179714951188146
-122.7931363256791,38.17813069082576
-122.79035518941707,38.17751296310978
-122.78881182856317,38.176361027007246
-122.78754240657925,38.1766966521444
-122.78573376485883,38.1763959335294
-122.78344978453487,38.17641874496068
-122.78203463278415,38.177470602343696
-122.78090874684197,38.177761337393434
-122.78041978990679,38.1774991205712
-122.77864875176226,38.17722985176036
-122.77730172782371,38.175875435146935
-122.77630490949916,38.17585547610347
-122.77453981822872,38.17509499981667
-122.77384652895218,38.17502608750505
-122.77093902904976,38.17595771922205
-122.7695695466919,38.177324897439576
-122.76850227528902,38.17802121791538
-122.76446113037096,38.17910363259446
-122.76127426331917,38.177592067171055
-122.76033865021225,38.17780195006326
-122.75913206004324,38.1785069520622
-122.75853242106915,38.17849665015563
-122.75720977753937,38.17729976403046
-122.75473987285999,38.17603279764891
-122.75386232950198,38.17592280436247
-122.75348197860387,38.17667906856964
-122.7536666139906,38.178801944669324
-122.75306899462048,38.17980553483623
-122.75262301155148,38.18005247528073
-122.74914906839464,38.1800540230199
-122.74848927983864,38.18039503277358
-122.74835106681476,38.18086794301398
-122.74677602435435,38.18132420549888
-122.74405392721557,38.18071891421299
-122.74026341617922,38.181909198061675
-122.73700875016769,38.18200105949917
-122.73531244090069,38.18127165634951
-122.73392048963227,38.18035822677601
-122.73200546782247,38.180056458974626
-122.73107792075395,38.17939640199332
-122.72944266612227,38.178955491687184
-122.7271407568123,38.17764330542295
-122.726009364949,38.176315880095906
-122.72349988923688,38.17485434514563
-122.72182462339619,38.17428708926015
-122.72125038111093,38.174218148441334
-122.72020697329808,38.1754863988133
-122.71921178866006,38.175632682179476
-122.71675411566694,38.174396549842285
-122.71534272364227,38.17428950555269
-122.71386275078919,38.17374510392331
-122.71305131154085,38.173819792532456
-122.71151342149258,38.175235414936594
-122.71018123158548,38.175326752998636
-122.70610760125628,38.17656931444152
-122.7033887882027,38.175251112108654
-122.70223025392451,38.17363491302401
-122.70001149339974,38.173052447103174
-122.69967062878354,38.17273161101452
-122.69944236360524,38.172140707514906
-122.69942651321361,38.170063243677525
-122.69803263797841,38.168351761888744
-122.70075021743878,38.16790363298412
-122.70272498447456,38.167219260652736
-122.70400850803343,38.16726749181052
-122.70464947189632,38.16665629087355
-122.70536527105597,38.16646885187998
-122.70608008859281,38.16641654534489
-122.70792598802313,38.167534269079475
-122.70852004583159,38.16758535529678
-122.71124405946931,38.16684401611806
-122.71227011153962,38.16689165729988
-122.71310324155557,38.1660645088822
-122.71363258023244,38.16590812874767
-122.71500727303673,38.16582588647143
-122.71646327463746,38.16540132631796
-122.71837415836781,38.165631271073416
-122.7198146626189,38.164345880140964
-122.72342337926855,38.16301169053985
-122.72781344370442,38.1637340022097
-122.72898269633521,38.16356543804734
-122.72964584848562,38.16316145277051
-122.73178813245977,38.16078254826627
-122.73252304358334,38.16055889634733
-122.73563689742203,38.16076883747091
-122.73787216186192,38.159061469341566
-122.73954386374697,38.15863712248561
-122.74189464975704,38.15843058019375
-122.74425909203606,38.15620061196131
-122.74596162753693,38.15552385384549
-122.74582230108496,38.15319827926864
-122.7447646728107,38.15244799113632
-122.7438366941028,38.15083718365851
-122.7425897642951,38.149595246733696
-122.74193603220138,38.14651597778024
-122.74222257336817,38.14575954118906
-122.7450285843298,38.14485994026482
-122.74624916602431,38.1436729436336
-122.74832019634054,38.14237056927878
-122.74931485668584,38.13974102784712
-122.7490812435093,38.13733418839669
-122.75167405235834,38.13537494407455
-122.75064352358015,38.132466149699546
-122.75134552197117,38.13111128987927
-122.75157783623584,38.12873240021322
-122.75146325416164,38.128195969636735
-122.75019241786894,38.12741812223402
-122.74987261376454,38.12664689182053
-122.75073562164758,38.12593674261876
-122.75180526431558,38.125785783324254
-122.75293430363928,38.124886960134795
-122.75478438608859,38.124548316547575
-122.75622996961152,38.121982759648475
-122.757692293357,38.121327975219536
-122.75869908210015,38.12061800586291
-122.75913491541955,38.11995196270772
-122.76200354622236,38.11842571985326
-122.76411901743982,38.116681637386336
-122.76526021097406,38.116765060851925
-122.76753900437511,38.11742753565568
-122.76903349533166,38.11745752274645
-122.77164720548787,38.11701206784472
-122.7733127942123,38.11715956170937
-122.77361582522441,38.118584115625296
-122.77592845646707,38.11999458752797
-122.77732345948621,38.122421691559644
-122.78058056234649,38.124919926936066
-122.7843566211155,38.12450792051481
-122.78740948734504,38.125108316484116
-122.7910875799402,38.1251330366458
-122.79296745910955,38.12537977780458
-122.79465382018981,38.1260136412235
-122.79784278541305,38.12649236414362
-122.79859843061583,38.12692631382601
-122.80277427871394,38.126784776631176
-122.80347945641276,38.12693916338647
-122.80395756884685,38.12844058034744
-122.80593461852402,38.129872432655375
-122.80618706549537,38.13050820199606
-122.80486079778282,38.13259240348737
-122.80464047188859,38.133358176016685
-122.80314360362908,38.13491482189324
-122.80184032501609,38.13727841509985
-122.80393771269544,38.13898983368203
-122.80454760112467,38.13977046951818
-122.8055993563366,38.14029045254684
-122.80866810944349,38.138894116283964
-122.8095258126473,38.138936050354985
-122.8105688251771,38.13819877210645
-122.81236114716062,38.13774650305882
-122.81572386231443,38.137634750797254
-122.81793801734334,38.137160620123396
-122.82116528195752,38.13745407548362
-122.82359764456587,38.137372166509
-122.8245118824076,38.137639347949495
-122.82754111246663,38.13765298123644
-122.82868344597065,38.13658212392056
-122.83037063560205,38.136016838194365
-122.83135796491656,38.134688893348866
-122.83164907319211,38.13383762330718
-122.83348702726721,38.13372312899896
-122.83464097712812,38.13558137724877
-122.83534336901141,38.138065358547934
-122.83524729452509,38.13902959454345
-122.83614309112664,38.139711284302
-122.83624855264635,38.140081009337706
-122.83572115121974,38.14117976437208
-122.8371892503419,38.14281758278992
-122.83943448700276,38.14358228549017
-122.84049091215651,38.14472841516704
-122.84051390336406,38.14689593870367
-122.84218786568835,38.149070255149056
-122.84284262957365,38.150837634189024
-122.84370117225127,38.1518301688705
-122.84447262336252,38.15347597761729
-122.84510448424558,38.15343631075996
-122.84631455578985,38.15222124019189
-122.84689397292117,38.15201018796248
-122.84825170602873,38.15212010778602
-122.85010854712012,38.15159077369887
-122.85461644451544,38.14903699165488
-122.85620665827678,38.149309343830154
-122.8579373132295,38.14889239549588
-122.85972480094063,38.14909287145832
-122.86178267894144,38.14880247912652
-122.86253703337628,38.14930806283259
-122.86346784183488,38.15068806537145
-122.86458075843261,38.151595137269155
-122.865030948707,38.15355590072151
-122.86676018788661,38.15417073096675
-122.86843979624285,38.15524967619757
-122.86946959118866,38.15676041222147
-122.8682163354199,38.15806135431703
-122.86870519828803,38.15974722521258
-122.8687345512234,38.16163995939701
-122.86736753894472,38.165162271772964
-122.86725872302037,38.16649599636036
-122.86546962143197,38.16793140133151
-122.86480553283317,38.16894902625324
-122.86446078619272,38.17030500830092
-122.86468599675221,38.17164365909842
-122.86413208653464,38.17252176040188
-122.86410665421978,38.17385557679028
-122.86219237014767,38.175881143824455
-122.86121221546917,38.17745713117294
-122.86066873052472,38.17780796064958
-122.85915376234895,38.17799086474737
-122.85879616365929,38.17937385186946
-122.85893564115466,38.179968846341716
-122.85811237187247,38.180657318808315
-122.85695038935604,38.18232772509608
-122.85624693861833,38.18279997746282
-122.85545488278954,38.18272243194468
-122.8543652972479,38.18327075109695
-122.85318398472904,38.183093524535025
-122.85115198036571,38.183244131674805
-122.84829240311264,38.185087966155976
-122.8446313444344,38.18658378295175
-122.84383191105434,38.18733069461605
-122.84325319831568,38.1888620345389
-122.84277629526143,38.189280505618825
-122.84034402677233,38.18938077857022
-122.83925076248134,38.18986597462488
-122.83724554750097,38.19121055422885
-122.8356596368359,38.1931504740106
-122.83591157631956,38.195895175958995
-122.83563943614573,38.196949210895994
-122.83569321729614,38.19869772747319
-122.83850281422522,38.19966602477868
-122.83934152568612,38.20030259714179
-122.84027172873255,38.200493159988206
-122.8420652818055,38.20148244141738
-122.84457448664152,38.202067171345654
-122.84545732823872,38.202631596396124
-122.84739981445702,38.2027243253156
-122.84892826733287,38.20380783217614
-122.85356718282927,38.20518820273418
-122.85485008009408,38.20660929645043
-122.85503826802513,38.20779016393734
-122.85589175742699,38.2088951811562
-122.85611476373244,38.209612012111364
-122.85809643368789,38.21047960156525
-122.85995194923822,38.212149226416756
-122.8591923377382,38.21310354889363
-122.859184892293,38.21345058076123
-122.86013772795222,38.215650809280426
-122.85556357133413,38.21822267763954
-122.85359693415052,38.22115381542492
-122.85407925193935,38.222727057964924
-122.85403674499045,38.2244844139297
-122.8550856819687,38.22737429580868
-122.85616411436307,38.228641819586706
-122.85651685417385,38.2301158052905
-122.85847624638937,38.23307434228284
-122.85999610291313,38.23436044449081
-122.86051827041138,38.235176668280296
-122.86004922045629,38.23774468671556
-122.85872015164443,38.24003222841197
-122.85688922280214,38.24043101282522
-122.85564173056825,38.23986172250714</coordinates></LinearRing></outerBoundaryIs></Polygon></Placemark>
<Placemark>
<ExtendedData>
  <Data name="COMNAME"><value>CALIFORNIA RED-LEGGED FROG</value></Data>
  <Data name="SCINAME"><value>RANA DRAYTONII</value></Data>
  <Data name="SPCODE"><value>D02D</value></Data>
  <Data name="VIPCODE"><value>V01</value></Data>
  <Data name="UNIT"><value></value></Data>
  <Data name="SUBUNIT"><value></value></Data>
  <Data name="UNITNAME"><value>SNM-2</value></Data>
  <Data name="SUBUNITNAM"><value></value></Data>
  <Data name="STATUS"><value>FINAL</value></Data>
  <Data name="LEADOFFICE"><value>FF08ESMF00</value></Data>
  <Data name="COOPOFFICE"><value>NONE</value></Data>
  <Data name="COOPOFMORE"><value></value></Data>
  <Data name="FEDREG"><value>75FR12816</value></Data>
  <Data name="PUBDATE"><value>20100317</value></Data>
  <Data name="EFFECTDATE"><value>20100416</value></Data>
  <Data name="VACATEDATE"><value></value></Data>
  <Data name="ACCURACY"><value></value></Data>
  <Data name="SINGLMULTI"><value>SINGLE</value></Data></ExtendedData>
  <Polygon>
<outerBoundaryIs>
  <LinearRing><coordinates>-122.22063319033661,37.215132116836735
-122.22303112675984,37.21453279582593
-122.22368252444485,37.21476920487909
-122.2247255652816,37.21473318182466
-122.22626248166534,37.214333169202035
-122.22876706151324,37.21406334515081
-122.23052065452228,37.21434964331176
-122.23170413137609,37.21478770715132
-122.23398972492386,37.21604874999669
-122.23459465869273,37.21592863229791
-122.23611115549825,37.21514299287407
-122.2369525297604,37.21443639524262
-122.2370114757295,37.21387119050346
-122.23648858761717,37.21309709464996
-122.23663453690509,37.212611241084595
-122.23826226491674,37.210974453218796
-122.23931331720087,37.20904247788914
-122.2419841989061,37.208595385329474
-122.24454436477573,37.207734418756566
-122.24975591299022,37.20513618193059
-122.2516908748387,37.204617513579564
-122.25283644939891,37.203635439738484
-122.25501743393596,37.203764113987326
-122.2556902193033,37.20267103644844
-122.2570933768192,37.2019677732611
-122.25718844801675,37.199480454206764
-122.25750489439353,37.19885157716865
-122.25846416896991,37.198285228790525
-122.26002498873231,37.197981764222675
-122.26282024696127,37.19526573913251
-122.26465767095127,37.19459215384784
-122.26659414854386,37.19459513628054
-122.26767252326322,37.194317913293006
-122.26951554812706,37.19425049946479
-122.27045703313627,37.193548636837576
-122.2705336784378,37.19275367491054
-122.27100810014724,37.192317182610786
-122.271651436371,37.19239769819752
-122.27325961548179,37.19210341561053
-122.27424216506995,37.192429467736865
-122.27733127881824,37.19233578315398
-122.27740403460521,37.191601490004224
-122.27838227318674,37.19021488796903
-122.27843567079218,37.18869182157743
-122.27935209757297,37.187906423527664
-122.28014986694028,37.18581109952939
-122.28025168160424,37.18495989549238
-122.27976107780107,37.18429432656344
-122.28035850395003,37.18304063181756
-122.27996403259232,37.1819317216513
-122.28011037232861,37.18139398551378
-122.2828336146245,37.17984662752709
-122.28433710124537,37.18009468323002
-122.28601234370176,37.180758281155846
-122.28768338115135,37.18232553544899
-122.29151174831014,37.183294991415856
-122.29221210898892,37.18325182898747
-122.29387911896953,37.18263315699126
-122.29704987584434,37.18253034607067
-122.29782307018328,37.18116468493738
-122.29906131005444,37.17988086064954
-122.30038721337138,37.17918565964319
-122.30254543730865,37.17884679746487
-122.30432919942365,37.177847765618615
-122.3073742450529,37.17747363156579
-122.31275731633421,37.17741048385806
-122.31513073795756,37.17592105338755
-122.3172581610418,37.175318179913894
-122.31799570345945,37.174903289548006
-122.31864403021812,37.173935792520304
-122.32047502271048,37.17272271101121
-122.32162401772753,37.171264480545275
-122.32294136886628,37.17213962328924
-122.32603083849395,37.17285369901047
-122.3270242667621,37.17250777526
-122.3286811223054,37.17264104879822
-122.33236127318771,37.172499680830505
-122.33531793687487,37.17157439151161
-122.33861779487805,37.17201432555647
-122.33998499382119,37.172921135347885
-122.33990961395368,37.17471887804634
-122.34209996087829,37.17673678611391
-122.34326087489967,37.177245766171545
-122.3449564060793,37.17728005012761
-122.34558339214938,37.17690259879897
-122.34545727265444,37.1756377199659
-122.34574860160741,37.17371935915199
-122.34638521911923,37.173215868734005
-122.34856916104722,37.172450457068045
-122.34973801038882,37.17179653093266
-122.35024802532801,37.17117965924874
-122.35134334565169,37.16863711700306
-122.35838833237217,37.16412138071324
-122.36051970664538,37.1675912545684
-122.3572918210507,37.17224318926232
-122.3583088378483,37.174196348760766
-122.3609063049715,37.175777271127885
-122.36344343164727,37.17678328832243
-122.36794789374797,37.17680740208135
-122.37909883893164,37.182596893086824
-122.38268938875476,37.18364939999653
-122.38937529149422,37.184256295179566
-122.391008414128,37.18487388607217
-122.39277116289553,37.18659969893452
-122.39809145474467,37.19360467688118
-122.40021161114397,37.196864369388166
-122.40092816124707,37.20255361145728
-122.40528353800445,37.21217467043812
-122.40614072867835,37.2147079671522
-122.40619010463143,37.21645159582547
-122.40453835083773,37.21675646022563
-122.40442119841624,37.21655543322173
-122.40339127949811,37.21668739570659
-122.40369846469576,37.21788104706837
-122.40312745073683,37.218363442635145
-122.40315123762075,37.21869058471832
-122.40426373827428,37.21980389379287
-122.40404944726995,37.220214252882435
-122.40475738349738,37.22077691893737
-122.40604942410994,37.220840834286015
-122.40604000990973,37.22166679340034
-122.40676216453005,37.22377482816843
-122.40845322717585,37.22595015315311
-122.40706521743016,37.22697687471857
-122.4075048754907,37.22745177943639
-122.40582481450666,37.22899659623367
-122.40582110533876,37.22946930088508
-122.4052251945921,37.23007407747212
-122.40525323207532,37.23188069587732
-122.40463244291877,37.23295806716206
-122.40499833805298,37.23338751102469
-122.40461763983147,37.23373054699118
-122.40390408828478,37.23579776064835
-122.40044866098593,37.23187764917577
-122.3966370423618,37.23520343403831
-122.40088554881467,37.23960554671814
-122.39904608312956,37.24074039480435
-122.39876644252932,37.24301959177826
-122.40053245775816,37.246453329053914
-122.40621313200549,37.24843356991289
-122.40747555114658,37.25039093540174
-122.41034368446316,37.25311322000304
-122.4097995437356,37.25900431409921
-122.41188455739436,37.25997044126977
-122.41309435201754,37.2599764446585
-122.41209996873023,37.26468970106879
-122.41161691595359,37.265919063759426
-122.41104711479971,37.264646405221086
-122.40965829875802,37.263240118998475
-122.40738337774766,37.26342924722739
-122.40641130895891,37.263169854682104
-122.40616864594018,37.2633780503828
-122.40720996290013,37.26370776775955
-122.40729705792212,37.263924587300956
-122.4087550986928,37.264159376497716
-122.40884196245214,37.264488949974634
-122.40816503041972,37.264888980750676
-122.40912020305879,37.26497484316156
-122.41045675729522,37.26630434835091
-122.41131690143413,37.26642894768279
-122.41094173283386,37.26706661974109
-122.41165172861444,37.267448567903195
-122.41040579860392,37.271715245163115
-122.41019629433696,37.27421681704597
-122.40954554123776,37.27571009264927
-122.40989009862561,37.27619606432985
-122.40985421962814,37.27687650834722
-122.40953419649213,37.277186748503475
-122.40956622203346,37.27793362841337
-122.40905167151794,37.278412434953005
-122.40875756664397,37.27996357567924
-122.40903293886655,37.28048740044989
-122.40850267551714,37.28167972633148
-122.40876534488201,37.282675581124835
-122.4081831642512,37.284729356823696
-122.408142840584,37.286014940264614
-122.38758452190814,37.28843508597633
-122.38685269044994,37.2907153209416
-122.38634308022742,37.291143133533936
-122.38627202787666,37.2922920355879
-122.38672369228875,37.29360588593359
-122.3855597954546,37.29392434618798
-122.38502387158515,37.29527581310204
-122.38441064121962,37.295682777088146
-122.3835926809532,37.29568522328115
-122.38206638542263,37.295223722331905
-122.38204642694991,37.297663476602395
-122.37871293236721,37.30327366022791
-122.37898087477862,37.30742557489999
-122.38144807911704,37.31042408170469
-122.38155484813954,37.310191393764775
-122.38207041866508,37.310160208975184
-122.38510559585667,37.31071240090429
-122.38589373862479,37.31093509181344
-122.38815415751681,37.31222240905979
-122.38873169235436,37.31215100601136
-122.39115264605299,37.312643577361335
-122.39208208754407,37.3140139040462
-122.39738572212174,37.31943372607703
-122.39901317561905,37.320208200109036
-122.40331093399818,37.32074954335412
-122.4031669535543,37.32110075561961
-122.40382958808357,37.3225720734844
-122.40377557033842,37.32415266386714
-122.40400818804764,37.324253428077846
-122.40409676701815,37.324874508245564
-122.4035460379461,37.324913805298394
-122.40318996531882,37.32533901862924
-122.40318183526684,37.32710114325705
-122.40273300618351,37.32779457499352
-122.40175073424231,37.334119654947436
-122.39958041805316,37.3338940851884
-122.39763426487065,37.33395180357557
-122.39614248762041,37.33443307286092
-122.39564827820196,37.33549874525107
-122.3955156123272,37.33755313259486
-122.39438510888637,37.338644845307854
-122.39486796554709,37.34098359818127
-122.39441952582196,37.342683948893324
-122.39463770574166,37.343875272699044
-122.39672755837938,37.346630045505584
-122.39726942369765,37.348781790873616
-122.39857385291,37.35138373263922
-122.39864111106664,37.3533346855523
-122.3967908903805,37.356829762505086
-122.39702946725582,37.358070761700624
-122.39745785874443,37.35888294670913
-122.39937251807406,37.36029777907368
-122.40191043350217,37.3627583059555
-122.39719389035568,37.36590791140733
-122.39646711076247,37.367490582014135
-122.39535928294974,37.36797396745086
-122.39498739718056,37.368373092456515
-122.39486106643591,37.369593834862336
-122.39397978129186,37.37183817935445
-122.39136238593512,37.37398568656753
-122.39107661920542,37.37478422694434
-122.39105680105062,37.376868621391225
-122.39276251796475,37.37800638834329
-122.3925128838701,37.38054693070915
-122.39227644473483,37.380832000204016
-122.3916531954312,37.38126128986531
-122.38781769340075,37.382501244856854
-122.38531101462254,37.38473700420813
-122.3832145507229,37.38519699945513
-122.38145051631533,37.384833958366336
-122.38116732531765,37.38500149266837
-122.3807313568196,37.38595232579225
-122.38077671780891,37.387104166400704
-122.38234360178285,37.389609176752984
-122.3829833917328,37.39184797790691
-122.38277463239365,37.39297352427157
-122.38184427290145,37.394365731159446
-122.38112738502686,37.39470230265314
-122.37948542980715,37.394986600973006
-122.37420781261925,37.39530123092417
-122.37365882229206,37.395974254079064
-122.37395260595589,37.398051302603136
-122.37181181284474,37.39984939138619
-122.3705152467342,37.40194707367386
-122.37016427774057,37.403488876594174
-122.36815743856293,37.40434118199276
-122.3653953726613,37.40442092175335
-122.36434097478447,37.40486586866192
-122.36316368659652,37.40727519417936
-122.36236288735098,37.407683313828144
-122.36169337035548,37.408709450694666
-122.3575374829758,37.41159824302181
-122.35707595005714,37.41265712889891
-122.35755103139498,37.41373461091566
-122.35753214183089,37.417655464759115
-122.35846537020387,37.41897871435525
-122.3580500603886,37.42086033937235
-122.35835784621582,37.421873805286154
-122.3581822833284,37.42219285626671
-122.35417613812284,37.42356131240124
-122.35309739657347,37.42341790826248
-122.3517438158685,37.42357047784461
-122.34902709300748,37.42469117137011
-122.3483134849695,37.424784066084186
-122.34391489179224,37.42355186280805
-122.34232712597206,37.42370970454419
-122.34098259529975,37.423499399592004
-122.33959046381007,37.42379360260671
-122.33704381881951,37.421534833235285
-122.33290037076274,37.41898533788571
-122.33084620930191,37.41814903143707
-122.32921450012554,37.418455164696766
-122.32737077326536,37.420109928779645
-122.32643169029615,37.420305128339294
-122.32534993285702,37.42012986995443
-122.32457282811106,37.420404904982476
-122.32197235942117,37.41799912067582
-122.3210842505409,37.41782712845522
-122.31921164706867,37.41846713300817
-122.3187487040718,37.4176987827778
-122.31709174326329,37.41718437500119
-122.31441855762155,37.41552617610184
-122.3124723423989,37.41502803664005
-122.31215965962285,37.41453720004849
-122.31093305935889,37.41369403664877
-122.31007151496081,37.41346361963753
-122.3083306170239,37.41382978760591
-122.30797624700119,37.413714978114186
-122.30745268275247,37.41265285251281
-122.30830033781638,37.41132152862503
-122.3079838002225,37.40826404031907
-122.30708392124852,37.40729880602115
-122.30685317991917,37.406524549104795
-122.30561417264764,37.40660514813446
-122.30291001121971,37.405469210889095
-122.30172844142879,37.40472538993714
-122.30037485398017,37.40357043686708
-122.29987808240385,37.40223348210875
-122.29801493762331,37.401325374206074
-122.29765371413433,37.40034981860163
-122.29423209780354,37.39938968162151
-122.2892431963304,37.39641225385536
-122.28704152646696,37.39657019053096
-122.28410440711316,37.39612646998643
-122.28386880817678,37.3947391772532
-122.28346049545718,37.39425679704153
-122.2821449079219,37.39362907619774
-122.28197146314228,37.39268836016469
-122.27872751488927,37.39170857329235
-122.27779190732156,37.39088717671591
-122.27662154809572,37.39090924380519
-122.27485613516487,37.39156985121387
-122.27225737168551,37.39112340207027
-122.27168480722752,37.39044387443648
-122.2668540565407,37.388273223655844
-122.26599284605815,37.387627858756176
-122.26561399203888,37.385861104055365
-122.2631155011785,37.384186959643955
-122.26276186769796,37.38144917671187
-122.26156088451626,37.38047938579437
-122.26106061156341,37.37813036883161
-122.26043443094915,37.37727700258294
-122.25851700768052,37.376142678425715
-122.25680931209358,37.376197349725345
-122.25671526624735,37.37546970855278
-122.255120414975,37.37267592504847
-122.25394376084961,37.37213444102149
-122.25209287671076,37.371705767471816
-122.2511681970538,37.368957495390084
-122.24948701250374,37.36735146812797
-122.24744908466842,37.3666714510439
-122.24661056356432,37.36506390666036
-122.24500262589294,37.36401272705852
-122.245173004626,37.363425470172864
-122.24631902139328,37.36271401369828
-122.2469157207829,37.36205305805718
-122.24666911836377,37.36041776489371
-122.24687853708093,37.35951552626832
-122.24649524435361,37.358183571515944
-122.2457001302436,37.35715766848011
-122.24492742369522,37.35680342963578
-122.24344163936598,37.356735430743925
-122.24246489833548,37.35488135106441
-122.2425299716914,37.3538361032548
-122.24214114398032,37.35277904979712
-122.24104567942685,37.3522155213605
-122.23954531291147,37.35047286815265
-122.2386358389699,37.34988566351481
-122.23699936636335,37.3501049214862
-122.23508430249086,37.34958779797828
-122.23405932800166,37.34957218913817
-122.2339619714186,37.34915025107478
-122.23129508083399,37.34790468518476
-122.22955419946742,37.345700823119664
-122.22884028362692,37.34438467300396
-122.22669857318628,37.34341748371863
-122.22539427708125,37.3424421806035
-122.2214551442933,37.3410169860995
-122.21933612090886,37.338513005801566
-122.21945183902322,37.336375269930485
-122.21903484288636,37.335031727745104
-122.2179449555222,37.33407133601013
-122.21679462668774,37.333667071927074
-122.21571671627252,37.33179861639527
-122.21473660563407,37.33103045451697
-122.21399426860728,37.32915527193444
-122.2116573894298,37.32717694274921
-122.20846141394897,37.32585311028875
-122.20746738844757,37.324796303293944
-122.20396232214136,37.323260697501524
-122.20222454128681,37.32146202736406
-122.20019146019824,37.32035089955351
-122.19819859337265,37.31848281534447
-122.1949238714726,37.31792878263155
-122.1934322486994,37.318020090062305
-122.19291939984113,37.31826003486391
-122.19074198695101,37.318001627085515
-122.18968346317509,37.31766313209779
-122.18799913110637,37.316143978158195
-122.18659302389787,37.31558899958898
-122.18607178522126,37.314469984930064
-122.18641895929854,37.313749022077275
-122.18591573763408,37.313123600342365
-122.18593337247454,37.31234181605209
-122.18542947067179,37.31144821527199
-122.18393645208263,37.31013774437449
-122.18240885100558,37.30960882878348
-122.18159281211916,37.30966857753523
-122.18091569137634,37.31000862830579
-122.1797351464175,37.311352503994776
-122.17728704546599,37.31257717384901
-122.17664477461497,37.312680878823635
-122.17405788458052,37.31278673944027
-122.17107164211798,37.31219570807639
-122.17072433423759,37.31197021270808
-122.17053296912694,37.31122298456263
-122.16904043289998,37.3100857418156
-122.16857097362639,37.30838567387789
-122.16676546845778,37.30583337850155
-122.16603669188602,37.30559832466686
-122.16497737367534,37.305615624699875
-122.16383187951608,37.30480080468689
-122.16225196356044,37.304366020510756
-122.16282484543976,37.30263040982242
-122.16374441986216,37.30142234392941
-122.16270325454977,37.30074571611344
-122.16404010497268,37.298862297788496
-122.1652900389544,37.2976204572927
-122.1654114519112,37.29627603855939
-122.16601897677423,37.29572818125618
-122.16671388472994,37.29551230436653
-122.16681759776509,37.295120897430046
-122.16638366450601,37.29489475886753
-122.16417904951479,37.29491299328917
-122.16315408618757,37.293862432635734
-122.16105372863983,37.293401384577926
-122.15978598208882,37.293446450603675
-122.15732106314688,37.29255231361072
-122.15619247987618,37.29195387805913
-122.15577535343078,37.29134471729809
-122.15318865678799,37.28948739786683
-122.1526682206849,37.2884899118857
-122.15258110168955,37.286641508149714
-122.15237611966701,37.28656019546434
-122.15192307366223,37.28391597167614
-122.15107522058776,37.28292942532489
-122.14903876013422,37.281680407162554
-122.14935157821236,37.281032065485064
-122.14870938369165,37.28059029726269
-122.14862932661244,37.28018996468424
-122.1494362846395,37.27955138168235
-122.14956338839657,37.27916011882405
-122.14941562221932,37.27775371612775
-122.1506144937559,37.27633581836788
-122.15202976368735,37.27645431334412
-122.1533543973092,37.27814250113891
-122.15485279781795,37.27867384070371
-122.15549859363774,37.27829989732453
-122.16081296955501,37.278982199795976
-122.16170823048991,37.27951806811894
-122.16254301696804,37.28065968426168
-122.164762994024,37.28101344089596
-122.1658441391434,37.281566367296584
-122.168264821243,37.28206572070833
-122.16926095929917,37.28209743128082
-122.17141850835235,37.28173181828079
-122.17202888851511,37.28142958251849
-122.17242568834705,37.28057608083754
-122.17305023581672,37.28025142681978
-122.17332058368082,37.278696242395775
-122.17459039764917,37.27806961487781
-122.17502058582681,37.27704050741956
-122.1750650785093,37.27587581933875
-122.17950151514879,37.27256259280716
-122.18043547489656,37.27231448588416
-122.18120158324164,37.27091814792217
-122.18165470362125,37.270607903610134
-122.18398131303157,37.269736269272215
-122.18452313653549,37.26929602894836
-122.18587001086006,37.26930982681187
-122.1865394937707,37.270116651481544
-122.18794201898034,37.2706130040383
-122.19020813259807,37.272174452522265
-122.19142486398019,37.27241484541414
-122.19174708612863,37.27219401308529
-122.19079987922825,37.26803892918354
-122.19160192863686,37.26488956690211
-122.19066211127392,37.262940646880885
-122.19083565673617,37.261524567561
-122.19352254526905,37.25708773995316
-122.19604608499678,37.255275119866226
-122.19642790869742,37.2546603295045
-122.19742996210381,37.25436063817132
-122.19942408221016,37.25481358464572
-122.20205072868686,37.25744302109489
-122.20373714796044,37.25826342561279
-122.20509648135672,37.258051746548816
-122.206533579251,37.25648405883129
-122.21010319940969,37.25539467917939
-122.21511819391817,37.253104767633374
-122.2178885907808,37.25152990003586
-122.21889402056786,37.24981029485783
-122.22071991061483,37.24965344256651
-122.22161800764087,37.249352882086036
-122.22227109678332,37.24859775437682
-122.22269574112448,37.247449061127185
-122.22375581485454,37.246590771792825
-122.22570028810897,37.24544292940047
-122.22959020266195,37.243825575299105
-122.23126610772994,37.24241226073344
-122.23234525379723,37.24064576988499
-122.23416281465816,37.23868133452234
-122.23503352585703,37.237274081832446
-122.23617656680146,37.23629666149189
-122.23468482519522,37.23487183723882
-122.23213615814764,37.233329832145856
-122.2304007435934,37.232867677963235
-122.22888408025091,37.23174694468441
-122.22828861240545,37.229888458957824
-122.22699303110198,37.22890875270754
-122.22634320585628,37.22731588366049
-122.22528022372693,37.22579905108596
-122.22475740788283,37.224258777226474
-122.22451115035783,37.221600317268354
-122.2236065212467,37.22074486331962
-122.22330002042663,37.21976252486441
-122.22240034104883,37.21838433493761
-122.21950539984628,37.21601266169954
-122.22063319033661,37.215132116836735</coordinates></LinearRing></outerBoundaryIs>
<innerBoundaryIs>
  <LinearRing><coordinates>-122.37417003433457,37.258089882923564
-122.37573471018715,37.25743931866704
-122.37683373212523,37.257889019902706
-122.37941671339554,37.25727296513417
-122.38327923146345,37.2552740164959
-122.38329399518356,37.25474081205187
-122.3836848338826,37.25431315031044
-122.38435223163029,37.25512477335969
-122.3870235928491,37.25525201074682
-122.38803947023588,37.2535973520376
-122.39557283218576,37.25655227741486
-122.39608744968447,37.25571390347645
-122.39812034832973,37.25553789447778
-122.39521844210286,37.25128746291683
-122.3951292386054,37.24937275559908
-122.3943436951167,37.24793511110055
-122.3929553297004,37.247131540817925
-122.39043781918228,37.24752062202276
-122.38927309084444,37.24663472949953
-122.38788023001027,37.246727915439976
-122.38607693810825,37.24875921109976
-122.3763262503287,37.24880872447093
-122.37332076120558,37.249742629352035
-122.3718887970349,37.249735041795994
-122.37133503246298,37.24744256642862
-122.3685571164074,37.24571063231673
-122.3675739277052,37.24341584761332
-122.36614996083266,37.24380576741074
-122.36134493215846,37.24343965392585
-122.36040794702247,37.24417869613482
-122.36018058770024,37.24566566661403
-122.35938529963634,37.24657718106064
-122.35694815108802,37.24690740084868
-122.3562979509663,37.24759072851864
-122.3587271371041,37.249067882448706
-122.35885212815023,37.25035202812071
-122.36329388536774,37.25023272506089
-122.36536282363609,37.25297929132132
-122.36526431693227,37.25416430749831
-122.36596786824593,37.255656273826766
-122.37417003433457,37.258089882923564</coordinates></LinearRing></innerBoundaryIs>
<innerBoundaryIs>
  <LinearRing><coordinates>-122.37554264405061,37.24063158697017
-122.3755759111117,37.23676140961777
-122.37728597094313,37.237743469489054
-122.37900687471824,37.2374090752243
-122.38016163391622,37.23627035415352
-122.38137905654465,37.236219481573556
-122.38066694717509,37.23575785094767
-122.37559102281706,37.23547742540078
-122.36831281937071,37.234084017834405
-122.36487404308481,37.23241160600694
-122.36286831070606,37.23257254768045
-122.36128337083068,37.23376601913402
-122.36417443508127,37.234918062278965
-122.36676988891358,37.23682912544812
-122.36768807587586,37.238322232910136
-122.37217981479395,37.238967179733876
-122.37333021252984,37.23995490375707
-122.37447279812909,37.24030437591617
-122.37554264405061,37.24063158697017</coordinates></LinearRing></innerBoundaryIs></Polygon></Placemark>
<Placemark>
<ExtendedData>
  <Data name="COMNAME"><value>CALIFORNIA RED-LEGGED FROG</value></Data>
  <Data name="SCINAME"><value>RANA DRAYTONII</value></Data>
  <Data name="SPCODE"><value>D02D</value></Data>
  <Data name="VIPCODE"><value>V01</value></Data>
  <Data name="UNIT"><value></value></Data>
  <Data name="SUBUNIT"><value></value></Data>
  <Data name="UNITNAME"><value>SNB-1</value></Data>
  <Data name="SUBUNITNAM"><value></value></Data>
  <Data name="STATUS"><value>FINAL</value></Data>
  <Data name="LEADOFFICE"><value>FF08ESMF00</value></Data>
  <Data name="COOPOFFICE"><value>NONE</value></Data>
  <Data name="COOPOFMORE"><value></value></Data>
  <Data name="FEDREG"><value>75FR12816</value></Data>
  <Data name="PUBDATE"><value>20100317</value></Data>
  <Data name="EFFECTDATE"><value>20100416</value></Data>
  <Data name="VACATEDATE"><value></value></Data>
  <Data name="ACCURACY"><value></value></Data>
  <Data name="SINGLMULTI"><value>SINGLE</value></Data></ExtendedData>
  <Polygon>
<outerBoundaryIs>
  <LinearRing><coordinates>-121.47146058019787,36.81792991466441
-121.46615832076421,36.81607295745236
-121.45989867122103,36.81557308198075
-121.45537579691063,36.81644738017562
-121.44797143627957,36.81333278002975
-121.44009207483585,36.80696931395524
-121.43882679308972,36.80355421866912
-121.43575726053571,36.80136747216178
-121.43046434897838,36.799151315980374
-121.42093241778728,36.79759418064471
-121.41069691597293,36.79781554257546
-121.4045972325828,36.79165238148247
-121.40540877902991,36.78468746289556
-121.40322646950507,36.78269062918764
-121.40013279378338,36.78175471420227
-121.39634246503195,36.782240281126384
-121.39037018540813,36.78072866052402
-121.37740526129208,36.783950939374904
-121.37312620203832,36.784178983718334
-121.37298205284941,36.78349413907906
-121.37261999078724,36.78314011258028
-121.37170893905731,36.78290239084387
-121.36728660037637,36.78409628268836
-121.36415162744508,36.783555752075856
-121.35743484135169,36.786164026702615
-121.3557008389173,36.7866607825844
-121.3540238662742,36.78657467537378
-121.35308999470963,36.786753641121734
-121.35156411013463,36.787656371507
-121.35039978462166,36.78870356123934
-121.34898578154976,36.789021952959175
-121.33967695928338,36.785785001267506
-121.334737251093,36.78471074223594
-121.33139914165447,36.784217468660316
-121.32821340056137,36.78326434927998
-121.32724209459057,36.78290633643345
-121.32663293286745,36.78228883611247
-121.3237240434116,36.785361779353
-121.3211088278974,36.78681603393973
-121.31952534486227,36.784728933359126
-121.31611694514169,36.78816126372362
-121.30896914989577,36.78771111320909
-121.30433063771761,36.78514001732878
-121.30193732417766,36.78179483557322
-121.29839565892378,36.77958604250227
-121.29645073835584,36.77511198524001
-121.29661090380951,36.77080212967412
-121.29934603072908,36.76683866677472
-121.29850633174262,36.76492068132784
-121.29943003266594,36.764802157944786
-121.29586188806896,36.760617762142594
-121.29500722035031,36.756150425881785
-121.2916986370161,36.75770961420227
-121.28793055716564,36.75765544054179
-121.28551802976187,36.75618979486451
-121.28649833681527,36.752090054524345
-121.27764849499601,36.74560594769117
-121.27973192079617,36.740299115077754
-121.27969124931136,36.738453644962185
-121.27734736967624,36.73389248316811
-121.2791017601258,36.72935204923622
-121.27912251237805,36.722564985475266
-121.27596558527095,36.70590065651827
-121.2878129502798,36.702920876360785
-121.2869231257884,36.698240513986754
-121.28129231796439,36.69995906002974
-121.28125655689026,36.69605764345154
-121.28502571685324,36.69479397006526
-121.28616804126749,36.69248816153306
-121.2863281233606,36.688787398645445
-121.28820157777648,36.68539754245551
-121.28408433579712,36.684549895952074
-121.28497077692363,36.676215065561145
-121.28383721178061,36.67462963085361
-121.2810526244852,36.673710762994396
-121.2778371274071,36.671153735318875
-121.27021260302577,36.66369982359052
-121.26985550527381,36.662251063939486
-121.26878205680548,36.66148229360698
-121.2630528789264,36.65989252198869
-121.26009831540476,36.65848384104065
-121.26164992850644,36.65680183714983
-121.26367528765482,36.65625279782678
-121.26690702061907,36.65610400671006
-121.26798114443788,36.65568657063942
-121.26840238443718,36.65535009364339
-121.26840607422656,36.65422610818023
-121.2690469211407,36.652614850618484
-121.2716216354668,36.64941791153077
-121.27258824270874,36.64974859135258
-121.27498566133917,36.651366613864816
-121.27589752740558,36.651634869630215
-121.27763137130216,36.65342211779985
-121.28128206355485,36.65374516866135
-121.28299600525179,36.65427278741082
-121.2844034343678,36.6541648330928
-121.28910691901612,36.65532737559914
-121.28983630550032,36.655662332910175
-121.29038049320346,36.65624479583631
-121.29089328551935,36.65761326783735
-121.29307578297349,36.65901028704091
-121.29385847255195,36.65904839375999
-121.29485653535679,36.65950185442804
-121.29690971707407,36.65934702171739
-121.29798120442217,36.6600964550327
-121.29919545870169,36.660152419256576
-121.30185721681602,36.65974616145077
-121.3025622478311,36.66054992741791
-121.3047168230481,36.66193438866944
-121.3054909345437,36.662777163791255
-121.30645503034108,36.663202923841126
-121.30768974597433,36.663335904860205
-121.30908043221783,36.662765271986
-121.31083220077497,36.662476875936065
-121.31147383701915,36.66317064156073
-121.31184442920555,36.66426249902319
-121.3128704834884,36.66444554744035
-121.31546067860515,36.6642394316441
-121.31670282880818,36.6630486310383
-121.31789078534234,36.66287608191843
-121.31906724208912,36.663136555821886
-121.32207011802417,36.661792730464754
-121.32332399871261,36.66186965599458
-121.32483754002111,36.66250774285311
-121.32559031642471,36.66327315845132
-121.325435725149,36.66462549596595
-121.32563997110374,36.66496429900274
-121.327246109808,36.66641567054713
-121.32625673817662,36.667312281165444
-121.32593128248463,36.67017826289489
-121.32512579513441,36.67134809140238
-121.32490650809348,36.67220356812781
-121.3246986435094,36.67642345762477
-121.32328732294721,36.67761805780162
-121.32268199288544,36.678574161497195
-121.32281393537404,36.67997558134934
-121.3216256418683,36.68234278665034
-121.32160321580922,36.68382508942466
-121.32085970702137,36.6853496198012
-121.32161881672367,36.687629374168196
-121.32078823018124,36.68859332494772
-121.32000610183638,36.691191887083065
-121.3210171014422,36.69254917393499
-121.32133045794758,36.693490491176824
-121.32281566046835,36.69472013910783
-121.3230704475052,36.69544881957338
-121.32276214737506,36.69660953425176
-121.32298283875993,36.697376417001706
-121.3246991183861,36.69860879708685
-121.32541164168478,36.69968242996822
-121.32529784423701,36.70009762673903
-121.32165279988075,36.70140537020796
-121.3208607728514,36.701950464055905
-121.32353516717312,36.70313100836636
-121.32265391385299,36.70449019937489
-121.32254118177873,36.70967575711711
-121.33019810574355,36.71514941638422
-121.3381303072015,36.71814824151813
-121.3386598366528,36.71933677282671
-121.33922863305028,36.71932371919801
-121.34144951306712,36.72020202278175
-121.34273049854924,36.72111880073917
-121.34736029004975,36.72359646906689
-121.34880864096675,36.7231345434277
-121.34948655800358,36.7233012900987
-121.35068136162364,36.72428462591972
-121.35255680939393,36.72488505185731
-121.35481814063726,36.726063945732975
-121.35820701421821,36.7270167056031
-121.36176823146167,36.72926313364677
-121.36616275012163,36.730943768499436
-121.36711674749156,36.732173519099796
-121.36793454788322,36.73275077683831
-121.37377763671628,36.73370702052024
-121.37539065031022,36.7347185739039
-121.37827285138178,36.73521957343845
-121.37921873423974,36.736480817158586
-121.38113350707826,36.736872392773385
-121.38354431116717,36.73814629350518
-121.3853219822328,36.73858355356656
-121.38594197344818,36.73820370540346
-121.39079856524891,36.739574750948904
-121.39363256648336,36.7392031129846
-121.39650821768959,36.73914487080652
-121.3988038031478,36.73858501650844
-121.4024624236426,36.738352725408134
-121.4048671489705,36.73721106658355
-121.40590249011318,36.7371619268856
-121.40682837012606,36.73737671860674
-121.4094516412325,36.73846943205646
-121.4124958833982,36.740546736107355
-121.4159980070088,36.74160546828754
-121.41783731126297,36.74292769967024
-121.41811247298511,36.74421214510768
-121.42109998140917,36.74526775854117
-121.42200703049164,36.7453675089654
-121.42366921456241,36.745006422096196
-121.42719850519772,36.743248020697976
-121.42845827473472,36.743737564170615
-121.42909231817933,36.74381623316334
-121.42971929352078,36.743574699398636
-121.43152392666633,36.74226610816196
-121.43213725941548,36.74052832761904
-121.43266220850116,36.739993738161715
-121.43345925643078,36.73967546495354
-121.4344327589221,36.73944053074869
-121.43525022296325,36.73955026368081
-121.43698077559024,36.740443569269694
-121.43785236378842,36.740629956559346
-121.43929667177258,36.74025695360311
-121.4422535809748,36.73874786984781
-121.44336306162873,36.737757166144476
-121.4440983507829,36.7363767787147
-121.44383950902986,36.734672071219585
-121.44460234396638,36.733092533642626
-121.44452071294262,36.73204170116545
-121.44498274832473,36.73150964920976
-121.44879044832187,36.731004984094376
-121.45167210852185,36.73004364885976
-121.45440705834972,36.7298582582573
-121.45491690646075,36.730025281819316
-121.45474329101047,36.73131883395639
-121.45710498986114,36.73229139506533
-121.4576257918055,36.7329517045117
-121.45920545501087,36.733974916655484
-121.45976155489163,36.73483401221031
-121.45972678116179,36.735450974637594
-121.45750387877993,36.73656242065492
-121.46031664663928,36.73735164049603
-121.46055983501573,36.73776031539149
-121.4602994634936,36.73915870799549
-121.46059438368475,36.740408658466016
-121.46024746915478,36.7410238502476
-121.46210546490494,36.74231663328957
-121.46246980072264,36.742968169517745
-121.46253889313488,36.74385464298677
-121.4641887931013,36.7442094921717
-121.46545593555942,36.7436444741605
-121.46592462633603,36.743661724650174
-121.46628975529386,36.74399323342667
-121.46687941526581,36.74559860704117
-121.46819941137505,36.745052307296525
-121.46924123364533,36.745538923708935
-121.47186257021706,36.74555455964993
-121.47306055580032,36.74625727072601
-121.47332130584161,36.74757665082365
-121.47434559617854,36.749234923222616
-121.47477960390555,36.74941847983232
-121.47573425339586,36.74921887247941
-121.47691490880511,36.75309864503842
-121.47655011313118,36.754017908328855
-121.47538740054262,36.755242372535776
-121.47477967909781,36.75654384222029
-121.47495308841751,36.75755114943686
-121.47523068156897,36.75806395150634
-121.4761160530734,36.75867925689986
-121.47740109023972,36.760649395492955
-121.47906750206037,36.76097036013101
-121.4797796207143,36.76136257169302
-121.4799015123912,36.762420988716094
-121.48094320056607,36.763461850498736
-121.48082142977661,36.764555511730585
-121.48149279415483,36.76501910704392
-121.47993713157014,36.76932161287529
-121.4787834268602,36.771217606761574
-121.47631251050065,36.773114562787505
-121.47825928836303,36.773405189354435
-121.48010384241051,36.77455102991764
-121.48140676230152,36.7769885104908
-121.48117361856947,36.779423559532354
-121.47985300606862,36.78150694699793
-121.48002432927025,36.78425818713824
-121.47881866767452,36.7891411593842
-121.47898942379138,36.79319977519939
-121.47772105297328,36.795098858536385
-121.47562518993583,36.79687060435471
-121.47426756757007,36.79863311889752
-121.47506786390397,36.80013747196821
-121.47740464376919,36.801691122261154
-121.47995833717371,36.80273264850004
-121.482928587662,36.80326684674187
-121.49270953858431,36.807014860159825
-121.49983461697657,36.81022170791466
-121.50292903279544,36.8112135583425
-121.50481067907401,36.81264548005529
-121.50589372361596,36.81314556754001
-121.5059800942226,36.81432769670021
-121.5067644226892,36.81510137542709
-121.50862890489151,36.81577411519315
-121.51013423516443,36.81689216837914
-121.51148479267047,36.8174049597962
-121.51133741714236,36.818286812112795
-121.51178153361536,36.818720829545576
-121.49913961777797,36.82013920318085
-121.4923888015983,36.81712394917475
-121.48795933537814,36.82018079463608
-121.47559165861287,36.81824557703043
-121.47146058019787,36.81792991466441</coordinates></LinearRing></outerBoundaryIs></Polygon></Placemark>
<Placemark>
<ExtendedData>
  <Data name="COMNAME"><value>CALIFORNIA RED-LEGGED FROG</value></Data>
  <Data name="SCINAME"><value>RANA DRAYTONII</value></Data>
  <Data name="SPCODE"><value>D02D</value></Data>
  <Data name="VIPCODE"><value>V01</value></Data>
  <Data name="UNIT"><value></value></Data>
  <Data name="SUBUNIT"><value></value></Data>
  <Data name="UNITNAME"><value>SNB-2</value></Data>
  <Data name="SUBUNITNAM"><value></value></Data>
  <Data name="STATUS"><value>FINAL</value></Data>
  <Data name="LEADOFFICE"><value>FF08ESMF00</value></Data>
  <Data name="COOPOFFICE"><value>NONE</value></Data>
  <Data name="COOPOFMORE"><value></value></Data>
  <Data name="FEDREG"><value>75FR12816</value></Data>
  <Data name="PUBDATE"><value>20100317</value></Data>
  <Data name="EFFECTDATE"><value>20100416</value></Data>
  <Data name="VACATEDATE"><value></value></Data>
  <Data name="ACCURACY"><value></value></Data>
  <Data name="SINGLMULTI"><value>SINGLE</value></Data></ExtendedData>
  <Polygon>
<outerBoundaryIs>
  <LinearRing><coordinates>-121.02963432664966,36.69278466916911
-121.02739449370267,36.692534157295384
-121.02458613918091,36.69169818122517
-121.02429594587967,36.691312942543966
-121.02385715035827,36.68910863751541
-121.02224694070556,36.68621092201982
-121.02246944403832,36.6831524505658
-121.02139226814566,36.68219714762421
-121.02114048339074,36.67876133884026
-121.02133727419661,36.67804165279683
-121.0207027113427,36.6775035964899
-121.01944389221494,36.67774569452464
-121.01780717610009,36.678646873183354
-121.01553287424343,36.67815349962107
-121.01414000268021,36.67821856161212
-121.01045787569622,36.679155105414864
-121.00957766407227,36.67965663216498
-121.00761087356807,36.68193262521516
-121.00773766196133,36.68314539386813
-121.00868759343655,36.68485138045138
-121.0086930020101,36.68529306492524
-121.0080691968381,36.68585720881209
-121.00618590564002,36.68654169836227
-121.00481726404985,36.68631837569731
-121.00317393150242,36.68665085837741
-121.00200214840108,36.6866292700777
-120.99918126689113,36.68581547994856
-120.9948476902404,36.685215839470594
-120.99371052355654,36.684781839717864
-120.99192063297133,36.683543371717306
-120.99120884342966,36.68334688992494
-120.9866790120839,36.68330827736263
-120.98277910404322,36.682530104637834
-120.98184317581713,36.68191520786724
-120.98051533639563,36.68179842547141
-120.98081801428576,36.6797192767166
-120.98180389430395,36.67788105095956
-120.98189307407539,36.67554175046432
-120.9826896762017,36.67366726689744
-120.98263218978592,36.672813804677105
-120.98188300396563,36.67108430813425
-120.98195163600133,36.66942014286281
-120.98275440432867,36.66722787094751
-120.98460888779282,36.664922525771814
-120.9842587358469,36.660099972338806
-120.98592691619865,36.657928445799286
-120.98673367783715,36.655839578944494
-120.98685314719414,36.65300076693164
-120.98655897927644,36.65237604661356
-120.98555726957844,36.65137847110868
-120.98647770582471,36.64969988138662
-120.98893518662582,36.64860145623813
-120.98981738579239,36.64782111112196
-120.99059128134589,36.645670484733536
-120.99050124739061,36.64375821936536
-120.99263226887743,36.64124796225678
-120.99325038129734,36.639354214905254
-120.99514794433786,36.63661726691698
-120.99501632248683,36.63603168674206
-120.99322096444268,36.63480507089065
-120.99284791445531,36.63272351314629
-120.99493125503159,36.63120154141596
-120.99668300117659,36.62890133973668
-120.99778465076561,36.629029692707356
-120.99968959706291,36.629884575878535
-121.00155477473095,36.62927227547179
-121.00265107072163,36.62923600734244
-121.00425624710104,36.62838560737205
-121.0049526369849,36.62837070322729
-121.00728551783601,36.62895290168472
-121.0088258826485,36.62909360005001
-121.01061719737993,36.62999527025188
-121.01143770312811,36.62975249433838
-121.0126787685184,36.62865314633821
-121.01625175763681,36.62764978750979
-121.01808172808715,36.62679642339945
-121.01981909406014,36.62657086919411
-121.02005806411778,36.6278168490084
-121.01902348765998,36.629405870159594
-121.01942590881507,36.6314584261646
-121.01941546413235,36.63254894771046
-121.0188525589824,36.63389363179187
-121.01901642324509,36.63516275102001
-121.01996272054792,36.637159305839035
-121.02108277790681,36.63827523497967
-121.02409895841825,36.63976365526255
-121.02529047593251,36.638514314064544
-121.0246578261517,36.636272988646944
-121.02505369314765,36.635331112437264
-121.02600001731206,36.634684069723306
-121.0274735272666,36.63438420896327
-121.03098922921194,36.63195937517962
-121.03231290232613,36.630866268744526
-121.03317551460043,36.629266958796606
-121.03480673619332,36.62828459699619
-121.03508082267608,36.62783863195807
-121.03501556180436,36.62685927098054
-121.03437961248643,36.62580124280511
-121.03481851829501,36.62372436676548
-121.0343302685522,36.62230512876522
-121.0343911731015,36.62161625346391
-121.04109896521753,36.620467870991625
-121.0425664822977,36.621244952733754
-121.04650762296711,36.62174458218053
-121.04841231829919,36.62242873205727
-121.04944612841912,36.62314925406878
-121.05128102918538,36.62313213442207
-121.0531453019042,36.623487157166224
-121.05494260729438,36.624191981601996
-121.05662413768671,36.62422914929488
-121.05785797266556,36.623185191896745
-121.05833984724939,36.62302876359815
-121.05965835698706,36.623158268166655
-121.06220894339916,36.62256221431665
-121.06471303924472,36.62242992011101
-121.06524641321373,36.622228994253355
-121.06808263494868,36.619034312217075
-121.06844563179239,36.618157384483546
-121.0681223463052,36.61555537047475
-121.06999224954387,36.61653726704081
-121.07392136867504,36.61728634742124
-121.07558330369464,36.61733958876201
-121.07743420317595,36.61769702084075
-121.08059438363874,36.617473072436184
-121.08327979064667,36.618189885893564
-121.08400814932175,36.62004947243774
-121.08649607262284,36.62211773037866
-121.08732703195578,36.62432362247727
-121.08838788862447,36.625746392695966
-121.08928475795253,36.626331172671456
-121.09059861239183,36.630072105084764
-121.09121833493748,36.63116148476144
-121.09320010973354,36.633057116107835
-121.09354546466179,36.635717343142325
-121.09409829396128,36.63682799181525
-121.09283676396133,36.638490774411416
-121.09291106753051,36.63972464366905
-121.09324975951202,36.64011293127132
-121.09560484625321,36.64105212951419
-121.09694086396766,36.642554100631976
-121.09711896618958,36.64312747984674
-121.09684614063484,36.644156622151144
-121.09708757948638,36.64542760294647
-121.09750194081435,36.64605995106251
-121.09805099858906,36.646310321623446
-121.09999836623489,36.64649203848301
-121.10271796109788,36.64620946694592
-121.10380098326829,36.64577998877118
-121.10432049157455,36.6458921208817
-121.10507563024694,36.646943328778015
-121.107426254115,36.64802630454274
-121.10967437604151,36.647750651223376
-121.11125289880601,36.64827123579029
-121.11321923795384,36.64785868857885
-121.11559216764833,36.647830881950696
-121.11968579265692,36.64561290619887
-121.12164482936785,36.64530643411275
-121.12302913199356,36.64476524437645
-121.12494179308298,36.644959392120796
-121.12715452247856,36.646886434733275
-121.1265455375148,36.64736645344439
-121.1259992759331,36.64844958512301
-121.12564930553792,36.650617783278165
-121.12608512292731,36.65244122618127
-121.12810398965429,36.65548036444767
-121.12835005484138,36.65704367704828
-121.12790350895722,36.6587405400772
-121.1258208830227,36.65973213191495
-121.12554363836033,36.66014951761075
-121.12601715406825,36.66110878915253
-121.1280827338689,36.66297773840762
-121.12816780371757,36.66516442569168
-121.12763201965682,36.66787342029402
-121.12769956830478,36.6683505141374
-121.12848587655152,36.66947143240225
-121.12809870327256,36.67238047961826
-121.12644866489605,36.67415794600489
-121.12465052777804,36.67068831104593
-121.12286531134106,36.67013935013899
-121.12023576831568,36.669902308547435
-121.11849750203031,36.66900009037939
-121.1167131263436,36.6670095281736
-121.1152092784511,36.66578914045179
-121.11540286803617,36.66469856463157
-121.11516066234745,36.66442907731004
-121.11394977244623,36.66410121433268
-121.11206885546777,36.6642358534803
-121.1071837975059,36.66528219421754
-121.10610257802216,36.66494319819079
-121.10543091290262,36.66413247952959
-121.10479991421988,36.6637711348765
-121.10070192910304,36.66277900289445
-121.09447646089073,36.666452140494265
-121.09265841742136,36.668090226842125
-121.09174900643359,36.66934847253992
-121.08901402040918,36.67075846476496
-121.08850559850947,36.67230894437587
-121.08775243167513,36.67253180729515
-121.08686617904871,36.67248327780387
-121.08436488634031,36.671985151241756
-121.08273616122501,36.67209901557253
-121.08129944346076,36.67165408131768
-121.08031573212197,36.67203477502577
-121.07997257577955,36.67292419218625
-121.07583096150152,36.67564855440486
-121.0751883892887,36.67656682194763
-121.07418041011242,36.67676660071369
-121.0733950585195,36.67805421908187
-121.07261097173313,36.67867485514469
-121.0721717866597,36.67967941475611
-121.0739029042415,36.681724252059546
-121.07393637013776,36.682626403025424
-121.07355279876755,36.683980534084945
-121.07441736056703,36.68493448656225
-121.07512080596099,36.68774723953249
-121.07404504770213,36.690577799353896
-121.07239732965888,36.69209618505009
-121.07119658752305,36.69230231591191
-121.0700479799943,36.691632366801656
-121.06789518889313,36.69215213073415
-121.06694973168922,36.69316839089673
-121.06640097883961,36.693488248063765
-121.06584875956648,36.69341673048612
-121.06358554691118,36.691414374334
-121.06150326943356,36.69070687973166
-121.05916642500127,36.690781757487045
-121.05846366332158,36.690019565135614
-121.05606428965727,36.68882892552439
-121.05481796507017,36.689732623071976
-121.05469509067784,36.6908881008119
-121.05500861190764,36.69223863200112
-121.05409712452179,36.69290624303635
-121.05061433702454,36.694199497342304
-121.05003677947018,36.693356152101686
-121.04745526288227,36.692894925353215
-121.0452063037627,36.69283293981306
-121.0437562967485,36.6935457029161
-121.04029052527372,36.69696561623812
-121.03919867123575,36.697481728462805
-121.03743671538814,36.6979073882066
-121.03684691488724,36.69788653519067
-121.0360048160698,36.69639661712514
-121.03502530375047,36.695927444733364
-121.03420046413419,36.69518867189611
-121.03167089008967,36.69444771929696
-121.03076939893897,36.69345048362165
-121.02963432664966,36.69278466916911</coordinates></LinearRing></outerBoundaryIs></Polygon></Placemark>
<Placemark>
<ExtendedData>
  <Data name="COMNAME"><value>CALIFORNIA RED-LEGGED FROG</value></Data>
  <Data name="SCINAME"><value>RANA DRAYTONII</value></Data>
  <Data name="SPCODE"><value>D02D</value></Data>
  <Data name="VIPCODE"><value>V01</value></Data>
  <Data name="UNIT"><value></value></Data>
  <Data name="SUBUNIT"><value></value></Data>
  <Data name="UNITNAME"><value>SNB-3</value></Data>
  <Data name="SUBUNITNAM"><value></value></Data>
  <Data name="STATUS"><value>FINAL</value></Data>
  <Data name="LEADOFFICE"><value>FF08ESMF00</value></Data>
  <Data name="COOPOFFICE"><value>NONE</value></Data>
  <Data name="COOPOFMORE"><value></value></Data>
  <Data name="FEDREG"><value>75FR12816</value></Data>
  <Data name="PUBDATE"><value>20100317</value></Data>
  <Data name="EFFECTDATE"><value>20100416</value></Data>
  <Data name="VACATEDATE"><value></value></Data>
  <Data name="ACCURACY"><value></value></Data>
  <Data name="SINGLMULTI"><value>SINGLE</value></Data></ExtendedData>
  <Polygon>
<outerBoundaryIs>
  <LinearRing><coordinates>-121.12329166332222,36.597669212881186
-121.12227077068907,36.596834897104266
-121.12064346073858,36.59700947806943
-121.11864269577627,36.59675945037001
-121.117321968595,36.59625186254172
-121.11595606064876,36.595123669629814
-121.11372678005185,36.59449146342088
-121.11302562265762,36.5940796455707
-121.11207924154658,36.59300060642338
-121.1075701122447,36.59068903447355
-121.1056621696737,36.589063866687624
-121.1044374509072,36.58834729649162
-121.103914913598,36.58772679872167
-121.10260230530002,36.58712182034204
-121.09860735355873,36.58406360850827
-121.09575301083602,36.58324242620517
-121.0934511967854,36.5815334011609
-121.09043889749063,36.5802393186319
-121.0897913655505,36.57902785756397
-121.09157855554854,36.576343404653585
-121.09170875178879,36.575568355602634
-121.09251293931058,36.57399425292526
-121.09249003644643,36.57362202202841
-121.09155892400119,36.57268580593155
-121.09054754458307,36.570646210846256
-121.08973123496158,36.570013033803406
-121.08807629679414,36.56960634093147
-121.08681375336974,36.5695944722758
-121.08509795283861,36.57032207465007
-121.08438898207454,36.57032407930112
-121.08024108610938,36.56786405299171
-121.07908250299404,36.5664232456056
-121.07914122699297,36.56537708668074
-121.0780560133211,36.56379795412711
-121.07819760605588,36.56220031841418
-121.07765876016384,36.5609787984158
-121.07724460643384,36.56078095590358
-121.07667680904154,36.56086359762137
-121.07147555080445,36.56226508612716
-121.07019246198941,36.56280493163695
-121.06955876913574,36.562927642916655
-121.06908557172184,36.56277614090202
-121.06726279651436,36.56174347234585
-121.06545790731325,36.561105552555006
-121.06365432730516,36.55970640011649
-121.06191635231846,36.55872054956854
-121.05310180960586,36.55530443319354
-121.05137841447683,36.55421749139499
-121.05064610263814,36.55338266858481
-121.0442753345894,36.5499864758324
-121.041352886331,36.547673705091206
-121.03923095082742,36.54709301510855
-121.0373792137442,36.54477789829892
-121.03604578086072,36.54392210934588
-121.03517821274257,36.54288240188418
-121.03248940586543,36.54122409737981
-121.03296022656895,36.54082138943065
-121.03354802677961,36.53919656725103
-121.03514676294672,36.53696000639497
-121.03614766897813,36.53627819270143
-121.03857164782387,36.535254449737465
-121.04005454355503,36.53290185556024
-121.04117599505904,36.53026363600669
-121.04049478875682,36.5291528652392
-121.04063637684968,36.5276363897233
-121.03967488549195,36.52593967773172
-121.03757612219555,36.52399017351581
-121.03570244666003,36.52273068480912
-121.03409435636298,36.520407885004445
-121.03297667279409,36.519456673289845
-121.03239578444425,36.515197392287185
-121.03287674754968,36.51216524771051
-121.03257711655989,36.51134451984487
-121.03098218017111,36.5093176590234
-121.0295110395917,36.5081868605564
-121.02899791975273,36.50379563684399
-121.02944018650025,36.50327971842042
-121.03099864404918,36.50241577395608
-121.03163794732754,36.50153200443654
-121.03138171655702,36.4990829932907
-121.03082195199731,36.49757525039197
-121.03133392653103,36.49500065166329
-121.03135825205112,36.49348414867674
-121.03110991544924,36.49263326379934
-121.0302955913077,36.491912318132655
-121.03034927828622,36.49139273326618
-121.03201923695907,36.49041696342409
-121.03326104854767,36.48998231344773
-121.03343736631092,36.489439999676634
-121.0334778924557,36.487090962921414
-121.03250218159404,36.485009955428495
-121.0311422189052,36.483336398574075
-121.03106605025921,36.48287531319145
-121.03147930260906,36.48236776942837
-121.03337652369386,36.48111482144805
-121.03550107410051,36.4787420253559
-121.03648248470657,36.479897913411385
-121.03813191845872,36.48126557753974
-121.03911131979258,36.48179337195578
-121.03991129768448,36.48196897354342
-121.0402528801061,36.481813827056044
-121.04332031718873,36.479207743669605
-121.04654333363247,36.47782038204267
-121.04693507763272,36.47747312361038
-121.04690871864047,36.4761613546632
-121.0459469013669,36.47407230889564
-121.0460392470052,36.473145452281784
-121.0464318827543,36.47270552663038
-121.0482283827102,36.471833846336544
-121.0496545269373,36.47073047824425
-121.05180821579023,36.46951712177596
-121.05362946398796,36.468905119154854
-121.0552899811779,36.46869328852037
-121.05805032134637,36.46672565214062
-121.06143144583204,36.46635065381238
-121.0633908720001,36.46550328320278
-121.06549837998696,36.46414076050584
-121.06771152323718,36.46368964836286
-121.06892102931118,36.463686851439626
-121.07167811168894,36.46509716662129
-121.07412397586745,36.46883014140826
-121.0757808617857,36.47016853709941
-121.07787262609507,36.47271497609393
-121.07950104866822,36.47422807286495
-121.08017095186476,36.47450273571632
-121.0807432692956,36.47434718557898
-121.08153980955615,36.4729648844017
-121.08328815236291,36.47198779143851
-121.0842355021723,36.47377437040654
-121.08562576182489,36.47542638278098
-121.0873066275107,36.47506346427412
-121.08923267756273,36.47418180595935
-121.09050615774873,36.47328463536622
-121.0917443849521,36.471890024240054
-121.09371261744776,36.47081709457879
-121.09593371275497,36.46898868467987
-121.09780367180524,36.46699772092067
-121.10000390543269,36.46579035059329
-121.10427890676483,36.4624648090765
-121.10809479747167,36.46014427261148
-121.10969821472492,36.45821775965643
-121.11166944188724,36.456798027801284
-121.11232450268471,36.45457458319821
-121.11271849078109,36.453972433240104
-121.11329911114457,36.4536708308083
-121.11438187827645,36.45209294971241
-121.1169437315995,36.45009624379814
-121.11874935129914,36.44957420053676
-121.11961596781673,36.44527709030313
-121.1206075816542,36.44464223812941
-121.12224258601013,36.442853876376404
-121.12344569305024,36.44216481978713
-121.12421751096494,36.441016270043924
-121.12254935059107,36.43879504763487
-121.12287432873006,36.436886819749034
-121.12323183348262,36.436509952784206
-121.125029752832,36.436094181378934
-121.12619483786023,36.435409955579935
-121.12764752905892,36.43529891007701
-121.12895244268428,36.43546359348285
-121.12930029803454,36.435192117450306
-121.1296208591227,36.434054316232036
-121.12899694807126,36.43272842383921
-121.12894267596009,36.43154738817288
-121.13082461152482,36.42957738855147
-121.13172959926865,36.427178592519674
-121.13216753496886,36.42680626701426
-121.13407379513293,36.42641265381474
-121.1374316920294,36.42426817746544
-121.1390305214553,36.42415375048593
-121.13993408994119,36.4231849193441
-121.14181073969756,36.42313076172021
-121.14345143557217,36.42395628148087
-121.14728618874229,36.42391269761995
-121.14846151656059,36.42408658039545
-121.15188293776355,36.42374722825394
-121.15259575774824,36.42391124556856
-121.15327951197054,36.42444450906544
-121.15418992541932,36.42571446603344
-121.15465764333042,36.42591771064715
-121.15502018828832,36.42677723574789
-121.15524708704703,36.42870702036918
-121.15574368498253,36.42978570812871
-121.15596342345026,36.43160953810902
-121.15728535317311,36.43238483919907
-121.15852089195147,36.43386656354306
-121.15919134155575,36.43432525777309
-121.16144536195904,36.434829525949475
-121.163324832916,36.434506854233945
-121.1668201330507,36.43436699775073
-121.16773746004922,36.43459906527212
-121.16855474057255,36.435450387078035
-121.16915305332742,36.43549577907858
-121.1742338470966,36.43538131044811
-121.17659559708527,36.43482512801144
-121.1783986097996,36.434760297738116
-121.18165850456143,36.4355042714617
-121.18414697548131,36.43570062863922
-121.18568396475953,36.43684790297147
-121.1860266927794,36.438777448151036
-121.18957612197997,36.44016988677943
-121.19246504375873,36.440318017373635
-121.19359562877705,36.44003477515405
-121.19487697630112,36.43939185545932
-121.1954078690071,36.43940897217347
-121.19580627794872,36.43995570954336
-121.19654856257026,36.44355684317368
-121.19565831373352,36.44713136373483
-121.19583219495968,36.44805268614147
-121.19799110982828,36.45153371508872
-121.19750483278075,36.45467456583999
-121.19875493471432,36.45637689963444
-121.2007347629579,36.457260888751094
-121.20210609500815,36.45827759833612
-121.20269641967676,36.4591113089714
-121.20380781554586,36.46000466151832
-121.20469318680443,36.46159324289073
-121.20554420355084,36.462496268486504
-121.20898147021606,36.464249374914445
-121.20988453772385,36.46498858638896
-121.21134265940934,36.46679298333158
-121.21188120740369,36.468094568315756
-121.2133219299607,36.46957191752567
-121.21523186397815,36.47340006309693
-121.2168295473571,36.47405950774754
-121.21842672076812,36.4727041290368
-121.2189819440714,36.4725840765369
-121.22016311548703,36.47382540756214
-121.22195095838617,36.47385878678445
-121.22269749904711,36.47360849809839
-121.2230103706438,36.47267792800885
-121.22349666053852,36.47218496635392
-121.22412170071281,36.47206360285036
-121.22460754542496,36.47226230492336
-121.22544091299694,36.472026845368624
-121.22733370562504,36.47348611000236
-121.22781972663078,36.474259472710095
-121.2293473565466,36.47521293216576
-121.22995541831794,36.47773913001715
-121.23038938158946,36.47850275952741
-121.23014659255556,36.478841631544526
-121.22927804462113,36.47914652930698
-121.22792394000234,36.480431185909005
-121.22790618569631,36.4806900935437
-121.22893056938616,36.48190639190772
-121.22832319724726,36.48308723359623
-121.22802780861896,36.484631113525936
-121.23035471486247,36.48646390699134
-121.23101452670095,36.48834639985629
-121.23229932871892,36.48894689066953
-121.2322469783912,36.489561339891495
-121.23078887035764,36.491515988611056
-121.2307885482145,36.491896903501434
-121.23278551228317,36.493096126302625
-121.2329936546717,36.49394646743717
-121.23417415291784,36.49585696146762
-121.23599728436926,36.49700170383419
-121.23681348714786,36.49787013289519
-121.23797665283654,36.50049027247546
-121.23860195397832,36.501168744818145
-121.23952197630393,36.504666224407906
-121.24131061147044,36.50528310593741
-121.24339374359164,36.50516050421622
-121.2450603661053,36.5065146880028
-121.24603297086693,36.50630813775341
-121.24735219251218,36.50673317548262
-121.24759544301081,36.506159883822775
-121.24922722637278,36.50537941248251
-121.2496092963252,36.504371016435165
-121.25138032187063,36.50546514292588
-121.25203990998584,36.50555135315869
-121.25511286958884,36.50358178172051
-121.25672821685221,36.504337747133526
-121.25900265103301,36.50458060179399
-121.26084234837354,36.50388628490276
-121.26287394892373,36.50353731991686
-121.26375918490072,36.5039895746399
-121.26452313818261,36.503937643742624
-121.2653221588391,36.50362478643561
-121.26613814822582,36.50273975194211
-121.26698858457863,36.50227883317313
-121.2678222855734,36.502383328653686
-121.26879449802286,36.502097687711775
-121.27148587950512,36.50232385561295
-121.27207554218373,36.503078170999814
-121.27384666363187,36.50332926942723
-121.27572187008049,36.503295468301054
-121.2767807789383,36.50274743293191
-121.27886456662948,36.502365144124454
-121.28283663536939,36.502947542633244
-121.28419431602302,36.504057695851145
-121.28495817747864,36.50568209541601
-121.28643425685361,36.50539460558455
-121.28719835720013,36.504797109673284
-121.28886479124384,36.50552634981505
-121.2909487192565,36.50543012339586
-121.29197291015089,36.50610730457447
-121.29419506985548,36.506229273828765
-121.29641733493438,36.50497872831369
-121.29697270735073,36.50399735654912
-121.29848315652414,36.50449209962897
-121.30001118485185,36.505751114226946
-121.30159093883054,36.505568588456065
-121.30219919781467,36.505038661130115
-121.30265001903713,36.50395436777595
-121.30428241261659,36.50327670413148
-121.30456011238734,36.502383718861175
-121.3064002485209,36.502001952643845
-121.3078937147316,36.499623145592096
-121.3084144390856,36.499362431750384
-121.30924751523106,36.49971904041535
-121.30964713489286,36.5007590398405
-121.31074092906067,36.5011598347398
-121.31101856203222,36.50148829817109
-121.31174774453937,36.502582546046966
-121.31207750814104,36.50468293409723
-121.3115745999041,36.505315930867724
-121.30990789182124,36.50593220951618
-121.30994226592968,36.50656596951407
-121.31081041880151,36.50852763274204
-121.3104282150871,36.509639877148054
-121.30938646077037,36.50969280418703
-121.30836261689181,36.51052561506354
-121.30817133934468,36.5110727357667
-121.30692172513604,36.5120172930617
-121.30695584766548,36.51371910996343
-121.3074769297495,36.514370947381245
-121.30751160273174,36.515854252625715
-121.30712974617202,36.51685399186049
-121.30440396425125,36.51756559583825
-121.30339673499174,36.518173343390586
-121.30325826840469,36.51847549382264
-121.30374452471874,36.51899626416377
-121.30292793592544,36.52036834567285
-121.30181707642379,36.5213418184378
-121.30054967735929,36.52171352371084
-121.30067111767886,36.5225130795178
-121.30044578457314,36.52282532445258
-121.29863958311384,36.52345084562275
-121.29758085034875,36.52410958562347
-121.29709476280713,36.52482148776629
-121.29707745694118,36.52586455740193
-121.29660838193345,36.526437069000146
-121.29560164822732,36.52701760233577
-121.29613945578197,36.529292321755
-121.2971990821732,36.53012542110366
-121.29653894285867,36.530907007180126
-121.29709949731739,36.532553992682814
-121.29243563517409,36.533067935966365
-121.28943091676707,36.53264192310864
-121.28406756112726,36.53302445904244
-121.28073545308438,36.53401277090848
-121.27678379516753,36.53574742772891
-121.27526799492622,36.53566668650549
-121.27441607989103,36.5358910308896
-121.27332421035423,36.53668657026699
-121.272612639505,36.53673925209389
-121.27222666708326,36.53700171227833
-121.2719003708844,36.538563843180974
-121.27096343885331,36.53933167424756
-121.26711393185468,36.54037466419068
-121.2681693426452,36.54182644355168
-121.26821574587228,36.54347186339523
-121.26886295071223,36.54553009733865
-121.26793146441001,36.54864649883425
-121.26659837307501,36.54914127937864
-121.26623541621161,36.5495842870924
-121.26632620982586,36.552021107850905
-121.26502154387711,36.55396533189935
-121.26553150694215,36.55813523128722
-121.26537267611312,36.55834024961022
-121.26262859379536,36.55978527434242
-121.2613426579984,36.560032022223545
-121.25966244455269,36.55957756212179
-121.25744709128132,36.56086552244677
-121.25221804492773,36.562199974496615
-121.25142180165803,36.56222192821607
-121.25020290404811,36.563086894160826
-121.24916876397235,36.564367615521434
-121.24797410237119,36.56473568105464
-121.24624385723587,36.56614956266052
-121.2449795724484,36.566025237175026
-121.24410359938761,36.56637725072958
-121.24246165173862,36.56889260892156
-121.24211026068453,36.56909961335729
-121.23866849290121,36.56898092880219
-121.23756445528902,36.56942442387961
-121.23749243152402,36.5702926940305
-121.2365393617738,36.571076542724796
-121.23469152890091,36.57133516335718
-121.23227057845912,36.57102930835385
-121.23085198477672,36.571742458485524
-121.23000269512383,36.57195728061157
-121.22904019671788,36.57187997810417
-121.22686719530545,36.57293836469565
-121.2256271107892,36.574041875751284
-121.22269623019426,36.57424854041388
-121.21978031048772,36.57336897182067
-121.21626724192949,36.573492341400545
-121.2154183158581,36.573025980545296
-121.21378378797108,36.57347737313592
-121.2105444541756,36.57152473643092
-121.2091202228188,36.57147632322872
-121.20828106848847,36.571909519082894
-121.20706053823177,36.57199945922582
-121.20417914313717,36.57080856841058
-121.20359714122598,36.569738334511285
-121.20169441799415,36.56914214085235
-121.1990978177852,36.56775940499859
-121.1978264750306,36.56646934434319
-121.19454156036413,36.56584752669869
-121.19308074656522,36.56638686308473
-121.19113610500474,36.566751088183814
-121.18508902706546,36.5720021393534
-121.18380243824635,36.57281139009378
-121.18254797053228,36.57310022434509
-121.17882414745573,36.57059718880415
-121.17678244358096,36.56729345700985
-121.17397496649846,36.56555135384671
-121.17251311403474,36.564934286329816
-121.17069327010495,36.56534544253399
-121.16933180527153,36.565144784118466
-121.16888163372086,36.564975595134314
-121.16662887876832,36.56298037660742
-121.16497220129467,36.56337647752652
-121.1635352465682,36.563358292972424
-121.16077001884383,36.56097924848146
-121.1604005859462,36.561259155447615
-121.15886960196954,36.56124001001538
-121.15718213021117,36.56188811839671
-121.15683057805428,36.56180340331295
-121.15410967204637,36.559008157922136
-121.1531009826974,36.55830445731716
-121.15240030659464,36.55813666578987
-121.14084823268817,36.54817867825952
-121.13716588984829,36.545955569174716
-121.13556641940907,36.544243254302835
-121.13317157024973,36.54410146246064
-121.1310389486872,36.546332833868746
-121.13091403617778,36.54892022688145
-121.12986696167243,36.5502871725941
-121.12935650185354,36.551926102957665
-121.12961278184005,36.55336789407714
-121.12913444004339,36.55498767369237
-121.1292687559047,36.55560010755413
-121.1299403466252,36.55637654717992
-121.13127402150673,36.55720879283841
-121.13168608082853,36.558135195197934
-121.13271663411385,36.559047656325994
-121.13304294364748,36.55954843732308
-121.13296462454294,36.561132056186885
-121.13437222983396,36.562113718726025
-121.1349372457753,36.56376314931443
-121.13628811914418,36.56551469295835
-121.13523260145162,36.56782123931454
-121.13558668739707,36.56898045219388
-121.13539414924175,36.56943039038324
-121.13273947892664,36.57256843079047
-121.1339939396712,36.57610806902409
-121.13416428749439,36.57845667990675
-121.14083516545527,36.58262621463037
-121.14131985572845,36.583007621342915
-121.14206507561958,36.5844140035634
-121.1455777634301,36.58608886412861
-121.14573048687427,36.58634833535756
-121.14175756276215,36.5872010998106
-121.13704204136464,36.589371945694026
-121.13581114726372,36.590222437923465
-121.13476082970732,36.59034584041264
-121.1343578114026,36.590641305786555
-121.1335386334617,36.59223735039041
-121.13293705845543,36.59265422090013
-121.13192405890837,36.59303200276015
-121.13041311283396,36.593197592995054
-121.12925040468038,36.595029996856724
-121.12751841724847,36.5964492558179
-121.12609618688712,36.598529720324855
-121.12503401094412,36.59793511720321
-121.12329166332222,36.597669212881186</coordinates></LinearRing></outerBoundaryIs></Polygon></Placemark>
<Placemark>
<ExtendedData>
  <Data name="COMNAME"><value>CALIFORNIA RED-LEGGED FROG</value></Data>
  <Data name="SCINAME"><value>RANA DRAYTONII</value></Data>
  <Data name="SPCODE"><value>D02D</value></Data>
  <Data name="VIPCODE"><value>V01</value></Data>
  <Data name="UNIT"><value></value></Data>
  <Data name="SUBUNIT"><value></value></Data>
  <Data name="UNITNAME"><value>MNT-2</value></Data>
  <Data name="SUBUNITNAM"><value></value></Data>
  <Data name="STATUS"><value>FINAL</value></Data>
  <Data name="LEADOFFICE"><value>FF08ESMF00</value></Data>
  <Data name="COOPOFFICE"><value>NONE</value></Data>
  <Data name="COOPOFMORE"><value></value></Data>
  <Data name="FEDREG"><value>75FR12816</value></Data>
  <Data name="PUBDATE"><value>20100317</value></Data>
  <Data name="EFFECTDATE"><value>20100416</value></Data>
  <Data name="VACATEDATE"><value></value></Data>
  <Data name="ACCURACY"><value></value></Data>
  <Data name="SINGLMULTI"><value>SINGLE</value></Data></ExtendedData>
  <Polygon>
<outerBoundaryIs>
  <LinearRing><coordinates>-121.84404673684693,36.562148434333615
-121.84192979109737,36.56034826706342
-121.83978132450243,36.55955650849007
-121.83254877152193,36.56176600616285
-121.82983670771596,36.56219959306389
-121.82035339618487,36.56074891147628
-121.81869264491593,36.56121283747897
-121.81630574667447,36.56106695491735
-121.81473518638035,36.55953237922564
-121.81378157559674,36.557736308906456
-121.81172191402105,36.554830592692056
-121.81058173864598,36.55124546116188
-121.80961352452509,36.549952711013745
-121.80855457094741,36.54960180055502
-121.80624979524659,36.55039758690532
-121.80311592156433,36.54987407027775
-121.8015611942585,36.55008414983017
-121.79923139859349,36.55101601689248
-121.79295752876571,36.55079756464338
-121.7845888248055,36.55299706008725
-121.77964411079228,36.55369724366971
-121.77709123125149,36.553714082271625
-121.77241436839323,36.554961566075924
-121.7687300822761,36.55506552865097
-121.76633751957542,36.55471440622958
-121.76549507211612,36.552729131862044
-121.76621415537376,36.55088162287453
-121.76637267885569,36.54922685425152
-121.76578278355862,36.54829439503759
-121.755505796608,36.54790785121466
-121.75382241120596,36.54520154814236
-121.75332984234407,36.5424568497653
-121.75418890690695,36.53817464242628
-121.74936228772843,36.53194217936465
-121.74899223597578,36.53092537855097
-121.74892893215261,36.52820929532641
-121.74702447985891,36.527000101142924
-121.74555086348693,36.526585457220044
-121.74468987686689,36.52551741478993
-121.74366429406729,36.52551993729432
-121.74302208119806,36.52516861093214
-121.7433628154296,36.523774825279304
-121.74240786264156,36.52202503185618
-121.74060445282511,36.52052273822454
-121.73949976920113,36.518523987097936
-121.73933127918205,36.51785516129937
-121.73971134019054,36.51691260959411
-121.73864151200323,36.5144310117089
-121.73710839633331,36.51502059643184
-121.73412979607657,36.514453479540315
-121.73258560032339,36.513717556735735
-121.73105479845319,36.51362474717144
-121.73053323623199,36.51276943156042
-121.7305014123217,36.51235226159418
-121.73101783058479,36.511648192216164
-121.73076541160269,36.51136560036851
-121.72944421130094,36.51079735338825
-121.7259933856205,36.51084795053535
-121.72404669678554,36.51051013749368
-121.72359637065358,36.51022072330596
-121.72314053522851,36.509006117350346
-121.72268107134025,36.50861319730729
-121.72180299697519,36.50879350823166
-121.72007996240731,36.50865485269692
-121.71966610186112,36.507997595404554
-121.72018181950939,36.50722060227722
-121.71899698765839,36.50594377966186
-121.71757922886584,36.505105836964546
-121.71581292001184,36.50512088454732
-121.71544413312587,36.504826455214854
-121.71539940189712,36.50418096332375
-121.71472209915986,36.503544678901186
-121.71404222463798,36.503540228183184
-121.71268233932356,36.50422597342575
-121.71201655524041,36.5037595143284
-121.71128736042988,36.50150853593402
-121.71086719252358,36.501312990480486
-121.70307818813426,36.500292871182836
-121.69922613508432,36.5005284809674
-121.69783397156192,36.500371230679434
-121.6968736783622,36.499821604742934
-121.69508217273395,36.49783694753905
-121.69168103087458,36.496010240921095
-121.69091019126527,36.49619412900935
-121.68892882327383,36.49582740699688
-121.68428199021702,36.49575541949859
-121.68026995700578,36.49460225054704
-121.678846529482,36.494589216223666
-121.6768289095854,36.495423421359845
-121.67501036522539,36.49712505706367
-121.67441691882303,36.49713166463745
-121.67401570802285,36.49708603979521
-121.67113218098947,36.49544319468257
-121.67049247592408,36.49435613524818
-121.66958492107443,36.4909949652554
-121.66971689387752,36.48976829396052
-121.67044796011376,36.48858881399849
-121.67113988237641,36.488080361381144
-121.67299063826275,36.48760059219751
-121.67456722995459,36.48552260270174
-121.67562267968586,36.48466879324981
-121.68185444099922,36.48237786555762
-121.68233020893281,36.48164828075101
-121.68244075211089,36.48057671764828
-121.68278444450635,36.48004433912656
-121.68740887269422,36.47853555296382
-121.6902483517806,36.476888385275366
-121.69254752704323,36.47461709949564
-121.69542381229311,36.473577742246974
-121.69715836747932,36.47211813973807
-121.69791206341543,36.47057646856023
-121.69804999348929,36.46974199874279
-121.69574005707359,36.46768099660789
-121.69507557178926,36.46629291991423
-121.69576450465674,36.46424904455543
-121.695600773792,36.461551454960315
-121.69603695767952,36.459505727721115
-121.69531124106858,36.45721953015392
-121.69534327969822,36.45659357964771
-121.69648655735594,36.45292767399261
-121.69766689246173,36.45078997629312
-121.69822826469576,36.44667915456853
-121.69774269330036,36.44418320180535
-121.69579995751478,36.44071389094993
-121.69471094760615,36.43971708035871
-121.69324789581134,36.43948514743845
-121.69278471543738,36.43768380922306
-121.69164595972273,36.436959510756424
-121.69083567434232,36.43694316569478
-121.68913008078549,36.437360127481945
-121.68799705126068,36.43598406173385
-121.68707297861697,36.43557248208164
-121.68587422522577,36.4356698083295
-121.6835938757006,36.436413430914385
-121.6820218787261,36.436350399640524
-121.68080530407305,36.435947449405866
-121.67975095646632,36.43306002444988
-121.67901962304938,36.43256730451122
-121.67705650131447,36.431880775005226
-121.67590620421731,36.42940051992867
-121.67463043877882,36.428527680676176
-121.67150017418432,36.42819951148903
-121.67039390750386,36.42782020035377
-121.66803416015726,36.42646401277535
-121.66032717747112,36.42467130111347
-121.65885032074573,36.423728284519974
-121.65623724982575,36.42256977309092
-121.65564555624977,36.42253408073625
-121.65464683711882,36.42318978879664
-121.65394448324267,36.42335532894347
-121.65335363827592,36.423100802484655
-121.65057812445227,36.420257101761884
-121.6480055010077,36.419247324517144
-121.64744035394395,36.41914639190663
-121.64663576838991,36.41938531901995
-121.6455120155523,36.42031452474617
-121.6447955776718,36.42044153588462
-121.6423235222772,36.41959321304718
-121.63589131150749,36.418546111213175
-121.63278464606219,36.41730942534258
-121.62972094483591,36.41646271581669
-121.62619509150953,36.414780679065494
-121.62564795754255,36.413783901067866
-121.6237042469743,36.41207557016398
-121.62094313252682,36.41157714386634
-121.62006251536238,36.41065693065053
-121.61845794833629,36.41045316138686
-121.61729359204142,36.41000018415413
-121.61284426527354,36.406962584028
-121.61229398355137,36.4070304504727
-121.61198268586338,36.407360539778836
-121.61124982752722,36.40919755933078
-121.61076241907894,36.40975772538201
-121.60770096981537,36.410585243155246
-121.60473143749445,36.408877951672594
-121.6032602057752,36.406399677714674
-121.60123237644656,36.40560730320203
-121.60084943277819,36.40512567217219
-121.60059130777657,36.403521710399644
-121.60010235060699,36.40325934478395
-121.59877715258904,36.40337269554983
-121.59804873410346,36.4030892458929
-121.59757252773252,36.40269338519377
-121.59745188710943,36.40135318827746
-121.59694007047334,36.40090563663018
-121.59311419273715,36.400027677038786
-121.5923805719491,36.40099159784925
-121.59015750751267,36.40250214096597
-121.58727743939374,36.40108668345142
-121.58554439243972,36.40086521573694
-121.5849056805215,36.40107631634817
-121.58448631344588,36.40137361634839
-121.58427095123776,36.40202718154774
-121.58148469979288,36.404011304312476
-121.58055176693082,36.40516682348259
-121.58051894895554,36.40747039454876
-121.57980660303754,36.40985494350604
-121.57776903839441,36.41204139850045
-121.57696722863385,36.412311310774626
-121.57668334166709,36.41457956416364
-121.57604177885999,36.41558165531475
-121.57485490564662,36.41645800962314
-121.57365773184485,36.41630119386217
-121.57318912346932,36.416433455039254
-121.57127456539722,36.4188061559316
-121.5706004510525,36.42056477545458
-121.56968823926705,36.4220501009457
-121.56914408171514,36.423995972328
-121.56833191000528,36.42491661915344
-121.56498544159984,36.424583158648524
-121.56387475305873,36.425485382729235
-121.5632968146483,36.42568556960188
-121.5622277734548,36.425237254380555
-121.56083744467436,36.4237715709775
-121.55913666546437,36.42351876926056
-121.5583572124932,36.421932467045934
-121.55229242281371,36.42137908743179
-121.5511446435067,36.421567883803135
-121.55012897660717,36.42286724844355
-121.54954566546914,36.42318190473476
-121.54827383963854,36.42302946931989
-121.54627250610507,36.42215930793096
-121.54332954690585,36.422161924997866
-121.5418543790497,36.42195443095872
-121.54014994696232,36.42233771667908
-121.53829741824254,36.42368757678742
-121.53755043144723,36.423979983908964
-121.53661212210137,36.42397507837086
-121.53468018169913,36.423435119832654
-121.53262929045249,36.423863169735384
-121.53128931393675,36.42332177612451
-121.5306910613255,36.42339972591372
-121.5295093195956,36.423901071941295
-121.52765773186756,36.425361418116815
-121.52378658139253,36.42649436718293
-121.5226315806033,36.42659930745791
-121.52081221040001,36.42722397744879
-121.52001608254561,36.427182931650144
-121.5187435643958,36.42666204035334
-121.51796881552083,36.42668651561867
-121.51633313355595,36.42761656678256
-121.51448454271701,36.43026645373927
-121.51397279643408,36.4321153065121
-121.51286773176788,36.43069222693327
-121.51060765286674,36.42942711286199
-121.5086596732139,36.42790413622999
-121.50650404900361,36.42739709767416
-121.50531794135381,36.426101963841646
-121.50324914296145,36.4252940928249
-121.50257465117363,36.42478971792729
-121.50112290939973,36.42281296662709
-121.50027112856871,36.42221002616802
-121.49921834616204,36.42194629016735
-121.49906334136332,36.421615275978446
-121.49981367553302,36.419673433684494
-121.50034156091077,36.41698027128953
-121.49676888019806,36.41384804760658
-121.49667450740017,36.4135287728897
-121.49758812722456,36.41177301035439
-121.49743536536047,36.4102459777861
-121.49639046723705,36.40935114814294
-121.49413044161899,36.4089532480378
-121.49260365127968,36.40796748003111
-121.49199050903783,36.40596465478766
-121.49022132028846,36.404452631970855
-121.49012158901417,36.40357908802856
-121.49041568520065,36.4022785445008
-121.48889941101048,36.39993348356111
-121.48941460710792,36.397095670486166
-121.48726434528515,36.395835924893426
-121.48742341184642,36.39472243351231
-121.48720709678723,36.39404118395876
-121.48771481971941,36.39127532393036
-121.4869270738473,36.388255016816416
-121.48743948380977,36.38670871303739
-121.4876537396048,36.384694531236384
-121.48653021532859,36.38312294428125
-121.48716195876945,36.38277211173427
-121.48778916225898,36.381560860277254
-121.49043945357855,36.38008279138503
-121.49135639198461,36.37666835078428
-121.49268034765684,36.376106059466395
-121.49332112448067,36.37507909852657
-121.49579967320953,36.372942571643755
-121.49638949551492,36.371142245527174
-121.4979485401012,36.37033755455652
-121.4995573638767,36.36848019649299
-121.50090643250363,36.36783929958633
-121.50285005906134,36.366217837950366
-121.5048212805544,36.36594964512579
-121.50679526037725,36.36536188456892
-121.50858586966876,36.36396644304414
-121.5106624877034,36.36152512954449
-121.51236671637423,36.3600020635542
-121.51388626228237,36.360093193346174
-121.51563933203666,36.360590795914604
-121.51648956701952,36.36041418383627
-121.51819046614392,36.36075956140876
-121.5214464251913,36.36017384583461
-121.52458439272172,36.35910356721201
-121.52636813150724,36.35934425299479
-121.5279306569769,36.35996297334302
-121.52860543045279,36.35955905108341
-121.53152323796263,36.35891627564438
-121.53335888782892,36.359414368261476
-121.5355693481724,36.36045387118252
-121.53782284922012,36.36052611046998
-121.54138313289769,36.362476685313304
-121.54355252976713,36.3645650795752
-121.54445429602752,36.36716592352483
-121.54629515269593,36.368675263719986
-121.54782440696322,36.36934731406749
-121.55050731751733,36.369993320169144
-121.55254625875342,36.371354264510906
-121.55383135716576,36.37192680189285
-121.55699778488359,36.372577946549264
-121.55812065071827,36.37301758373305
-121.5594207596906,36.37421170556891
-121.56008665411196,36.37528105101694
-121.5612386933091,36.37615592783996
-121.563100929676,36.37847120425007
-121.56469878990828,36.377185469554064
-121.56551774871171,36.37597124888395
-121.56594744775859,36.37220352671516
-121.56664198182115,36.37019712014239
-121.56920698507311,36.36775543106209
-121.56982527575484,36.36509048220137
-121.5713189261055,36.36413271015911
-121.57330025139024,36.36338524344698
-121.572960204422,36.36258794054493
-121.57301431029606,36.361801539365565
-121.57178207325445,36.35961650550854
-121.56970106232878,36.3547960555567
-121.56913646489937,36.35250856227484
-121.56929251879558,36.35158214177549
-121.57007155674489,36.350011071627954
-121.57243237968738,36.34754683446666
-121.57485490919265,36.34581790271661
-121.57667407371818,36.34491602044927
-121.5777202404214,36.343763475114024
-121.57990846436967,36.34252724103598
-121.58082474634837,36.340703085604474
-121.58091448783975,36.33975601810593
-121.57877636186123,36.336275510890104
-121.57776809771018,36.334018321210934
-121.57843628000568,36.33184748117178
-121.5784494688079,36.33102477011827
-121.57788911714123,36.32803423489658
-121.57724062682476,36.32671905753543
-121.57720494540645,36.32514815332066
-121.57840067554015,36.32076418424261
-121.5750835505381,36.3152448132301
-121.57399781458763,36.314405168925234
-121.57310534645228,36.31308957124495
-121.5696125020582,36.311203857725616
-121.56839288053442,36.3108492912619
-121.56866394797412,36.30938228637431
-121.56635097907612,36.305020977625695
-121.56615793421989,36.30191309994111
-121.56384730165753,36.2989107481024
-121.56390024263668,36.2982781931642
-121.56550071427516,36.295838477210765
-121.56669918429121,36.29512048700891
-121.56760972614265,36.29405798193855
-121.56915622243979,36.29313464500587
-121.56986185801101,36.29138548425988
-121.5705713953168,36.29075399839729
-121.57097284018552,36.29053543871224
-121.57154229727699,36.29062584767791
-121.57242425273382,36.29155374949134
-121.57466750543767,36.29257859633758
-121.57644776833679,36.29385079085362
-121.57997957210388,36.29496077167615
-121.58409340106064,36.29448689945461
-121.58615324716925,36.2938624317782
-121.58778966797335,36.2944298674983
-121.59448342445526,36.29454445819222
-121.59797732230729,36.296219750669266
-121.59876925296207,36.29638899199428
-121.60126553004942,36.29636669299331
-121.60321604231042,36.29589993703389
-121.60488168987847,36.296207554445786
-121.60773117144409,36.29893441244311
-121.61234979441787,36.30083423238652
-121.61333702005622,36.30312380011354
-121.6147664721381,36.30517791693838
-121.61725753884244,36.306958095867145
-121.61942978303838,36.307681556246976
-121.62017793104859,36.308310274958494
-121.62097024645743,36.30949372953362
-121.62132908225426,36.31147870171816
-121.62184838247663,36.31193055763244
-121.62617423224064,36.312176825529754
-121.62779510566538,36.311717882213934
-121.62864340631725,36.311855626156444
-121.63103530590526,36.31314369590577
-121.63334055002387,36.31376422343323
-121.63390260921184,36.31438643907052
-121.63506461007552,36.316881381862785
-121.63524257207803,36.317853614973004
-121.6378091417697,36.31832275952931
-121.64077295183837,36.318385932256334
-121.64391897190636,36.319240200302254
-121.64663308707074,36.31919857123656
-121.64958861574794,36.32016968778691
-121.6536568366062,36.32188111736954
-121.65823544569325,36.32237916606755
-121.66031154926247,36.322030361148066
-121.66464396244086,36.323363324375144
-121.66804298322006,36.323831837975014
-121.6699986342932,36.32265921022129
-121.67114690871713,36.32104716299891
-121.67442188755086,36.31773428609346
-121.67625441396986,36.31691164429022
-121.68049496128134,36.31598792543328
-121.68262627007036,36.314863898812824
-121.68359638700008,36.315003019849875
-121.68542789813843,36.31480675935103
-121.68910330244563,36.315830413868134
-121.6925153187467,36.31572735025744
-121.6942663575644,36.31592714401259
-121.69583273133715,36.316444589533546
-121.69745215421811,36.31789996319741
-121.69983213161917,36.31858927296394
-121.70124959942602,36.31942915730165
-121.7019140440756,36.31936919670284
-121.70515818557055,36.31813048849379
-121.70717199315666,36.318253432918404
-121.7080327423886,36.318939309844374
-121.70784187301888,36.321134667114706
-121.70806441927725,36.32200897453041
-121.70867465941538,36.322815489673644
-121.70948133472454,36.323223269119815
-121.71198455216563,36.3236745632532
-121.71530061994176,36.32535080309168
-121.7162564610041,36.32664093086592
-121.71672938979647,36.328431434784214
-121.71636824771068,36.32978592023933
-121.71490785606873,36.33157579888243
-121.71445861187794,36.33313941281816
-121.71060712813606,36.33821586277778
-121.70888266699856,36.34003649746678
-121.70737804990524,36.34115723210933
-121.70959981584222,36.34202499236699
-121.71183052052439,36.344382133727244
-121.71407569497053,36.34519096699549
-121.71830136858559,36.34762521315384
-121.72110999155376,36.348773036362125
-121.72404081931548,36.3504815211202
-121.72563387218132,36.35249054352355
-121.72601938001671,36.353402918290406
-121.7259167242237,36.355439334804586
-121.72523560875791,36.35804590779211
-121.72566249458339,36.35895950303571
-121.72623311302011,36.359325486523936
-121.72809926044086,36.3596787720311
-121.7295582348141,36.3608265233984
-121.7318442418289,36.361683920066454
-121.73378430501437,36.363765064070115
-121.73573822502313,36.36449129056878
-121.73809490686736,36.36451317065374
-121.73969559111416,36.36477217636299
-121.7406797128353,36.36465861668912
-121.7444545609394,36.3637855071137
-121.74646473645099,36.36242448438069
-121.74756441937527,36.363074175528745
-121.74937575856904,36.3633632494701
-121.75061771127574,36.36325477223738
-121.75167712111617,36.36272950305995
-121.75251962420776,36.36277011517379
-121.75438392741512,36.36396370046752
-121.75525842842569,36.36574171627879
-121.75791465283847,36.36851015174676
-121.76047786162118,36.36955355212197
-121.76280749164005,36.37179574611071
-121.7634389132871,36.36973970559574
-121.76910808526142,36.36723985596501
-121.77486354581822,36.36818456086877
-121.77536706887925,36.36862248012152
-121.77651447549296,36.37054838519159
-121.77913880582585,36.37161844484266
-121.78120829881108,36.372960527058005
-121.78282300520995,36.374714618215336
-121.78519253942788,36.376239262525345
-121.78603684624711,36.376544133528355
-121.78645480181453,36.382734484849074
-121.78716635347068,36.383946874531055
-121.78855493835435,36.38498865535232
-121.78814376502339,36.385980432097654
-121.78922400682029,36.38767954839829
-121.7926742165677,36.38865209187907
-121.79613758466701,36.39113286157702
-121.79999351492378,36.39296766540216
-121.80118259612247,36.39415368057481
-121.80226686194403,36.39572478345288
-121.80296015200683,36.39614617777996
-121.80638479690369,36.39601168425222
-121.80722164195159,36.3963643331232
-121.80837450691769,36.397620162230794
-121.81010944519011,36.39836751661147
-121.80947849467687,36.40006110694875
-121.80953704727725,36.40092872989638
-121.8101156123264,36.40272888160718
-121.81092702140351,36.404037607297674
-121.81130742045224,36.4054836034905
-121.8111049009059,36.40834597548693
-121.81020031679633,36.40970907559571
-121.81113314575862,36.41151459712984
-121.81022189113067,36.416188880955005
-121.81059827819419,36.4171389401223
-121.81147534302156,36.41752862874572
-121.81310088049102,36.41754945204293
-121.81380434519583,36.41777810599175
-121.81613624982195,36.41936936279654
-121.81966855173607,36.42010051146192
-121.82132153382713,36.41972493045771
-121.82211711111219,36.41978912251162
-121.82734041134205,36.42140470749438
-121.82924584664126,36.42247848663095
-121.83019679941043,36.42328722584713
-121.83098524307638,36.4244513197882
-121.8312960624586,36.426375195869426
-121.83176175685102,36.426974620124014
-121.8351785286796,36.42836861790128
-121.83739959688582,36.42899000961277
-121.83875987697613,36.42981479243933
-121.84029574631346,36.42957929520892
-121.84239349097149,36.42980932544714
-121.84685934195188,36.432392592473846
-121.84861344374129,36.43281507760962
-121.85065964960759,36.43220158195047
-121.85318092951273,36.433172623301004
-121.8545269170309,36.43514680213747
-121.85631997154375,36.43629940266551
-121.85520847275484,36.437316781325286
-121.85508738152174,36.4390458773917
-121.85432133148149,36.44035298068285
-121.8535434088825,36.442690922507495
-121.85382285353452,36.443430864434
-121.85616764707103,36.44470879774451
-121.86054118355133,36.44642730206505
-121.86300975787832,36.446951632798275
-121.86520324196056,36.44686825869551
-121.86677303428263,36.4488334056599
-121.86884903517883,36.449655497666186
-121.87034910003025,36.45141188731797
-121.87068937163886,36.4555502023289
-121.87012665525616,36.45689284373116
-121.87196837508868,36.45936027887144
-121.87215233972445,36.46044102517861
-121.87091722177622,36.461707163271114
-121.87072389972127,36.46225558351459
-121.87046758590755,36.46361234041785
-121.87072986236149,36.46455417007818
-121.87195837796338,36.4655263525584
-121.87329765892758,36.46604338139073
-121.87396160977916,36.46655032694725
-121.87505735372119,36.4685280990645
-121.87633816086594,36.470074705898675
-121.87903430436967,36.47118191724505
-121.88200497346935,36.472994845211616
-121.88286485010214,36.474141132229654
-121.88320960926868,36.475658463018114
-121.88376395297178,36.47675028182693
-121.88559234724853,36.47859754909963
-121.88757260541384,36.479433504123996
-121.88894912498215,36.47968327416378
-121.88991707658384,36.48036160117064
-121.88954733539755,36.4838020384533
-121.88961515440039,36.484241953467155
-121.89030438731258,36.48503274687384
-121.89201378484952,36.485763144353925
-121.8929371312774,36.486758992412376
-121.894518098887,36.48740043215199
-121.89489485377493,36.48816753461252
-121.89580372703526,36.488795575464025
-121.89949706093975,36.48909610046688
-121.90038748779992,36.48957041853901
-121.9011418222966,36.4905491002879
-121.9022019325195,36.49060399295686
-121.90238200650099,36.49177474859497
-121.904162534847,36.49229232228039
-121.90404331058102,36.493480426509265
-121.90301807997281,36.49477850803944
-121.90302562737115,36.49517270021078
-121.90385328956911,36.49625817991975
-121.90459391340626,36.50004605114819
-121.90819957903372,36.507731169201975
-121.91389406127624,36.51341508892109
-121.9195250795674,36.5166741570913
-121.9249624530476,36.52124293211645
-121.92869295171775,36.522894822928635
-121.92803086984989,36.52314094219606
-121.92633119292834,36.52462309126674
-121.92551458629235,36.52567687518971
-121.9251916131563,36.52657077918503
-121.92562932726952,36.52703784397083
-121.92536697522401,36.52719488092924
-121.92574792040662,36.527893366990554
-121.92642408836467,36.52802240047337
-121.92595279535922,36.52969270379479
-121.92609803490222,36.53049106952498
-121.92650572514786,36.53115632939499
-121.92706420697797,36.53152853870912
-121.92708615725621,36.53230294175018
-121.9280910822951,36.53392779694385
-121.92844854337476,36.535154071232
-121.92852724643532,36.53674090396869
-121.92973118185829,36.53886206059226
-121.92772791816539,36.54083334380571
-121.9203308090281,36.541526407803396
-121.9094344450101,36.535220919236046
-121.90169013015765,36.5366189268037
-121.89660923745248,36.53617365340736
-121.89280392429248,36.53831893871092
-121.88995414912081,36.53854215430349
-121.88850602757466,36.54027643364777
-121.88939004705519,36.540484357264866
-121.889491728838,36.54256806189917
-121.89635337585455,36.54419226622146
-121.89499768099944,36.54550206483188
-121.89497854902876,36.54684607729376
-121.89636589004488,36.54886946928101
-121.89400668931606,36.55730898626636
-121.88971561993097,36.56308928471955
-121.88683454892765,36.566423512606235
-121.88522431763866,36.56497132341225
-121.87850630240635,36.5619169592948
-121.877038310906,36.56219400809659
-121.87435123724566,36.563593014295606
-121.87322269488526,36.563796419637015
-121.86747939518135,36.563272705102456
-121.86440494280295,36.56399012695999
-121.8619686808763,36.56412212265467
-121.86023611661712,36.56291116932012
-121.85370018057881,36.56218343402779
-121.85084165583217,36.56492820439074
-121.8485212330395,36.5657798988224
-121.84661766633972,36.566099530056675
-121.84482889816661,36.56385779694682
-121.84404673684693,36.562148434333615</coordinates></LinearRing></outerBoundaryIs></Polygon></Placemark>
<Placemark>
<ExtendedData>
  <Data name="COMNAME"><value>CALIFORNIA RED-LEGGED FROG</value></Data>
  <Data name="SCINAME"><value>RANA DRAYTONII</value></Data>
  <Data name="SPCODE"><value>D02D</value></Data>
  <Data name="VIPCODE"><value>V01</value></Data>
  <Data name="UNIT"><value></value></Data>
  <Data name="SUBUNIT"><value></value></Data>
  <Data name="UNITNAME"><value>MNT-3</value></Data>
  <Data name="SUBUNITNAM"><value></value></Data>
  <Data name="STATUS"><value>FINAL</value></Data>
  <Data name="LEADOFFICE"><value>FF08ESMF00</value></Data>
  <Data name="COOPOFFICE"><value>NONE</value></Data>
  <Data name="COOPOFMORE"><value></value></Data>
  <Data name="FEDREG"><value>75FR12816</value></Data>
  <Data name="PUBDATE"><value>20100317</value></Data>
  <Data name="EFFECTDATE"><value>20100416</value></Data>
  <Data name="VACATEDATE"><value></value></Data>
  <Data name="ACCURACY"><value></value></Data>
  <Data name="SINGLMULTI"><value>SINGLE</value></Data></ExtendedData>
  <Polygon>
<outerBoundaryIs>
  <LinearRing><coordinates>-121.87873702783814,36.31344393476496
-121.87490070407758,36.31300928875749
-121.87385758861143,36.31322660545175
-121.87282297114791,36.31392714335316
-121.8718694656005,36.3162645068506
-121.87117311718183,36.31551868848816
-121.8705066678008,36.31521876849302
-121.8694347164307,36.31530599376495
-121.86630444872779,36.31487502765279
-121.86582812221998,36.3146450534469
-121.86545393028561,36.31430080772346
-121.86489109191074,36.31285078034671
-121.86294868447884,36.31094642340332
-121.86188509471043,36.31138264709755
-121.85988240426312,36.311261332147446
-121.8582696359001,36.311674706227755
-121.85599689286245,36.31177909404437
-121.85463772658845,36.31128834616437
-121.85301021287157,36.309897384141536
-121.85168045182894,36.31015952430649
-121.84995968473243,36.31090033765513
-121.84733275296892,36.310516781064706
-121.84639765957827,36.309252529888106
-121.84338946378087,36.306969401247166
-121.84085388352447,36.30434675555149
-121.83965922457925,36.30247531048952
-121.83906776661831,36.30213170890636
-121.83647384623039,36.30167089082889
-121.83530471397891,36.30109158673474
-121.83405835626522,36.29989861599695
-121.83279508945022,36.29804082822057
-121.83145318820627,36.296812331706036
-121.82844646358069,36.29632542277966
-121.82735920980463,36.295907623082826
-121.82642563634101,36.29510222388735
-121.82237333557917,36.29448556157297
-121.82161354201335,36.294229988984
-121.81993222354886,36.29301927867221
-121.81816723128902,36.292744223852374
-121.817827207496,36.29241645666292
-121.81772083757976,36.29131818765166
-121.81712835767988,36.29059294673431
-121.81535489946016,36.29156092182379
-121.81430341576366,36.29169866493037
-121.81291528694634,36.292269123862866
-121.81059093511847,36.29153806108239
-121.80807466240825,36.287913508945444
-121.80504304244162,36.28601496633313
-121.80382709943213,36.28551342016916
-121.80333046367542,36.28544819119494
-121.8024846193814,36.285845523311785
-121.8009941914926,36.28837056221053
-121.80034561573615,36.28904654842667
-121.79764077220011,36.289575668880936
-121.79522278417556,36.28892772676844
-121.79362289689311,36.2891186623991
-121.79236733763682,36.2890226334363
-121.7905253916535,36.28792829329714
-121.78987409343945,36.28777535651628
-121.7882528043853,36.28767571099873
-121.78579650450432,36.287867049366895
-121.78359012273992,36.28734433579911
-121.78130555070226,36.28556984531727
-121.77778492308279,36.28356199327074
-121.77449267611568,36.28279535334656
-121.7725978808369,36.28146934320694
-121.7719388028012,36.2818951400078
-121.76923303343345,36.28223010854394
-121.76870578181978,36.28257205259061
-121.76814669635347,36.28380722554131
-121.7672668942008,36.284672846580406
-121.76299209459431,36.28635532720306
-121.76156814392728,36.28664486615848
-121.75602140596438,36.28708254013793
-121.75363839315327,36.28643589675623
-121.7502748984801,36.28708358351192
-121.74443793785476,36.28585724529852
-121.74311443712445,36.287373650963566
-121.74273375742446,36.288629393761994
-121.73944422275402,36.28954582872976
-121.73775543160654,36.29030350936035
-121.73688721143235,36.290961569564196
-121.73544894483749,36.293529128256395
-121.73514129290723,36.296685692199326
-121.73409632161244,36.2982608767676
-121.73123961951747,36.29930836673427
-121.72886539316865,36.301432270353246
-121.7254121958135,36.30140297915753
-121.72413695834955,36.302072396217476
-121.72209484170662,36.30251002052255
-121.71903663126592,36.30199941615442
-121.71707776538041,36.300772470776415
-121.71574822738138,36.30046701899589
-121.71555281374354,36.29931147702804
-121.71469342496485,36.29743390625835
-121.71448332717219,36.297061620619615
-121.71360906867821,36.29656583766926
-121.70829882913593,36.296157091918225
-121.70784493447204,36.296156514232734
-121.70675819670817,36.29667899691478
-121.70642720127277,36.296485790491566
-121.70481392955095,36.29514561830434
-121.704387449913,36.29407441212179
-121.70350008343057,36.29297669393031
-121.70341926747172,36.292256838646175
-121.70484610106364,36.29042887680214
-121.70542282585265,36.289288271967614
-121.70676014451473,36.28825630204468
-121.70783519982656,36.28466662395387
-121.70970802965468,36.282757295664084
-121.70996642965048,36.28193996925157
-121.70978516253024,36.27946828949071
-121.7100636772893,36.27860833793629
-121.71182067646842,36.277558382440446
-121.713938537402,36.27519917476015
-121.71413626893096,36.27402438301548
-121.71504617368664,36.272691533888704
-121.71551575021647,36.27010698457525
-121.71692614056326,36.27002521332421
-121.71848573112194,36.269629737040596
-121.71931296496396,36.26913610403776
-121.72029042982338,36.2676925256311
-121.72218203635148,36.26723996303838
-121.72251509598716,36.266738217516064
-121.7236213163865,36.26502185758662
-121.72269906498404,36.26415950217206
-121.72143329366035,36.26249407978979
-121.72144068552974,36.26217177535841
-121.72223336840061,36.26153995820462
-121.72611910472878,36.25986648073676
-121.72741502269925,36.258616171161954
-121.7279456913081,36.25599816378827
-121.72703872466221,36.25363165047981
-121.72703304281991,36.25254447439249
-121.72764988300526,36.25098545261885
-121.72923339695083,36.2498865713929
-121.73018374955576,36.24780240805828
-121.73414360438495,36.2462427328374
-121.73532163263965,36.24605432587071
-121.73660769696502,36.24629986349168
-121.7377637634736,36.246172089889626
-121.7386494983901,36.24567210082387
-121.74015106852892,36.24412873895576
-121.74216450909331,36.2435821999689
-121.74291761343815,36.24185454996502
-121.7421625261915,36.2401565798717
-121.74182957704168,36.238408185946035
-121.74194648275336,36.2375693764087
-121.74243000984877,36.236782650471824
-121.74248141638732,36.23590430729731
-121.7418087545705,36.23518704305058
-121.73905142049925,36.23461316242823
-121.73682795664327,36.232666715275606
-121.73610526891788,36.232442531712294
-121.7353997289589,36.231745405830324
-121.73399047496285,36.23091479182654
-121.73288294012085,36.22849823403603
-121.73157938283123,36.22780371650606
-121.73143794112515,36.226721198566636
-121.73014791613124,36.2260381385901
-121.7298506055484,36.22525212927533
-121.72791083602772,36.22307279477045
-121.72622942092322,36.22226592011766
-121.72407085186563,36.22055046850773
-121.72280034696423,36.220232561041655
-121.72073009983733,36.220266422076485
-121.71863386060976,36.21952936509113
-121.71823155681727,36.21753972904343
-121.71789133295944,36.217216173346166
-121.71348573078173,36.21622474902549
-121.71111911082079,36.21510179266261
-121.71052853733231,36.21509323661714
-121.70959629000595,36.215599184969044
-121.70873884153137,36.215713343501214
-121.70540054124136,36.214971611541564
-121.70403303618627,36.21413454755277
-121.70336840854637,36.214098339611795
-121.70232303467188,36.214480702176274
-121.70038226790537,36.21240443832548
-121.69781671715424,36.2120922047234
-121.69521496875565,36.21084265932113
-121.68713257110564,36.20982590902129
-121.68523961481932,36.20878380968327
-121.68369677854255,36.20826855654145
-121.68316728581115,36.208249143102755
-121.68195886856459,36.2089666934833
-121.68082863184783,36.209131387507874
-121.67960396530057,36.20895806042365
-121.67598303195585,36.20783882906518
-121.67344956738854,36.206225967093815
-121.67102464893617,36.20361606604242
-121.6691235182356,36.20202927117226
-121.66791371566791,36.20042897244088
-121.6645673362044,36.19885629082847
-121.66353761542085,36.19738475029012
-121.66153084918638,36.19595149874167
-121.66072355884913,36.19492781466275
-121.65993731616848,36.192866051182705
-121.65833326026576,36.19119471471597
-121.65921356011853,36.18973397648545
-121.66097106246909,36.18804761626417
-121.66454893023027,36.185850229932534
-121.66740753261585,36.18468455405003
-121.66913734302024,36.18368970267269
-121.67116498470521,36.183079315523216
-121.67211073591443,36.1822260891065
-121.67454177750356,36.18076394558621
-121.67540445628136,36.17968671023812
-121.67491550516094,36.17626529167365
-121.6737794013579,36.17440211150101
-121.6731125689203,36.17247006943051
-121.67150385564707,36.170786306131475
-121.67005163188254,36.16983936285526
-121.67015249278528,36.16920701234929
-121.67136441861493,36.166942178665614
-121.67008702275318,36.164714597221455
-121.67058096975192,36.16373095510985
-121.6709255369831,36.160385813328844
-121.67186506928155,36.158690035882856
-121.67318803842967,36.15924551200796
-121.67369817803387,36.15890706000692
-121.67417815706929,36.15954720117591
-121.67481382545222,36.159634261468824
-121.6747050932581,36.16021008431733
-121.67387106993615,36.16075793206124
-121.67403847379589,36.16113460803936
-121.67458519976586,36.161253264513945
-121.67478918738,36.162087050967614
-121.67574475031651,36.1635542629752
-121.67748751507388,36.1638788170434
-121.67784498182083,36.16425298731228
-121.67779104972905,36.1648076750138
-121.67822938795076,36.16520512216123
-121.68152677917635,36.16635169853362
-121.68221131460892,36.16609846389063
-121.68276812455221,36.16636575016276
-121.68294631563715,36.16600553079681
-121.68337896238141,36.166072845704264
-121.68347244555055,36.16699287988943
-121.68403265284847,36.16740322303403
-121.68410385684693,36.16783337238955
-121.68453729845484,36.16786769306245
-121.68491883512841,36.16751616987629
-121.68656077016327,36.16809201758419
-121.68666981612864,36.16864376764944
-121.68714213281147,36.16846967546146
-121.68741761944659,36.168584009687706
-121.68754702081944,36.169136078373256
-121.68833880219636,36.169797552571076
-121.68916788944244,36.17003057830638
-121.68977329793749,36.1708266267685
-121.69020100424278,36.17053081479097
-121.6907881297148,36.170666528264384
-121.69145672504666,36.171947588940455
-121.69182719417898,36.17206340064692
-121.69274494904299,36.171417733286255
-121.69319928385727,36.171430347262486
-121.69363199628353,36.17178364276889
-121.69375586061452,36.17257213120959
-121.69414866234997,36.1728917977691
-121.6936822341977,36.173390530521395
-121.6945757023722,36.17377303359259
-121.69511505114066,36.1744965138116
-121.69571094601034,36.174549833795666
-121.69595784600219,36.17530173939415
-121.69628760168409,36.17513088252963
-121.6960933730923,36.17415978726382
-121.69669691992287,36.173888701816395
-121.6977038217398,36.174641475588636
-121.6972937879068,36.17533911480936
-121.69861387192128,36.174897698340814
-121.69951071644905,36.17571474185166
-121.69997348464285,36.1768110257434
-121.69972280137969,36.177082132155824
-121.69969045425131,36.177879175015036
-121.70008045912937,36.178319783545675
-121.70115678867563,36.178721586679096
-121.7016060512868,36.18125873422273
-121.70318605156227,36.18246590919506
-121.70363735174807,36.182610441775616
-121.70401758204736,36.182313842057404
-121.70420605015819,36.182668794320634
-121.70395394127365,36.18300039023606
-121.70558563527601,36.18403232540603
-121.70648059632511,36.184937284519805
-121.70718061394633,36.185184672900306
-121.70813273598056,36.18510045312246
-121.7075125552763,36.18578936078868
-121.70791536112321,36.185977125455594
-121.70798481267794,36.18706726174362
-121.70861330688953,36.188050569148075
-121.70954854308272,36.18897812793976
-121.71119980124294,36.189762769634356
-121.71201360672781,36.19066092382164
-121.71380196318947,36.19080961919223
-121.71455474635151,36.19170681027869
-121.71541987262269,36.19186319661334
-121.71545837813926,36.19224881079409
-121.71509083595137,36.19229263005618
-121.71509642043429,36.19292524723127
-121.71650349060597,36.1948720896717
-121.71767396479088,36.19561620352206
-121.71984727712339,36.196436278639126
-121.72092153214068,36.197233877133
-121.72431518293958,36.198705198365836
-121.72761251117292,36.199652417039566
-121.72800505599719,36.19970244610895
-121.7282009184767,36.19945244214298
-121.72877386932866,36.19962624304139
-121.73025260048269,36.200550964040254
-121.73104939151128,36.201905233919426
-121.7324065569222,36.202806061573085
-121.7341297151019,36.20314595031075
-121.73452571274234,36.20304750408531
-121.73639094165762,36.20370304460127
-121.73676988080811,36.203461324607275
-121.73728504111801,36.20378820591808
-121.73848045526478,36.2040539662723
-121.73840752380906,36.204272861570175
-121.73951411177876,36.205153278612045
-121.73940225320435,36.20588309970918
-121.74021815370311,36.20700658346555
-121.7411870990666,36.20767587643652
-121.74373236138872,36.20858366517853
-121.74482436282103,36.20951330810634
-121.74627207020107,36.21032734128033
-121.74828816572597,36.210632966648156
-121.74879802331786,36.21089921228778
-121.7494785936603,36.21053002405998
-121.74975533234614,36.210600223231104
-121.74969461427452,36.210879811627024
-121.75148211613856,36.210457168469446
-121.75247708172031,36.21073016983293
-121.75352098960613,36.210734127675714
-121.75353935608634,36.21109132627966
-121.75420944465115,36.21127517346496
-121.75501082277081,36.21223970158267
-121.75574208457458,36.21239629927652
-121.75558460492924,36.21268140878521
-121.75616942208238,36.21358467460185
-121.75730928662675,36.21464386215268
-121.75970283192954,36.21579563432385
-121.76118655209665,36.217218688275715
-121.76254679886127,36.217663284052065
-121.76319316453562,36.21848982070896
-121.76450669840956,36.2188023578765
-121.7653206360387,36.21999212247021
-121.76813988367648,36.22146395384603
-121.76866912897906,36.22138347672742
-121.76851816628522,36.22172356864843
-121.77049097438105,36.22302192017086
-121.77251582321534,36.22346332264138
-121.77413139976149,36.224381212882044
-121.77460102251439,36.22403676971562
-121.77517632857541,36.22422564775025
-121.77544212088087,36.223962880677696
-121.77551471650312,36.22434224529817
-121.7749364743053,36.22471377192927
-121.7750832731797,36.225164829298485
-121.7757112777507,36.225650583771404
-121.78075040551272,36.227981677777876
-121.78242468121975,36.22807002979437
-121.78260217903339,36.227834405668034
-121.78302949736234,36.22780295140207
-121.78383391506314,36.22827829645325
-121.78520390508024,36.22820620205328
-121.78582589029207,36.22856001851116
-121.78689141624996,36.22836046767765
-121.78680608941778,36.22914035037309
-121.78722956462742,36.229867071631666
-121.7883857194802,36.230519430312256
-121.79022229076055,36.23070713299036
-121.79022514135856,36.23148732338107
-121.79156315183856,36.23239301588557
-121.79285768762941,36.232507374466074
-121.79396080901876,36.23293423093723
-121.7953846533425,36.232955604692755
-121.79523222943514,36.23360889430227
-121.79704572213828,36.234367809214675
-121.79986372616172,36.23494330275292
-121.80130862385604,36.2348273204735
-121.80571106489812,36.233083961999796
-121.80706777075864,36.23296761416973
-121.80847051288147,36.233148091238675
-121.80930163587625,36.23375520954509
-121.81030771818685,36.23391713950256
-121.8110765162214,36.23337575935843
-121.8112030146702,36.233854143010575
-121.811333224834,36.23356888541778
-121.81161529487557,36.23412469160277
-121.81240163148296,36.234160220400575
-121.81278607903832,36.234579009557855
-121.81364144289792,36.23436203509358
-121.81501287385807,36.23539384221006
-121.81487335595585,36.23620648797023
-121.81513739236235,36.23628975110481
-121.81524355345132,36.23677355771378
-121.81492453213963,36.236843946015235
-121.81468481163525,36.2373431144156
-121.8149926145628,36.23819566504577
-121.81662637349777,36.238272362473666
-121.81690679020775,36.239185252162464
-121.81733218149063,36.23956020596036
-121.81828641576314,36.239947843988446
-121.81898498039568,36.23991712003652
-121.81950747525359,36.24126479474255
-121.8216277555115,36.24171656135375
-121.82231090803131,36.24208132818488
-121.8244558966148,36.24161014956894
-121.8265969421533,36.24197948351665
-121.82639829994018,36.24240738282995
-121.82798359532902,36.24418137793845
-121.82790545858472,36.24494478230125
-121.82824782930344,36.24569301894822
-121.82983478305779,36.247131865143764
-121.83161551304907,36.24773622111423
-121.83278228285118,36.24765741822464
-121.83317668138689,36.24742239798395
-121.83354169303725,36.24768173388989
-121.83347156963407,36.24818695356608
-121.83487306706829,36.24868570801967
-121.8353988478943,36.249385039808764
-121.8358995068506,36.24964478342093
-121.83709380011307,36.24948361394589
-121.83744770448776,36.2492045052562
-121.83802964815737,36.249486462712646
-121.83810981223637,36.24975590549444
-121.83595016674266,36.25019111087529
-121.83563317534829,36.2507222717215
-121.83604971679141,36.25423077616168
-121.83706052893909,36.25657230195472
-121.83834395323802,36.25880003163065
-121.8391256224431,36.259447617572924
-121.83892577774533,36.25978164766714
-121.83942040036459,36.26064734230677
-121.84054482186468,36.26168711439996
-121.84077912251988,36.26282053298421
-121.84128618951485,36.26381817910503
-121.84254401392425,36.265133482842984
-121.84327941290698,36.26718206630374
-121.84370510563545,36.267409879360564
-121.84490395493991,36.26926334617751
-121.8454245147656,36.26951369110219
-121.84552333702085,36.269854978951166
-121.84588276363856,36.269901050303744
-121.84563442678717,36.27034471134668
-121.84578406714456,36.27108195744766
-121.84768925019385,36.27292304797745
-121.84802785423916,36.27379328217028
-121.8488015187733,36.2746056090155
-121.8504437199141,36.27548344252726
-121.85164647111067,36.277699541774695
-121.85323064137516,36.27823629072793
-121.85385219974233,36.27937191945083
-121.85463804451389,36.279579797432
-121.85477799543597,36.279882846909445
-121.85675997067172,36.2807515650201
-121.85908582408449,36.28112216009642
-121.85986851777432,36.280862075408834
-121.85958134326148,36.281225047502396
-121.85819327768212,36.28152034738001
-121.85794330195941,36.28207086345615
-121.85861301156105,36.28157468116512
-121.85987067443244,36.28140061828795
-121.86016949022577,36.28069434605368
-121.85942531881867,36.28028800998519
-121.85974213385758,36.279767797659225
-121.86112027294752,36.28058355604174
-121.86306089202428,36.28073761622926
-121.86410495605676,36.28251307649404
-121.86654841881227,36.285021911863794
-121.87024294209387,36.28736197612665
-121.87235310915915,36.28836860011333
-121.8746097675493,36.28891991402577
-121.8756444142385,36.290244604826604
-121.87656293225619,36.29048835232834
-121.87662433788618,36.291932858981454
-121.87784661008588,36.293395580073245
-121.87862606793297,36.29315684454573
-121.87884461605437,36.293425299803744
-121.8802718791109,36.29377770854847
-121.88131794845958,36.29527941937849
-121.88148584807809,36.294916321096295
-121.88258571455223,36.296307980638396
-121.88218635579994,36.2965400033881
-121.88251507595253,36.297115707276916
-121.88503547846133,36.300189072067724
-121.88559160918469,36.301428686600545
-121.88649127348054,36.30212883108403
-121.88905635095017,36.30324090281376
-121.89248796321759,36.3038556218347
-121.89303688316346,36.303661512929445
-121.89475030435106,36.30416109504056
-121.89549365251925,36.30480676763571
-121.89677908910653,36.30524734605744
-121.89721989579735,36.30515246209194
-121.89790487597315,36.30370542972916
-121.89961846879848,36.30293052987992
-121.89981082316864,36.303363829459535
-121.90021188647849,36.30346133059246
-121.90026273941143,36.304098361271244
-121.90096491025915,36.304650757245426
-121.90110989689373,36.305111682945025
-121.90166631332873,36.30505483664187
-121.90181771937466,36.30544432841588
-121.90258110285642,36.306012982996386
-121.90256781018047,36.30735884848469
-121.90204480496622,36.30731670727218
-121.90175804152439,36.307010079532944
-121.9016163603821,36.307180854801636
-121.9014253395567,36.307005731900446
-121.9010390715964,36.30714438915305
-121.89960484634533,36.30682521649764
-121.8952414720445,36.315140201993245
-121.89454822176315,36.31764740925183
-121.8945493287761,36.31917998297034
-121.89480331845107,36.31971195490691
-121.89474888868885,36.321008511726454
-121.89529814050577,36.32217118915596
-121.89528239135176,36.32306661760058
-121.89596375998903,36.323509247602985
-121.89541558451467,36.32387365136987
-121.89488107919136,36.32557282775051
-121.89579713663375,36.32674524446335
-121.89664101373094,36.327088442861324
-121.89664272128427,36.32741802228456
-121.89555330535399,36.32818526010558
-121.89488684854268,36.32932458611107
-121.89387239271855,36.332815155304424
-121.89060795033923,36.33188509753688
-121.88951079492038,36.32937720072283
-121.88915090572661,36.32699864834255
-121.88787455847658,36.32473297288735
-121.88419811809418,36.31994056709798
-121.88516824911957,36.31752731450284
-121.88141571086773,36.31592313079088
-121.87873702783814,36.31344393476496</coordinates></LinearRing></outerBoundaryIs></Polygon></Placemark>
<Placemark>
<ExtendedData>
  <Data name="COMNAME"><value>CALIFORNIA RED-LEGGED FROG</value></Data>
  <Data name="SCINAME"><value>RANA DRAYTONII</value></Data>
  <Data name="SPCODE"><value>D02D</value></Data>
  <Data name="VIPCODE"><value>V01</value></Data>
  <Data name="UNIT"><value></value></Data>
  <Data name="SUBUNIT"><value></value></Data>
  <Data name="UNITNAME"><value>SLO-4</value></Data>
  <Data name="SUBUNITNAM"><value></value></Data>
  <Data name="STATUS"><value>FINAL</value></Data>
  <Data name="LEADOFFICE"><value>FF08ESMF00</value></Data>
  <Data name="COOPOFFICE"><value>NONE</value></Data>
  <Data name="COOPOFMORE"><value></value></Data>
  <Data name="FEDREG"><value>75FR12816</value></Data>
  <Data name="PUBDATE"><value>20100317</value></Data>
  <Data name="EFFECTDATE"><value>20100416</value></Data>
  <Data name="VACATEDATE"><value></value></Data>
  <Data name="ACCURACY"><value></value></Data>
  <Data name="SINGLMULTI"><value>SINGLE</value></Data></ExtendedData>
  <Polygon>
<outerBoundaryIs>
  <LinearRing><coordinates>-120.25254752132015,35.33466959661279
-120.25048602805686,35.33387011334369
-120.2494454701891,35.333895686125814
-120.24808566383587,35.333010797273765
-120.24599877329193,35.33265670658905
-120.24415682443725,35.33165037810644
-120.24250629507908,35.331425034481434
-120.24173591477403,35.33097274803305
-120.24086698584671,35.33012362219304
-120.24043408526562,35.32931158385336
-120.23957969953496,35.3265588332801
-120.23809484313593,35.32538931420589
-120.23767594131961,35.3244888786845
-120.23639049918327,35.32360088282693
-120.2358279652163,35.32332484759009
-120.23395593108722,35.323031449132316
-120.23157796481178,35.321830417316434
-120.23006221509696,35.321611101534934
-120.22834907832252,35.32183758777302
-120.22794203495079,35.32133694493672
-120.22728668300067,35.31915379610758
-120.2255179389737,35.31692748074673
-120.22413304530075,35.31447303982097
-120.22423096873396,35.31403613581778
-120.22542087455817,35.31317280351372
-120.22531621994493,35.31257336209676
-120.22430869568113,35.311327325710366
-120.22346016047831,35.30888703568544
-120.22355916832755,35.30480667210884
-120.22224853510637,35.302319404079114
-120.22284241386127,35.30014817855208
-120.22252904216589,35.29817789651689
-120.22204761792096,35.29774743247965
-120.22003707899624,35.29723964580861
-120.21737279513309,35.295658957187406
-120.21580288152434,35.29563202583085
-120.21496067375939,35.29624588337743
-120.21329930740353,35.29570075849215
-120.21263097736401,35.29511019966328
-120.21448290367206,35.2922056582799
-120.21720246447475,35.29050131592659
-120.21923594625059,35.290354586686384
-120.22005639524312,35.29009191673788
-120.22280440994275,35.28632728955809
-120.22292733987341,35.28594886011092
-120.22176259855634,35.28376096179972
-120.22069063766033,35.28051144490339
-120.22026283520408,35.280123358112576
-120.21918274776083,35.28012538067867
-120.21718024214051,35.280680923356776
-120.21479354564232,35.28029895769675
-120.2124635697995,35.28066704440527
-120.21057846498056,35.280583207934505
-120.2081982991675,35.280130745547126
-120.20687478662171,35.27904182707535
-120.20464768437897,35.27889349340241
-120.20210001974945,35.27712397609095
-120.20218233849197,35.275390424638346
-120.20128364195834,35.273819797311354
-120.20083569273096,35.27218451391596
-120.19971327631973,35.26974951402254
-120.20003820940966,35.267713037229235
-120.2010434538627,35.26652803525977
-120.20053901902145,35.26408325000634
-120.20152725533931,35.260813652394425
-120.20122391424044,35.25973021547272
-120.20134804857237,35.258937576529696
-120.2020507368796,35.25791685167226
-120.20401435405473,35.258280122153955
-120.2060980190191,35.25748743198432
-120.2069403916852,35.25519786988027
-120.20844825134827,35.25412812341723
-120.20873868308217,35.25361179621804
-120.20875816430397,35.25230323860175
-120.20705985831617,35.24977868643411
-120.20773419488447,35.24886153688253
-120.20852490920308,35.24691256104588
-120.20811210101685,35.24429542006521
-120.20907595031942,35.24296380267185
-120.21009926488239,35.24051799830894
-120.21057770195105,35.24012261422801
-120.21067816589103,35.23789485123083
-120.21139542811986,35.23732259385013
-120.21320497739804,35.23673568720257
-120.21392118560537,35.23623658022207
-120.21509997476394,35.23427585487584
-120.21435096636343,35.23339108662306
-120.21414277601019,35.23257286311264
-120.21564685132573,35.23159841655533
-120.21728302802445,35.22985378152121
-120.2178048402666,35.229592794653584
-120.21885133745931,35.229549196534165
-120.21942833261566,35.22924026030635
-120.2201334257022,35.228035086682134
-120.2203427583851,35.226852227988196
-120.22101507911006,35.22562178164733
-120.22109688453608,35.22445182310578
-120.2201412960045,35.2226607846426
-120.21870855169993,35.22094970351282
-120.21642798810775,35.21968254448202
-120.21569905099504,35.218772693445864
-120.21555766784556,35.217969536271355
-120.21660052680295,35.216946384548386
-120.21871160869033,35.21716139535314
-120.22162188592294,35.21647322740358
-120.22246979794826,35.21574502398263
-120.2230315834542,35.214389537771616
-120.22404727713895,35.2133719950309
-120.22571962858869,35.213471214063745
-120.22630550135678,35.2133206545807
-120.22794358018592,35.21150126268458
-120.22937872620884,35.2108419303208
-120.22973064471408,35.209011515943075
-120.23032691506732,35.20758556576525
-120.2306263560028,35.207398682335196
-120.23260094732579,35.207731619730176
-120.23600048939748,35.209277065466026
-120.23842787127737,35.20914972815742
-120.24062040173597,35.2093326556587
-120.24198584404076,35.20910724236982
-120.2430859525687,35.20959855303173
-120.24339660348276,35.21005435331961
-120.24414115947934,35.2131443643528
-120.2462131832521,35.21419277036094
-120.24661805843057,35.21490950949293
-120.24831314074434,35.21518873747776
-120.24926477451561,35.21573151958864
-120.24961235817445,35.21633580638603
-120.25032651833972,35.21673781918176
-120.2510858472796,35.21805712087955
-120.2520045648798,35.21843897955909
-120.2533713014609,35.21838001735734
-120.25470337400404,35.21891938832284
-120.25675654333166,35.22155505243817
-120.26000402990705,35.22299682198282
-120.26131563914804,35.223923095869765
-120.26221291908213,35.22417153348843
-120.26533112358634,35.22734043429644
-120.26485886791438,35.22954407370367
-120.26527257709658,35.23121018046942
-120.26572779821377,35.23155667966084
-120.26734216937909,35.23175475692543
-120.26994079076405,35.23280769759895
-120.2727989383231,35.23525208251695
-120.27358964539152,35.235201546646834
-120.27534624729287,35.234416793931146
-120.27629707951398,35.23440188101727
-120.27848082427717,35.235339672620476
-120.27883450020545,35.23654802321718
-120.2800125621124,35.237642958292575
-120.28395755689318,35.23924614297585
-120.28485509503074,35.239532110881036
-120.2884276113804,35.239006386140375
-120.29031047995659,35.239068404296084
-120.2920991045446,35.23948716722814
-120.29380643093226,35.24065436079911
-120.29562100538135,35.242567820295015
-120.29659916564556,35.242805935119456
-120.29763814278405,35.24272308633224
-120.2996479235602,35.24324838181778
-120.30118816410194,35.24401686372457
-120.30286266150512,35.24533174234428
-120.30500743860398,35.24483284875135
-120.30555677013277,35.24485645452127
-120.3062268632567,35.24521320321896
-120.30757970085673,35.2468755461554
-120.30884500717043,35.247694458451946
-120.30950838765143,35.248650592843155
-120.30950352604343,35.249813360377274
-120.31024094225485,35.25239468571493
-120.31258567720549,35.25570053562987
-120.31309715532689,35.25607905631204
-120.31390542612941,35.25633183271015
-120.31735203560588,35.25591446293857
-120.32145262324673,35.25634361754329
-120.32442352681751,35.255999669296635
-120.32632224924448,35.25701276304687
-120.32883660660134,35.25735238107581
-120.32978346442347,35.25782161654886
-120.33112799123106,35.257977920578384
-120.3325232758265,35.25778315524716
-120.33212045741995,35.25850188055605
-120.33247599628996,35.26051992657649
-120.3329573536117,35.26134137066579
-120.33328442232886,35.26142147907271
-120.33463025125324,35.26076392445414
-120.33536085751064,35.26073030636345
-120.33608858677047,35.260971340170954
-120.3378565307607,35.26101490825367
-120.33858998968843,35.261355807312746
-120.3399792194672,35.26107345435999
-120.34118372080768,35.261141971230735
-120.341504131401,35.261260065193895
-120.34294189700435,35.26358809674607
-120.34405560902151,35.26408261102807
-120.34524577631129,35.264997582390144
-120.3475843664034,35.265638974464935
-120.34938405239882,35.26515548932358
-120.3508779459226,35.26370318917201
-120.35188881874465,35.263732500283794
-120.35304204168452,35.26293292540891
-120.35359017030412,35.26299598476274
-120.35845742836263,35.26538989869521
-120.36036764793619,35.266006461630305
-120.36169860204551,35.26618496416976
-120.36508164746435,35.267583660949605
-120.36594666297476,35.268936169914014
-120.36683290680239,35.26944215278424
-120.3697543342515,35.26932119615798
-120.37014544163274,35.26903911602036
-120.37070806406308,35.268993146183476
-120.37171178926265,35.26912051575172
-120.37296332318324,35.26856806409719
-120.37495133585787,35.268695062364024
-120.37617942171205,35.26825886964579
-120.37703853417091,35.26830561697872
-120.37954303979195,35.269734590247054
-120.38313505533777,35.270891759759486
-120.38611453308248,35.27257481654768
-120.39018285038098,35.27357963594335
-120.39175885690766,35.27343111020685
-120.39455189507792,35.27371714580898
-120.39659272966547,35.27310238718036
-120.39877125490356,35.271896462469805
-120.39947205539113,35.271206036525896
-120.40010165006,35.27001692821532
-120.40149314541965,35.26927374186849
-120.402687851128,35.26774414172783
-120.40344824583111,35.26716519933658
-120.4056418348665,35.26681651624306
-120.40819368110164,35.265829443224064
-120.40891803971792,35.26577287113166
-120.41004102593101,35.26623266877235
-120.41059247334,35.265933564755024
-120.41256395283014,35.265698094094375
-120.41748160302495,35.26593606712402
-120.42044132361356,35.26384726027363
-120.42301565788009,35.26101574831079
-120.42564682730003,35.25992275254856
-120.4267680641252,35.25980158157958
-120.42886991390951,35.260282086059405
-120.42965818859398,35.26072407492211
-120.43212228800242,35.261019988778926
-120.43494351634207,35.26248993274781
-120.43424969950229,35.26432416975794
-120.43336662008332,35.2653827186287
-120.43018845337305,35.26698217974185
-120.42975721654778,35.26738814677954
-120.42961410472354,35.2678307562539
-120.42982058302839,35.268124338991186
-120.43198935346673,35.26868642470616
-120.43242283087619,35.269033188505105
-120.43252599480329,35.269857871611734
-120.43096899757592,35.27149689694314
-120.43062891519807,35.27247433290471
-120.42986756522892,35.2733281013873
-120.42771745483635,35.27429869322548
-120.42588040863572,35.27566599746855
-120.42559679396416,35.27613809736741
-120.4265190387066,35.277928357291124
-120.4265575309782,35.27953387640726
-120.42638638732922,35.28018650356668
-120.42500326708772,35.28185828416481
-120.42479932496626,35.28371934891486
-120.42384841968254,35.28477918196058
-120.4201461840862,35.286473673116895
-120.41845620939712,35.28789068500479
-120.41659203677739,35.29015951756246
-120.4135971595264,35.29635892696068
-120.40995337538688,35.29818090265947
-120.40921300822032,35.29876627523188
-120.40617494858914,35.303778968332665
-120.40429257727106,35.304788405398696
-120.40343599948893,35.30561079270372
-120.40178362424916,35.30619645731009
-120.40149349947653,35.306564956804024
-120.40158973467356,35.307317349439835
-120.40104477588694,35.30767941006043
-120.39989088375692,35.30776273183157
-120.39931648620507,35.30739185869277
-120.39796794153058,35.30752338409871
-120.39676247760498,35.30733305638037
-120.39478037824432,35.307972645105764
-120.39366228702319,35.30768941090409
-120.39248587050218,35.30708444978202
-120.39198304536433,35.307078264711144
-120.39175390589175,35.30728051275598
-120.39137967604628,35.30947184512457
-120.39078420787769,35.31035431966354
-120.38752754694323,35.312338319890415
-120.38433613780306,35.30994356382008
-120.38372424202976,35.3091846986955
-120.38360888255475,35.308242416039086
-120.38416504721714,35.3048270121509
-120.38401057805308,35.30251869262337
-120.38478863159584,35.301318514080194
-120.3856374438668,35.300634170799846
-120.38654510790364,35.299059858230464
-120.39039364245829,35.295463179175385
-120.39037448982857,35.295244318280496
-120.38961126746152,35.29506593803943
-120.38838285395067,35.29424780651502
-120.38234515043156,35.29380686532839
-120.38149934887299,35.29406092540957
-120.38011124045609,35.29523156541197
-120.37841266238529,35.29567719917007
-120.3767831960642,35.296852239977554
-120.37609285442475,35.296886832020995
-120.37490930811997,35.29642606643473
-120.37428081138587,35.29484608783335
-120.37391567564318,35.294490733664034
-120.37026474822484,35.293683821635625
-120.36848307480257,35.29213532750699
-120.36672063357646,35.292173251279976
-120.36524355841671,35.2925262604634
-120.3627465569756,35.293686658908385
-120.36278558129109,35.29523533418068
-120.36255928942404,35.295771814070285
-120.3597003623317,35.296285781613285
-120.35855527249818,35.296862231140025
-120.35824474080621,35.29713501347257
-120.35801538106135,35.29871433907184
-120.35769782211827,35.29897082030222
-120.35590813490637,35.29975632586458
-120.35441694496951,35.29944008387979
-120.35307384147784,35.29976663978072
-120.35241947991635,35.30016932573955
-120.35179544244802,35.30097177626928
-120.35154913320261,35.302899499926475
-120.35026883064891,35.30296188631164
-120.34731374181881,35.305084836915775
-120.34630430412643,35.30547954008205
-120.34548719762451,35.30682476958907
-120.34485240910064,35.307319930436385
-120.34197188394563,35.30724372188828
-120.33876866663948,35.30793038956678
-120.33612859323263,35.30789667078418
-120.33496645508635,35.3074334697139
-120.3342085303713,35.306824181352304
-120.3325659024142,35.30623992742404
-120.3310309951103,35.30489023835867
-120.32899502282523,35.30406392663408
-120.32859864237055,35.303687697550735
-120.3277924742603,35.30372598621671
-120.32641803337143,35.304498045726085
-120.32570884624229,35.30572802600707
-120.32385330280839,35.307019158641616
-120.32295995287072,35.308578578056995
-120.31805494833368,35.31049117634616
-120.31588047116568,35.310798740653176
-120.31565350852861,35.31142516905436
-120.31605855849938,35.31310144177521
-120.31532607506199,35.31469637659686
-120.31426287166154,35.31506758751237
-120.31340906630417,35.314679035155635
-120.31230213581199,35.314769236846665
-120.31160813102264,35.31513858954368
-120.3105181176572,35.3149495899255
-120.30965079905855,35.3145314998904
-120.30850549716554,35.31513952515111
-120.30562443999607,35.31434486981472
-120.30406983229962,35.314384952540784
-120.30339009703974,35.3139888373904
-120.30312742725643,35.314097574469244
-120.30196544123001,35.315038744562294
-120.30202544704974,35.31699621868939
-120.30165343332062,35.31735454657251
-120.30005030059273,35.31810352097856
-120.29714298098959,35.31995603496983
-120.29512566379299,35.32063452156863
-120.29354886474671,35.322095532135116
-120.29175541122203,35.32442317458797
-120.2897553667468,35.325320441883434
-120.28765877672527,35.32581186966155
-120.28554837779656,35.325095013920645
-120.28438249783805,35.324377508879785
-120.28262552468304,35.32386402486767
-120.28077690301949,35.32366476395252
-120.2790917569994,35.32398311822561
-120.27601400736846,35.325383592262035
-120.27488445112692,35.326326094044155
-120.27289658836477,35.32734488103942
-120.27046537909462,35.32964750517285
-120.26708903979616,35.33010465667663
-120.2642136814421,35.3300580198108
-120.26145559992241,35.33040555323559
-120.26097030928682,35.33064863190163
-120.25919299314332,35.332587687026646
-120.25872869030877,35.332758955803975
-120.25682189276326,35.332427191498276
-120.25532391080255,35.33269075988414
-120.2537688602882,35.334537510637254
-120.25330397784514,35.33474280636743
-120.25254752132015,35.33466959661279</coordinates></LinearRing></outerBoundaryIs></Polygon></Placemark>
<Placemark>
<ExtendedData>
  <Data name="COMNAME"><value>CALIFORNIA RED-LEGGED FROG</value></Data>
  <Data name="SCINAME"><value>RANA DRAYTONII</value></Data>
  <Data name="SPCODE"><value>D02D</value></Data>
  <Data name="VIPCODE"><value>V01</value></Data>
  <Data name="UNIT"><value></value></Data>
  <Data name="SUBUNIT"><value></value></Data>
  <Data name="UNITNAME"><value>STB-1</value></Data>
  <Data name="SUBUNITNAM"><value></value></Data>
  <Data name="STATUS"><value>FINAL</value></Data>
  <Data name="LEADOFFICE"><value>FF08ESMF00</value></Data>
  <Data name="COOPOFFICE"><value>NONE</value></Data>
  <Data name="COOPOFMORE"><value></value></Data>
  <Data name="FEDREG"><value>75FR12816</value></Data>
  <Data name="PUBDATE"><value>20100317</value></Data>
  <Data name="EFFECTDATE"><value>20100416</value></Data>
  <Data name="VACATEDATE"><value></value></Data>
  <Data name="ACCURACY"><value></value></Data>
  <Data name="SINGLMULTI"><value>SINGLE</value></Data></ExtendedData>
  <Polygon>
<outerBoundaryIs>
  <LinearRing><coordinates>-120.1452102290888,34.99395710215858
-120.14402542133848,34.993437881609914
-120.14036500421696,34.99381163736036
-120.13732463359187,34.99226162655546
-120.13517934371545,34.99178510245997
-120.13311856852793,34.99065151827363
-120.13199274019856,34.98946955251155
-120.13057420786559,34.98859103519326
-120.12959266470583,34.9867854501748
-120.12768166509036,34.98628938424077
-120.12604678575632,34.9852193730756
-120.12544137006834,34.985073388162846
-120.1241532885193,34.983544476275775
-120.12252325993562,34.982359009257465
-120.11808092872818,34.981244242789515
-120.11730758615681,34.982683287214904
-120.11545555704066,34.98370937429161
-120.11418089972535,34.985465814599394
-120.1098495470926,34.98717056351408
-120.10751128183804,34.98662334147196
-120.10585063320038,34.98592318780952
-120.10385583897674,34.98584927377033
-120.10167556951052,34.98451201741168
-120.10043254524359,34.98336755739082
-120.09958843296054,34.98319602981731
-120.09876098772797,34.98466595325494
-120.09853838932843,34.987130314929274
-120.09793664230901,34.988653761133236
-120.08893859187476,34.984960813069094
-120.08464555622129,34.981961137585806
-120.07766419639219,34.98034485255411
-120.07121952810836,34.976025630546985
-120.07187389712136,34.97572733398038
-120.07379304983557,34.97411308096072
-120.07530573166963,34.97395533971916
-120.07666010063564,34.972823262448664
-120.07885674630565,34.97161854679619
-120.07904730789187,34.970012393698205
-120.0770987033211,34.967592838084435
-120.07705969638174,34.964898977826834
-120.07652772453444,34.9633464922218
-120.07471656521997,34.96195610869722
-120.0702180174077,34.96016653951634
-120.06684485978846,34.95967483275758
-120.06475283264417,34.95891127257371
-120.06136948060058,34.95828712247262
-120.0583260358379,34.956520798634614
-120.0568768117586,34.95537228899722
-120.05563373752487,34.953704638660106
-120.05613142715781,34.95176706729445
-120.05663867148908,34.950900467766296
-120.06202674685544,34.949372740252805
-120.06280103393168,34.948785185045004
-120.06342235116344,34.94788302681715
-120.0640899352379,34.947582054308654
-120.06633862430233,34.947588677446
-120.06803725643427,34.94686629602024
-120.07007030394175,34.94637618100832
-120.07151734135505,34.94672207007983
-120.0733614019847,34.946640704504546
-120.0745351305882,34.94609222199689
-120.0763194469471,34.94451484266409
-120.07679571986833,34.9444298072801
-120.0769681961785,34.94270034885603
-120.07545718314243,34.94074878629945
-120.07518087626704,34.93882230492541
-120.07532518696094,34.938323165255326
-120.0769772548525,34.93757449902556
-120.07847784221413,34.93644845892233
-120.07887245976379,34.93490910989701
-120.08008477214516,34.93411650315077
-120.0813515823667,34.932711363118834
-120.0821935306467,34.9305932587542
-120.08185922072266,34.92941074874586
-120.08189103575893,34.927433663260075
-120.07779191450334,34.92544139895158
-120.07679908737698,34.92390999953138
-120.07630969574328,34.922533070874294
-120.07639076296687,34.92161794560458
-120.07908060427296,34.91890667286923
-120.08001891825016,34.91694161589079
-120.080006255807,34.91662383896076
-120.07869648492398,34.91612370749034
-120.0779239964553,34.915457694146305
-120.07689414413197,34.91320038073009
-120.07725457702477,34.910232252955396
-120.07685858680627,34.90738086975144
-120.07729261905077,34.90441887061986
-120.07870259206912,34.90372801970943
-120.07933534529107,34.90287273842192
-120.0790845843514,34.90068778824754
-120.07944006791989,34.89881936617486
-120.07906559049952,34.89798278247759
-120.07855277960869,34.89763550302483
-120.07901786682109,34.89713077499959
-120.07958458087258,34.89566753457244
-120.08129258440896,34.89327488952149
-120.0843783926065,34.89099296765543
-120.08746124731577,34.88766609770146
-120.08820341335077,34.88608838758393
-120.0887920095326,34.88303159248269
-120.0911768330876,34.880177180893675
-120.09201128618241,34.87776053783615
-120.09315390035898,34.87707420817054
-120.09644138457695,34.87707433156913
-120.09674034717466,34.87681539721109
-120.09718549287432,34.874462367950024
-120.0984038098822,34.873019285628665
-120.09939175001746,34.87132417451816
-120.10116374240778,34.86950930045225
-120.102510990731,34.86710843430171
-120.10518107580828,34.86923267565425
-120.10664046321996,34.869642310958284
-120.10947840872593,34.86913973866915
-120.11158440508525,34.86917826040078
-120.11646753170949,34.867814142681645
-120.11693367413687,34.86781367225874
-120.11965184354489,34.86882058770892
-120.12428448871029,34.86661784387218
-120.12488059907294,34.86561566632054
-120.12774373391107,34.8641468267264
-120.1288880387887,34.86318173839428
-120.13178389797416,34.86298677855517
-120.13251324217508,34.86357847896773
-120.13285318661163,34.86358906674675
-120.1347786186214,34.86288142561985
-120.13574662419704,34.86204792877409
-120.13640795825673,34.86089698377148
-120.13651954146229,34.85986462890899
-120.13588635552166,34.858418516238686
-120.1358414016401,34.85760449894342
-120.13663616562796,34.85530209321233
-120.13703833458833,34.8548025330763
-120.13753204220816,34.854775767654225
-120.14040715590389,34.855347958130714
-120.14393520397836,34.857062117758446
-120.1456018405009,34.85738993604092
-120.1472367049607,34.85804176628579
-120.14909005485457,34.858361695544666
-120.14951094886666,34.85830710533279
-120.14988503118855,34.85771212749073
-120.15128265169,34.85923925923459
-120.16038325404003,34.85945227107188
-120.16834416941091,34.86819314288133
-120.16904121314755,34.872574228359596
-120.16913917955537,34.87589378513624
-120.16303200368124,34.88098912451523
-120.15915535365966,34.88281905998234
-120.15714780992217,34.88574016592307
-120.15659207194793,34.88956819477583
-120.15428826483854,34.89492661309885
-120.15771331465301,34.900069998462946
-120.15758945618292,34.90366196310572
-120.15817723493714,34.90478447487186
-120.15873788634718,34.90700851605698
-120.15810782418312,34.908005531336805
-120.1588733948929,34.90958244923844
-120.16028580356165,34.910373142779065
-120.16040000938328,34.91068823961754
-120.16038255845051,34.91361759909016
-120.16083332613036,34.91490585604193
-120.1605724725232,34.91689682007371
-120.16077399091665,34.91722080084809
-120.16215900859673,34.91803317849126
-120.16229285992385,34.91835893999012
-120.16241683871883,34.92085095112175
-120.16290965034443,34.922411319472765
-120.16257824194675,34.92385012154528
-120.16278388668866,34.925465776973404
-120.16475775608177,34.927299601767565
-120.16515151896843,34.93036597488909
-120.16639944133516,34.932176301928536
-120.16527665993927,34.93396357158331
-120.16341355950215,34.93430677512847
-120.16282856732774,34.93515899701149
-120.16093143527232,34.93575762716587
-120.1597940311171,34.936553838801615
-120.15758664904799,34.9373798793699
-120.15647375779089,34.93893273092902
-120.15616370441379,34.94031946635545
-120.156633086161,34.9412854019068
-120.1573043499927,34.94409299948087
-120.15746559853123,34.947089302230815
-120.15848363619789,34.94871536607772
-120.16003346095755,34.94970513014918
-120.16085918380125,34.95165118273829
-120.16149721371666,34.95251580841512
-120.16467451395556,34.955345993202634
-120.1666988146542,34.95625167330199
-120.16646215363174,34.95760052038763
-120.16671699152087,34.958305227333625
-120.16911562731754,34.96028777577586
-120.17072484239026,34.96282451685751
-120.17008384244947,34.964467527014044
-120.16828405195544,34.96678942320994
-120.16652056024907,34.968136524844525
-120.16582047825328,34.97009848648105
-120.16504405641571,34.97064366347593
-120.1626056481103,34.97093870575471
-120.16048651842992,34.97050848692615
-120.15535194019954,34.97173787537794
-120.15337606625815,34.972646534721626
-120.15292184927372,34.973075802270046
-120.1523933737251,34.974714890747535
-120.1535032624183,34.975314911603874
-120.15397013447742,34.97608352836734
-120.15188473427227,34.978292937448934
-120.1498892892107,34.9791675001394
-120.1495184235515,34.98092063593359
-120.14805464941418,34.984200962906435
-120.14826685139103,34.98501045184796
-120.14960235685659,34.986429826968546
-120.150069254707,34.989090701256416
-120.14928970638458,34.991376023971824
-120.14916272109119,34.99481560181854
-120.14897368262395,34.99525913994405
-120.1452102290888,34.99395710215858</coordinates></LinearRing></outerBoundaryIs></Polygon></Placemark>
<Placemark>
<ExtendedData>
  <Data name="COMNAME"><value>CALIFORNIA RED-LEGGED FROG</value></Data>
  <Data name="SCINAME"><value>RANA DRAYTONII</value></Data>
  <Data name="SPCODE"><value>D02D</value></Data>
  <Data name="VIPCODE"><value>V01</value></Data>
  <Data name="UNIT"><value></value></Data>
  <Data name="SUBUNIT"><value></value></Data>
  <Data name="UNITNAME"><value>STB-7</value></Data>
  <Data name="SUBUNITNAM"><value></value></Data>
  <Data name="STATUS"><value>FINAL</value></Data>
  <Data name="LEADOFFICE"><value>FF08ESMF00</value></Data>
  <Data name="COOPOFFICE"><value>NONE</value></Data>
  <Data name="COOPOFMORE"><value></value></Data>
  <Data name="FEDREG"><value>75FR12816</value></Data>
  <Data name="PUBDATE"><value>20100317</value></Data>
  <Data name="EFFECTDATE"><value>20100416</value></Data>
  <Data name="VACATEDATE"><value></value></Data>
  <Data name="ACCURACY"><value></value></Data>
  <Data name="SINGLMULTI"><value>SINGLE</value></Data></ExtendedData>
  <Polygon>
<outerBoundaryIs>
  <LinearRing><coordinates>-119.67817165121582,34.6482040637028
-119.67813923780872,34.64717691971666
-119.67857231623925,34.645937400843266
-119.67776941529173,34.64450181710528
-119.6775676543901,34.64320757221803
-119.675384145732,34.643523734909394
-119.67439400182919,34.643408293784745
-119.67166359998377,34.6420977734722
-119.66896718041048,34.639975603362494
-119.66719301017595,34.63949547604521
-119.66487318577423,34.63985721417348
-119.66345159324617,34.63920801445081
-119.6601200294723,34.64086484899911
-119.65881635995314,34.64175456353153
-119.65726765693732,34.641846485507436
-119.65668299651401,34.64158148564933
-119.65485157690479,34.6390327959835
-119.65339036235854,34.63818965020168
-119.65100413856774,34.632979469138434
-119.65014824393181,34.63185320678309
-119.64983636989739,34.63151355248626
-119.64804863759143,34.6314233014645
-119.64742451540013,34.631071977136564
-119.64654823609739,34.6303628702811
-119.64562669484086,34.62859782540243
-119.64528367526385,34.62837490154045
-119.6419439931958,34.62941236643887
-119.64030158705867,34.63016483025544
-119.63974993662116,34.63014788483518
-119.63959733845715,34.629927516699304
-119.63986468442872,34.628911987618615
-119.63920831318607,34.62776402650867
-119.63800603583779,34.62726188085705
-119.63486374216677,34.62663837278044
-119.63386091585225,34.626231702319494
-119.63034564779873,34.62616067038559
-119.62732122582081,34.62666802225627
-119.62382027360361,34.62790179827047
-119.62209693374943,34.628051793990544
-119.62110871251103,34.62851700501481
-119.61853050847324,34.62911739038436
-119.61643709738021,34.63050063482552
-119.61665895329504,34.631714835694176
-119.61770630358829,34.6335816071133
-119.61951949918108,34.63530029745325
-119.61984213773634,34.636402487022465
-119.62077917836334,34.637979428389244
-119.6199680755588,34.64021020044749
-119.618690513401,34.641044648890585
-119.61775747562355,34.64203339601543
-119.61678213141305,34.64328072872797
-119.61680420988912,34.64378447934282
-119.61220759226812,34.64246147058855
-119.60879850573833,34.64220939554481
-119.60832079538058,34.64207993676546
-119.60767012970199,34.641239833755826
-119.6056317555629,34.640886791379515
-119.60048495256802,34.6394102165283
-119.59800384401912,34.63803658436301
-119.59741768972845,34.63741118215384
-119.5959917282906,34.63483649752199
-119.59521938768003,34.63278862597865
-119.59354470888908,34.63197013563065
-119.59213101470057,34.6309315408156
-119.5900170391645,34.63016097775069
-119.58860966608788,34.62852069786584
-119.58658568862192,34.62734665734627
-119.58500516993016,34.62500296123966
-119.57314636807887,34.61908500848308
-119.57466326836992,34.61724287148381
-119.57386309145413,34.61566490126069
-119.5733617833928,34.61063849100292
-119.57289304683405,34.60792568449917
-119.57223369165135,34.60583663609122
-119.57091344544759,34.60439097603934
-119.56547818417394,34.60219287347168
-119.56209318979494,34.600465270285774
-119.56087934097906,34.600628128177206
-119.55489444916844,34.60019048619807
-119.55235907428262,34.59940488524155
-119.54941229707056,34.598152757244534
-119.54581715461312,34.59724287659165
-119.54315352125928,34.59721957166073
-119.53999112355388,34.597762653925685
-119.53765531419909,34.59875779919505
-119.53608550471256,34.60009584898363
-119.5331026213956,34.603704744347525
-119.53106045717915,34.60503684506487
-119.52828706057242,34.6061626073946
-119.52444330072981,34.606958372830675
-119.52081437830057,34.607055816822445
-119.51660601754853,34.60664868543756
-119.51025564853376,34.60555593936816
-119.50682261753782,34.60583481983349
-119.5006148044454,34.60515012883061
-119.49957421192498,34.605602262829564
-119.49919739515092,34.60606911921537
-119.4990382427373,34.60797059502699
-119.49849694214129,34.608860183144394
-119.49645062868154,34.608557256776734
-119.49496802452838,34.60806701615097
-119.49363338900348,34.60801072081643
-119.49153177736967,34.607109442942594
-119.4906920136106,34.60626133062068
-119.4871221523108,34.60502288250666
-119.48589389054159,34.60506974056134
-119.48461776081469,34.60478272863058
-119.4837157578083,34.60509597431781
-119.48271694918341,34.60612195075406
-119.48135519918476,34.60604821505289
-119.47766630264736,34.604951398722136
-119.47676319711044,34.60492193370253
-119.47574158599333,34.6052047252575
-119.47474279536061,34.606326361019605
-119.47317541458638,34.606301982523675
-119.47116199543123,34.605840522045895
-119.46802206678115,34.606115971757056
-119.46699379784559,34.60639330489741
-119.46638936177766,34.606311090466086
-119.46302323804207,34.60438697467624
-119.46268334580711,34.604019640422
-119.46295635557912,34.60221362215215
-119.46254809454206,34.60118177733126
-119.4610553701421,34.599515270225
-119.45904181929163,34.598904930898854
-119.4591598878952,34.59430936062574
-119.45624652309884,34.59256932743318
-119.4541727388792,34.59175673443054
-119.45386610354656,34.59145428613935
-119.45325573826635,34.58932588847311
-119.45083081659392,34.58660877771456
-119.45109345904628,34.5856910277778
-119.45285413599491,34.583936050716055
-119.45435288156185,34.583493837177706
-119.4559764808477,34.582584244477886
-119.45834577947825,34.58239191617953
-119.45914814845841,34.58209838375958
-119.45926637059533,34.579650772081806
-119.45971481983185,34.5786843200701
-119.46058981920736,34.578254280843325
-119.46299076872418,34.577687247441034
-119.46459945505653,34.57629176467588
-119.46454510102579,34.57594997572471
-119.4634613172499,34.57539726030377
-119.46317419650083,34.574793933503734
-119.46323235434687,34.57429499632359
-119.46434129695565,34.572496503384734
-119.46366685056525,34.571165210613835
-119.46264760018548,34.56997110391974
-119.46219195197504,34.568621117036464
-119.46127847031909,34.56727798152887
-119.46144349522427,34.5669704455268
-119.46276671499864,34.565682033242076
-119.46327725237616,34.56546199352289
-119.46426557124805,34.565338514237084
-119.46695459377706,34.56572780940976
-119.46815392825648,34.56505482066195
-119.46926796079082,34.56484910264123
-119.47097444639044,34.56499497408462
-119.47241959916632,34.56456184412012
-119.47349135375403,34.56347205741558
-119.47416862638013,34.56157235379824
-119.4731791259951,34.55930710742468
-119.47317980126871,34.557537464890636
-119.47350322974266,34.55700651124461
-119.47339275564414,34.55574908721461
-119.47269174563087,34.55441516973684
-119.47089938053102,34.55428243928331
-119.47017264143678,34.55319700980899
-119.47025009649963,34.55259368663412
-119.47078498448762,34.55177342043345
-119.47204298378776,34.5508827205461
-119.47230739563157,34.548574794298744
-119.47134678135308,34.54700708432646
-119.46935852333989,34.545711101859766
-119.46746527369342,34.54497894771957
-119.46806003198445,34.54224428604026
-119.46712721587213,34.5410010299471
-119.46680400145009,34.539485794624056
-119.46538040415555,34.53834751027927
-119.46320441650762,34.53842291439161
-119.46187657901437,34.53807343710552
-119.45823374449651,34.53589713817809
-119.45739515844491,34.535003954516455
-119.45698040128015,34.53399367173091
-119.45616265304862,34.53335371091946
-119.4561279230648,34.53283178967726
-119.45546174455603,34.531916882924875
-119.45545973143459,34.531361890773645
-119.45625140870955,34.52984994328391
-119.45621107245003,34.5275495661436
-119.45659214280263,34.526293299061884
-119.45568705450798,34.52537640714027
-119.4555590686139,34.52477463324376
-119.45617670385387,34.52065360274584
-119.45602712453653,34.51944182735372
-119.45624769305871,34.517805784170655
-119.45582048354258,34.51701617785394
-119.45494423602263,34.516686780819256
-119.45230354596376,34.51656687922834
-119.45021833168302,34.51571607746724
-119.44789559047965,34.51528054502104
-119.44572569404401,34.5126778283517
-119.44440249512381,34.51160900548012
-119.4427218444913,34.51078368038328
-119.44179955736932,34.51061952494763
-119.44011598515523,34.51100691220054
-119.43851777146561,34.51103230047087
-119.43688049788652,34.51138748585938
-119.43522412099458,34.51210550988117
-119.43470001778422,34.512095880139185
-119.43339211854897,34.5115577828495
-119.43260891478742,34.51147167726969
-119.43146507771573,34.51030475813654
-119.42940583060151,34.50925546703838
-119.4265734113584,34.509122468615324
-119.42591724355073,34.50924982912439
-119.42479811091206,34.50990535557128
-119.42410185448468,34.50995591402679
-119.42281205042737,34.5088656054751
-119.42223475659593,34.508685011996405
-119.41870070678235,34.50913114365122
-119.41676995548288,34.50886113003003
-119.415132261976,34.50906000783536
-119.41331341135907,34.508494566480245
-119.41120003526254,34.50685475377532
-119.41012471180463,34.50646794922446
-119.40667628335835,34.506615112841345
-119.40424171869786,34.50640590894503
-119.40337966763332,34.50650222021416
-119.40256466571519,34.50689640290424
-119.40142616180259,34.507793199373786
-119.3981614060516,34.50715630013101
-119.39616524618928,34.50723222137523
-119.39252608871095,34.50819763673718
-119.39000583101418,34.5083283895066
-119.3873342399712,34.50890345674173
-119.38183040667654,34.509384906105716
-119.37950413016395,34.51027139655271
-119.37730312703998,34.510800913396814
-119.37528632869409,34.510648559775454
-119.37056729662383,34.510967901855835
-119.36920997044217,34.51066757837173
-119.3667840709636,34.51130913007722
-119.36256028468554,34.51193611800146
-119.36041143902057,34.513422695168124
-119.3598098487686,34.513587714598394
-119.35550498832394,34.513623231748575
-119.35284283352625,34.51446589435381
-119.35108183303674,34.51473355505927
-119.34855505418366,34.514800286263025
-119.34764404659698,34.51463290324032
-119.34396438967971,34.513333196861076
-119.34121664013539,34.51322645233643
-119.33975152567606,34.51280605046651
-119.3373707862444,34.51286718315079
-119.33235472796795,34.514328423577915
-119.32874819381114,34.51501549191312
-119.32737753601734,34.51621288818082
-119.32366100397876,34.51780302279662
-119.32330259283181,34.51660897228736
-119.32309660762027,34.513046595043804
-119.32250219382904,34.512259996551435
-119.32025926003035,34.510688976174976
-119.31968610169537,34.50997907780874
-119.3177472624419,34.5093438233477
-119.31518335512973,34.50909253462265
-119.31430847260202,34.508644926032794
-119.31299197023417,34.506377881583575
-119.3129010314886,34.50449973267563
-119.31263774407705,34.504134906781715
-119.30824563380105,34.50197039468722
-119.30488211055287,34.501333742334566
-119.30027972768141,34.49584596201373
-119.2980513773811,34.4951098359434
-119.29524895890084,34.49275174585892
-119.29054025873111,34.49176550524255
-119.2887086017055,34.49114098008481
-119.28449104892633,34.49223985568822
-119.282866782358,34.49157294099602
-119.28283010649773,34.48876398765292
-119.28506878264677,34.48562317852575
-119.28831168641656,34.48532073092035
-119.29074092668856,34.481517081112216
-119.29081638944106,34.47617107491479
-119.28949545366365,34.4731893681142
-119.29288724994096,34.47315872360723
-119.29812351126576,34.47157943800308
-119.30573459940062,34.46739765887616
-119.31160342750314,34.4661043318454
-119.31547278274107,34.46622118523906
-119.31772405832065,34.46642282618061
-119.31894339661552,34.468064117704934
-119.32163736133299,34.469214986425534
-119.32584694696621,34.46894065618265
-119.32636297547103,34.471897788472795
-119.32732454290289,34.47206043468231
-119.32797844644263,34.47555655035061
-119.32932546968657,34.47751079292273
-119.33095799879666,34.47748233936803
-119.3344152827417,34.478570302892805
-119.3382933633897,34.47815127129897
-119.33997916909202,34.47826379288486
-119.3448100758152,34.48036858122797
-119.34750074386153,34.480898429209006
-119.34906615605331,34.480885667288824
-119.35058079254755,34.48114770921787
-119.35307371142227,34.48093290529407
-119.35530244734076,34.48181222522505
-119.3568093482354,34.481958689256565
-119.3583847866589,34.48143505218576
-119.36045741587422,34.47989847796557
-119.36416087498091,34.47918924564383
-119.36677434387266,34.48002824409931
-119.37006033216905,34.480345441143214
-119.37214903327721,34.48015418239529
-119.37458941643825,34.47909976225271
-119.37519250083655,34.479035477028624
-119.37702005432209,34.47931774600459
-119.37897741417684,34.479176051645815
-119.38117203890394,34.47971227115322
-119.38466703375984,34.479254678948045
-119.38776076516098,34.47929381171144
-119.38948018451747,34.47844415120816
-119.39444545969025,34.47756044892758
-119.3954107436226,34.47707277098291
-119.39821265806107,34.47483030781028
-119.40134469457536,34.47616037583179
-119.40276629401286,34.47715366326566
-119.40492960684874,34.477911160041394
-119.40850274660036,34.478129629383055
-119.40892280501059,34.47838945794505
-119.4097332923152,34.480140074787336
-119.41122493638586,34.48073516445018
-119.41220711813817,34.480686152282395
-119.41329556507903,34.47980163265334
-119.41442800753526,34.479465867432225
-119.41852781588281,34.47999140216909
-119.4207562374797,34.48054702921084
-119.42176281911796,34.48023392605422
-119.42482205867691,34.47848490350378
-119.42833324813824,34.477646472979046
-119.42986205174077,34.47788839122394
-119.43173277076453,34.47857718594606
-119.43273082558659,34.47962825581458
-119.43336817007332,34.479655914743454
-119.43568028365814,34.47910501142571
-119.43732287795453,34.480542185079315
-119.43897722814806,34.479641055615915
-119.44182297848627,34.478619852455054
-119.44365753799129,34.47728503582233
-119.44635391845853,34.47589438509513
-119.44732874396934,34.47578449319041
-119.4495836740302,34.476332650619185
-119.45353112422266,34.47688210788358
-119.45692398334155,34.47698754013421
-119.45891246412384,34.4766140024387
-119.46094419427614,34.47589906148239
-119.46574241167635,34.47504498524132
-119.4671844083703,34.47446600028971
-119.46961754299755,34.47412137987593
-119.47075958556425,34.47416806684245
-119.47145198624416,34.47366496432315
-119.4735518281591,34.47009080015182
-119.47445673297288,34.469606677631305
-119.47900668176847,34.471508838841665
-119.48061491140616,34.47173523739715
-119.48214669287,34.471551265236734
-119.48379763015261,34.470633974272175
-119.48496073297461,34.469292068703965
-119.48484199169238,34.466377580168626
-119.48517198306442,34.46615012889953
-119.48805746198335,34.46595132592473
-119.48914595197294,34.46672016577676
-119.4897040647619,34.46681107956589
-119.49367530786141,34.46630327828867
-119.49495000903744,34.46560802308695
-119.49809064314866,34.46576969299205
-119.50022422820584,34.46537692031873
-119.5012538988099,34.46614285911974
-119.50510367110691,34.46707793739899
-119.50563838105572,34.4675533411707
-119.50582201811801,34.46896521544981
-119.50623460088259,34.46931505711849
-119.50826976878288,34.46947141796624
-119.5129871748207,34.46852130896361
-119.5143240795705,34.46943544592436
-119.51577076436458,34.47001831389224
-119.51618198608644,34.46999640762576
-119.51864866155168,34.46863830568133
-119.52268360347867,34.468275698514134
-119.5259301905262,34.46677540048075
-119.52666399683513,34.466631741527685
-119.52784298547684,34.467103241428966
-119.53170728205119,34.46801692826614
-119.53316921430061,34.46808403800862
-119.53448703264593,34.46853182070616
-119.53690297563773,34.46879060371855
-119.53897322405926,34.46993524375857
-119.54025864922288,34.47011418612346
-119.54548211092967,34.469155771624116
-119.54916255867045,34.46807640792444
-119.54956852319721,34.46781049894773
-119.55006066707679,34.466682400226716
-119.54962110538152,34.46454418899324
-119.5498184947986,34.46416819317935
-119.55060833069784,34.46385423595713
-119.55415743418331,34.46345283710391
-119.55687303778808,34.4640635252332
-119.56022466332861,34.46401344737062
-119.56308385424497,34.46479856943171
-119.56494745481997,34.465887039612156
-119.56678483356411,34.46611650995299
-119.56813825016063,34.46578092245622
-119.56933633432756,34.464751158624786
-119.5702691504241,34.46519791821913
-119.57293990467326,34.46586127669894
-119.57528377346895,34.46587906044936
-119.57659157686554,34.4661624332685
-119.5788003580258,34.46607770443752
-119.57940833431222,34.46653613944365
-119.58033050343742,34.4682586879723
-119.58005926549555,34.46888395589174
-119.58034800006722,34.469610411096326
-119.57735630801272,34.47264422372124
-119.57728710857543,34.47310071286891
-119.57763922257811,34.473699563558
-119.57792782955437,34.47412415211027
-119.57844418059395,34.4743541575077
-119.5803134778629,34.47450608875534
-119.58239019720735,34.475604906235134
-119.58310407113025,34.4757660614892
-119.58484570471401,34.47526527973196
-119.58650898206271,34.47512350027618
-119.5877714785616,34.47575237517487
-119.58872545317297,34.47565586218327
-119.58910688392189,34.47579240543459
-119.58996218388057,34.47719219485164
-119.59030419317799,34.477335913233965
-119.59443275892839,34.476698255780605
-119.59677821965549,34.47532509623181
-119.5986598183171,34.47457032111914
-119.60284966838742,34.47516454850988
-119.60367514007416,34.47554138448019
-119.60438161150434,34.477097395239376
-119.60534818512829,34.47698163947616
-119.60724329370072,34.477388343975484
-119.61051329940852,34.47752771535339
-119.61107825633187,34.478705581108656
-119.61223454800111,34.478458067502515
-119.61401329988554,34.47900111665907
-119.61489526999131,34.480091617516045
-119.61851211745672,34.48201328608957
-119.62156785094434,34.48235971855407
-119.6235809632665,34.48325848389236
-119.62500435544126,34.48422003536456
-119.62834632489543,34.48521404479559
-119.62940668976555,34.48516175159555
-119.6312493097096,34.484500091482786
-119.63230301450552,34.4844592950825
-119.63413145782893,34.48369926692747
-119.6365029558194,34.48351764655685
-119.63865860291716,34.484180628315585
-119.63966085950011,34.48548673240785
-119.64007393408504,34.48566459885025
-119.64157953985195,34.48570624566398
-119.64371098429788,34.48656898397403
-119.64526527642782,34.48681010108214
-119.6464930542607,34.487504950227624
-119.64816531036357,34.48762812679121
-119.64963728287044,34.48882042240908
-119.65067016435518,34.489273301821726
-119.65394217064888,34.48896145786924
-119.65857753114882,34.48900251616337
-119.65990788002406,34.489361591745556
-119.66235612579818,34.48949504780067
-119.66499595393488,34.490167979449524
-119.66814177723667,34.489247124199125
-119.6692469314127,34.4884655570041
-119.67005438048407,34.4883335873619
-119.6721604530202,34.48928132400948
-119.67359977840077,34.49048476091607
-119.67512862835935,34.49080734152773
-119.67841230075771,34.49208806517689
-119.68234445429067,34.492084774575865
-119.68470950688912,34.49303131207971
-119.68588404696129,34.49312017144277
-119.68759593221627,34.492636339289284
-119.68823450951228,34.492816622509025
-119.68929704513958,34.493523226619025
-119.68905588462702,34.49501104303237
-119.68954899107473,34.495787323635845
-119.69047756059872,34.49580703672146
-119.69198515563107,34.49542902330475
-119.69334093640889,34.4962628166797
-119.6951174301538,34.49676404296378
-119.69711244939101,34.49780816277393
-119.69778295370212,34.497891047855674
-119.69887452220088,34.497650658435795
-119.70103490846216,34.49584970415688
-119.70392780457297,34.49431643966011
-119.70670741322877,34.494425595525016
-119.70789896332599,34.49481613597301
-119.71145658681189,34.4945340801464
-119.71387243699905,34.49528359447023
-119.71499111954049,34.49676869122918
-119.71668327978662,34.49798404053186
-119.71754645306017,34.49917927975264
-119.71937232652103,34.499916503353084
-119.71987796009606,34.50032857815811
-119.72623834505266,34.501990215945284
-119.72999588225896,34.50200288967045
-119.73107949258632,34.50238672095445
-119.73203807540487,34.50317459011537
-119.73294275047203,34.50567346081734
-119.73372365105313,34.50692070699384
-119.7370452117318,34.50751047892664
-119.73756464314548,34.50800443951349
-119.7398050719072,34.50885038888277
-119.74075046504854,34.50962294414808
-119.7438839048838,34.50952363559382
-119.74467872965106,34.50898227235127
-119.74538237126673,34.50893767782588
-119.74611722806858,34.50830775508186
-119.74742436756291,34.508084572746455
-119.75042424559814,34.50592337628439
-119.75144307218036,34.50575890522741
-119.75417569425939,34.50452751228249
-119.75537642126453,34.50445093951022
-119.75582065862923,34.50456000489638
-119.75674962211708,34.505444987043155
-119.75789045983208,34.505615766843235
-119.75915084484741,34.50636711173014
-119.76314418827069,34.50731526945972
-119.76711777137021,34.507846798276375
-119.76865695058244,34.509115007654934
-119.7749596988262,34.51151774467729
-119.77578923706007,34.51249529355057
-119.77703016502956,34.51321486405709
-119.77869636571818,34.51576180272094
-119.78007712681762,34.517184411988
-119.78184205240038,34.51793477072529
-119.78354091567358,34.51910395781357
-119.78591667742971,34.52031210556636
-119.79050751212222,34.520544933343885
-119.79245726693546,34.51967529628046
-119.79317983275631,34.518841166292525
-119.79462538966482,34.5179672083337
-119.79458519299496,34.517307411626525
-119.7936688519505,34.516046302806906
-119.79533264990837,34.514079653457955
-119.79611535179627,34.514079910261096
-119.7980781060938,34.51336984654738
-119.7996973507565,34.51407181148971
-119.80135542087928,34.513708907315774
-119.80282184325478,34.51437198979409
-119.80378385366525,34.5144716138911
-119.80461208994726,34.51309808985488
-119.80526848888265,34.51267486438085
-119.80706535424646,34.5119418398586
-119.8090948261969,34.51150257158875
-119.80978422064263,34.510980259480796
-119.81155496412265,34.5105605131856
-119.81278130911254,34.50982027173545
-119.81389602173664,34.51013743431787
-119.81477785170453,34.509812503387344
-119.81569980181538,34.50978440995403
-119.82008600278516,34.511400514002204
-119.8223416514124,34.51182101062496
-119.82715049250596,34.511435492925514
-119.82807247728397,34.511499093658905
-119.83035528441376,34.512282704900734
-119.83219252832906,34.512363940960356
-119.83370862218652,34.50978633398544
-119.83512003436698,34.50859531419441
-119.8367770577256,34.50761467764602
-119.83844162403008,34.50732867594066
-119.84023836058832,34.506662703694786
-119.84118706042365,34.50695769185515
-119.84285387537669,34.50840247963869
-119.84894891350437,34.50800511003311
-119.8549534637513,34.50936152425568
-119.85699523800592,34.50856325530332
-119.85787790012618,34.50885971329243
-119.85855349871095,34.50818391020955
-119.85977973953271,34.50765012064382
-119.86179573725616,34.50738870052745
-119.86518328406771,34.50625905316608
-119.86642372437464,34.50641732475255
-119.8677784922448,34.50623331509699
-119.86934305866838,34.50696380692702
-119.87082238051146,34.507147641214495
-119.87237580272684,34.50798733072491
-119.87339756681244,34.50812811028376
-119.87408835988788,34.508869407669174
-119.87578200541071,34.5087974565441
-119.87807293081379,34.51000362152503
-119.87829653472578,34.51066696822317
-119.87856305137564,34.510787198356375
-119.87981829749765,34.5108749462227
-119.88251180701715,34.51157516223512
-119.88336696873685,34.51234557006395
-119.8842796203866,34.513743942010215
-119.88550036339971,34.51362266426055
-119.88608562669427,34.51378429990717
-119.88913226536013,34.51557130365514
-119.88982405119803,34.515766810456284
-119.89297187152438,34.515899270875884
-119.89356591309664,34.51636300632127
-119.894472223879,34.51867133619621
-119.89614667519572,34.519790128075414
-119.89866685650605,34.519410532424004
-119.90043080412887,34.52006079978405
-119.90000466088854,34.520809985219465
-119.8999669314129,34.52201818610966
-119.89914345278238,34.52288078073219
-119.89669561456678,34.52867396225143
-119.89585221301404,34.52956889011468
-119.89445511645881,34.53196605462156
-119.89394864925663,34.53353901061141
-119.89406724633314,34.53432554447918
-119.89348034375709,34.53489800362735
-119.89184884301058,34.53518229131648
-119.89069708318189,34.53568297169631
-119.89041482473452,34.53706859129124
-119.88979112505697,34.53805912524254
-119.88915192836734,34.54155813333704
-119.88956275653604,34.54328115688277
-119.89143983868368,34.544816342363234
-119.89377626590853,34.54774144779033
-119.89204789334524,34.5480830842432
-119.88977852607904,34.549274793612966
-119.88781590030582,34.55068046147078
-119.88668865393615,34.551836318983426
-119.88673454259005,34.55362655424835
-119.88781486149665,34.55884273387871
-119.88734203345068,34.55961967194755
-119.88598994534017,34.56004379281008
-119.88355343600189,34.56020355233038
-119.88294686590567,34.55991546583523
-119.8818885348176,34.557711441461066
-119.88136184122028,34.55767486367385
-119.8802842635141,34.55816930790956
-119.87965318450006,34.558167809881205
-119.87796224410604,34.55951022492902
-119.87775367598366,34.56007848072947
-119.87792498199092,34.56081382167304
-119.87745882677585,34.562530860559896
-119.87820332766702,34.563565822909105
-119.87951871484127,34.56450958533078
-119.87912883423047,34.564803129705375
-119.87751642902329,34.56505709444312
-119.87632013757725,34.56498036509633
-119.87549150750425,34.56589849382768
-119.87320792364153,34.56575439133842
-119.87212039018567,34.56629829801821
-119.87141151111543,34.56708588373068
-119.87007809251747,34.56749800802263
-119.86871750066825,34.56753870730217
-119.86718382762244,34.56728214546902
-119.86563741629341,34.56746956955334
-119.86450318534229,34.56786552924661
-119.86292959189242,34.5676277284757
-119.86147047082854,34.56837381540412
-119.86001914120527,34.56985955059391
-119.85958113365919,34.569880699896196
-119.85837843197899,34.56898725180594
-119.85758160545255,34.56883479423221
-119.85717042625761,34.569148789866524
-119.85731812461904,34.57023551170235
-119.85711966431745,34.57066408209885
-119.85549397990914,34.57109453782231
-119.85450054752285,34.572570915166416
-119.85294866775251,34.57344122150905
-119.85318390817697,34.575599384771664
-119.85276694430466,34.57634582814011
-119.85279543443544,34.57764778779483
-119.85249035946578,34.57798160776428
-119.85172058287135,34.57818587828409
-119.85150869403276,34.578538116173924
-119.85130415252672,34.579377456987324
-119.85080713002635,34.57994978510373
-119.85062969417984,34.58126132909824
-119.84978674056073,34.581335130504755
-119.84799545632556,34.582280507015895
-119.84640102645106,34.58137122362129
-119.84421719864386,34.58168533220853
-119.83947524746587,34.580207707137994
-119.836400970453,34.57974924269509
-119.83458921830926,34.580107054713054
-119.83229883695846,34.58021918963818
-119.83000951733247,34.58094113157705
-119.82970445035677,34.581220830561726
-119.82881096731968,34.58367101664162
-119.82887844679442,34.584521695767464
-119.82959614764397,34.58519651916229
-119.83228022896081,34.58674759461996
-119.83437367954079,34.588551721790274
-119.83422160526574,34.58893160184957
-119.83171303306783,34.58986667344238
-119.83477668643363,34.59205511152246
-119.836383862936,34.592389915356854
-119.83744677542755,34.59285372759714
-119.83810350997938,34.59239966029296
-119.83894718683065,34.59272237434711
-119.83956647698544,34.59417464318086
-119.83929216662538,34.59770605603203
-119.83797862035398,34.59866205897316
-119.83666627710247,34.600426099921634
-119.83568401144456,34.600872371716385
-119.83445569807074,34.600896800227865
-119.83273674150448,34.60163930489391
-119.83140884504716,34.601902311363446
-119.8300765234182,34.6039303354227
-119.82742866344506,34.60540932788786
-119.82624826557402,34.60669592638711
-119.8252008032254,34.60836561915876
-119.82370767923025,34.60932201963525
-119.82170438558096,34.61129005918836
-119.82143912454234,34.61175195048424
-119.82156013489377,34.61301347188318
-119.82112894678312,34.61360658738652
-119.8186328278976,34.61454784138469
-119.81674652004503,34.614456452106346
-119.81547853784359,34.614868866464256
-119.81349857445562,34.61424937310307
-119.81188321070408,34.61269626678724
-119.8100572261283,34.613032818266035
-119.80722894389271,34.613957228152685
-119.80615290676106,34.613990335023644
-119.80423236001731,34.61277981397086
-119.80317619190272,34.61258797045232
-119.80182669297976,34.61103433045257
-119.80064419105962,34.6105683000839
-119.79988633818569,34.609826233844366
-119.79847251059715,34.61039953571509
-119.79762239584598,34.61044393819271
-119.79722375245753,34.610252347928196
-119.79659831457506,34.608939513138175
-119.79588713853461,34.608259724188606
-119.79457852808616,34.60774385450859
-119.79064739412914,34.608228644779174
-119.78775945682413,34.60969191645372
-119.7871420390894,34.60976932932165
-119.7826779282685,34.60790305964216
-119.78144220963927,34.60718361840937
-119.77933668782596,34.60680570860128
-119.77389014335375,34.60486541283649
-119.77030948771272,34.60260312031637
-119.76686909723578,34.60109526843747
-119.76473705243984,34.60040902036479
-119.76312305460138,34.59924685266705
-119.7598891603272,34.599444000197906
-119.7579632337731,34.598732715583715
-119.7559046915302,34.59878580829771
-119.75202017940761,34.59939213535497
-119.75117327277593,34.59989287570969
-119.7492137884296,34.60021657586267
-119.74682882996302,34.60238906944808
-119.74554054996666,34.602737563566784
-119.744050599429,34.60241775396215
-119.74040858990166,34.60067176377643
-119.73885335732318,34.60064370390317
-119.73718379717134,34.60416541598977
-119.734577921113,34.607930700905406
-119.73352157786555,34.610042652467435
-119.73243013970736,34.61158887973438
-119.73177855261144,34.613541560606215
-119.73140746525968,34.61387234613273
-119.73015239443279,34.6142601599326
-119.72731960551977,34.61401295916555
-119.724915887357,34.61481717742945
-119.72298775006523,34.61477645798827
-119.72280616115077,34.61812472331152
-119.72209761106838,34.61896087306562
-119.7217495781354,34.62029623528325
-119.72215891760223,34.62146114239671
-119.72191563839307,34.62425881647664
-119.72127353402995,34.625106943894956
-119.72024140960742,34.6256638370893
-119.7195964451865,34.62681179075026
-119.7202135780001,34.62869092084621
-119.71987993492587,34.6321893891479
-119.71943447017601,34.63262242884702
-119.71795907474835,34.63315596228915
-119.71738060340395,34.63360583793639
-119.71674144205791,34.636370108862685
-119.71643559243007,34.63674858246074
-119.71559815277807,34.63683489623221
-119.71452886356924,34.63543014503557
-119.71417670460826,34.63519164030634
-119.71390425428031,34.63533060003851
-119.71337852938885,34.63665449034281
-119.71260063441021,34.637311896768125
-119.71230784999774,34.6380752579764
-119.71053269703457,34.63917805484055
-119.70960787333706,34.64138015633446
-119.70845092003444,34.64231416229984
-119.70760700464372,34.64216616031854
-119.70704864297642,34.64232041605234
-119.7065691543287,34.64371927564539
-119.70645537012696,34.645270261264756
-119.70493840815182,34.64812507954046
-119.70468568753685,34.64825055332436
-119.70243302420255,34.6475247959573
-119.69995458764166,34.64615536528389
-119.69901732154173,34.64645357489845
-119.69771370414017,34.64756191673758
-119.69578569281288,34.64814773141875
-119.6920434332908,34.64847101548207
-119.68988996136942,34.64830047318767
-119.68804917813719,34.647858499691864
-119.68645362692084,34.648049506747476
-119.68047999983018,34.65084012501429
-119.67986500744098,34.64990256729931
-119.67846332489582,34.64904077420323
-119.67817165121582,34.6482040637028</coordinates></LinearRing></outerBoundaryIs></Polygon></Placemark>
<Placemark>
<ExtendedData>
  <Data name="COMNAME"><value>CALIFORNIA RED-LEGGED FROG</value></Data>
  <Data name="SCINAME"><value>RANA DRAYTONII</value></Data>
  <Data name="SPCODE"><value>D02D</value></Data>
  <Data name="VIPCODE"><value>V01</value></Data>
  <Data name="UNIT"><value></value></Data>
  <Data name="SUBUNIT"><value></value></Data>
  <Data name="UNITNAME"><value>STB-5</value></Data>
  <Data name="SUBUNITNAM"><value></value></Data>
  <Data name="STATUS"><value>FINAL</value></Data>
  <Data name="LEADOFFICE"><value>FF08ESMF00</value></Data>
  <Data name="COOPOFFICE"><value>NONE</value></Data>
  <Data name="COOPOFMORE"><value></value></Data>
  <Data name="FEDREG"><value>75FR12816</value></Data>
  <Data name="PUBDATE"><value>20100317</value></Data>
  <Data name="EFFECTDATE"><value>20100416</value></Data>
  <Data name="VACATEDATE"><value></value></Data>
  <Data name="ACCURACY"><value></value></Data>
  <Data name="SINGLMULTI"><value>SINGLE</value></Data></ExtendedData>
  <Polygon>
<outerBoundaryIs>
  <LinearRing><coordinates>-120.23162477005033,34.568477545238274
-120.23047042421014,34.56798262799579
-120.22897092592363,34.56797577774891
-120.22754573606832,34.56716573707924
-120.22611893249949,34.566959638753914
-120.22125497931177,34.56684918224309
-120.21826894348126,34.566548563388636
-120.2172679935873,34.565971285045684
-120.21606954703823,34.564657231446795
-120.2143327505773,34.56392616838431
-120.21252854504525,34.56349957643178
-120.21213747698486,34.563055144957815
-120.21119811632938,34.558677955061746
-120.21187083741854,34.557295625309685
-120.2103395215689,34.55657397202457
-120.20786819129908,34.55496931965079
-120.20684833474796,34.553878961202386
-120.20359309293376,34.552831723592696
-120.2035760838561,34.55128284298463
-120.2021505181123,34.5478606352591
-120.20363377464118,34.546042443521145
-120.20389467288973,34.54510209653296
-120.20320714215869,34.54402039584714
-120.20280739507795,34.54172601526713
-120.20127073045659,34.54054387036333
-120.20096013631392,34.53991650967909
-120.20190797765687,34.53710812741502
-120.20284657275587,34.53563130740303
-120.2034361208057,34.53309131143825
-120.20442725945952,34.531648731319436
-120.20070537362076,34.53193294503345
-120.19881321025069,34.5295870668503
-120.19809136970115,34.529207346355975
-120.19555281567175,34.528132993530704
-120.19130382050002,34.52715352835873
-120.18852074121203,34.52578236367696
-120.1846184693919,34.526601348173244
-120.18390245477771,34.526577439864596
-120.182052452618,34.52620533657487
-120.1787694893545,34.52601959967021
-120.17631835586387,34.52498438434397
-120.17495402962457,34.52404319649264
-120.1745041504512,34.5234779143497
-120.17328390894617,34.52075241407799
-120.17238543635487,34.519483293082104
-120.1726298705116,34.5170230604395
-120.17237638174171,34.515162771789136
-120.17017033726151,34.51304578195648
-120.17212867664792,34.51067054606609
-120.17351111743149,34.50937713267946
-120.18068453491027,34.50756223064749
-120.18570514774233,34.50713689397346
-120.18916201418376,34.50634027311068
-120.19106710469676,34.50566750906265
-120.19389295103765,34.50521673303686
-120.19632899601997,34.50425379559951
-120.19993619949574,34.501032726806436
-120.20292831758968,34.50050822336028
-120.20306635024163,34.49912849833554
-120.20444356358054,34.4977031983738
-120.20409663469003,34.49629363802427
-120.2042024937332,34.495120363210596
-120.20489734598405,34.49375483709881
-120.20655625046044,34.49179848977786
-120.20785069265601,34.49085451973161
-120.20978853205285,34.49106076671539
-120.21056602230159,34.49033228099759
-120.21262340040546,34.48944006934434
-120.2129533061213,34.48919700911212
-120.21325800193226,34.48809796792465
-120.21437719160987,34.48673073789275
-120.21645351178474,34.4857995591021
-120.21992507106314,34.48313107993673
-120.22138114591417,34.482718278305015
-120.2224715366136,34.47995799065087
-120.22211521719312,34.47709856623123
-120.22379318577428,34.47512021489736
-120.22568012671064,34.47150931297547
-120.22683121471049,34.47058644193011
-120.22862997149788,34.47142601839258
-120.23066251162514,34.47297548494658
-120.23666346593855,34.4750808032104
-120.23851863719054,34.47684027812519
-120.24008043071551,34.477447220659364
-120.24304297729658,34.47815902481424
-120.24348318225086,34.47855203496674
-120.24357516002235,34.479480807474125
-120.24491534804865,34.48256671156894
-120.24491822188675,34.48299472196613
-120.24396059627145,34.48467926451697
-120.24123876981429,34.48617266830658
-120.24073345944664,34.48707650555202
-120.24118506807184,34.48811180039735
-120.24292596369143,34.489632074120244
-120.24291153377008,34.49052586438509
-120.24220315291358,34.491765505469964
-120.24485570940784,34.49372956457672
-120.24492520111139,34.49417995473713
-120.24455896460354,34.49497086955419
-120.24509243449334,34.496441298665125
-120.24501902821318,34.49734788092509
-120.24371389505984,34.49957716284149
-120.24080632089405,34.50361474181261
-120.24008915583275,34.50414618585774
-120.23816462860869,34.50494567450445
-120.23764014555888,34.50543446425984
-120.23789120693252,34.50603202301359
-120.23907708208789,34.50668394946601
-120.24055547260387,34.50696919319269
-120.24211615211242,34.50938243507472
-120.24373971331147,34.51029976071705
-120.24458173682683,34.510526890772404
-120.24848157377475,34.51011386469196
-120.25139704574765,34.510310240171435
-120.25370350756414,34.51131095842739
-120.25453247437981,34.511499185322386
-120.25627136554169,34.5114384268941
-120.25781373081587,34.512476530346426
-120.25964452837653,34.512852808210845
-120.26210044935264,34.512910286546685
-120.26625040428685,34.51245384339129
-120.26904781316783,34.51170280489075
-120.27273049641778,34.51212941599015
-120.27424896126549,34.5125284495092
-120.27477626670432,34.51345358535824
-120.27659500663188,34.51535325192088
-120.27589826436855,34.51703877932155
-120.27426932498,34.51779169319661
-120.27362743844253,34.51904372121617
-120.27182218081145,34.51896242020967
-120.2694379675779,34.51918177262434
-120.2687104917043,34.520157462229065
-120.26895901651886,34.521197592380446
-120.27161861851802,34.52357628084869
-120.27257078958546,34.5247056787614
-120.27270144487971,34.52520657527047
-120.27132790959023,34.52676752059854
-120.27092281193711,34.52870769638124
-120.2697179163853,34.52951697333352
-120.26770658249671,34.529505359687285
-120.26703816027923,34.53054311845645
-120.26725663193976,34.53433429917762
-120.26560247608067,34.53807209885514
-120.26577373341115,34.54003849099669
-120.26628666076603,34.541424891102594
-120.26625634132218,34.54241356256092
-120.26521992647352,34.54435121054418
-120.26481916214813,34.54671283251666
-120.26418127012491,34.5483930303273
-120.26287298731135,34.550207098978355
-120.26277566064788,34.55141103390374
-120.26170949617776,34.55400109626915
-120.26035557585182,34.55541540224798
-120.26000529526844,34.556689168470314
-120.2595658081186,34.5573003226788
-120.25822866795815,34.55768430354937
-120.25641541865215,34.55765233215586
-120.25189013918745,34.55839753644499
-120.24812093246975,34.55779306472312
-120.24742140353595,34.55928406953163
-120.24659084978485,34.559853498911515
-120.24520146307707,34.5615486970167
-120.24418495482975,34.56217876045838
-120.24189810122556,34.56460817579654
-120.24061970384531,34.567065273355
-120.24014778639781,34.567410335499204
-120.23582514236865,34.56886542570371
-120.23299733695218,34.569171355179584
-120.23239678934752,34.56913484438223
-120.23162477005033,34.568477545238274</coordinates></LinearRing></outerBoundaryIs></Polygon></Placemark>
<Placemark>
<ExtendedData>
  <Data name="COMNAME"><value>CALIFORNIA RED-LEGGED FROG</value></Data>
  <Data name="SCINAME"><value>RANA DRAYTONII</value></Data>
  <Data name="SPCODE"><value>D02D</value></Data>
  <Data name="VIPCODE"><value>V01</value></Data>
  <Data name="UNIT"><value></value></Data>
  <Data name="SUBUNIT"><value></value></Data>
  <Data name="UNITNAME"><value>STB-6</value></Data>
  <Data name="SUBUNITNAM"><value></value></Data>
  <Data name="STATUS"><value>FINAL</value></Data>
  <Data name="LEADOFFICE"><value>FF08ESMF00</value></Data>
  <Data name="COOPOFFICE"><value>NONE</value></Data>
  <Data name="COOPOFMORE"><value></value></Data>
  <Data name="FEDREG"><value>75FR12816</value></Data>
  <Data name="PUBDATE"><value>20100317</value></Data>
  <Data name="EFFECTDATE"><value>20100416</value></Data>
  <Data name="VACATEDATE"><value></value></Data>
  <Data name="ACCURACY"><value></value></Data>
  <Data name="SINGLMULTI"><value>SINGLE</value></Data></ExtendedData>
  <Polygon>
<outerBoundaryIs>
  <LinearRing><coordinates>-120.04736847721482,34.536820489328235
-120.04675620796034,34.53673063861945
-120.04510579621729,34.537197867271935
-120.04442711544732,34.537041297831834
-120.04060759958841,34.53495514427884
-120.03796782650626,34.53402517431045
-120.03533871028684,34.53258633702308
-120.03610465124821,34.53145163834316
-120.03719612169454,34.52800848346532
-120.0378485992765,34.523715658541335
-120.03883508468375,34.522538621912716
-120.03904328851823,34.520618483168874
-120.04029029024863,34.519637599853674
-120.04030611071343,34.519209597639616
-120.04100070200253,34.51810387894185
-120.04089697022918,34.51470780931777
-120.04110183518318,34.51457342292202
-120.04257766602413,34.514718738802465
-120.04331609957075,34.514104057273656
-120.0435359790263,34.51271635526326
-120.04438634005122,34.51199603078975
-120.0455703757093,34.50924566178783
-120.0467169247923,34.508963055190215
-120.04810680315886,34.509169720088636
-120.05399683219052,34.50823083239533
-120.05784780300418,34.508084776950504
-120.05874273041931,34.50787172715221
-120.05977302268296,34.507253968941626
-120.05972989363134,34.50691243473505
-120.05918820719192,34.50650555171832
-120.05898315426492,34.50513773958485
-120.05997070547608,34.5027719442592
-120.05931363292936,34.500692806959954
-120.05960755772053,34.4994734018455
-120.05940270943955,34.49465110573021
-120.06052473953369,34.49195800256693
-120.06010741739941,34.48901818851005
-120.06091953790015,34.48462585212339
-120.06006912087172,34.48338365829367
-120.06019111378656,34.48279620226596
-120.06097379482522,34.48191610620465
-120.0610954735574,34.48127908901065
-120.06087905981245,34.47771260372734
-120.06197435779963,34.47604500484995
-120.06225341666588,34.47421677179728
-120.06331648144695,34.47263111460642
-120.06292272048847,34.46927110759536
-120.06464499012255,34.46733194799625
-120.06620989867174,34.46465845649868
-120.06690964445946,34.46235680684493
-120.06946233760306,34.46273346354644
-120.07134498773391,34.46256653156127
-120.07358004281465,34.46174978938744
-120.07367104481281,34.461408603953764
-120.0733886665452,34.4608918176876
-120.07452060426152,34.46056917462127
-120.07908675332823,34.46072749593516
-120.08886979692804,34.46051341573225
-120.09414727763183,34.461223508847965
-120.09757741349966,34.462168392836915
-120.10133296641295,34.46409489701467
-120.10183971622618,34.46413749825494
-120.10246046999465,34.463845271081134
-120.10506613365904,34.465085882929486
-120.11000470194661,34.46675697062033
-120.1126635780236,34.468028580479526
-120.11890114524456,34.47007572263416
-120.12005798965593,34.47230170585131
-120.12172101780376,34.47763608524923
-120.1231799915777,34.4796267674851
-120.12405786056982,34.484456750472944
-120.12487139160318,34.485987701564916
-120.12688448061382,34.48726304679596
-120.12736576489057,34.487910443441955
-120.12713573353163,34.48971651470915
-120.12677596563775,34.49058448147615
-120.1267761870754,34.49198677941323
-120.12926457879276,34.49351469337478
-120.12981071258329,34.49395757177119
-120.13002605609621,34.49454386914683
-120.13007454802047,34.49624683939442
-120.12969629040902,34.49739331775427
-120.12976113976718,34.498459321934696
-120.13054525815356,34.50298008525485
-120.12943400651473,34.50637017837895
-120.13038010085916,34.509342593336605
-120.13040417204834,34.510127329060815
-120.12957092108887,34.51164035785382
-120.12954205462387,34.512304354453526
-120.12997771997233,34.513073416078925
-120.12986697392216,34.51455661717599
-120.13049739962645,34.51653370603254
-120.12998907111849,34.51815786210859
-120.13045250055515,34.520661401245285
-120.12566770475847,34.52067041514683
-120.12414213766384,34.52027843551119
-120.12277355430463,34.52027090134821
-120.12086353913642,34.5199170210742
-120.1184691660082,34.520978253788364
-120.11529236525685,34.52086239138139
-120.11282287195937,34.52105942223608
-120.1059837167004,34.52282130837901
-120.10440865349352,34.52344898158134
-120.102479415382,34.524572523737206
-120.10127346635088,34.52554672242934
-120.10037631645814,34.526899918575886
-120.09711782436455,34.52799495952108
-120.09244333912858,34.531045183579465
-120.08979611513249,34.53146880779944
-120.0879644083948,34.53097466104845
-120.08755892592559,34.5316318835976
-120.08656111202839,34.5349656245461
-120.08588129284706,34.5355039406156
-120.0845240308215,34.53598531408791
-120.08394529090286,34.53592801785768
-120.08258631904835,34.53485959432748
-120.08175400307893,34.5332526922976
-120.08131848388204,34.53287738408812
-120.07824619890837,34.5318847283592
-120.07780393028601,34.53154714182255
-120.07632396475475,34.52962076607671
-120.07497164028797,34.5292235148224
-120.07401467548735,34.529180775830085
-120.07361163961225,34.5294341712002
-120.07357623278338,34.53205902488579
-120.0731762038164,34.53257653184235
-120.07121543679362,34.53248485063334
-120.06763145619404,34.53150855918986
-120.06464730671037,34.53215987570942
-120.06407841806183,34.532405164830244
-120.06275434305125,34.533606245668516
-120.06150833324325,34.53328339561583
-120.06007930578409,34.53251208221915
-120.05931668034968,34.532632993947324
-120.05725486022553,34.53384509123502
-120.05417367417031,34.533324839085374
-120.05351120343278,34.53355942001916
-120.05223863782844,34.53464575366712
-120.05057489491094,34.5379994637247
-120.04895378072945,34.53800354886552
-120.04736847721482,34.536820489328235</coordinates></LinearRing></outerBoundaryIs></Polygon></Placemark>
<Placemark>
<ExtendedData>
  <Data name="COMNAME"><value>CALIFORNIA RED-LEGGED FROG</value></Data>
  <Data name="SCINAME"><value>RANA DRAYTONII</value></Data>
  <Data name="SPCODE"><value>D02D</value></Data>
  <Data name="VIPCODE"><value>V01</value></Data>
  <Data name="UNIT"><value></value></Data>
  <Data name="SUBUNIT"><value></value></Data>
  <Data name="UNITNAME"><value>LOS-1</value></Data>
  <Data name="SUBUNITNAM"><value></value></Data>
  <Data name="STATUS"><value>FINAL</value></Data>
  <Data name="LEADOFFICE"><value>FF08ESMF00</value></Data>
  <Data name="COOPOFFICE"><value>NONE</value></Data>
  <Data name="COOPOFMORE"><value></value></Data>
  <Data name="FEDREG"><value>75FR12816</value></Data>
  <Data name="PUBDATE"><value>20100317</value></Data>
  <Data name="EFFECTDATE"><value>20100416</value></Data>
  <Data name="VACATEDATE"><value></value></Data>
  <Data name="ACCURACY"><value></value></Data>
  <Data name="SINGLMULTI"><value>SINGLE</value></Data></ExtendedData>
  <Polygon>
<outerBoundaryIs>
  <LinearRing><coordinates>-118.53559615318719,34.50504968914442
-118.53887427271697,34.505000198292116
-118.55031321627163,34.50661079851555
-118.55021813320555,34.508396198564995
-118.54887333647699,34.50930117237756
-118.54834049773142,34.51118987861234
-118.54464196326809,34.51570587557364
-118.54217374203468,34.52145934309475
-118.54208478663608,34.52312569704469
-118.5433409328696,34.52388718303596
-118.54260684965541,34.52684182154951
-118.5405807278256,34.52700622131275
-118.53960337132295,34.5291171143498
-118.54083175054224,34.53309759194276
-118.5367167440524,34.53998322143579
-118.53597585773409,34.54305678731741
-118.53247629279942,34.54650628814715
-118.52808197222994,34.555885733784685
-118.52495228201748,34.55779821351432
-118.50849336994546,34.563632434406955
-118.50046482173305,34.56548278671764
-118.49282022941459,34.565557966180485
-118.48983110233681,34.564851056975215
-118.48320258166785,34.55947751623171
-118.48382108719639,34.55604204090385
-118.48535629632026,34.55431010995853
-118.50517516494577,34.54228240522693
-118.50707421966986,34.53913252518721
-118.50995427109726,34.53649575909612
-118.5121055945244,34.531327689324165
-118.523498308866,34.52041719011637
-118.52678870838355,34.512786203447426
-118.53080741067369,34.5076862245376
-118.53426065500206,34.505069827935195
-118.53559615318719,34.50504968914442</coordinates></LinearRing></outerBoundaryIs></Polygon></Placemark>
<Placemark>
<ExtendedData>
  <Data name="COMNAME"><value>CALIFORNIA RED-LEGGED FROG</value></Data>
  <Data name="SCINAME"><value>RANA DRAYTONII</value></Data>
  <Data name="SPCODE"><value>D02D</value></Data>
  <Data name="VIPCODE"><value>V01</value></Data>
  <Data name="UNIT"><value></value></Data>
  <Data name="SUBUNIT"><value></value></Data>
  <Data name="UNITNAME"><value>MNT-1</value></Data>
  <Data name="SUBUNITNAM"><value></value></Data>
  <Data name="STATUS"><value>FINAL</value></Data>
  <Data name="LEADOFFICE"><value>FF08ESMF00</value></Data>
  <Data name="COOPOFFICE"><value>NONE</value></Data>
  <Data name="COOPOFMORE"><value></value></Data>
  <Data name="FEDREG"><value>75FR12816</value></Data>
  <Data name="PUBDATE"><value>20100317</value></Data>
  <Data name="EFFECTDATE"><value>20100416</value></Data>
  <Data name="VACATEDATE"><value></value></Data>
  <Data name="ACCURACY"><value></value></Data>
  <Data name="SINGLMULTI"><value>SINGLE</value></Data></ExtendedData>
  <Polygon>
<outerBoundaryIs>
  <LinearRing><coordinates>-121.73284385854198,36.82919352348234
-121.7286499742105,36.82648988017137
-121.7313045338232,36.82711657746579
-121.7312661450108,36.826451652418015
-121.73219292477633,36.82643808674159
-121.72884742527599,36.824258045196665
-121.73020216931802,36.82145413179654
-121.72833854081465,36.820945900248994
-121.73056753292882,36.81969964263523
-121.72752216649947,36.81612504817035
-121.72636279520678,36.815857556275425
-121.73110485667794,36.81372621798587
-121.73793018737784,36.813483962712176
-121.7414083444637,36.814286076333886
-121.7433968703689,36.81589220015927
-121.73840085566852,36.83018670710737
-121.73824043928363,36.83481088573043
-121.73306342509946,36.837375461454705
-121.7323636717084,36.8360064787346
-121.7348169421193,36.830465382347576
-121.73284385854198,36.82919352348234</coordinates></LinearRing></outerBoundaryIs></Polygon></Placemark>
<Placemark>
<ExtendedData>
  <Data name="COMNAME"><value>CALIFORNIA RED-LEGGED FROG</value></Data>
  <Data name="SCINAME"><value>RANA DRAYTONII</value></Data>
  <Data name="SPCODE"><value>D02D</value></Data>
  <Data name="VIPCODE"><value>V01</value></Data>
  <Data name="UNIT"><value></value></Data>
  <Data name="SUBUNIT"><value></value></Data>
  <Data name="UNITNAME"><value>SCZ-2</value></Data>
  <Data name="SUBUNITNAM"><value></value></Data>
  <Data name="STATUS"><value>FINAL</value></Data>
  <Data name="LEADOFFICE"><value>FF08ESMF00</value></Data>
  <Data name="COOPOFFICE"><value>NONE</value></Data>
  <Data name="COOPOFMORE"><value></value></Data>
  <Data name="FEDREG"><value>75FR12816</value></Data>
  <Data name="PUBDATE"><value>20100317</value></Data>
  <Data name="EFFECTDATE"><value>20100416</value></Data>
  <Data name="VACATEDATE"><value></value></Data>
  <Data name="ACCURACY"><value></value></Data>
  <Data name="SINGLMULTI"><value>SINGLE</value></Data></ExtendedData>
  <Polygon>
<outerBoundaryIs>
  <LinearRing><coordinates>-121.78895666216772,36.917558100245664
-121.77988700227361,36.903483879709846
-121.78095954988736,36.904183887492465
-121.78193002473157,36.90336088043593
-121.78476256914006,36.90082698838186
-121.78535563261633,36.898793727775555
-121.79728588281843,36.89453189306951
-121.80518745386048,36.886678813055504
-121.80682699856396,36.8870347470364
-121.81085640606933,36.8935578947204
-121.81060491712797,36.897262221913486
-121.80861317412165,36.899251721635366
-121.80860871376954,36.901918316282995
-121.81237416567211,36.90588774403658
-121.81497599382475,36.91292231738422
-121.81781320701865,36.91500114194445
-121.82392457667355,36.91468953948379
-121.8246290525598,36.915712652506976
-121.83097322291327,36.916594299926466
-121.83776667237086,36.92198541342917
-121.84208460598585,36.9233985452161
-121.85354425224094,36.930457517326985
-121.86005956363951,36.93312061622558
-121.85943523795264,36.93693673991001
-121.85373952349256,36.93936243673898
-121.85382321181812,36.940728919875376
-121.85006286694876,36.943730531575206
-121.85044709941596,36.94460407180304
-121.84870664147529,36.946955905901156
-121.83954929219003,36.940547130068595
-121.82363289021836,36.93480711298355
-121.80658274236386,36.929898550568645
-121.79185250143912,36.92062623213561
-121.78895666216772,36.917558100245664</coordinates></LinearRing></outerBoundaryIs></Polygon></Placemark>
<Placemark>
<ExtendedData>
  <Data name="COMNAME"><value>CALIFORNIA RED-LEGGED FROG</value></Data>
  <Data name="SCINAME"><value>RANA DRAYTONII</value></Data>
  <Data name="SPCODE"><value>D02D</value></Data>
  <Data name="VIPCODE"><value>V01</value></Data>
  <Data name="UNIT"><value></value></Data>
  <Data name="SUBUNIT"><value></value></Data>
  <Data name="UNITNAME"><value>VEN-1</value></Data>
  <Data name="SUBUNITNAM"><value></value></Data>
  <Data name="STATUS"><value>FINAL</value></Data>
  <Data name="LEADOFFICE"><value>FF08ESMF00</value></Data>
  <Data name="COOPOFFICE"><value>NONE</value></Data>
  <Data name="COOPOFMORE"><value></value></Data>
  <Data name="FEDREG"><value>75FR12816</value></Data>
  <Data name="PUBDATE"><value>20100317</value></Data>
  <Data name="EFFECTDATE"><value>20100416</value></Data>
  <Data name="VACATEDATE"><value></value></Data>
  <Data name="ACCURACY"><value></value></Data>
  <Data name="SINGLMULTI"><value>SINGLE</value></Data></ExtendedData>
  <Polygon>
<outerBoundaryIs>
  <LinearRing><coordinates>-119.2586255331332,34.40152151533255
-119.25988227337473,34.3999067265329
-119.26208377999603,34.40009581851457
-119.26273107834169,34.397397366375614
-119.26551973439264,34.397099900424216
-119.26639968245354,34.39569973083588
-119.2702284853794,34.3964000801071
-119.26974676943291,34.393390776150575
-119.27143589622403,34.39209287934505
-119.27505998132453,34.3929965031577
-119.27689787046509,34.391148063768696
-119.27872057953142,34.3911567577518
-119.28401771959797,34.38875433802544
-119.28488420826604,34.386913196645374
-119.28698986852916,34.38622257918829
-119.2874534347555,34.38353800325951
-119.28891584368998,34.38229081526809
-119.29091905468707,34.37628984510774
-119.29558091875069,34.3748325298784
-119.29906427589388,34.37172850825922
-119.29972142070787,34.37160383440965
-119.30380922538534,34.37525687597425
-119.3042291805759,34.37882345385074
-119.30552715500187,34.37981508835699
-119.30660081384845,34.37912755287057
-119.30733905141226,34.374661895009964
-119.308861802418,34.37441043693311
-119.30827914161796,34.38002232229783
-119.30584502554898,34.381456691975345
-119.30332545186239,34.38026316974811
-119.30360551763494,34.38438218151695
-119.30210011127002,34.385699247956396
-119.30054354033092,34.385817172237665
-119.30049586811221,34.38850769800476
-119.2963538507695,34.392309767686186
-119.29200959076543,34.393265884061684
-119.29254373171298,34.395136394825535
-119.29101960238211,34.39717836831146
-119.28816117308132,34.39806976018439
-119.28704149347764,34.399207370010004
-119.28374241463011,34.39955622340673
-119.2833111143158,34.40228757609457
-119.28039553341341,34.40589466063826
-119.28013673168883,34.407606485628705
-119.27628066000813,34.40965844395335
-119.26949404849249,34.42036862985191
-119.26541385034477,34.422461444653834
-119.26619027292114,34.42380312767075
-119.26578974095823,34.42478727676688
-119.25835609890066,34.42601624167417
-119.25729240985387,34.4298372606298
-119.25158147426345,34.43233405563018
-119.25047574543093,34.43058002358642
-119.24361011437713,34.43031861272526
-119.24130751531251,34.428734879602686
-119.24030160752707,34.42673716540187
-119.24320581634584,34.42168275755611
-119.24598966111233,34.42081093281663
-119.25068749762214,34.41631497337777
-119.25460805131824,34.41436763808736
-119.25580974864776,34.411983853114236
-119.253308826284,34.408139170827326
-119.2548409653475,34.405405344488244
-119.25458534707256,34.40353248607986
-119.25621263729936,34.40152557028357
-119.2586255331332,34.40152151533255</coordinates></LinearRing></outerBoundaryIs></Polygon></Placemark>
<Placemark>
<ExtendedData>
  <Data name="COMNAME"><value>CALIFORNIA RED-LEGGED FROG</value></Data>
  <Data name="SCINAME"><value>RANA DRAYTONII</value></Data>
  <Data name="SPCODE"><value>D02D</value></Data>
  <Data name="VIPCODE"><value>V01</value></Data>
  <Data name="UNIT"><value></value></Data>
  <Data name="SUBUNIT"><value></value></Data>
  <Data name="UNITNAME"><value>VEN-2</value></Data>
  <Data name="SUBUNITNAM"><value></value></Data>
  <Data name="STATUS"><value>FINAL</value></Data>
  <Data name="LEADOFFICE"><value>FF08ESMF00</value></Data>
  <Data name="COOPOFFICE"><value>NONE</value></Data>
  <Data name="COOPOFMORE"><value></value></Data>
  <Data name="FEDREG"><value>75FR12816</value></Data>
  <Data name="PUBDATE"><value>20100317</value></Data>
  <Data name="EFFECTDATE"><value>20100416</value></Data>
  <Data name="VACATEDATE"><value></value></Data>
  <Data name="ACCURACY"><value></value></Data>
  <Data name="SINGLMULTI"><value>SINGLE</value></Data></ExtendedData>
  <Polygon>
<outerBoundaryIs>
  <LinearRing><coordinates>-118.75216809516719,34.57974785407156
-118.7520638235767,34.57888621766382
-118.74690069594325,34.57551923884267
-118.74021507413657,34.57295681338297
-118.7383005945834,34.56982559595518
-118.73247765180653,34.5666227345904
-118.7338274440449,34.56427462524852
-118.73394443390093,34.56198772037225
-118.73208569312288,34.557722453633964
-118.73460362683356,34.553610424606404
-118.73501279781208,34.5456062044537
-118.7381918946729,34.54208997516761
-118.7421072191683,34.54222681000092
-118.74495842502742,34.54060810354105
-118.74524985694026,34.53489071289866
-118.74420525893423,34.53275414970168
-118.74099095668323,34.53245097604652
-118.74328699081737,34.528140037706876
-118.74377953486517,34.52300243214801
-118.74725286889473,34.52274179506788
-118.75171744754805,34.516597103100594
-118.75182404982225,34.514500712694996
-118.75571462448079,34.51074142895642
-118.757568385067,34.51165281279795
-118.76041693051278,34.516316515527194
-118.7646923716529,34.52028335469648
-118.76861865532742,34.52111409692101
-118.78361391633518,34.527562499119576
-118.78125381069634,34.532096884491345
-118.77927607233828,34.53313158338676
-118.77788836251526,34.540070226171345
-118.79034579953412,34.54564916492576
-118.79134985870532,34.54923850306024
-118.79378989680373,34.550793615419224
-118.79939736544,34.551232161272935
-118.8031809662896,34.55258822949463
-118.8037911744256,34.555183308388486
-118.80570771194039,34.5553718686359
-118.80755661162539,34.556906379076494
-118.80820387774295,34.55876726152071
-118.81282015046357,34.561254892111286
-118.81779455116623,34.56547068445246
-118.81838073532666,34.5685551637855
-118.81726546633034,34.57011037085302
-118.82024996308625,34.57560610746943
-118.82254336668673,34.57715565734624
-118.81883934951355,34.580092984841315
-118.81495593470687,34.58069510832498
-118.79280161891779,34.57919664045064
-118.78254438844426,34.579822606004726
-118.77831622362085,34.57845043941129
-118.77617161837036,34.57690524119451
-118.7752344110799,34.57785332421504
-118.77242371030079,34.57775582796563
-118.77016126892899,34.5785353055794
-118.76786149364372,34.580048868238904
-118.76516758176363,34.58056813009528
-118.76194412296128,34.579843168368164
-118.754520891263,34.58301672556493
-118.75289357361258,34.58296000431748
-118.75206207496285,34.58182787595152
-118.75216809516719,34.57974785407156</coordinates></LinearRing></outerBoundaryIs></Polygon></Placemark>
<Placemark>
<ExtendedData>
  <Data name="COMNAME"><value>CALIFORNIA RED-LEGGED FROG</value></Data>
  <Data name="SCINAME"><value>RANA DRAYTONII</value></Data>
  <Data name="SPCODE"><value>D02D</value></Data>
  <Data name="VIPCODE"><value>V01</value></Data>
  <Data name="UNIT"><value></value></Data>
  <Data name="SUBUNIT"><value></value></Data>
  <Data name="UNITNAME"><value>VEN-3</value></Data>
  <Data name="SUBUNITNAM"><value></value></Data>
  <Data name="STATUS"><value>FINAL</value></Data>
  <Data name="LEADOFFICE"><value>FF08ESMF00</value></Data>
  <Data name="COOPOFFICE"><value>NONE</value></Data>
  <Data name="COOPOFMORE"><value></value></Data>
  <Data name="FEDREG"><value>75FR12816</value></Data>
  <Data name="PUBDATE"><value>20100317</value></Data>
  <Data name="EFFECTDATE"><value>20100416</value></Data>
  <Data name="VACATEDATE"><value></value></Data>
  <Data name="ACCURACY"><value></value></Data>
  <Data name="SINGLMULTI"><value>SINGLE</value></Data></ExtendedData>
  <MultiGeometry>
<Polygon>
<outerBoundaryIs>
  <LinearRing><coordinates>-118.67544184700078,34.188273559064704
-118.6755760871138,34.18829798552483
-118.6754102805758,34.188287045398276
-118.67544184700078,34.188273559064704</coordinates></LinearRing></outerBoundaryIs></Polygon>
<Polygon>
<outerBoundaryIs>
  <LinearRing><coordinates>-118.67544184700078,34.188273559064704
-118.6743060533336,34.18806688261058
-118.67296886993458,34.18814879928677
-118.67257735723108,34.18685151515646
-118.6699497729897,34.18598340092613
-118.66934004073363,34.18456017132518
-118.66961857761187,34.18329604131445
-118.6685456787068,34.18218994895359
-118.67002019307463,34.18129331014991
-118.66942414084079,34.18035222821997
-118.6694302618265,34.179412254189245
-118.67036406315002,34.17911468031519
-118.67221632973855,34.17948895594569
-118.67299025165303,34.17805366825731
-118.67529217267,34.17717278151951
-118.67914049748896,34.1742000830186
-118.67939939672864,34.173749189009
-118.68066118800141,34.17379368834009
-118.68393059587471,34.17266941768997
-118.68635664225789,34.17008515043156
-118.68975488691301,34.16867921235112
-118.69247395161423,34.16934693234492
-118.69300772493355,34.170128490305956
-118.6943672906938,34.1704623239862
-118.69582367961831,34.16889259706047
-118.69951689536073,34.16845020791355
-118.71226555356729,34.16849547116465
-118.71371826422258,34.17342932989552
-118.71472637836939,34.17441737180621
-118.71450493535278,34.17452762553851
-118.71620895950397,34.17801403175238
-118.7165688596141,34.18016437662969
-118.71695298240795,34.180630127784696
-118.71838945739657,34.181437019273766
-118.71944291414536,34.182576506568815
-118.71880249848718,34.183863731608504
-118.71925464894801,34.185951144306536
-118.71890661802051,34.18860282369569
-118.71907976295114,34.18956564642768
-118.71966295226909,34.19047278845944
-118.7198116594234,34.1929407320931
-118.71999010835097,34.19318161544456
-118.72159928529004,34.19365939673729
-118.72281160169554,34.19512175293369
-118.723991155781,34.19613357460553
-118.72488452825544,34.196384417773885
-118.72561324038475,34.197160469592525
-118.72579943970293,34.19772594419757
-118.7250792362343,34.19864017116778
-118.7250797319041,34.199007790887414
-118.72621915987084,34.200157449097986
-118.72620680739091,34.20092155279487
-118.72814717125775,34.201600403628134
-118.72927300170142,34.20245212390856
-118.7301795774046,34.202567856649075
-118.73219894002081,34.20340047689461
-118.73378149440123,34.2035262280269
-118.73460937951302,34.2038123222493
-118.73456923838948,34.204147093852356
-118.73376296507628,34.204615899940094
-118.73332674312417,34.20521500960841
-118.7344220425489,34.20743565108077
-118.7352365914111,34.20760440667667
-118.73586608928362,34.20815026534062
-118.73585266107442,34.20851152939864
-118.73500618412955,34.209179335692944
-118.7354713824731,34.209881966527526
-118.73701266755673,34.20981340870036
-118.7386019886764,34.21047832650722
-118.74156201515278,34.211080605474294
-118.74482003237502,34.21247313477755
-118.745536373596,34.213227499175765
-118.74887555565282,34.213690845166695
-118.74999829306448,34.21400212145375
-118.75029030968274,34.214277435225725
-118.75005972354927,34.21505829236926
-118.74755965903883,34.21671031124885
-118.74816479713134,34.21804118154322
-118.74900555304409,34.218693785890856
-118.75013371826047,34.22045403880831
-118.74996969383886,34.22107421205567
-118.74829534812022,34.22123613306214
-118.7449516568564,34.22104249282023
-118.74276956003268,34.22281338882215
-118.74224626523502,34.22295184511801
-118.73738036599957,34.22263302150665
-118.73571887065654,34.222936308481344
-118.73374864847735,34.22400966306899
-118.73197900873429,34.22307254451176
-118.73165558080296,34.223132892404564
-118.73079593758814,34.22420051060834
-118.72783512822785,34.223279645982075
-118.7235464079761,34.22345258229558
-118.72267309893347,34.223886186125426
-118.72201612939051,34.22556980758108
-118.72041065550785,34.225356318550425
-118.71825255465454,34.225282513934594
-118.71708645591096,34.22495842130474
-118.71685128055549,34.22179719080266
-118.7163810102992,34.221411618399515
-118.71472494047865,34.22098367549715
-118.71440634581263,34.22014994355347
-118.71334014066404,34.21883003197872
-118.71293396024825,34.216849385054154
-118.71166896359972,34.216141016406866
-118.71179408403727,34.215724116963855
-118.7110580170357,34.21440536986391
-118.711174397105,34.21213314278889
-118.71094928174512,34.21156636757507
-118.70975776356818,34.21134838661401
-118.70918124612362,34.211025240490486
-118.708590964425,34.21008840669415
-118.70818734580594,34.20988017166168
-118.70739364097386,34.21002442130946
-118.70543436161202,34.20976698686673
-118.7037328352445,34.21053274342142
-118.70267470177362,34.21046127611632
-118.70246834964028,34.21007216330026
-118.70279210264285,34.20913019880558
-118.70117018739232,34.20862046679421
-118.70144790512639,34.207971787851505
-118.70416073029541,34.206893044951414
-118.7045174847046,34.20631934126816
-118.70440459100185,34.205924249320766
-118.7040728025702,34.2057689280956
-118.70090938636257,34.205481388054174
-118.70081001198241,34.20525489989793
-118.70094138899097,34.20459469360279
-118.70250863795246,34.20327504159023
-118.70256702370105,34.202036242882365
-118.70322151692449,34.20104197367218
-118.70380124898304,34.19832906117947
-118.70372853373158,34.19753863669437
-118.70256766892412,34.195009591781215
-118.7012782769949,34.19574648727551
-118.70063628940252,34.195911574211046
-118.69968334654621,34.19578690729454
-118.69803605553066,34.19644080931562
-118.69415064869786,34.19612933857013
-118.69259612769001,34.19661548719344
-118.6892024007652,34.19845433196219
-118.68704497638691,34.198772060918266
-118.68459607065984,34.19861031866077
-118.68180332578184,34.197726220376545
-118.68127884865055,34.19683421635022
-118.68127910250158,34.196236455116875
-118.6822898521712,34.19413511440532
-118.68146206106042,34.19386046819533
-118.67986093686304,34.192789235108656
-118.67989272368077,34.19205577522571
-118.68023640860028,34.19142874505926
-118.67940856396193,34.18993009442856
-118.6792291966947,34.1891093952729
-118.67736311773989,34.18889114128203
-118.67725679310972,34.187725356031876
-118.67680705801493,34.18769027847624
-118.67544184700078,34.188273559064704</coordinates></LinearRing></outerBoundaryIs></Polygon></MultiGeometry></Placemark>
<Placemark>
<ExtendedData>
  <Data name="COMNAME"><value>CALIFORNIA RED-LEGGED FROG</value></Data>
  <Data name="SCINAME"><value>RANA DRAYTONII</value></Data>
  <Data name="SPCODE"><value>D02D</value></Data>
  <Data name="VIPCODE"><value>V01</value></Data>
  <Data name="UNIT"><value></value></Data>
  <Data name="SUBUNIT"><value></value></Data>
  <Data name="UNITNAME"><value>STB-3</value></Data>
  <Data name="SUBUNITNAM"><value></value></Data>
  <Data name="STATUS"><value>FINAL</value></Data>
  <Data name="LEADOFFICE"><value>FF08ESMF00</value></Data>
  <Data name="COOPOFFICE"><value>NONE</value></Data>
  <Data name="COOPOFMORE"><value></value></Data>
  <Data name="FEDREG"><value>75FR12816</value></Data>
  <Data name="PUBDATE"><value>20100317</value></Data>
  <Data name="EFFECTDATE"><value>20100416</value></Data>
  <Data name="VACATEDATE"><value></value></Data>
  <Data name="ACCURACY"><value></value></Data>
  <Data name="SINGLMULTI"><value>SINGLE</value></Data></ExtendedData>
  <Polygon>
<outerBoundaryIs>
  <LinearRing><coordinates>-119.94266767066952,34.842028326743815
-119.93003956226092,34.81099163359793
-119.93076230476045,34.804809190029026
-119.92305818389207,34.802788128807414
-119.91740412071088,34.80157624590581
-119.91160116839359,34.80068994906241
-119.90186490548174,34.798529060938826
-119.89102042917018,34.79539623317957
-119.88216744183316,34.7936145401363
-119.87616465831277,34.79119120178474
-119.87519805361806,34.78979304262209
-119.8723568208551,34.78819180294284
-119.87212299395297,34.787569133128486
-119.87245865758449,34.78584894404753
-119.87228744988799,34.78564353517011
-119.86930823239574,34.7838500730779
-119.86678073151718,34.78290664552723
-119.86464854402159,34.78094682609337
-119.86537107806133,34.77918825633521
-119.86507009466402,34.77907360985396
-119.86938552916105,34.77777495196685
-119.86998261203686,34.777273984210744
-119.87118705573096,34.775210762792334
-119.87249755865476,34.773884352548514
-119.87328091969867,34.772680644440705
-119.87445283727925,34.77197027991745
-119.87619385001783,34.77157327732545
-119.87697096907344,34.77169657208693
-119.8786880903426,34.77237402825802
-119.88528322708348,34.774122247557365
-119.8895665099839,34.77469736361719
-119.89612131425804,34.77411261871507
-119.8987724426788,34.77277642002829
-119.90109099865197,34.77094807325964
-119.90246196106122,34.76702161660864
-119.90277293106017,34.764555279178666
-119.90166383915837,34.758452830127624
-119.90065955133359,34.75530182479127
-119.89983305674109,34.75381020467678
-119.89971419705023,34.75123001823123
-119.89729403081427,34.74721742042441
-119.89720871106977,34.7459913496413
-119.8964705744135,34.74366537359194
-119.89455435503473,34.74134956966432
-119.89496314176236,34.73941762164879
-119.89606000942327,34.73729599015577
-119.89691879728701,34.7344492229823
-119.89825905540539,34.73255411929422
-119.8993278736982,34.728832828933555
-119.90053427821601,34.72660228094237
-119.900231049126,34.72560206011617
-119.89945702118067,34.72408624411013
-119.89782168452277,34.722802755289756
-119.8975701791847,34.719867677947384
-119.89707433180641,34.717907845796745
-119.8914077120854,34.71821876882437
-119.89022327623391,34.71766079196985
-119.88860085253947,34.71587100214658
-119.88832733221511,34.71481418406565
-119.88752154372202,34.71374755355484
-119.88436575882092,34.711111334816145
-119.8818424061709,34.70959163621247
-119.87940051267839,34.70682340779681
-119.87792433119111,34.705887469003244
-119.8778504776763,34.704586747587356
-119.87804311197982,34.70405430767229
-119.87906914268002,34.703398876890674
-119.88263184466163,34.702575452862675
-119.88462557646487,34.70053247192951
-119.88494462247544,34.69889036928783
-119.88580417074782,34.69766715031797
-119.88988545486745,34.695190882695655
-119.89114723466668,34.69370027091191
-119.89214803651093,34.693437986232055
-119.8930192995138,34.692901082502054
-119.89139112429505,34.68940409902543
-119.89099923231258,34.687687527086666
-119.89160591070772,34.68645106045662
-119.89165900355245,34.68534132029844
-119.8893416276064,34.682223699622746
-119.88831486918978,34.67963177758133
-119.88943375433472,34.678960843115895
-119.88994464459847,34.6779478191602
-119.89004304263703,34.67693158307144
-119.88971416717474,34.67496279448662
-119.89109994780168,34.673100367151974
-119.89126430840359,34.67159150427635
-119.89404517243355,34.66927228851645
-119.89465406270881,34.668398965018184
-119.89330686806957,34.664816601597494
-119.89335916314866,34.66431044948691
-119.89652283599766,34.66278628609727
-119.8967291848682,34.662211574872444
-119.89614375350607,34.66054885856501
-119.89662604055522,34.66026634816417
-119.89713054364832,34.660324514744055
-119.89920291706093,34.661660547527724
-119.90076942229352,34.661891641067996
-119.90220130113198,34.66171831303249
-119.90567407157104,34.66044810042143
-119.90703260481342,34.65915103790203
-119.90864040729647,34.658690884199395
-119.91087432109022,34.65532065621432
-119.91080018957412,34.65482959628177
-119.90939767763678,34.6536553323882
-119.91023044810791,34.65236878858553
-119.91058203561165,34.65074007636325
-119.91301123171085,34.64827789811628
-119.91726024321635,34.647085602421576
-119.9180510737322,34.64710671895457
-119.92107180159378,34.64827468205068
-119.9209043900743,34.648746710286815
-119.92131799682163,34.64977123522952
-119.92420090871491,34.65116143620538
-119.92810742680946,34.653591929396974
-119.93075397045345,34.65371348268304
-119.93173975278587,34.653567106292115
-119.93223732750346,34.6531915287226
-119.93322455805043,34.65546544901423
-119.9361017192963,34.657462859865305
-119.94645786741678,34.658813770550424
-119.9489594041997,34.660480637880454
-119.95054402107978,34.66385698554873
-119.9524157135064,34.6657647406784
-119.95789435230384,34.66885340800684
-119.96226838027287,34.67242758888924
-119.96581760155654,34.67732869395986
-119.96773051093804,34.682381413818874
-119.97547681010391,34.682206733703715
-119.97509873641319,34.68271397408826
-119.97480060442382,34.684449836326834
-119.9724135473383,34.687584423361734
-119.97084134263918,34.6925012446023
-119.96930192242311,34.69518184723221
-119.96853131372173,34.696302404733856
-119.96487231642901,34.6993570499435
-119.96377127944692,34.700860346131215
-119.96406942077125,34.701583120496956
-119.96332769793028,34.70248377216872
-119.96333412003939,34.70309891041125
-119.96432504943891,34.70615068794672
-119.96434850586209,34.70705157811528
-119.96405218566912,34.70737467697155
-119.96293982083434,34.70749143688006
-119.96143684478629,34.70802809114113
-119.95970376629556,34.70952183012751
-119.9588868172821,34.71059809071798
-119.95786197408137,34.71121594604599
-119.95746425630115,34.711680595828646
-119.9566606453386,34.713937836174786
-119.95472341283848,34.71523153140618
-119.95362607516773,34.71756266627368
-119.9521896874914,34.71868366094029
-119.95169873701214,34.72030671205444
-119.95400204664448,34.72025811437532
-119.95668132170545,34.71987741746628
-119.95729310902468,34.71991452724245
-119.95914202055255,34.72061056357427
-119.96077842789084,34.72065702562177
-119.96484149451435,34.72273035189451
-119.9659148513468,34.72375429058726
-119.9677928478105,34.724839257541106
-119.96965175057787,34.72706772576322
-119.97018232761238,34.72845604405364
-119.97069666219214,34.72888943768463
-119.97100846036729,34.730809484385574
-119.97170108265402,34.731995138502924
-119.97298772802151,34.73300526244662
-119.97576138544305,34.73438139287689
-119.97829608846432,34.73754392568565
-119.97937175218257,34.73840360273188
-119.98132306426284,34.74076953776072
-119.98454381462783,34.74268265761479
-119.98505551709181,34.74337920045031
-119.98485112796398,34.74443654971797
-119.98296664757159,34.7476109354135
-119.98241366378105,34.74808834048588
-119.98373942094399,34.749914088436284
-119.9831242709067,34.75064291958151
-119.98210040324172,34.751044625989906
-119.9820514395686,34.751888535049275
-119.98343201767976,34.753820674700506
-119.98480089643436,34.755465761930736
-119.99394930060596,34.763628298593105
-119.99480315662575,34.765500402526115
-119.99913106710868,34.767378788226324
-120.00065646866652,34.76833087043166
-120.00342892156888,34.766516482162885
-120.00410678955869,34.76711016927737
-120.00582369086817,34.76780008223522
-120.00602101583614,34.768657838079
-120.00756483218817,34.77048278598928
-120.01035222292417,34.77526768641417
-120.01061179564475,34.77654965813034
-120.00996663462988,34.77779539388181
-120.01010637299304,34.77877728549216
-120.01594293762734,34.78135412575855
-120.01968508370459,34.78248042900701
-120.02019870481247,34.78281730584799
-120.02090659579055,34.7838458102005
-120.02692550281057,34.78537062070402
-120.03076860633576,34.78721269076659
-120.03194333843393,34.78804394383239
-120.03490666369285,34.788794147672746
-120.03698723476782,34.79020778952111
-120.03930371954719,34.790985390107885
-120.0402770625047,34.7916851606589
-120.04120116258976,34.79374207862106
-120.0422165568513,34.79494796252018
-120.04318988877296,34.79565023969071
-120.0431198404968,34.797761832551274
-120.04356766159718,34.799544430880516
-120.04305615153736,34.80242721943024
-120.04317721771152,34.803491819118925
-120.0447237197273,34.805491871737814
-120.0461068460123,34.806657030154554
-120.04625702485448,34.80711722624866
-120.0454384114709,34.80890480596128
-120.04567227340384,34.811267636260496
-120.0448738105491,34.812337088983305
-120.04374975240128,34.81301678028969
-120.04332158002934,34.8136061218365
-120.04281388607805,34.81674193965501
-120.04242431143284,34.81756800262813
-120.03754601199144,34.81995792365379
-120.03700020835838,34.82047155270405
-120.037058217655,34.82072094198281
-120.03876213065784,34.8224121905885
-120.03902826539306,34.82350656582643
-120.04027875183709,34.82504199005169
-120.04140662018798,34.82572957273503
-120.04198804387306,34.82641593564176
-120.04373996167985,34.82734394708646
-120.04658872952187,34.82763390514243
-120.05015201175549,34.8273151705879
-120.05131345139701,34.828002922109754
-120.05236196083756,34.82831491442444
-120.05621855693123,34.82910242340016
-120.05655348475103,34.82942372947281
-120.05658527361514,34.83000838225622
-120.0562225842963,34.83247840619651
-120.05674577230755,34.833479994321934
-120.05852328520682,34.83519510569348
-120.0596645503809,34.837722065926044
-120.05890038492926,34.83857285182212
-120.05836972359064,34.83996651660942
-120.0583261130585,34.84337683327675
-120.05872712281258,34.8454202171363
-120.05747866058661,34.84593604722382
-120.05573881606392,34.850252289127695
-120.05037872512607,34.85230148892259
-120.04704574438354,34.85679682617668
-120.03773855813363,34.85831361932646
-120.03224083746316,34.86107313817982
-120.03176338584724,34.86027124025897
-120.0297171698943,34.85863689142126
-120.02813335652964,34.856367353225025
-120.02665911783915,34.85585792088171
-120.02527385228832,34.85490960749887
-120.02305752115612,34.85227728613068
-120.02087445845521,34.851453490335196
-120.02050867312448,34.848713238535936
-120.01871757557385,34.84738940105553
-120.01862107313833,34.846012076188785
-120.01920198672107,34.84455272643883
-120.0185162971825,34.84253706697618
-120.01880843623576,34.841467628111005
-120.01818039320649,34.83808360996162
-120.01924972312338,34.835091997422175
-120.01585526799241,34.83677781335224
-120.0134533121329,34.837579807726605
-120.01192790183559,34.83862853666291
-120.00867522205154,34.839542265250095
-120.00657421798508,34.839746762412084
-120.00331484480844,34.83867777945643
-120.00249189396844,34.83876055693436
-120.0006810330475,34.83978211544336
-119.99961532778478,34.84091427461458
-119.99678253284358,34.84132856525582
-119.9944021704216,34.842540844894934
-119.99170554256322,34.845074655242676
-119.99052062290409,34.848282996712754
-119.98850054719355,34.85700420753045
-119.98701760052099,34.861371895552494
-119.98557603713647,34.86397125039944
-119.98339919457254,34.864856215279
-119.97657089836753,34.86664860206091
-119.97357910493794,34.868190754896276
-119.97358624382142,34.867517159816416
-119.97492106119388,34.8654941440213
-119.97691479508582,34.86330939351089
-119.97818788590412,34.8611756942741
-119.97876537505176,34.85854107632399
-119.97717992324893,34.8560312850999
-119.97487944089947,34.85416817048744
-119.97106728931054,34.85314121287515
-119.96654123782382,34.852280559319965
-119.95607595745572,34.84863700122877
-119.95051198661852,34.84609255116513
-119.94643719904303,34.84381455191554
-119.94266767066952,34.842028326743815</coordinates></LinearRing></outerBoundaryIs></Polygon></Placemark>
<Placemark>
<ExtendedData>
  <Data name="COMNAME"><value>CALIFORNIA RED-LEGGED FROG</value></Data>
  <Data name="SCINAME"><value>RANA DRAYTONII</value></Data>
  <Data name="SPCODE"><value>D02D</value></Data>
  <Data name="VIPCODE"><value>V01</value></Data>
  <Data name="UNIT"><value></value></Data>
  <Data name="SUBUNIT"><value></value></Data>
  <Data name="UNITNAME"><value>STC-2</value></Data>
  <Data name="SUBUNITNAM"><value></value></Data>
  <Data name="STATUS"><value>FINAL</value></Data>
  <Data name="LEADOFFICE"><value>FF08ESMF00</value></Data>
  <Data name="COOPOFFICE"><value>NONE</value></Data>
  <Data name="COOPOFMORE"><value></value></Data>
  <Data name="FEDREG"><value>75FR12816</value></Data>
  <Data name="PUBDATE"><value>20100317</value></Data>
  <Data name="EFFECTDATE"><value>20100416</value></Data>
  <Data name="VACATEDATE"><value></value></Data>
  <Data name="ACCURACY"><value></value></Data>
  <Data name="SINGLMULTI"><value>SINGLE</value></Data></ExtendedData>
  <Polygon>
<outerBoundaryIs>
  <LinearRing><coordinates>-121.56577334938606,37.13650353844276
-121.56460767830801,37.13771702799083
-121.56569754874965,37.139059751350956
-121.56564459980795,37.13971929472723
-121.56465048204537,37.14126206248401
-121.56568221088388,37.14349635960449
-121.56518929026849,37.14490326872373
-121.56524324461475,37.14702656876208
-121.56296547144343,37.15035192228038
-121.56267917985474,37.15155619432695
-121.56357239859864,37.1523871921711
-121.56580380733656,37.15302731842088
-121.56653251043821,37.15439481647054
-121.56684310104556,37.155617600836905
-121.56750413213709,37.1564977370805
-121.56827084847507,37.157196600825834
-121.57081486700257,37.158549983967156
-121.57286496850915,37.16022193595876
-121.5739194067117,37.1613635255498
-121.57440465044361,37.162834079138605
-121.57598626525434,37.164484548576965
-121.576107619959,37.164997477447265
-121.5730748455444,37.166198105348286
-121.57197939381868,37.16803031654937
-121.57193218409493,37.16863362020964
-121.57258193632455,37.170701031879126
-121.56989529579378,37.17331625704546
-121.57027704446347,37.17518428074581
-121.5708664901647,37.17613788237743
-121.5708323197613,37.177913122521645
-121.57019788850829,37.17859720202387
-121.5686655023634,37.1789549386904
-121.56745982044468,37.17880738845131
-121.56284758894752,37.17920660611251
-121.56163349252193,37.1803928849226
-121.55928618975601,37.181170981735825
-121.55765622615668,37.18265858893548
-121.55682454132693,37.1839666184891
-121.55474259357821,37.184815521477056
-121.55481101014779,37.186060116857696
-121.55413323417157,37.18810241513451
-121.5542248465502,37.18931802843569
-121.55341336250532,37.190457279172996
-121.55381633301181,37.19217253608925
-121.55264384964444,37.19298963635256
-121.55087175979861,37.19372055468324
-121.55076772471996,37.19409782534126
-121.55187828651171,37.19564824785235
-121.5562301873745,37.19680328236263
-121.5566594849182,37.19847376087037
-121.55766223559205,37.20004522092091
-121.5598329567017,37.20047279173669
-121.56167608625894,37.20114648998647
-121.56416735810049,37.202884853777206
-121.56643358150532,37.20524447592524
-121.56682350524966,37.205384358120135
-121.5683649001252,37.20510329407192
-121.5694823734489,37.20702094640558
-121.57158795687215,37.20848405873417
-121.57197085896456,37.20942153881244
-121.5726822723847,37.210146690107024
-121.57278425999671,37.211252075469666
-121.57242231742993,37.21170509899662
-121.57143792494504,37.2122272758134
-121.57116058635383,37.213332533562294
-121.5700680310498,37.2142521438854
-121.56896570798644,37.214540800639355
-121.5687721880124,37.215489323797286
-121.56825633164068,37.216303335649876
-121.56584816594021,37.21648367561022
-121.56504227011703,37.216041240394425
-121.56332304932967,37.21619385005962
-121.56126550473462,37.21585560001192
-121.55941315053398,37.21688087028356
-121.55891601759517,37.21757334328198
-121.55809726234065,37.21792601770615
-121.55529795238323,37.218187101070725
-121.55442350927665,37.2175477618353
-121.55289897926917,37.21870754529362
-121.55184923848492,37.22030121470355
-121.55176319732244,37.221170072552255
-121.54875031870195,37.22279826052302
-121.5485060628988,37.22349597558689
-121.54427717174183,37.226670768817186
-121.54285431524758,37.22741030896358
-121.53681368771326,37.22850068731694
-121.53621822316737,37.22813498330871
-121.5356365408884,37.22684119677072
-121.53479352237747,37.225904614978006
-121.53366769314832,37.22588382462179
-121.53255678105862,37.22537213542976
-121.53020468412689,37.22488102046868
-121.52831565916955,37.2236699128154
-121.5242908460188,37.222452517864134
-121.5236116036023,37.22207228935666
-121.52171350545058,37.22041035329644
-121.52140834689153,37.21971486260636
-121.51993130279935,37.21810551107828
-121.51883144803452,37.217686126893945
-121.51791781707924,37.21642291638836
-121.51549059696309,37.21717098462057
-121.51390303231669,37.21832051834497
-121.51245489268128,37.22214877227396
-121.50964685438828,37.2259439116965
-121.50708794580186,37.2278111498866
-121.50614839119274,37.229270718911195
-121.50403652552247,37.22995600682866
-121.50231662505917,37.23116939403467
-121.50083514454063,37.22978022769666
-121.49876948684762,37.22978332475149
-121.49773461449435,37.23053628301806
-121.49810492951096,37.23196511486519
-121.49726835072491,37.23338079584747
-121.49751896631808,37.23446558924099
-121.497057429607,37.23486979285634
-121.49709636094961,37.23535704363141
-121.49778124708554,37.235791539765785
-121.49847122455787,37.236945101661014
-121.49614394210059,37.23954048931237
-121.49438962736225,37.23982454976381
-121.49526020588443,37.24109303614523
-121.49454940437114,37.24202584200033
-121.49322617385836,37.24488192131125
-121.49349462328709,37.24566502532983
-121.49489944908642,37.24676444630561
-121.49516536864857,37.247364966263504
-121.49360966367695,37.249548833150875
-121.49344368444198,37.25017543701004
-121.49009916136455,37.2503422194016
-121.48897830121392,37.25081473351626
-121.48816516822151,37.25075249440071
-121.4869882917847,37.25028000982125
-121.48320993258699,37.25014147190395
-121.48128710692572,37.24888198043433
-121.47936774482238,37.248481000366596
-121.47858230807849,37.248096849600884
-121.47757756244248,37.246484086504154
-121.47622642323549,37.24517560242592
-121.47327787855122,37.24415734179348
-121.47218537116377,37.24266736050296
-121.47136935875157,37.24198530355563
-121.4702168663077,37.24141620201913
-121.46862705200705,37.241580256390534
-121.46800003661043,37.24074521682731
-121.46726085328194,37.24023312885141
-121.4648912918098,37.240006367747824
-121.46296619172676,37.24046356863757
-121.46130458982996,37.24035856678238
-121.4598325963458,37.24071793822685
-121.45870510892661,37.24056136862185
-121.45797342592365,37.24090553444324
-121.45689813038142,37.24327773153133
-121.45636903606476,37.24388376627738
-121.45231690554404,37.24650309356151
-121.45295480788829,37.248597984054726
-121.45295451651398,37.24944068156129
-121.454118186628,37.24994486593723
-121.45536831007993,37.251117143545464
-121.45604500039593,37.25135130439665
-121.45637526575223,37.25208797882174
-121.4560275760146,37.252653489957076
-121.455020645097,37.25326901513449
-121.45531634252724,37.25449188489749
-121.45443055611395,37.25517888528043
-121.45375329307346,37.25617724746657
-121.45450004379235,37.2570882932018
-121.45427440422431,37.25778164091352
-121.45453492215798,37.25851959262287
-121.45542040767481,37.25991695824194
-121.45592363813314,37.26016005682784
-121.45641019863541,37.26083795641675
-121.45614970125871,37.261548813615605
-121.45545490470055,37.261922806846094
-121.45481246929033,37.26190541808883
-121.45463888090583,37.263016211324086
-121.45389254146602,37.26387624244543
-121.4542394167609,37.264250306962545
-121.45439609182671,37.26537674937551
-121.45486486341106,37.26613324451352
-121.45444779236932,37.267053853830916
-121.45529888524804,37.26783337428791
-121.45533359919088,37.26858188272816
-121.45458713465766,37.269822745575325
-121.45318059984628,37.27004768021693
-121.4539794787555,37.271583596440315
-121.45423952335467,37.27296378572732
-121.45474331925166,37.27349310035889
-121.45477806379,37.27427541687632
-121.45403128119624,37.27494391329753
-121.45510812223688,37.27706257116607
-121.45509043744113,37.27772027194968
-121.45484780431774,37.27851925868585
-121.45430945436408,37.2790935544031
-121.45446550081482,37.27980536605752
-121.45526417599258,37.28015156098
-121.45639250705825,37.28106313510383
-121.45693095280146,37.2819669392071
-121.45859730428417,37.283363165499786
-121.45882296690294,37.28404888565161
-121.45939613026145,37.28453628273335
-121.45943080402279,37.28511581364855
-121.45901459637929,37.286097365303064
-121.45858026298137,37.28665276346856
-121.45764302741368,37.28714753641624
-121.45641015831191,37.28668752317869
-121.45604515611697,37.28633125906165
-121.4552295444547,37.28642872948134
-121.45394509738092,37.287459729353436
-121.45380556878308,37.28893602450347
-121.45305960405251,37.290246661653924
-121.45132327373318,37.29153983440527
-121.45021202065307,37.29178439890114
-121.44944845176035,37.291713556672676
-121.44885772448222,37.29201679516519
-121.44870160018866,37.29233921015204
-121.44899652025498,37.29397890989733
-121.44981249114481,37.29627221489982
-121.44875366535675,37.29725198122403
-121.44732976131598,37.29764342491371
-121.44673941606032,37.29816292608025
-121.44410088527162,37.29901371209328
-121.44361433228724,37.29898031361999
-121.4417222752208,37.298511470429524
-121.44066322116511,37.29775615806023
-121.43984724916497,37.29776341558543
-121.43901412816663,37.29672265824911
-121.43613142533877,37.295810280388444
-121.43347508382563,37.29663588210106
-121.43276382057482,37.29666249693631
-121.43107930170927,37.29733866489411
-121.42946518220835,37.297580845762994
-121.4268258659944,37.298935999298926
-121.4255235819737,37.298997547413066
-121.42313248829443,37.298614946169344
-121.42365518664421,37.2971091489048
-121.42349761151407,37.29641981231153
-121.42258056356948,37.29541839220161
-121.42276252539597,37.29428288666807
-121.41970186634283,37.29145251405873
-121.41779275968554,37.29037233668148
-121.4176346147198,37.289653758873364
-121.41606792976987,37.2885173272255
-121.41616389878645,37.287069857276045
-121.41670273305692,37.286164462106775
-121.41650890868569,37.28565049516656
-121.41547309048622,37.28480745694699
-121.41608972767582,37.28347715861507
-121.41747270052521,37.28325238439833
-121.41863773818545,37.28261674964404
-121.41950134931578,37.28030289374666
-121.41940721236955,37.27968427854235
-121.42229809205108,37.27754621194886
-121.42325836945452,37.27575868939878
-121.42336540066259,37.27520128551464
-121.4229167693572,37.274891115720614
-121.42185993857174,37.27281080634794
-121.42195538685613,37.27182063221217
-121.42152386248961,37.27115691069042
-121.42109026547232,37.2689992208263
-121.42216938944529,37.26896849456919
-121.42319738218573,37.2678443914512
-121.42351512384516,37.26696535786678
-121.42334274488128,37.26500944606054
-121.423773890696,37.26301884108107
-121.42339773387503,37.26283355429331
-121.42191825363801,37.26018873773372
-121.42278578949201,37.25948385610296
-121.42228961625779,37.258503763928296
-121.42070938225129,37.2568557090544
-121.41881115741238,37.256375126622174
-121.41755557936715,37.25577482976373
-121.41567059899306,37.25623851438275
-121.41313081720637,37.25592283936137
-121.41237049412439,37.25602308903224
-121.41165970042277,37.25569124265421
-121.40899199264331,37.255722957637985
-121.40883657988248,37.25531754065793
-121.40775943745585,37.25447394009648
-121.40701272361038,37.25409195277501
-121.40546253083106,37.253978736852446
-121.40414688992176,37.252692425108705
-121.40332425701878,37.25229598649208
-121.40198356552945,37.25184750993161
-121.40043225359793,37.251670982034874
-121.39819259186821,37.250782191866215
-121.39685691646314,37.25145576250898
-121.3957336355363,37.25238247099689
-121.39245718676746,37.25172445252747
-121.39259117301113,37.25115460073359
-121.39237201214407,37.25071673151582
-121.3912274593595,37.25012196095223
-121.390786802501,37.24900298474342
-121.39126215505861,37.24759441297928
-121.39122389340112,37.24631174871322
-121.39167858715678,37.24500884779637
-121.39178203963584,37.24339459453605
-121.39159802059449,37.24284231030554
-121.3894328140239,37.240888615209116
-121.38857223067949,37.239087741819475
-121.38952863092896,37.23774898542114
-121.38921620249995,37.23573690087515
-121.38996474241004,37.23414738455593
-121.38917089950979,37.23284091673307
-121.38693345129798,37.23203976431746
-121.38635984496581,37.23153853778142
-121.38533377932144,37.23049031576473
-121.38465231812076,37.22786045734905
-121.38265744535842,37.227346486240755
-121.38193833923097,37.22586296070969
-121.38048072694724,37.22546902746575
-121.37843913059827,37.224307680320535
-121.37777318854934,37.22424446432998
-121.37618035910592,37.22181171273677
-121.37548222082324,37.22128143859855
-121.37460126804962,37.22093826942192
-121.37354640763742,37.22108813387132
-121.37233778659693,37.22072454717993
-121.37156406034538,37.21969544153939
-121.37093877741415,37.21932399726134
-121.36983605962892,37.21875905560138
-121.3680085218564,37.2183079342217
-121.36658454541796,37.216699707926814
-121.36820614307204,37.21600561895745
-121.36878573038959,37.21535568004102
-121.3689064594162,37.214480818777744
-121.36815404208605,37.213127486941765
-121.36776074850047,37.21003966595708
-121.36728798795826,37.2089853561707
-121.36803243134663,37.206472006534035
-121.36904279632816,37.20543369060372
-121.37038142704395,37.204643221113216
-121.37058979308598,37.20399936967668
-121.37003107049196,37.20311967164021
-121.37012813563292,37.2020597278112
-121.37117799380243,37.200904750157356
-121.37111923915252,37.19953170607597
-121.36992793187835,37.19599352298977
-121.36831693812749,37.194258768102614
-121.36803713040167,37.19245451020676
-121.36822864648839,37.19168883353076
-121.3677326591624,37.19046525343607
-121.36686028139108,37.189326544141444
-121.36695931939579,37.186443779282726
-121.36480327218581,37.18421528323505
-121.3636454954285,37.18414693337905
-121.36128375465732,37.185006534262705
-121.35982542370459,37.18485113494321
-121.35937433986179,37.1846150559924
-121.35746420783826,37.184545758787095
-121.35519020489197,37.18369622263069
-121.35334974671385,37.18373149941542
-121.35192569247508,37.183425477457476
-121.34947814248959,37.18204614074271
-121.34836663243956,37.18051871232204
-121.34609235361934,37.17894798660973
-121.34546720038215,37.177914009530866
-121.34536335357099,37.17631724107961
-121.34503340528224,37.17604902311613
-121.34178635810134,37.17551007691994
-121.3393908177976,37.174798253639786
-121.33779329851806,37.173426121594446
-121.335831774309,37.17228093948982
-121.33411285341052,37.17253167926438
-121.3319423653274,37.16834837188318
-121.33013686978376,37.167705461010584
-121.32892129429155,37.1683395479251
-121.32649095163147,37.16858230499289
-121.32362631695753,37.16812266985538
-121.32281008104987,37.168201259953335
-121.32060509964447,37.16869499242994
-121.32008404226173,37.16914724523626
-121.31815734678412,37.16987696610019
-121.31671624792446,37.169980426507294
-121.31498009308062,37.16967629382268
-121.31367792505316,37.1715076280504
-121.31265371802412,37.171725153801404
-121.31220215969775,37.17164663030319
-121.3108482328836,37.17051866049393
-121.31018832843654,37.169425421636554
-121.30796595350702,37.1685127101228
-121.30655960194727,37.1684182257778
-121.30339999264339,37.16887769103712
-121.30122922478553,37.16830574995546
-121.29999669613728,37.16770672649597
-121.29777410138834,37.168192986511635
-121.2948055912205,37.17017145649887
-121.29447578667987,37.17077959230335
-121.29312172322048,37.17192496569045
-121.2931912859437,37.173338758366164
-121.29260050428948,37.17428555973603
-121.29216642137816,37.175899377526655
-121.29115955210752,37.1769687003519
-121.2895973214181,37.17762659129016
-121.28879875281204,37.17919907709894
-121.28772206502073,37.18026729730259
-121.28648918438617,37.18208133323455
-121.28596845230658,37.18244556819168
-121.28280908953577,37.18180264098786
-121.28237473861623,37.18158675724534
-121.28152430733512,37.18037121924791
-121.2790411418202,37.179163458895914
-121.27746153694432,37.177263529584096
-121.27510019933924,37.17519672804882
-121.27391910068559,37.17305244958493
-121.27259968852326,37.17207332462027
-121.27136724075582,37.1720034845788
-121.27034270556062,37.17139588972822
-121.2697871349719,37.17013726829324
-121.26714846170997,37.16623882491914
-121.26662743318657,37.16418078727307
-121.26471742153763,37.16290674623931
-121.26388173727373,37.16129294311528
-121.26001236080717,37.16068360974997
-121.25851905506067,37.15993608330611
-121.25693931882932,37.15964245682164
-121.25600210432955,37.15966015337664
-121.2534322813141,37.16024870573768
-121.25084571258945,37.16037045828265
-121.25042860179609,37.160267376048125
-121.24976868981904,37.159642497749246
-121.24780689893456,37.15904344717713
-121.245984254422,37.1594603926986
-121.24449112326344,37.15919937937277
-121.24221669481308,37.15915667416527
-121.24046310501816,37.15874756423817
-121.24022025831587,37.15826173825167
-121.24063650869736,37.15700388217784
-121.24053250286072,37.156603553719556
-121.2391263208212,37.15569259839833
-121.23987265961782,37.15167264435503
-121.23860490684122,37.15001574899558
-121.23896977903568,37.14839209087415
-121.23881356888852,37.14748166233463
-121.23815411649447,37.14715192379363
-121.23721630425331,37.145900932805475
-121.23617440196244,37.14537167951897
-121.23515040690084,37.14434698189273
-121.23367469026529,37.14214162740638
-121.23329224882399,37.1399818491469
-121.23025409468957,37.13940021004014
-121.22846581424085,37.13799452888731
-121.22697282183424,37.13735929313627
-121.22749343899076,37.13582360606466
-121.22719828504009,37.13466106636994
-121.22617396971786,37.13390437275076
-121.22567080133524,37.13279500383763
-121.22469805431855,37.132751190066465
-121.2226841302304,37.131170760703874
-121.22270174538212,37.13020664800019
-121.22332635585953,37.12921780333867
-121.22198977536775,37.12770840799734
-121.2218684969652,37.12672639339921
-121.22122601949062,37.12544145091899
-121.21968074135637,37.12332498510991
-121.21733676124957,37.12233433575147
-121.21692407686791,37.12180175146015
-121.21636328337611,37.12165048756651
-121.21389247991839,37.12171693828497
-121.2126871974635,37.12119849619276
-121.21217213612103,37.12070856997328
-121.21037909722446,37.12044259863087
-121.20841578604504,37.11910833394346
-121.20592695576023,37.11930947500589
-121.20369594495473,37.11906837043055
-121.20131786785814,37.1182210691079
-121.20051428532486,37.11950224897062
-121.19853271419085,37.1200648032213
-121.19792714437793,37.12054226097291
-121.19722947791946,37.121399144951845
-121.19699079188808,37.1226978730296
-121.19567663984368,37.12427093445319
-121.19020766711108,37.12807196784206
-121.18936151984047,37.12924658578862
-121.18544782516807,37.13148049475557
-121.18253494307595,37.13278094797766
-121.18129576418724,37.13254789491241
-121.17720686708904,37.132390531000105
-121.17446235440478,37.13154604137238
-121.17209811858098,37.13145319292812
-121.1698219553528,37.1308592625005
-121.16836892214043,37.130203781527285
-121.16723149772035,37.129248639490555
-121.1650899523485,37.12816556927392
-121.16356611810099,37.12708070258116
-121.16147128348847,37.127345652758414
-121.15821931272765,37.12815357459796
-121.15747660266413,37.12816685434044
-121.15502162256541,37.12743457990637
-121.15161604668477,37.12482866923845
-121.15125154569245,37.12413346899849
-121.14940001823925,37.12230422406983
-121.148819839099,37.119582382456
-121.14566471418136,37.11710391116862
-121.1484971589656,37.117405169802794
-121.14892476886644,37.11721582812297
-121.14532972157292,37.116339455116865
-121.14380120653007,37.11550432393569
-121.14319065085583,37.11462949041543
-121.14268450778812,37.11477261431593
-121.14139266823152,37.1143827700403
-121.14006363803306,37.112868450338446
-121.14026690787796,37.11252194860951
-121.13978124758192,37.11215415132372
-121.13988941717233,37.11162588372782
-121.13906074861369,37.11108319285783
-121.14008935728167,37.11053893005725
-121.13902058733318,37.11028735534715
-121.13921633790676,37.10914379086297
-121.13861265089668,37.1097649478054
-121.13753301304273,37.109164413610195
-121.13790114034349,37.10831159922913
-121.13712298190508,37.10820300195573
-121.1371461163689,37.10763956258805
-121.13652563787832,37.10721990402136
-121.1360616894277,37.106266173401245
-121.13618480417098,37.10606348055194
-121.13749031460135,37.10595111251299
-121.13857153795219,37.105086969195085
-121.13719755052527,37.104988577984315
-121.13689486381254,37.10419707813094
-121.13585321246836,37.104243869753496
-121.13550571259007,37.103087507371164
-121.13668637596842,37.10246801701857
-121.13841517581925,37.10210958673841
-121.13852855458795,37.10185750160394
-121.13652822121598,37.10117039416585
-121.1362683594501,37.10089580331798
-121.13761018358771,37.10051135208462
-121.13909622263424,37.100719368002224
-121.1407985965775,37.100479942908585
-121.14116210995213,37.10007334993414
-121.1402844152593,37.10000804290836
-121.13873826904003,37.09932111192162
-121.13914703083533,37.099077862910704
-121.13940667017171,37.098437508305395
-121.14023292321156,37.0984610721348
-121.1407766794575,37.09797627689801
-121.14134869839108,37.09810482380961
-121.14184785513697,37.09854987307625
-121.1427948630516,37.098431963420374
-121.14335342068588,37.09885752758871
-121.14400371975081,37.09871898647983
-121.1449622686363,37.09906695935971
-121.14720808054162,37.09833363107112
-121.14544505147387,37.09739429655438
-121.14543070593278,37.096888781124406
-121.14373808464842,37.096876266417674
-121.14317978241218,37.096542497931935
-121.14327000619431,37.09625098797807
-121.14381578954692,37.09620524966618
-121.14398048394553,37.09598956620214
-121.1432783359592,37.09508405228465
-121.14337482051263,37.09468276188802
-121.14396220882037,37.09463570874066
-121.1444682265054,37.09538924682712
-121.145227691281,37.09553853211511
-121.14604913797464,37.09450313820217
-121.14650959389705,37.094700212958706
-121.14670665852763,37.095360497474935
-121.14731182296266,37.0959628606227
-121.14789884038962,37.09558923223508
-121.14850021358704,37.09564548595054
-121.14871594863743,37.09538340421716
-121.14867388791903,37.0943932376516
-121.14901278730021,37.09422527558222
-121.15144794221398,37.09573033411765
-121.15194558954879,37.095778578555446
-121.15155411420062,37.09478280275373
-121.15282297820808,37.09434764482797
-121.15269386864198,37.09386397804503
-121.15387917842575,37.09371752023602
-121.15487842513339,37.09296732475128
-121.15525482292874,37.09223582969187
-121.1548832283923,37.092099989708494
-121.1544493097795,37.09231563372509
-121.15402917367032,37.09210203170267
-121.15353183380664,37.09236685755199
-121.15245305123462,37.09218389165054
-121.15228060654613,37.09106811928238
-121.15167429295636,37.09165071358246
-121.15095332086041,37.09195276980271
-121.15042506874107,37.091667313210124
-121.15047375167727,37.09071858130243
-121.14931738518042,37.09135955568116
-121.14784836496659,37.09159593703215
-121.14747289068522,37.09142953597092
-121.14729213586456,37.091095724703024
-121.14906013375298,37.090521746065775
-121.14936663981952,37.08948589368472
-121.14881863869508,37.088715701189095
-121.1509143952134,37.08880422658953
-121.15119550367842,37.08780200188598
-121.15241384417536,37.088131161025615
-121.15273140447204,37.08774929622083
-121.15347201042266,37.08762964744901
-121.15355669506917,37.08727253311469
-121.15451020343407,37.086339330191784
-121.15522782946536,37.086185663118094
-121.15559346187634,37.08630180897194
-121.1557565588084,37.086872370932916
-121.1569104617953,37.08696460599921
-121.15630702381156,37.088174310654686
-121.15722165595604,37.08808443406552
-121.15788914673709,37.088633913147426
-121.15819790798214,37.08738574355403
-121.15991112739299,37.08750939771919
-121.15987876544503,37.08694290716833
-121.15909318213525,37.08662485626667
-121.16034148280758,37.08479170751344
-121.16034995078651,37.08431661481233
-121.15994203408353,37.083796034293975
-121.1601188788941,37.08357388279219
-121.16104834786746,37.08379513946992
-121.16269746031651,37.083492024977694
-121.16334750402194,37.08363952376397
-121.16420690005666,37.08413943316903
-121.16475731515277,37.085132698725346
-121.16506310869582,37.083700031034795
-121.16600997719539,37.083078950669275
-121.16739114471194,37.08388235279334
-121.16764610784938,37.085364342387514
-121.16875968246399,37.08466962643578
-121.16930685896253,37.084646248894245
-121.17223973828459,37.08561600980758
-121.1722313435189,37.08587517637913
-121.1728222330374,37.08569032024377
-121.17428361782204,37.086136557668745
-121.17508558124365,37.085907290268636
-121.1750877795503,37.08496076206646
-121.17724217465594,37.083318227984286
-121.1768683521958,37.08318606334053
-121.17578789309995,37.08354764143509
-121.17354160654384,37.08326303946817
-121.1719804565068,37.08277012137682
-121.1713312591595,37.082314094288435
-121.17075606564451,37.082345840544384
-121.16944241889813,37.08124224242708
-121.17000024189439,37.08096417120957
-121.1712886741611,37.08130861318246
-121.1736613973159,37.080454808061
-121.17478981114093,37.08035551384852
-121.17601969224214,37.079468814469
-121.1773868957825,37.07951916611485
-121.17675880093829,37.07882453981327
-121.17537424847488,37.078676299857335
-121.17311573609896,37.07941022447932
-121.1728563989223,37.07844652591995
-121.17115668636376,37.078313929274046
-121.16981421981586,37.078768919376834
-121.16854236546806,37.078765268887174
-121.16832564091598,37.07852265502039
-121.16939382796733,37.077665518702894
-121.16915544760043,37.0771092100128
-121.16958226394337,37.07622597821879
-121.16910306912263,37.07634498406755
-121.16867648594427,37.07614400816434
-121.16795620270645,37.077354926106025
-121.16722381915973,37.077201021818624
-121.16575392979735,37.078890713994646
-121.16573263301802,37.079187822298614
-121.16511114671435,37.07913810925713
-121.16506577770727,37.07867795250316
-121.16569320321646,37.0777252908519
-121.1654691753001,37.07656779537581
-121.16440655038447,37.0769075171252
-121.16391554042796,37.07735767747817
-121.1626292205612,37.0763365360953
-121.16218055846717,37.07631843333613
-121.16220612784002,37.07548505118791
-121.16193879968215,37.075314896288766
-121.16089060601607,37.07535037660203
-121.16004745332773,37.07597666068299
-121.1594987988951,37.07530815874065
-121.15886676155579,37.075302657443615
-121.15778566238599,37.07487860264524
-121.15675655789771,37.074907534473624
-121.15654500123505,37.07433196155804
-121.1575811754256,37.074397500944045
-121.1586948495934,37.07400694518752
-121.15984262637556,37.074515741632375
-121.16139716138905,37.07422706207149
-121.1624275332447,37.074430241231966
-121.1626381602014,37.074793470769855
-121.16379764313928,37.07525980073079
-121.16526074376748,37.07495397233464
-121.16645391325504,37.0743160612771
-121.16705225267822,37.074328179145475
-121.16653167777795,37.07365767609526
-121.16496719632774,37.074178614110295
-121.16370378157198,37.07369440588358
-121.1617143275654,37.07206651828726
-121.16253196404583,37.07147280395884
-121.16355100749587,37.07159960995518
-121.1666078445013,37.07049266721113
-121.16717955131328,37.071410154901166
-121.16784889420138,37.07193615541039
-121.16830439996727,37.071965907552
-121.16903132254512,37.07155297954624
-121.17082761276376,37.07277328735981
-121.17096738238637,37.07321276121522
-121.17066099538042,37.07444927855742
-121.17097175646457,37.074661229428536
-121.17102945949108,37.07409652293967
-121.17274570167523,37.0723944902292
-121.17229283158699,37.070427709296624
-121.17271359699048,37.070249029374565
-121.17357749758665,37.07061387297544
-121.17318638587135,37.07161548608462
-121.17416222169587,37.07330627305347
-121.17486900175501,37.07348463737947
-121.17587221064888,37.07447513304098
-121.17582795360057,37.07531952865169
-121.17692674564628,37.07521059597343
-121.17718813660258,37.07550040767811
-121.17750680221829,37.076433777589884
-121.17710283208564,37.07675450188338
-121.17708972317592,37.077360099199886
-121.17774651781983,37.07750745233243
-121.17840924104084,37.07695030898407
-121.17893463608338,37.07691086600643
-121.18122079030347,37.07766281114282
-121.18319343209751,37.077965245536696
-121.18392760245632,37.07845009387399
-121.1840493696211,37.0780260230736
-121.18121258664738,37.076274689075156
-121.1808683924748,37.07644905300685
-121.1800675599074,37.076094390157266
-121.17965803053796,37.07554964218599
-121.17965775377674,37.07495043280884
-121.17900975417194,37.074428785312676
-121.17913990856958,37.07352505530149
-121.17783752040779,37.07278672728859
-121.17691755344681,37.07121329085062
-121.17719032639603,37.07079314270408
-121.17791384797991,37.07081563315932
-121.1794218870087,37.07181557262229
-121.17912368544712,37.070823453021816
-121.17676596204983,37.06972129439365
-121.17695182226987,37.06943337743662
-121.17903465805301,37.06915898169481
-121.17882477155051,37.06870046125392
-121.17987385294632,37.06807909543304
-121.18137236414394,37.06818299159732
-121.18388604685714,37.06945444786738
-121.18504018037622,37.0702220937698
-121.18521794498535,37.07071149944713
-121.1857401139502,37.070323073663424
-121.18722446456643,37.07031183396808
-121.18792811502972,37.070649356407245
-121.18822608736907,37.07118802304916
-121.18971519374443,37.07155099332474
-121.19082287958706,37.07215169034822
-121.19304547817767,37.072663797948074
-121.19036533367083,37.07141669556893
-121.18977314617138,37.070792838772476
-121.18877094475855,37.070524878657885
-121.18919089912951,37.06993854257541
-121.18800781875457,37.0699135479047
-121.18795490288211,37.06912684072932
-121.18575238404173,37.06930896294682
-121.1848293742801,37.06819537625389
-121.18437205823766,37.06862813669097
-121.18316946260168,37.068434102977896
-121.18253017340768,37.067741444559005
-121.1824315203353,37.06719445376672
-121.18197788490755,37.06699569236711
-121.18012917315649,37.066609207251155
-121.17889801393054,37.06718282896949
-121.17839672141838,37.067177891746944
-121.178164086952,37.066557579574415
-121.17747750839338,37.06731205013953
-121.17631292093873,37.06774918671539
-121.17555019066016,37.06795375640769
-121.17485006295708,37.06776991815744
-121.17431075472287,37.06683506574181
-121.1747423442357,37.066414266520965
-121.17428956447918,37.06612725476625
-121.17428432695205,37.06506383472674
-121.17387250221844,37.065158788437216
-121.17346340961002,37.065798874792094
-121.17296711676451,37.06567873202293
-121.17287556643068,37.066238362674156
-121.17220988460097,37.06674876397213
-121.17144905954459,37.06627493022233
-121.16764970289911,37.06669203477026
-121.16665313232669,37.066489482905844
-121.16659002226864,37.06597453359698
-121.16713620329344,37.065530144380375
-121.16818652244402,37.064911610786744
-121.1699150498274,37.064383600230016
-121.16918545300766,37.06395801404005
-121.16925493101458,37.063278057744114
-121.16938874128294,37.06312287808845
-121.17052263868256,37.06332046916292
-121.17094399801489,37.06296634785567
-121.17100147246512,37.062313499560354
-121.17198028758214,37.061957462811044
-121.17294405800398,37.062084662804175
-121.17364906257198,37.062444819144304
-121.1741000822557,37.06189962902385
-121.17606341829807,37.06198817208564
-121.17707189228499,37.06165696299637
-121.17892556360435,37.061647578295485
-121.17877203059594,37.06141068144345
-121.17947947120317,37.06120305450699
-121.17614539554538,37.06117671709479
-121.1751994743188,37.06082170033923
-121.17243838503158,37.06063038440086
-121.17211641771608,37.06005501265023
-121.17378643991329,37.059173053802276
-121.1737744764261,37.05898599224445
-121.17212353029176,37.05905986048161
-121.17166470439254,37.05859478569611
-121.17155960818224,37.05777351047341
-121.17128392103764,37.05756655679566
-121.17141052586278,37.05840202944564
-121.17099714130947,37.05926981700647
-121.17050628177502,37.05942401887824
-121.17052874171918,37.060148055742
-121.17002148898476,37.060557003884234
-121.16915639434077,37.060767039842794
-121.16923714459344,37.061329470846445
-121.16797060132649,37.06179360715071
-121.166949398624,37.063127957456956
-121.16617685253273,37.06328223681077
-121.16502928972339,37.06277342856256
-121.16482788924772,37.063448420140844
-121.16528972094602,37.06425811784595
-121.16438058735497,37.065120831530756
-121.1635250462657,37.065075232025805
-121.16285493197627,37.06551814677299
-121.161730180988,37.06583687573806
-121.16061963030627,37.06598626993114
-121.15995159566535,37.06575704561395
-121.15895525952021,37.06615363952045
-121.15831112666785,37.06527821817205
-121.15722582605683,37.064788549232986
-121.15672499063996,37.06540522112174
-121.15566697626132,37.065595457555034
-121.15539578612032,37.06435651296201
-121.15447247202232,37.06422786364784
-121.15377548110239,37.06468265609417
-121.15368289735297,37.063336750274644
-121.1510078745809,37.06051606853072
-121.15048739815923,37.060357337135876
-121.15037960260811,37.05978348799586
-121.14922315459376,37.05935108778721
-121.14891608885236,37.058487676621944
-121.14901577649654,37.05644798128657
-121.14969911370063,37.0548021601239
-121.15049100153216,37.054222270363525
-121.14885995595053,37.05360194048704
-121.14814074816042,37.052141469979425
-121.148202311044,37.050928107553325
-121.14852483068313,37.050736966335094
-121.15007343647609,37.05067791171634
-121.14866731287688,37.05010846945265
-121.14734439838132,37.04915948925957
-121.14725287644784,37.0488383086003
-121.14832753669789,37.048570595930144
-121.14699923536362,37.04703770172961
-121.1473191072597,37.046301356235666
-121.148081952325,37.045818057573456
-121.14766588504284,37.0452570940819
-121.14797400199271,37.04493563641396
-121.14867874426739,37.044705655076996
-121.14923416106328,37.04479749248519
-121.15004457778421,37.0438862919697
-121.14949138543899,37.04364514257414
-121.1496843857717,37.043152937124525
-121.15102414061107,37.04196317946319
-121.15223504327463,37.04169593746947
-121.15350667630729,37.040323216177306
-121.1520675520687,37.04045864360855
-121.15158166954298,37.04019435839232
-121.15138521954137,37.040533651406825
-121.1505590793871,37.04069636360895
-121.14939212417828,37.04021915156615
-121.14851125089089,37.04078640178228
-121.14832378474799,37.03956187763688
-121.14755916066102,37.039331760151036
-121.14644593008933,37.03823496243607
-121.14853015555445,37.03817708117641
-121.14910601964976,37.037764817330945
-121.14901173616055,37.0371917469484
-121.14781545088833,37.03678312428931
-121.14752588250266,37.03646926893504
-121.14884215348555,37.03603277002226
-121.14828257829616,37.03529142734606
-121.14934809935934,37.0342086459854
-121.1497331336099,37.032132928623554
-121.1494252431267,37.03135316580802
-121.15011645418707,37.0303163122851
-121.15117338701957,37.02941536433066
-121.14985299019985,37.02949654703631
-121.1494071832621,37.030088341616924
-121.14808229701988,37.03099369155067
-121.14745187905316,37.031215713010766
-121.14697752234476,37.03081901269964
-121.1456308907611,37.03169663995624
-121.14323366618684,37.02980512621525
-121.14171892357345,37.033726240225235
-121.14117829066653,37.03266620094028
-121.14108230987684,37.03137513424223
-121.14080228705207,37.03109617471886
-121.13957730895682,37.03145973298213
-121.13876134690095,37.03087916695404
-121.13890779465889,37.0299150792736
-121.13830669709391,37.029766064680096
-121.13751032917496,37.02996087532345
-121.13685966882039,37.02959190057634
-121.13666964457659,37.02923116668294
-121.13730684915548,37.02810760551315
-121.13612088480207,37.0278454603295
-121.13590372020134,37.02657804017671
-121.13505765633585,37.02675890063415
-121.13477395181064,37.02623169965986
-121.13294008094262,37.02562567024809
-121.13265116288834,37.02391990020144
-121.13458173562285,37.02294778456157
-121.13486892697257,37.022429537302756
-121.133545811057,37.02285062581815
-121.13306779341956,37.02280029131943
-121.13293152359317,37.022421044016745
-121.13243234532727,37.022537354360956
-121.13146302873234,37.02313048796381
-121.13102140332118,37.02408571109672
-121.13023105058022,37.0243802271267
-121.12951869831602,37.02401454042481
-121.12938476127887,37.023260061911735
-121.12869640685498,37.02284550171894
-121.12851074611918,37.02073837052143
-121.12960723195448,37.01961589556866
-121.12790515570518,37.019525935962456
-121.12755276745864,37.01929444491449
-121.1269150279331,37.0184961750732
-121.12702039898463,37.01793644353007
-121.12749338024626,37.0177276924914
-121.126995541821,37.01687502587803
-121.12834153327485,37.01618205249292
-121.12954435177161,37.01600241494675
-121.12975981839607,37.01573312425557
-121.1294840441235,37.015431674631564
-121.12796428944682,37.01518429060434
-121.12628679204292,37.015202883074785
-121.12553004083782,37.01461175270522
-121.12493907742324,37.01538934289341
-121.124021781114,37.0155275723666
-121.12339639786848,37.01473366477914
-121.12341537865821,37.0135890298956
-121.1226421983156,37.013838348811824
-121.12102079463727,37.0132427787309
-121.12102817534114,37.0130286069041
-121.12327347505367,37.01228038447069
-121.12377701025902,37.011880662981554
-121.12307036620398,37.01154004685488
-121.12289894532375,37.01053490912189
-121.12239869258669,37.01065751418115
-121.12105605679263,37.01046951977866
-121.12150166376688,37.01000561782227
-121.12166815242111,37.009373336079555
-121.1227444904209,37.009363164512074
-121.12288448052334,37.00918007172234
-121.12187485464997,37.008713682831385
-121.1223818442184,37.00814474683562
-121.12121855052033,37.007975794624464
-121.12067304000261,37.00768319684557
-121.12057497945314,37.00732508238451
-121.12090780627516,37.00704218809001
-121.122134904429,37.007044094315916
-121.12167810532404,37.006626390521674
-121.1218339506593,37.006261450077396
-121.120614177788,37.00627837961757
-121.12039065345779,37.005884616991885
-121.1211101552609,37.00418820093856
-121.1217355319846,37.003867396685614
-121.12156183883765,37.003501913799994
-121.12173701516195,37.00311879637223
-121.1225298644839,37.00218101825182
-121.12292607023524,37.00214845325898
-121.12525689000532,37.00301892856496
-121.12567903529639,37.00296270207306
-121.12409843014719,37.00191517455995
-121.12448282977013,37.00113504303714
-121.12277942481283,37.00076702799571
-121.12348842547895,37.00012961091013
-121.12284630152921,36.999448321744765
-121.12319782753306,36.99912468718023
-121.12297974300624,36.99751268824865
-121.12314730195834,36.99592220484987
-121.12420643376035,36.99543442283496
-121.1234194496266,36.99494161916689
-121.12325699954795,36.99391573086345
-121.12402254573254,36.99308792392831
-121.1243565315964,36.99209958041055
-121.12559113445461,36.992267825427476
-121.12545394446383,36.991902916044985
-121.12485302737534,36.99161353359875
-121.12520938278999,36.99051068414257
-121.12619813640208,36.98920846966486
-121.12685783943569,36.98688904185486
-121.12771086188002,36.98614050986626
-121.1294291140356,36.986080036713396
-121.13304378844457,36.987259365562934
-121.13460306385566,36.98830430693989
-121.13624053425526,36.988704343175975
-121.1382653416227,36.99024144817104
-121.13961544948268,36.990385947193374
-121.13865955970866,36.98974732664861
-121.13888270375304,36.98909465418623
-121.14457900367826,36.983553474403024
-121.15031764978193,36.98018616505953
-121.15362812402748,36.979409113688504
-121.16214354012344,36.97904800615315
-121.16976001365168,36.97824810200883
-121.17288786612983,36.977108771261356
-121.17878293059519,36.97160979563242
-121.1800710996502,36.97002524073174
-121.18029871792628,36.968533950253885
-121.17996611202484,36.96740516151067
-121.1817462917889,36.966576166419685
-121.18361396135612,36.96472755498082
-121.18654469791366,36.96411882937715
-121.18951425542842,36.964621775734436
-121.19216732094166,36.96467164186893
-121.19295372795224,36.96446489165922
-121.19396981080816,36.96370341511979
-121.19544125800248,36.960929220269634
-121.19560549747294,36.95971920429319
-121.20002027832327,36.95830618084377
-121.2010177895788,36.958512940504335
-121.20244113773185,36.95939733745189
-121.20315921281474,36.96063891243155
-121.20757508153315,36.95830521400643
-121.21004604396585,36.95780854771288
-121.210944173066,36.957281209449064
-121.21157188245711,36.95720082350382
-121.21321960204806,36.95581301814016
-121.21403544007268,36.95385144586154
-121.2162053581044,36.95215814987652
-121.21634454462789,36.951698288897205
-121.21610152325195,36.951133603745504
-121.21821955616564,36.947835081735434
-121.21953945619131,36.94709781836559
-121.22193536871286,36.94518018469426
-121.22294214178342,36.94495416650561
-121.22452203463747,36.94507473780987
-121.22558147670179,36.94466694447719
-121.22782059347801,36.94238410200311
-121.2281853039413,36.9415175103785
-121.22922734240902,36.94091797018184
-121.2306159825951,36.93826177401506
-121.23065074679148,36.93700271522973
-121.23028651566064,36.93657820795763
-121.23046014216578,36.93577860697112
-121.23134542607482,36.93430463595187
-121.23339397522635,36.93199406502585
-121.23339587473737,36.93040505863365
-121.23842694456393,36.931037095150906
-121.241404212114,36.93213789575353
-121.2433024487772,36.93236454160998
-121.24614052052888,36.933609722626436
-121.24699852579424,36.93471545729437
-121.25055636520455,36.93561915770787
-121.25158319655229,36.936452244911095
-121.25245546191552,36.93630091038557
-121.25453975733669,36.93675299800585
-121.25561552208296,36.9365994878754
-121.2559202651611,36.93789095045385
-121.25685680680942,36.93903809013835
-121.25823440243533,36.939322152692625
-121.26012569524151,36.93884054729403
-121.26107012801735,36.939717653200326
-121.26231986503528,36.94042055577046
-121.26237034899934,36.94095261290608
-121.26147944689552,36.942290095727365
-121.26216468583087,36.944615761173665
-121.26472446264727,36.9470663931906
-121.26433633877544,36.94787036913499
-121.26461866509851,36.948410778282366
-121.26632051527746,36.9484331134403
-121.26809910511066,36.94961524593199
-121.26789830846386,36.95132869140421
-121.26820693621,36.953241800008556
-121.2692396128116,36.954062086154046
-121.27009632860766,36.9556606782528
-121.27057246448933,36.95776542598513
-121.27162773340521,36.959394354193314
-121.27366859375825,36.96036574286812
-121.27546161623889,36.96345593055265
-121.27549249947148,36.96509034690144
-121.27822983882504,36.96639613347058
-121.27863350106618,36.967123228563764
-121.27966567921742,36.96749448354098
-121.28094095478059,36.969605890047184
-121.28129671001682,36.96996010964692
-121.28223706326469,36.9702198690013
-121.2835964388306,36.97164289665703
-121.28327407186879,36.973738228379375
-121.28332388567537,36.977880889932536
-121.28457779797738,36.9791134337273
-121.28785452125406,36.98001004603415
-121.28902970689823,36.98070989322115
-121.28903449413515,36.982782775211994
-121.29010918049178,36.98537577885304
-121.29686316601861,36.98364852732699
-121.29822824190302,36.98353463586331
-121.2995899725545,36.98394435893843
-121.30004665217987,36.98387462043201
-121.30050047377601,36.98363298096964
-121.30113212565807,36.982740749819705
-121.30294577622297,36.98175906936972
-121.30337402300032,36.980945534174026
-121.30320031021284,36.98006838782809
-121.30422466244691,36.977480352736436
-121.30556796076839,36.975519446069164
-121.30518287484749,36.97464828135237
-121.30546679379522,36.972708086989506
-121.30620938744093,36.97154011855316
-121.30679066429056,36.97119273870729
-121.30724171808902,36.97119409723515
-121.30791620033212,36.971819142182746
-121.30995089392432,36.971668068361836
-121.31090586611442,36.97198859315868
-121.31153073056201,36.97279685168923
-121.31220879491241,36.97323471881215
-121.3143923107836,36.973037780903645
-121.31566510157917,36.97241369348988
-121.3171276729852,36.97242087696332
-121.317538156091,36.973517567395156
-121.31926006830899,36.97601583477817
-121.32036757069632,36.97675752830101
-121.3228057010498,36.9776750873241
-121.32387877046169,36.97946797979021
-121.32648588237862,36.98064716948229
-121.32845455770526,36.983527668796405
-121.3297766226085,36.98404187278497
-121.33183110669835,36.984235684755596
-121.33298320865268,36.985450872480826
-121.33379207925452,36.9859555412378
-121.33409406819968,36.988093485290264
-121.33390381470878,36.98955767062266
-121.33484820192076,36.99143197001481
-121.33739611456558,36.99164797308951
-121.34254221198933,36.99052104099392
-121.34366980266776,36.99046062526135
-121.34446245678303,36.98973004449011
-121.34633687155113,36.989524356003656
-121.3476619713757,36.98874096939535
-121.34789183035556,36.9878737112083
-121.34943412468635,36.988105438955856
-121.34981118522586,36.98747942849522
-121.3503528359047,36.98719161186819
-121.35059392387417,36.986255897105195
-121.35222695501795,36.985522936784875
-121.354962035721,36.9851965935023
-121.35582821077182,36.98443276058764
-121.35867007539404,36.98366157438078
-121.35906218587249,36.98338084110902
-121.35919350386546,36.982796342881095
-121.35825108133656,36.982503895730694
-121.35606722942377,36.98023639312318
-121.35456055326321,36.97940694199914
-121.35502252125448,36.9774906628827
-121.35599665486232,36.97697927434752
-121.35554976041533,36.97620885683529
-121.35443892273862,36.97561956592005
-121.35413597917861,36.97484208765441
-121.35406378819658,36.97218421547553
-121.35491937805062,36.97089416440385
-121.35435678084366,36.96937463256409
-121.35461821147358,36.968452097279844
-121.35450247743728,36.967073247588594
-121.35506573007002,36.966488318805276
-121.35603525376669,36.96610561266056
-121.35978194028971,36.96583963197346
-121.36063787166549,36.96558330820939
-121.36390258920439,36.96271975666131
-121.3642894829663,36.961593314704544
-121.36571464522797,36.9607185885523
-121.36615519038924,36.95857123851831
-121.36640398820329,36.95858278329376
-121.36701720679434,36.959219942708856
-121.36867139436565,36.9626315263783
-121.37166317356782,36.964986682769684
-121.37239952951775,36.96595979047407
-121.37264186553301,36.96679373838473
-121.37221533801089,36.96871235907269
-121.37036691370494,36.970257920477266
-121.37003192238575,36.97096083718607
-121.36945796920976,36.97506032056885
-121.37017900998205,36.97798602941965
-121.37198502434269,36.9818645753502
-121.37257323960432,36.98533522285775
-121.37269728803386,36.99020672365484
-121.37316315064643,36.99263333723404
-121.37219783597085,36.99483592050244
-121.37396136367126,36.99659360796435
-121.37474884053852,36.996085262642005
-121.3756541783593,36.9969875518508
-121.377397676415,36.997166821447216
-121.38008932456023,36.99474247132549
-121.38459169908396,36.989305094668204
-121.38546933615196,36.989483742760086
-121.38413805713265,36.987210970621966
-121.38356500405177,36.982996094544546
-121.38264394128969,36.98147370272561
-121.38166525551915,36.980617774671835
-121.38118744442299,36.978840042987244
-121.38175751218529,36.97647252776793
-121.38341121450016,36.97356870822291
-121.38288069337241,36.97062918223389
-121.38293953452565,36.96971976642119
-121.3850031228337,36.96765056265657
-121.38485362761713,36.966855199591194
-121.3839884297949,36.96536540946367
-121.38348561199246,36.96320649836174
-121.38357326932714,36.960546759563336
-121.3840395695778,36.959777459780085
-121.38546941082551,36.95917327252967
-121.38586045117847,36.95878357642474
-121.38367097630221,36.95695841601834
-121.38341976333449,36.956380101864596
-121.38350347839908,36.956036312078574
-121.38399088739412,36.95587225962752
-121.38616047134181,36.955935147219826
-121.3867189287579,36.95565870002255
-121.3866900316728,36.955433189745236
-121.38522347173317,36.95494014318673
-121.38462681689712,36.95386383892802
-121.38372842618327,36.953567496287384
-121.3827567367969,36.95233360357044
-121.38259595646667,36.951224301835516
-121.38292924039257,36.950569021209375
-121.3835253201704,36.95019859105321
-121.38564030768696,36.95004702937317
-121.3872811260469,36.95023387897249
-121.38924998670186,36.95063912837313
-121.39144090725027,36.9515051063791
-121.39321339396349,36.95175422544082
-121.39445816938303,36.952352266458526
-121.39599970078282,36.95202372689808
-121.39711671925967,36.952099707764255
-121.39911432624844,36.95271947942926
-121.40086510792672,36.95373710409492
-121.40177602721445,36.95519383337609
-121.40462447484451,36.95729878145278
-121.40679687516266,36.959630358432165
-121.40887937673295,36.96032543874544
-121.40959882214767,36.960790170164714
-121.41034818345929,36.96171066708377
-121.41194669000645,36.96262471252762
-121.41371303457477,36.96306887277729
-121.41407836291576,36.96335777800066
-121.41412143527936,36.964821167710916
-121.41500573964154,36.96670098970466
-121.41503249071425,36.967476202778585
-121.4142766413404,36.96796390282483
-121.41211665303713,36.96722752204759
-121.4130156221673,36.969112595332895
-121.41535576014392,36.96973160289273
-121.41579094192016,36.97026266897262
-121.41578396620744,36.97085475127689
-121.41388124139263,36.974216374341225
-121.41421483402489,36.974969091416874
-121.41532376031908,36.97519521474946
-121.41659285345354,36.97411297049352
-121.41816213798023,36.97338343464969
-121.41958956908137,36.973496828969246
-121.42128907044858,36.974617324693355
-121.42190809517575,36.974692712959
-121.42220288904076,36.9743364551604
-121.42223320915623,36.97360913202282
-121.42306300343841,36.97304767279872
-121.42686505286262,36.97284364873504
-121.4305266435713,36.97229479628763
-121.43265684287105,36.972566924680926
-121.43037117275536,36.97479077439516
-121.42874764053347,36.978013399295854
-121.42769227531892,36.98088276521155
-121.42719667206885,36.98617825919226
-121.42723818451988,36.98892370861544
-121.42589831432181,36.99133493286044
-121.4240197399381,36.99382725305206
-121.4232198487192,36.996177978522084
-121.42342305186227,36.998668642880745
-121.42376589940736,36.99966955953276
-121.42364130507143,37.001003586026364
-121.4239679265123,37.00167714831036
-121.42571897290432,37.00322801354057
-121.42814522885655,37.00399688155291
-121.42947877838516,37.004947213690464
-121.43339068001839,37.00547046976765
-121.43385409875559,37.00634662396639
-121.43528256678331,37.00737215338048
-121.43595795076409,37.007316327878904
-121.43678803464692,37.0065153521574
-121.43774295510508,37.00612681186754
-121.44117588336864,37.00667002225239
-121.44168583457663,37.007209090945686
-121.44172638234303,37.00780151725096
-121.43943676040071,37.01015788381923
-121.44190701468067,37.01126517240382
-121.44435725773165,37.011378434721365
-121.44718849527972,37.01275655873018
-121.44755375587805,37.01379131235406
-121.44938463597576,37.01488283330605
-121.45065154435954,37.01685762660693
-121.45123998107844,37.018544628228206
-121.45110962907202,37.01885129117032
-121.449782594068,37.02021346337157
-121.44801239246776,37.02041775397022
-121.44740134686369,37.02172533389717
-121.44856950962468,37.02135119143936
-121.45018728603695,37.021829889042
-121.45084382884819,37.02290156202988
-121.45128438188685,37.024335768815746
-121.452190821079,37.02504898103633
-121.4530189114408,37.02502352758815
-121.45713406812992,37.02598714292183
-121.46150828882149,37.02753584759933
-121.46228207088934,37.02761179773996
-121.46448354185367,37.027288666916625
-121.46662714595794,37.02752580923224
-121.46851427330972,37.02812513968956
-121.47087479365474,37.02822547498651
-121.47405515804138,37.02966970793857
-121.47454841488735,37.03025291809946
-121.47516206033563,37.033902763954146
-121.47464538495976,37.03517782124841
-121.47548806570809,37.036072512665086
-121.4759122525255,37.03755990470466
-121.47694432976527,37.03829027804465
-121.47767774625703,37.03836930234696
-121.47864623852266,37.03808915296945
-121.47921327594703,37.03835110186017
-121.48058882100808,37.04029273528527
-121.48099607277506,37.04142492122907
-121.48244437860755,37.04293459192886
-121.48322244325219,37.04425832792331
-121.4849949662176,37.0447814401222
-121.48629813737466,37.04577369816172
-121.48692317018445,37.04658379958552
-121.48763345409563,37.04823127928601
-121.48865148913443,37.04937561052486
-121.49271803587857,37.05109890319656
-121.49405723990276,37.052997608931356
-121.49525948443092,37.05382015828585
-121.49603918619917,37.05487112602494
-121.49604039145908,37.056981923880215
-121.49824469970974,37.05984049422871
-121.50602840414682,37.059788019885765
-121.50853061619475,37.06025724015547
-121.50643927700045,37.06533876892781
-121.51054993835551,37.07593761113024
-121.51233973345695,37.07653131696465
-121.51817006370526,37.07713929499703
-121.52008396069532,37.078688704514185
-121.52381152154085,37.079774844090295
-121.52438340316922,37.08046832444102
-121.52441062197559,37.081406923122714
-121.52538080985819,37.08232338997517
-121.52640894294186,37.08271357473638
-121.52655121882587,37.08312573675179
-121.52860594369322,37.08514192387558
-121.5300892208426,37.08708892229887
-121.53048881495754,37.087409730862895
-121.5318885629889,37.08768557695398
-121.53240256119666,37.0880293877122
-121.53200034417873,37.089700111573016
-121.53294181860653,37.09089120508241
-121.53362515571274,37.0929061994937
-121.53448162984868,37.09357079672518
-121.5345091561509,37.09446351392295
-121.53530821881752,37.09531132621683
-121.5371074102739,37.09620551427426
-121.53856194131542,37.098701737458505
-121.54027440704822,37.10060298260882
-121.54198541676644,37.103877794540765
-121.54209794039792,37.10552598115789
-121.542581941113,37.10717458157029
-121.54300934890928,37.108365200920645
-121.54372322182739,37.1088693925488
-121.54395141731828,37.10935020698721
-121.54415022428508,37.110540734855675
-121.54463504260791,37.11145679805067
-121.54546316656122,37.11221273305996
-121.54649163284745,37.11264851902072
-121.54686275838192,37.11312951906011
-121.54740063664076,37.117982734221215
-121.5470282273578,37.11866920609213
-121.54628463484494,37.11898920646367
-121.54588375490852,37.11972151816525
-121.54725656656122,37.11912720342101
-121.54854281751571,37.11915098652672
-121.55028803853355,37.117641392847595
-121.55045269422786,37.116843159139925
-121.55220465214242,37.117547667916185
-121.55283031710452,37.118471077674776
-121.55453764149301,37.118892558904975
-121.55463111266177,37.122326539860616
-121.55552357913005,37.123426189269146
-121.55555915056534,37.12531539625665
-121.55624985821767,37.12658299369388
-121.55788374812083,37.127118004583224
-121.55878999173135,37.12833097409407
-121.55890687714545,37.12970604831327
-121.55973736037407,37.131147031435404
-121.56487332368694,37.13609420972777
-121.5653923838879,37.1360390962257
-121.56577334938606,37.13650353844276</coordinates></LinearRing></outerBoundaryIs></Polygon></Placemark>
<Placemark>
<ExtendedData>
  <Data name="COMNAME"><value>CALIFORNIA RED-LEGGED FROG</value></Data>
  <Data name="SCINAME"><value>RANA DRAYTONII</value></Data>
  <Data name="SPCODE"><value>D02D</value></Data>
  <Data name="VIPCODE"><value>V01</value></Data>
  <Data name="UNIT"><value></value></Data>
  <Data name="SUBUNIT"><value></value></Data>
  <Data name="UNITNAME"><value>PLA-1</value></Data>
  <Data name="SUBUNITNAM"><value></value></Data>
  <Data name="STATUS"><value>FINAL</value></Data>
  <Data name="LEADOFFICE"><value>FF08ESMF00</value></Data>
  <Data name="COOPOFFICE"><value>NONE</value></Data>
  <Data name="COOPOFMORE"><value></value></Data>
  <Data name="FEDREG"><value>75FR12816</value></Data>
  <Data name="PUBDATE"><value>20100317</value></Data>
  <Data name="EFFECTDATE"><value>20100416</value></Data>
  <Data name="VACATEDATE"><value></value></Data>
  <Data name="ACCURACY"><value></value></Data>
  <Data name="SINGLMULTI"><value>SINGLE</value></Data></ExtendedData>
  <Polygon>
<outerBoundaryIs>
  <LinearRing><coordinates>-120.7339906388437,39.0460072600224
-120.73208644820713,39.045189291136715
-120.72848566047058,39.04518764469936
-120.72601675224458,39.046063995172815
-120.72483195002857,39.04604087780284
-120.72324469402552,39.04552045667116
-120.7219886258389,39.04337504499855
-120.72110534803814,39.04265082385073
-120.72014911686648,39.03985867669543
-120.7172519738524,39.03887750070691
-120.71696303467917,39.03702287558116
-120.71729250962987,39.03545226655297
-120.71877009473424,39.03287087953143
-120.72134147328028,39.03096343210954
-120.7243952254585,39.02922848646548
-120.72790522834173,39.02848121881653
-120.73226865546975,39.027206631047534
-120.73799459337229,39.029112454422965
-120.74141447820328,39.031190874942254
-120.74310460777103,39.032855053316695
-120.74447059614549,39.03375159419875
-120.7470195218634,39.03472536667466
-120.7478056772984,39.03631762387956
-120.74800502482101,39.03882302978078
-120.74866221816501,39.040086500024
-120.7498855844502,39.0410889874857
-120.75571896288722,39.04185401047761
-120.75611819157561,39.04245989353357
-120.75589451123207,39.045120288582275
-120.75158280513044,39.04694056503427
-120.74858824001146,39.04900365073278
-120.74547311760466,39.05046612890203
-120.74225482457068,39.050784512906915
-120.73947030662396,39.050621786925426
-120.73794559321766,39.05032030303494
-120.73643335395862,39.049506696522755
-120.73615185489686,39.04877688031593
-120.73514116465968,39.048610114926696
-120.73471684375303,39.04826233127609
-120.7339906388437,39.0460072600224</coordinates></LinearRing></outerBoundaryIs>
<innerBoundaryIs>
  <LinearRing><coordinates>-120.73942053962371,39.044561748948205
-120.74027319161293,39.044243341143975
-120.74133727819084,39.044547371995044
-120.7423802451101,39.04447739871915
-120.7412618085385,39.0427681581828
-120.74019118287677,39.042670116209315
-120.7395149548659,39.041600660921695
-120.73781873924031,39.041954226666846
-120.73744684251848,39.04170224674416
-120.7366753129435,39.04051498541908
-120.73683730788007,39.039062435276335
-120.73823417745076,39.03825219676494
-120.7378807800213,39.03742087534583
-120.73752007378468,39.03733658228163
-120.73721307454453,39.037639798384845
-120.73573031391068,39.038036124326716
-120.73567516066029,39.03924598527918
-120.73397857408078,39.03961237062102
-120.7332408658067,39.042019891975286
-120.7348801727931,39.041897167964876
-120.73597022771145,39.04242075019984
-120.73779981542272,39.045135775619045
-120.73942053962371,39.044561748948205</coordinates></LinearRing></innerBoundaryIs></Polygon></Placemark>
<Placemark>
<ExtendedData>
  <Data name="COMNAME"><value>CALIFORNIA RED-LEGGED FROG</value></Data>
  <Data name="SCINAME"><value>RANA DRAYTONII</value></Data>
  <Data name="SPCODE"><value>D02D</value></Data>
  <Data name="VIPCODE"><value>V01</value></Data>
  <Data name="UNIT"><value></value></Data>
  <Data name="SUBUNIT"><value></value></Data>
  <Data name="UNITNAME"><value>MRN-3</value></Data>
  <Data name="SUBUNITNAM"><value></value></Data>
  <Data name="STATUS"><value>FINAL</value></Data>
  <Data name="LEADOFFICE"><value>FF08ESMF00</value></Data>
  <Data name="COOPOFFICE"><value>NONE</value></Data>
  <Data name="COOPOFMORE"><value></value></Data>
  <Data name="FEDREG"><value>75FR12816</value></Data>
  <Data name="PUBDATE"><value>20100317</value></Data>
  <Data name="EFFECTDATE"><value>20100416</value></Data>
  <Data name="VACATEDATE"><value></value></Data>
  <Data name="ACCURACY"><value></value></Data>
  <Data name="SINGLMULTI"><value>SINGLE</value></Data></ExtendedData>
  <Polygon>
<outerBoundaryIs>
  <LinearRing><coordinates>-122.88444097803999,38.09863630174982
-122.88288328062511,38.09509279927122
-122.88324465213103,38.09463352282625
-122.88276145198994,38.0928574686167
-122.87880412726228,38.09020363942326
-122.87628988828192,38.08927713888979
-122.87597411653046,38.087866351616526
-122.87482773033598,38.08808585534864
-122.87392524377755,38.08885091140406
-122.87318496458654,38.08839954795661
-122.87290011149679,38.088065812145814
-122.87274263645995,38.087029131801245
-122.8721846072364,38.08620837235477
-122.87144478322101,38.08571184234789
-122.8686802438825,38.08218478600174
-122.86828407933659,38.080255608120616
-122.86772653709173,38.07971417549795
-122.86564101155483,38.0791169448046
-122.86411336420879,38.079214314057275
-122.86257396783934,38.079005141584126
-122.85940267277779,38.07960515928996
-122.8584555457187,38.08007268796254
-122.85512820447263,38.07886083809907
-122.85305764251089,38.078551829213964
-122.85221151252428,38.078197944592134
-122.85145805905069,38.077467645403296
-122.8504719553004,38.07394553024649
-122.84932388783149,38.07378829390095
-122.84705445981834,38.07395655009894
-122.84596120624956,38.07322507818829
-122.84523136662179,38.073251134675395
-122.84340403196029,38.07474473538447
-122.84214662367683,38.07666270081896
-122.84124381381373,38.077274372250066
-122.83877995329783,38.07810014471121
-122.83764918775731,38.078729405304145
-122.83620706408081,38.0809625006609
-122.83581613712654,38.08266541213861
-122.8353379987825,38.083351423008196
-122.83455759384621,38.08279423296528
-122.83452892196948,38.08318173702703
-122.8356598909911,38.085585229979095
-122.8374557242366,38.08840423193307
-122.83731666882166,38.08899088779832
-122.8367477550104,38.08909276498315
-122.83620110177345,38.08886661075355
-122.83399514438989,38.087067279969105
-122.83304967049841,38.085545481971735
-122.83210383713617,38.085210627170206
-122.83348905905576,38.08788940236132
-122.83327926370862,38.088923333753165
-122.831485348646,38.08664277399091
-122.82876557031848,38.084340472743555
-122.82809553347722,38.08296057485076
-122.82632909034247,38.082489258475356
-122.82507731531855,38.081730286509796
-122.82569099021417,38.080041317216285
-122.82584463844327,38.078732591911105
-122.82464438325235,38.07702520120955
-122.82088945903772,38.073528994871346
-122.82049366756128,38.07122780422204
-122.82065252209973,38.06781683013518
-122.82045842266439,38.0651192913708
-122.82011062473289,38.063730472568736
-122.81955943579248,38.06345197026385
-122.81343820747293,38.063640740648566
-122.81188202357652,38.06399524842623
-122.81027401536188,38.06498429730703
-122.8078187539055,38.063790348368535
-122.8070682858395,38.062995812067335
-122.80576366816341,38.06307299411075
-122.8052127491292,38.062715094312274
-122.80425953166522,38.062713510787084
-122.80195837081608,38.06025040424069
-122.80321383683773,38.05977652842685
-122.80236472612306,38.058386815878514
-122.80151329049954,38.05786973134506
-122.80076047755158,38.05798745387093
-122.79945767442523,38.05742992312107
-122.79870833945185,38.05627834621553
-122.79726436179435,38.05633691214318
-122.79559571165719,38.057418622606214
-122.79392809868075,38.05811295381763
-122.79186150544113,38.0612856402623
-122.7886190854868,38.06437870840996
-122.78703111885265,38.06557471567772
-122.78565939464778,38.06548624055457
-122.78424953166417,38.064266899126594
-122.78207368985353,38.06384823354155
-122.78160679704281,38.063540934082816
-122.78010879958444,38.06139306441279
-122.7802358658384,38.06085254211378
-122.78103612576493,38.060205131406676
-122.78119827015009,38.0593131746523
-122.77960358601277,38.05876939990466
-122.77941091267668,38.058471606129054
-122.77961973050958,38.05739047129269
-122.77946164157584,38.056732248229046
-122.7788694094225,38.056343587491725
-122.7776959823686,38.05646749209511
-122.77628399346779,38.05595106224656
-122.7701053761392,38.05231585591833
-122.77143449612845,38.050047278410034
-122.77172552158262,38.048227258353904
-122.77096983540277,38.0457021965511
-122.76540068332226,38.04456445268461
-122.76279052214356,38.04454112448891
-122.76239202685707,38.04441413010932
-122.76191483481391,38.04382733967374
-122.76227722134749,38.041061152297274
-122.76388028483441,38.03894641339763
-122.76526242944547,38.03774151782795
-122.76537876921333,38.03702974115023
-122.76474200988103,38.036568804933275
-122.76199699837176,38.0363198448831
-122.76064235782387,38.03561408202542
-122.76035907946294,38.03523495037611
-122.76025136347943,38.03321586349859
-122.76067576723553,38.032558795255134
-122.75942897496057,38.030627469610344
-122.75955109596777,38.02809513219376
-122.75913063754095,38.02767967545199
-122.75687376440891,38.0279994127962
-122.75596284400154,38.02774515339559
-122.7554853573759,38.02745573660484
-122.75393085081012,38.02502855254533
-122.75504255751669,38.024803035199874
-122.75680822523618,38.02395451034638
-122.76131374066452,38.02380879913834
-122.76386377725889,38.0226518702706
-122.76788686583765,38.020180780780244
-122.76965057772698,38.01987436155807
-122.77347627550297,38.01779005206153
-122.77857966607168,38.01408111836818
-122.78084086966169,38.01106394593101
-122.78329634733413,38.00851191884382
-122.78526746588592,38.00864552540858
-122.78518259968453,38.01041732508035
-122.78556319890653,38.012671233787394
-122.78608477978166,38.01356446520409
-122.78774476016117,38.014937454019105
-122.78823169100237,38.01587568330465
-122.7914968615676,38.0173957681803
-122.79203468600666,38.0181673230873
-122.79306603636599,38.018471105964714
-122.79438797997048,38.018392349580004
-122.79479756445991,38.01854629092877
-122.7959898620375,38.02003550714545
-122.7965242970251,38.02026177737639
-122.79754960719885,38.02024555725745
-122.79948945578482,38.019392704732105
-122.80230273921812,38.019496704887615
-122.80491400333885,38.018473694267946
-122.80667709867166,38.01969337695021
-122.80718694820881,38.020541447745295
-122.80883956463624,38.02060725618102
-122.8102846687841,38.02110536190263
-122.81146962874317,38.02115235714957
-122.81528031082532,38.01919371655834
-122.816842696783,38.01859234860196
-122.81741317200736,38.018622769508845
-122.81693799175672,38.01685304341812
-122.81730618544454,38.01517725751805
-122.81972446096427,38.01416259982367
-122.82157397890599,38.01267840306851
-122.822329513058,38.01093104455406
-122.82242610084373,38.008894301014315
-122.82548120756682,38.00755607114463
-122.82786820277373,38.0051802796919
-122.82824848089655,38.00322505893533
-122.8280694868907,38.00171965066954
-122.82842156615884,38.00009527108445
-122.83271224015925,38.00342538151576
-122.83636389398396,38.0053496286962
-122.83867341770708,38.006953389637374
-122.84036086248832,38.007444098144845
-122.84278280901196,38.00930690640715
-122.84408502795362,38.00962863182298
-122.84504039469454,38.01031489742564
-122.84599512879693,38.01049643574473
-122.8476707622995,38.01166649972025
-122.85024725247774,38.01301810998321
-122.85100252736898,38.01379270039434
-122.8565304907379,38.016788485691336
-122.86518011769267,38.020114661843465
-122.8825066276568,38.02539427911179
-122.89466034209134,38.027549584857546
-122.90143662596535,38.02822782655378
-122.91022988748149,38.028676021317956
-122.91884190701532,38.02862108463666
-122.92281276165383,38.02933554461074
-122.92463949336636,38.02880857900185
-122.92721939065876,38.02904425280144
-122.92954004743166,38.03064996870814
-122.93050072096615,38.031623217379845
-122.93134675032002,38.03328409731712
-122.93093764967129,38.03412336081159
-122.92996920426017,38.03359927498205
-122.92569909212523,38.0302106097849
-122.92482550321543,38.02978558718525
-122.92361979294877,38.02983503270917
-122.91996495490606,38.02928397161415
-122.91967843671745,38.029417658721265
-122.92001758501362,38.02997173302943
-122.91938339332513,38.029575209359706
-122.91824032308524,38.02978438121606
-122.91702492822718,38.02972612697081
-122.91546798667949,38.030347406456634
-122.91474447459157,38.03032433315995
-122.91323711249967,38.029818491093025
-122.91292397009688,38.02992921984415
-122.91243389748685,38.02962023227236
-122.91200150041828,38.029849949731826
-122.91127415535959,38.02952369151195
-122.90993884124475,38.02993171385123
-122.9096502247756,38.03066737219765
-122.90740394501938,38.030345637826336
-122.90604971580275,38.02952450226563
-122.90344519470351,38.02928783524295
-122.90196945230578,38.02944434750422
-122.90040242626962,38.03024998359735
-122.89719565283227,38.030022736158664
-122.89690157901023,38.02966958554822
-122.89561329152305,38.03013711796837
-122.89419507495118,38.0300682152406
-122.89177829230424,38.029304352239954
-122.88926046984012,38.029629409632115
-122.8882189015876,38.027917493288975
-122.88731637584593,38.02739389609309
-122.88613801233674,38.02731570821688
-122.88547645167735,38.027697999071094
-122.88556288483514,38.0282213153648
-122.88452090545789,38.02823830415142
-122.8842782214517,38.02850701447415
-122.88457335354825,38.0313843737774
-122.88431661416071,38.032570348971284
-122.88295832897177,38.03322077180187
-122.88242043518093,38.034946116347015
-122.88040624465434,38.03644020192075
-122.8799549439876,38.03887759854996
-122.88063204533111,38.03898197942185
-122.88132652748249,38.03769843638491
-122.8826806025925,38.03643348018891
-122.88438210974054,38.03407838993194
-122.88521556174997,38.03347987725644
-122.88614413956458,38.03117139947013
-122.88698542404873,38.030535357758886
-122.88742053257928,38.029800328778016
-122.88743785233935,38.028957712661736
-122.88707325755362,38.02848868841251
-122.88589254529462,38.028045913799076
-122.88605918289248,38.02763260743269
-122.88681067256047,38.02757575866304
-122.88767746092391,38.02792965706379
-122.88841001838331,38.02985088364199
-122.88988195183154,38.031028489197276
-122.89060578089479,38.03125901457658
-122.89135814845322,38.03228718477367
-122.8915075943243,38.034112412281814
-122.8912780353073,38.03617163183865
-122.89063219587122,38.03682451826489
-122.89082341954327,38.0371175336945
-122.89139623212822,38.037292449227344
-122.89177529194193,38.039317550911676
-122.89177948355105,38.041079564042846
-122.8914067935972,38.04230489838515
-122.89195887228661,38.042913748863846
-122.892647495501,38.04318485568097
-122.89330605137795,38.04289700990744
-122.89291674628157,38.042211700904204
-122.89349697788377,38.04006272251252
-122.8931669956118,38.03732710783216
-122.89361251430151,38.036007097319406
-122.8944693108655,38.03532293278253
-122.89379201319046,38.03486260476913
-122.89363592316906,38.03424510767797
-122.89483020644074,38.03290781102442
-122.89694363120961,38.03167049180275
-122.8986645132514,38.031618014610224
-122.90163257120744,38.03174223697599
-122.90718021460832,38.03310331356016
-122.90836300341395,38.03408218825101
-122.90873047861771,38.034793763611454
-122.90688285488721,38.03656402634968
-122.9059455318752,38.03880286314829
-122.90570237645593,38.04045201142312
-122.90415876499203,38.04178912700961
-122.90476503619998,38.043420916190875
-122.90704663442324,38.044522329106705
-122.90635789718408,38.04601434573383
-122.90530291495585,38.046841675307306
-122.90532268113829,38.047450070812786
-122.90804389610793,38.04919364659729
-122.90918031944885,38.051004148868174
-122.90903588340392,38.05141408540239
-122.90932005563084,38.05172077650471
-122.90988044357819,38.05136437979607
-122.91007717714098,38.049990950820856
-122.91045443525982,38.049418942793395
-122.91048397253473,38.04509287380063
-122.91199042498238,38.0428498895117
-122.91278379367714,38.04215719629347
-122.91300399053777,38.0407191687991
-122.91381483668425,38.03957517525225
-122.91358383185205,38.03820056352408
-122.91313418723762,38.037561531773584
-122.91314682018964,38.03577991814758
-122.91361409574179,38.034356664443585
-122.91448253152288,38.03353266063333
-122.91566952650776,38.033393855943615
-122.91664733694711,38.03358371612364
-122.91703445072059,38.03389056321386
-122.91748092145455,38.03465701085202
-122.91769943272845,38.03626587200392
-122.91809346500852,38.037135055170694
-122.91847621327338,38.03703254107912
-122.91867904494272,38.03653248207884
-122.91888203082956,38.0346084150092
-122.919432102031,38.03341913110655
-122.92099512632014,38.03300565240981
-122.92434631089122,38.03323700434752
-122.9249764323323,38.03481090580999
-122.92702281179217,38.03597943962399
-122.92737920939597,38.03597404608128
-122.92787695366007,38.03545507421591
-122.9282264031255,38.03541237822795
-122.9318487861252,38.03559178558639
-122.93200107530285,38.036947080125834
-122.93241622515892,38.036936950371114
-122.9327313916752,38.03837947396363
-122.93175914062252,38.04116924473407
-122.93192081711393,38.0420084560022
-122.93344037057979,38.04317101498855
-122.93485969263678,38.04346926815787
-122.93595256893845,38.04408805007138
-122.93686778646065,38.04498908823262
-122.93751866143384,38.046224012282
-122.93547978374099,38.04906197132142
-122.93386524518672,38.05394143693383
-122.9332109827251,38.05488536337365
-122.9298527073382,38.05616971237075
-122.92874146502912,38.057007128131836
-122.92559834798493,38.05848376261529
-122.92474732666803,38.05965538860818
-122.9240990479488,38.05977280938672
-122.92233506895178,38.059549039886086
-122.92212675955963,38.060414121094034
-122.9224258218317,38.06161744075915
-122.92193464472851,38.062149453574655
-122.9205296839707,38.06265715192005
-122.91950886083363,38.06367028053707
-122.92138948851392,38.06454584238544
-122.92163537931673,38.065082259005024
-122.92169518611419,38.06544283034043
-122.92054984992716,38.06686859654269
-122.91917417795611,38.067525865966275
-122.91637330147027,38.06823658594396
-122.91481761036755,38.0694260811468
-122.9122132608218,38.07028466557366
-122.91146698800678,38.07286163555801
-122.91151708931942,38.07336194820105
-122.91221322464992,38.07324541225533
-122.91315229556479,38.071987421351565
-122.91453230468248,38.07132288273297
-122.91591411563964,38.07117262063861
-122.91650151191813,38.07140543684958
-122.9165547597592,38.07088774589404
-122.91783832152048,38.07008612468537
-122.91799853092503,38.06973019293626
-122.91859917118666,38.06953825714753
-122.92223149844035,38.0713960241208
-122.92231838687971,38.07178362530192
-122.92191858574358,38.072463885825655
-122.92281929201664,38.07476712406196
-122.92312866090099,38.07478538727731
-122.92391097388055,38.07393872300319
-122.9233327561029,38.0721988919927
-122.92333215969703,38.071009226402495
-122.92388274921875,38.06917552399012
-122.9259970999843,38.06650017091201
-122.92718464171367,38.063864744768274
-122.92872119599717,38.06326274366462
-122.92918345017603,38.0625910177028
-122.93031274349414,38.06292940573756
-122.9330516855283,38.06429103703207
-122.93348992264967,38.06595512709462
-122.9339320064196,38.06635406530549
-122.93278693147623,38.06802762990431
-122.93294386566001,38.06900552701801
-122.93405422593099,38.069757007437936
-122.93342149239207,38.07259283532521
-122.93355089854799,38.07317875238945
-122.9348604352374,38.07419351709207
-122.93502689085902,38.075076833615746
-122.93362975048471,38.077743408030486
-122.9316128675642,38.07998666960024
-122.93164098233196,38.081004993824365
-122.9324890219444,38.082727017082036
-122.93452055436902,38.083405227853284
-122.93539351429024,38.08433841409847
-122.93521782305756,38.084693367173365
-122.93388114436293,38.08476469056115
-122.9330869817571,38.0853921518798
-122.93105631855676,38.08632218867461
-122.93078783089456,38.087746010381046
-122.92984606048897,38.089683186355764
-122.92809968641426,38.09097073889816
-122.93030444969304,38.091499437710695
-122.93120733149972,38.09108542918885
-122.93193123952662,38.0910182729988
-122.93227924640003,38.09044167524996
-122.93462490810708,38.08969050411463
-122.93543630481484,38.08893391856462
-122.93540782795809,38.08808671532188
-122.93485507439348,38.08708649449425
-122.93482828232516,38.08653170319102
-122.93760864370488,38.08318959597991
-122.93752678870626,38.08273442444105
-122.93671496956853,38.082510114849626
-122.93659582256771,38.08217961780282
-122.93700039844694,38.081494885343965
-122.93708811292734,38.08064774826187
-122.93850700897904,38.07977430727056
-122.94027306943767,38.077508589195965
-122.93949185743745,38.075998554023855
-122.939748455843,38.07128457642198
-122.941120686503,38.06900118103546
-122.94151805614965,38.06727539711054
-122.94212613285995,38.06656821789015
-122.94159369846491,38.0638231436155
-122.94211560038657,38.06303602899045
-122.94415484340531,38.06201789880491
-122.94443669267933,38.06136464499845
-122.94432837759743,38.060903016423865
-122.94644244913876,38.060833979571335
-122.94781551433475,38.06115443861271
-122.95126333553698,38.060479392555045
-122.95304221892097,38.06059348508726
-122.95412929257625,38.06186931350676
-122.9542776781557,38.062387578387394
-122.95325139229533,38.06334699476429
-122.9530468316254,38.06388769156788
-122.954242333234,38.06597008001923
-122.9538826859957,38.06669090689177
-122.95311658483932,38.07134562041902
-122.95445456781462,38.07260353702536
-122.95401787885673,38.07351802355267
-122.9546559762102,38.074608820439586
-122.95466645406938,38.0756092143852
-122.95634922783428,38.0760851469733
-122.9562836078619,38.07649313474207
-122.95582521297189,38.076821883120566
-122.9558242263797,38.07738067460074
-122.95652053300502,38.07771441172018
-122.95738944522981,38.077462396054024
-122.95741785486791,38.076295275138364
-122.9565492542826,38.07497007949011
-122.9564906771578,38.07453294727012
-122.95704152909015,38.073523741476635
-122.95631719713917,38.07336574011159
-122.95643196855022,38.07091435050898
-122.95559179738643,38.06984151117861
-122.95631550867809,38.06906220828313
-122.95750330264086,38.06849037223244
-122.95764743560181,38.06814794788342
-122.9576471717388,38.06736835203194
-122.9579367496591,38.06700345286455
-122.95776090619665,38.06595982511298
-122.9563145216033,38.06359153644609
-122.95689323273031,38.06283469739067
-122.95837028724446,38.06189796466334
-122.9583701075103,38.06164560696315
-122.95615440014352,38.06055318719073
-122.9547149387597,38.059296416633565
-122.95095642986354,38.057983414057645
-122.95005858475338,38.05667617702998
-122.94967978379599,38.05559713982515
-122.94840817023221,38.054273546376415
-122.94869667734906,38.0502450212207
-122.94939215407652,38.04893850213667
-122.95002532003701,38.04891001172573
-122.95181990659378,38.050232960971115
-122.95469072479116,38.051595039974245
-122.95593476520938,38.051780307221165
-122.95775193565157,38.053669217943465
-122.95929395904692,38.05443132756897
-122.96022146390364,38.055166201298725
-122.96111838413175,38.055211583991024
-122.96355066789923,38.056379571494716
-122.96398487889054,38.056402248561746
-122.96439003775528,38.056104965400955
-122.96344734233313,38.05489821608014
-122.96131243538791,38.054323927564916
-122.95987261789662,38.053449162618
-122.96016215172077,38.052899496844276
-122.9611753792095,38.05317474918514
-122.96146478026489,38.05285490292025
-122.96072179322577,38.05229144104619
-122.95860486327499,38.05150087043661
-122.95829217944447,38.05063305258664
-122.9575436077376,38.05030392296719
-122.9571216985186,38.049834040392106
-122.95679821919937,38.04863115663395
-122.95551659053297,38.048976621799525
-122.95410710897579,38.04858455459174
-122.95231899043179,38.04777718941389
-122.95063476552501,38.046546214735805
-122.9492631037518,38.04609506031575
-122.94691835156878,38.04282478679594
-122.9444192106912,38.04082477438452
-122.9435179001254,38.039595076017704
-122.942331326561,38.03901089882072
-122.94073569476824,38.03662289407275
-122.94033908202488,38.03484273562709
-122.93934932562883,38.03458533004178
-122.9387766620139,38.034670621697444
-122.9391325093615,38.03572979682316
-122.93889811567647,38.03587839522579
-122.93680050569628,38.035614276472536
-122.93592998960162,38.034907827850375
-122.93607501772593,38.033925528519084
-122.9364673356101,38.03363706394492
-122.93873747745083,38.03321501743235
-122.93954896911427,38.032070846055134
-122.94044527597806,38.03161168113956
-122.94623464897111,38.031200048280446
-122.94879385447024,38.030791254919166
-122.95682648743151,38.028726227673694
-122.96148545420009,38.02714625398417
-122.96637606407319,38.02442154988814
-122.97239315625116,38.02025041318038
-122.97618219763407,38.01658768920645
-122.97880073450564,38.01346922691287
-122.98179248555248,38.009121829415136
-122.9832660002106,38.005620652963664
-122.98405563357248,38.002200566735866
-122.98398619009099,38.001037868610815
-122.98334883136727,37.999942652842755
-122.98331870888416,37.99795076191737
-122.98127890421755,37.9974482679396
-122.97997556877267,37.996791985086446
-122.9789861441683,37.99659349865343
-122.97856953540061,37.996201359891096
-122.97764894611926,37.99615604514366
-122.97632976769094,37.99496158842047
-122.97323759605715,37.993863066758045
-122.97220214925449,37.994151675401575
-122.97157243367485,37.99391937256475
-122.97077391791257,37.99402281179848
-122.9694203257503,37.99343168896681
-122.96869052975224,37.993377798452904
-122.967357329233,37.99367501811592
-122.96728916096711,37.993192525115106
-122.96563500833865,37.99096587959779
-122.96443469324686,37.99027375314276
-122.96453990249675,37.99014974044669
-122.96634602711869,37.98970532763686
-122.96667471018378,37.99013683113826
-122.96801213181118,37.99039870041099
-122.97003710481472,37.99053448949335
-122.97162783139997,37.99028256169307
-122.97298689648477,37.99032798905468
-122.97355208294394,37.99105290473916
-122.97327908079549,37.99172212632922
-122.97390899061921,37.992321888116514
-122.9751790061341,37.99250050234649
-122.97595711781052,37.992356350340955
-122.97851382034523,37.99293857474844
-122.9808455551851,37.992502549162666
-122.98221632008878,37.992777068327186
-122.9831900366485,37.99261500425839
-122.98432781887924,37.99311992841521
-122.98603445413562,37.99277319118386
-122.98603380377878,37.99217832956254
-122.98643281397729,37.99208124344058
-122.98722107397617,37.99266069788533
-122.9868486644301,37.9929597594293
-122.98717348974611,37.9934546156782
-122.98806015339362,37.99334580487529
-122.98893421643197,37.99399470100343
-122.99078085222123,37.994765690038875
-122.99346984531338,37.994121516060915
-122.99372940149685,37.99318417804354
-122.99523348125862,37.99290939471344
-122.99535794533914,37.99370259580854
-122.99668121127137,37.9942794757249
-122.99801197005101,37.99409928411012
-122.99873447989047,37.99375231219588
-122.99908219850596,37.99386949588996
-122.99961683326812,37.99334778639749
-122.99985511322677,37.99390105868242
-123.00047095349962,37.99395967097484
-123.00077479414085,37.99384712863773
-123.00105540004458,37.9932810248749
-123.0016529250656,37.99315751757759
-123.00233837448124,37.9933062252967
-123.00259214684213,37.99305478121168
-123.00343491436573,37.9932791637977
-123.0057149654347,37.9933424063471
-123.00624954192877,37.99477072252836
-123.00744756349535,37.99500950395938
-123.00743584917849,37.9953880539143
-123.00798255086069,37.99555926863622
-123.00957277478408,37.99546001219679
-123.00992996183795,37.99514452870112
-123.01036468025505,37.99539685657515
-123.01052694738343,37.99518503807404
-123.01092681420472,37.9955509200071
-123.01139232699775,37.99541458643338
-123.01134466010915,37.995046588572116
-123.01114329215656,37.995068186497406
-123.0114796008434,37.99473883754459
-123.01157099931227,37.995518422494214
-123.01216589046471,37.995622021058516
-123.01262193135321,37.99504453454083
-123.01375321717406,37.99458083880582
-123.01406574939544,37.99401523500829
-123.0146770824769,37.99396784112445
-123.01596424065542,37.99426510657924
-123.01690296168572,37.99413429325729
-123.01736821380844,37.994629946728914
-123.01764515571047,37.994107144184014
-123.01882861769484,37.994440449969126
-123.01907252260638,37.99496317028054
-123.02081753037825,37.995251301818925
-123.0218476870493,37.99494920115915
-123.02263727696865,37.99508873734492
-123.02298984408387,37.994597457895736
-123.02402811218239,37.9948361007784
-123.02420365527728,37.995273200628105
-123.0239008258452,37.99605292863665
-123.02302853880985,37.996683976325045
-123.02220920554257,37.997941453839616
-123.0215890371756,37.99818494380356
-123.02148819979632,37.998753437890215
-123.02065415360977,37.999744451234925
-123.0200213571204,37.99983595487676
-123.01928281778339,37.99949225181228
-123.01869226671401,37.99954193986973
-123.01712995128058,37.99873544109571
-123.01610286738315,37.999100602862214
-123.01620478962808,37.99962576078408
-123.01521562580629,38.000209318137145
-123.01487804618047,38.00097093250934
-123.0134689320968,38.000937281708644
-123.01315144310433,38.000761475046815
-123.01192191936342,38.000933302137675
-123.0105478999621,38.002249769782615
-123.00852307283218,38.005340461757555
-123.00685978883057,38.00888895233564
-123.00526873573573,38.0131814288682
-123.00107320451865,38.02125123508591
-122.99839623908919,38.02754672660454
-122.99608071772715,38.03183905302146
-122.99181057070801,38.04151098637977
-122.98877025427805,38.047520053197815
-122.9884805577699,38.048836351142924
-122.98449830662418,38.05684830595163
-122.97834165893198,38.071097953597274
-122.97160323176186,38.08563326066814
-122.96472364969598,38.10221100404471
-122.96186492736295,38.101009520721256
-122.95805838946072,38.09746157242291
-122.95747413541893,38.09701532164998
-122.95668970099321,38.09679415345908
-122.95486895541652,38.09702786972603
-122.9511389852057,38.09684594117879
-122.94839019416177,38.09738546482061
-122.94459234264811,38.09861385125066
-122.93997982289685,38.100882634332386
-122.93671209957074,38.10173780687515
-122.9254081127571,38.098596440551404
-122.9246911529554,38.10138943639064
-122.92558582500216,38.10223744107542
-122.92550682276064,38.102455274393556
-122.92024080099999,38.10369986345486
-122.91549407674023,38.10869141802504
-122.90759191516189,38.10868546865516
-122.89652538917693,38.111173706672815
-122.8902035847345,38.11116796893479
-122.88440096391166,38.109607012354125
-122.88202136714033,38.1081352443479
-122.88434833995741,38.10694778285987
-122.8853316075928,38.104893528706775
-122.88637022207418,38.1037290701803
-122.88638368799694,38.10237147629608
-122.88484469209028,38.10051133275265
-122.88441389120011,38.099325698473706
-122.88444097803999,38.09863630174982</coordinates></LinearRing></outerBoundaryIs></Polygon></Placemark>
<Placemark>
<ExtendedData>
  <Data name="COMNAME"><value>CALIFORNIA RED-LEGGED FROG</value></Data>
  <Data name="SCINAME"><value>RANA DRAYTONII</value></Data>
  <Data name="SPCODE"><value>D02D</value></Data>
  <Data name="VIPCODE"><value>V01</value></Data>
  <Data name="UNIT"><value></value></Data>
  <Data name="SUBUNIT"><value></value></Data>
  <Data name="UNITNAME"><value>CAL-1</value></Data>
  <Data name="SUBUNITNAM"><value></value></Data>
  <Data name="STATUS"><value>FINAL</value></Data>
  <Data name="LEADOFFICE"><value>FF08ESMF00</value></Data>
  <Data name="COOPOFFICE"><value>NONE</value></Data>
  <Data name="COOPOFMORE"><value></value></Data>
  <Data name="FEDREG"><value>75FR12816</value></Data>
  <Data name="PUBDATE"><value>20100317</value></Data>
  <Data name="EFFECTDATE"><value>20100416</value></Data>
  <Data name="VACATEDATE"><value></value></Data>
  <Data name="ACCURACY"><value></value></Data>
  <Data name="SINGLMULTI"><value>SINGLE</value></Data></ExtendedData>
  <Polygon>
<outerBoundaryIs>
  <LinearRing><coordinates>-120.76564233515694,38.215920405668165
-120.76587328792087,38.215375487775916
-120.76941389614514,38.215776235580094
-120.77135605275129,38.214436586011324
-120.7723559227621,38.214233341782155
-120.77367695748735,38.21453001816197
-120.77451618077778,38.21420642472159
-120.77465482150043,38.21376461029827
-120.77412019565317,38.21282235725737
-120.77603183735224,38.21222278272388
-120.77751101950494,38.21143597893375
-120.77982436304157,38.21074518621941
-120.78094232855794,38.21077251985569
-120.7817554302914,38.21027553885396
-120.78282642310002,38.210235888711956
-120.78378649804364,38.210472076569935
-120.78404214364056,38.209853891539474
-120.7857534283363,38.20940337649707
-120.78719509920938,38.20872968209469
-120.78819289788177,38.20772053676964
-120.78824376572456,38.20733908054286
-120.79290371224427,38.203813024917096
-120.79581669815737,38.20106039122414
-120.80013740601316,38.197856621753786
-120.80332610722193,38.19628870590065
-120.80747666710457,38.195562287643675
-120.80717014919816,38.19789735713435
-120.80791601899824,38.20017543781774
-120.80855552871974,38.20082990980242
-120.80855759765578,38.202053810767275
-120.81047465855059,38.20536342712646
-120.81034190084058,38.20591168781961
-120.80922102502727,38.207084031930385
-120.80808704699639,38.2073994171926
-120.80673174327752,38.20862855032706
-120.8056219659825,38.210718960984074
-120.80189777254732,38.21205669380229
-120.80175951956325,38.2140734710751
-120.8004039835308,38.215302522812934
-120.80015208849471,38.21594032599584
-120.80096519893168,38.217271215282906
-120.8030517962408,38.21752447845097
-120.80346160203781,38.218082887228526
-120.8037718210895,38.21937374553471
-120.80312324818598,38.22159514428835
-120.80244956546309,38.22207207130451
-120.80243760139308,38.22246960088242
-120.80203892859798,38.22282929024406
-120.798795802475,38.223625189984894
-120.79799748282258,38.224375119946636
-120.79798272674441,38.22486438545863
-120.79973637595216,38.225876370594676
-120.79972255231439,38.226335057432465
-120.7993127832614,38.2270616856193
-120.7970524267062,38.22870206661122
-120.79632233295314,38.22975922854924
-120.79645247549993,38.23058777501487
-120.79539097156267,38.23234242159888
-120.79537804104535,38.23277052759087
-120.79477896790681,38.23334059903086
-120.79341191037733,38.233651454180766
-120.79301405545364,38.23398053007309
-120.79235804897233,38.23594773319498
-120.78943830275138,38.23836158252614
-120.78498297380277,38.241098981317975
-120.77834892079602,38.24685131024267
-120.77733907107238,38.246832179994
-120.77661677659306,38.246530054660646
-120.77555004655586,38.24552914486259
-120.77349584376044,38.240932866809395
-120.77171583300638,38.23934150839907
-120.77188223103522,38.23628723413053
-120.77162328957561,38.23518625396868
-120.77027145377335,38.233949131466524
-120.76881308408001,38.23380602934653
-120.76753617861097,38.23251261347378
-120.76608944630584,38.229600701505014
-120.76577392961534,38.229391548939816
-120.76583596222454,38.22627304901228
-120.76396592208552,38.22513361979339
-120.76247902770001,38.223803179485515
-120.76238362471956,38.22251278424498
-120.76322880920014,38.22023112102787
-120.76565185307471,38.2188941876714
-120.76595170107007,38.21819700576109
-120.76564233515694,38.215920405668165</coordinates></LinearRing></outerBoundaryIs></Polygon></Placemark>
<Placemark>
<ExtendedData>
  <Data name="COMNAME"><value>CALIFORNIA RED-LEGGED FROG</value></Data>
  <Data name="SCINAME"><value>RANA DRAYTONII</value></Data>
  <Data name="SPCODE"><value>D02D</value></Data>
  <Data name="VIPCODE"><value>V01</value></Data>
  <Data name="UNIT"><value></value></Data>
  <Data name="SUBUNIT"><value></value></Data>
  <Data name="UNITNAME"><value>SLO-2</value></Data>
  <Data name="SUBUNITNAM"><value></value></Data>
  <Data name="STATUS"><value>FINAL</value></Data>
  <Data name="LEADOFFICE"><value>FF08ESMF00</value></Data>
  <Data name="COOPOFFICE"><value>NONE</value></Data>
  <Data name="COOPOFMORE"><value></value></Data>
  <Data name="FEDREG"><value>75FR12816</value></Data>
  <Data name="PUBDATE"><value>20100317</value></Data>
  <Data name="EFFECTDATE"><value>20100416</value></Data>
  <Data name="VACATEDATE"><value></value></Data>
  <Data name="ACCURACY"><value></value></Data>
  <Data name="SINGLMULTI"><value>SINGLE</value></Data></ExtendedData>
  <Polygon>
<outerBoundaryIs>
  <LinearRing><coordinates>-121.01491610381106,35.64637118896833
-121.01186935464253,35.64514011362675
-121.01005605280726,35.64514121869998
-121.00700364091303,35.644559109829295
-121.00248867212002,35.64458369868225
-121.00043797319391,35.643719894908685
-120.99964298524326,35.642776921447414
-120.99892358660455,35.6425616763845
-120.99807280348048,35.64163633149744
-120.9955753484528,35.6406440310566
-120.99412613400723,35.639452557268974
-120.99241546835478,35.638524654019804
-120.98661406397332,35.63803992604617
-120.98550051809386,35.63689248625023
-120.98465170399338,35.63514861338468
-120.98345596980751,35.63470322271627
-120.98182395567005,35.63505289950953
-120.98086272203469,35.63493495342208
-120.97982356123943,35.63371818572235
-120.97842385827985,35.633201591419805
-120.97797214358594,35.63280841448952
-120.97648590222396,35.63084728779023
-120.97420154118178,35.62906949537438
-120.97373429889691,35.628166926492874
-120.97365586742123,35.62684950844805
-120.97294573580733,35.625672407759694
-120.97278935410203,35.62372459305526
-120.97047392303925,35.62133309739456
-120.96902183410573,35.62063029633263
-120.96692168178504,35.62143268025663
-120.96603991082958,35.6215083590642
-120.96524216163424,35.62129439919782
-120.96325547837057,35.620287323634784
-120.96061644579815,35.618044883179415
-120.95951411862572,35.61800360544465
-120.95637831952672,35.61568581884946
-120.95643158503323,35.61448546334775
-120.95692108486017,35.61336677135327
-120.9580268605547,35.61245204733553
-120.95796399376565,35.61139922203199
-120.95920846657913,35.6094480068753
-120.95933071293922,35.60806392288733
-120.95899338019838,35.60691994892943
-120.95529882030164,35.60344983709471
-120.95455918475493,35.601611977408254
-120.95258210032944,35.5997411909151
-120.95131788578952,35.599156480174244
-120.94971368202249,35.598923675369306
-120.94837974291329,35.59921729301259
-120.94707439012281,35.599893289738134
-120.94505755155019,35.60049936401805
-120.9442700680277,35.60000073880904
-120.94088011462604,35.59886593869284
-120.93976522032058,35.59814372676238
-120.93798748886086,35.59594078622455
-120.93324200258986,35.594044944153815
-120.93237484537389,35.59407073832488
-120.93113843611611,35.593409060299074
-120.92951630162364,35.59296905199101
-120.92900810427355,35.59210881720056
-120.9291818175087,35.59039685816534
-120.92748929673476,35.58782478996703
-120.92679608118435,35.58544281332369
-120.92429848022623,35.58394817846535
-120.92300041072092,35.58346611806204
-120.92196834145366,35.58254247581046
-120.9195265891166,35.58212147356
-120.91632269089607,35.58194415616351
-120.9151127115104,35.58131445229238
-120.91268493803261,35.58083552107861
-120.91050437407378,35.57928802474392
-120.91190496521675,35.577858237784476
-120.9121492597999,35.57644537228692
-120.91176455964013,35.57599204065057
-120.90876060633626,35.574792788117975
-120.90775330893595,35.574087711514764
-120.90736102308908,35.572521415133735
-120.90634722674037,35.57125086819468
-120.90691570548647,35.569706064420785
-120.90655932432566,35.567953229002036
-120.90536567664232,35.56654817915636
-120.90675603333305,35.5642350853995
-120.90776320304174,35.56308130357261
-120.90789400370136,35.56221400993126
-120.90955587849051,35.561440270769374
-120.91071648183555,35.55981962799429
-120.91073144995325,35.559083218538724
-120.90776637003863,35.55625039101485
-120.90590362895338,35.553434514474915
-120.90162155309103,35.54884628462278
-120.90122781760441,35.548007529648864
-120.89850309101912,35.545979507954556
-120.8975133894184,35.54496611665709
-120.8957801114549,35.54436555792541
-120.89363395296338,35.54231749103318
-120.8937329131652,35.53892980557113
-120.89334659880548,35.537489428878786
-120.88978915408873,35.53545773498671
-120.88910443808616,35.535414293626474
-120.88758040463712,35.53593995938254
-120.8862034536598,35.53587476806758
-120.88557644047661,35.53491984356565
-120.88352210967211,35.53427286910475
-120.8829956636868,35.53387340312345
-120.88278609883746,35.533398660837925
-120.88306149916083,35.532258775866374
-120.88279024565115,35.53075361895599
-120.88246497478282,35.530409457224316
-120.8811835370059,35.53028580515693
-120.88343125837731,35.52639928991419
-120.8839542151218,35.52414982020112
-120.88447217754691,35.52348047784584
-120.8853154661747,35.52317779714219
-120.88558834841368,35.52223120830818
-120.88759662492973,35.52223503868806
-120.89196918980589,35.521011183030154
-120.89361996103662,35.52000363928851
-120.89514079998696,35.51853170595175
-120.89802386762295,35.5178063775476
-120.89925663715071,35.51724483265018
-120.89916522936937,35.516613609816545
-120.89960152961625,35.51544766655446
-120.89940217169715,35.513474073686105
-120.90011467241396,35.511652394016906
-120.90014861626523,35.51042681364336
-120.90054396152271,35.50935402678182
-120.90045272294294,35.505521209064256
-120.90067766197146,35.50463965485409
-120.89862797359459,35.50241109614679
-120.89855295190783,35.50190466401238
-120.89865411856314,35.49887052365946
-120.89834651759764,35.49771790427235
-120.89898441740387,35.49671976316834
-120.89854929913199,35.495542805405016
-120.89542774878859,35.49271103564434
-120.89438515231282,35.49092817400447
-120.89442312229247,35.48966286680402
-120.89376661423277,35.48844341405221
-120.89331564558356,35.48808588755065
-120.89049802711237,35.48701157866489
-120.88796248553932,35.48168642516874
-120.88535828260557,35.48104619525715
-120.88440701833217,35.48051771207587
-120.88404494143016,35.479747270279645
-120.88359054087638,35.47679834250602
-120.88115998529707,35.47516178348306
-120.87945818805613,35.47447434299229
-120.87849705410454,35.47304185029483
-120.87863533220289,35.467597174683995
-120.87964138687266,35.46566725540337
-120.8798700599017,35.46388164354665
-120.88125927701616,35.46298705921231
-120.88345726304254,35.46270757978903
-120.88433369354085,35.46221808636945
-120.88631610351624,35.46017993974579
-120.88733549581129,35.45788236988819
-120.88776690851672,35.45747587195753
-120.88937220691798,35.45686850327826
-120.88989515419645,35.45622607042684
-120.89117557360693,35.449728950719425
-120.89183889918354,35.448795615276396
-120.89144400576976,35.4464224809312
-120.89142686145675,35.44417268294485
-120.89399736328707,35.44590495880443
-120.89620668821799,35.4470290498964
-120.89782712679683,35.44848206257161
-120.90136273316095,35.45281796310638
-120.90283698708105,35.45352204973163
-120.90615048818991,35.45364743542752
-120.90982714674314,35.45255779518464
-120.9133554272624,35.4507869795546
-120.91642757669263,35.45028254785474
-120.9161532964591,35.44862793119932
-120.91733884605583,35.44812584930314
-120.91878386354156,35.44808252058733
-120.9191741609082,35.44780141200021
-120.91907199289243,35.4474559750615
-120.91949322162004,35.447058760965184
-120.91934445794651,35.44731427982873
-120.9207899379943,35.447871187307456
-120.92140179140523,35.44728391202359
-120.92166320787558,35.447825248571164
-120.9220673762936,35.44785231987579
-120.92340462680264,35.44751314503774
-120.9237664657369,35.44774459721737
-120.92478828613253,35.44772397304084
-120.92509403818205,35.44727888366467
-120.92836074021521,35.44748381042288
-120.92956424716081,35.44804419768097
-120.9308642114965,35.44783765924875
-120.93128640981585,35.44748444369063
-120.9340509774093,35.44749841444425
-120.93394983905414,35.44777527228124
-120.93442912676298,35.447850746550614
-120.9351004576895,35.44751033026449
-120.93657765257065,35.44740572300247
-120.93667658998348,35.44703527531705
-120.93893820083491,35.44682532616477
-120.94042715961656,35.446076166477454
-120.94148488523103,35.44701308963434
-120.94189293594413,35.44691887837212
-120.94177579252454,35.4473722090698
-120.94258388099325,35.44770156769027
-120.94344330127349,35.4476391507862
-120.94508505396296,35.44681054647612
-120.94586339494427,35.44673280424264
-120.94774126987048,35.44707913897745
-120.94935298141318,35.4478314557381
-120.94970685092548,35.44772150902311
-120.95083652794692,35.44799641842472
-120.95095764280897,35.44885370282009
-120.95187196609724,35.44940719121046
-120.95137559984721,35.449464215034546
-120.95095948971903,35.450357105762436
-120.95114846303822,35.45095453697598
-120.9514828568309,35.45115878072417
-120.95122326729785,35.45155919025859
-120.95188628347995,35.452292679747416
-120.95459177477258,35.452929350258
-120.95542887252776,35.45362715629498
-120.9566853664239,35.45385604263645
-120.95751837679224,35.45466403638137
-120.95815759708822,35.45495728392056
-120.9586343436398,35.45492255606255
-120.95865589039065,35.45469644148758
-120.96005408550027,35.454772426706995
-120.96041194286867,35.455567581914984
-120.9613867381809,35.45639543443519
-120.96310273209406,35.45614369983753
-120.96425950660084,35.45698529669859
-120.9644193463868,35.457484019272414
-120.96524479773268,35.4576862957419
-120.96582049780349,35.458134660833004
-120.96611059949814,35.45873604132735
-120.96751201177102,35.45967853220847
-120.96870493818338,35.46005694383986
-120.97024822921956,35.46017669823748
-120.97068405311522,35.45955328827271
-120.97145587966001,35.459761842569186
-120.97210369245062,35.45928389536925
-120.9726683814045,35.45955066134607
-120.97506381360327,35.4595802897908
-120.97612204615724,35.45910708266852
-120.97778794953942,35.45901009284942
-120.97808487166206,35.459330480293644
-120.97913781323315,35.45919876405321
-120.9793050100913,35.46000024301715
-120.97972403663147,35.460362818605745
-120.98112244092454,35.46033044331282
-120.98144757572497,35.460143741247585
-120.98173488648435,35.46034311091508
-120.98219924898861,35.460071672336376
-120.98249302144116,35.46025992723121
-120.98330111506321,35.460016269290094
-120.98417080291179,35.460096579731534
-120.98601269611977,35.460883415894834
-120.9866120251305,35.46146899362657
-120.98778754995035,35.46195761861699
-120.98800336052368,35.46170098325336
-120.98819145428702,35.462248804055584
-120.98853152574357,35.46240329103684
-120.98886974182139,35.462480706627346
-120.98939434745722,35.46219730076311
-120.98942394006501,35.4625878479602
-120.99003282175966,35.46245183607018
-120.990570299139,35.46270241241109
-120.99063829552483,35.46245354992148
-120.99092099157876,35.46246022066514
-120.99147122158666,35.463239275031974
-120.99247196320766,35.46373053913712
-120.99375923846502,35.463551030838794
-120.9947358571439,35.462765007666654
-120.99518215284904,35.46202569437691
-120.99734049738312,35.46059363367845
-120.99857431431785,35.460431416249456
-120.9985540823761,35.46070708249715
-120.99888523439762,35.46049270277904
-120.99891041655488,35.46097693718551
-120.99931121306801,35.460860608795066
-120.9993720552629,35.46059532961097
-120.99959876105748,35.46079008430877
-121.00052138732704,35.4605555515576
-121.00157567983254,35.46103489705199
-121.00170122101802,35.46066398187118
-121.00232890328017,35.46047254327902
-121.00262232541134,35.460644232140005
-121.0030473394538,35.46041737442986
-121.00360996368565,35.46087126434982
-121.00386873866758,35.46072407528963
-121.00446512571212,35.46118294560402
-121.00447867044457,35.46146359719785
-121.00471054807974,35.46131682276119
-121.00472422747552,35.46160297931226
-121.00530734605788,35.461792203592616
-121.00588217238797,35.46274703781151
-121.006431010266,35.46290925221777
-121.00658165849023,35.46274170482013
-121.00670508038722,35.46311427316128
-121.00725780665547,35.46343612871312
-121.00724660634322,35.463805276633074
-121.00823304356705,35.46453343247066
-121.00811154731,35.465069503551774
-121.00858051346881,35.46526598931293
-121.00893440272617,35.46653813805902
-121.00946899948555,35.466942870210815
-121.00952032524842,35.46766900618429
-121.00980599265964,35.46779674055863
-121.00996821514275,35.46755191074752
-121.01103001398093,35.46888464872854
-121.01148126470328,35.46890517198044
-121.01133274938604,35.469436157853664
-121.01234324278798,35.47004274847279
-121.01252063077159,35.470695330143364
-121.01230433920527,35.47092998955323
-121.0127087941445,35.470962249868776
-121.01256406249895,35.47109666986318
-121.01306670285827,35.47129261377848
-121.01371970666384,35.472411400907106
-121.01428571040533,35.47272200168541
-121.01456992707986,35.47251381676033
-121.01479293932005,35.47282975390946
-121.01534818922477,35.47297530544077
-121.01548471962246,35.47388184222123
-121.01659605221393,35.47448131774476
-121.01651481221428,35.474735907864115
-121.01805636669559,35.4761437067628
-121.0183092822161,35.47685567722212
-121.0185549129998,35.47699502857337
-121.01890666089285,35.47679679427991
-121.01908385011195,35.47743835294286
-121.01940776708373,35.47747735414414
-121.02036990144772,35.47857475502905
-121.02065572245688,35.47815726372565
-121.02079428732442,35.47832031060818
-121.02095179524314,35.47815814627431
-121.0214552453158,35.479207631743584
-121.02227453740852,35.47996581216402
-121.02299249298311,35.48015834724695
-121.02313730918,35.48084996835236
-121.02369182153205,35.480962449680604
-121.02399979871322,35.4814477569036
-121.02371719622727,35.48172202253644
-121.02393063561522,35.48246763873948
-121.02360926293645,35.482533243564276
-121.02301460157769,35.483252949809916
-121.0231517517056,35.483906140240876
-121.02388776270577,35.484010275226396
-121.02396043265058,35.48422941898656
-121.02468904537322,35.4843061295992
-121.0252966206794,35.484660081634324
-121.02577956996818,35.4845974490493
-121.02604777572222,35.48428485537394
-121.02655266064885,35.48429346717892
-121.02750324438672,35.48518722798072
-121.02825371652479,35.48478446311714
-121.02918834793512,35.48584917790169
-121.02895603667164,35.4859794839932
-121.02905838913918,35.48658364983552
-121.0302048629566,35.48723200608588
-121.03039036074311,35.48711344664793
-121.03101573390364,35.48873370160715
-121.03239315288094,35.488921327236525
-121.03248535306282,35.48911262336534
-121.0322185889857,35.48921043508817
-121.03229196620939,35.489457097196414
-121.03263598486019,35.48949023915126
-121.03260003114922,35.48994237871789
-121.0330802193133,35.49003946297798
-121.03395586896465,35.48979990493963
-121.03433488224434,35.48934236774136
-121.03585411590416,35.48900455522565
-121.03624624907735,35.48935082847731
-121.03654405738897,35.48914788520118
-121.0368312280734,35.489875793571294
-121.0374151827356,35.49008687231196
-121.03735052248003,35.490737718248255
-121.03796675814945,35.49089321542232
-121.03851196589383,35.49062578985217
-121.03864204055034,35.49098720110582
-121.03809495169547,35.49172275221823
-121.03826808365555,35.49164843154008
-121.03838846501218,35.49243403480787
-121.03802081757121,35.493078643150774
-121.03817243740467,35.49349478465699
-121.03911631948188,35.49410769746803
-121.03978227505014,35.49355199823802
-121.0405583074693,35.49472375454585
-121.04133740033463,35.49493173298791
-121.04138281147705,35.49513477461068
-121.04208108678864,35.49506867469916
-121.04219814034812,35.49544680792737
-121.04266700608518,35.495356794007094
-121.04234793390313,35.496331066847226
-121.04287641923047,35.49701659573514
-121.04245009248291,35.497194049856965
-121.04225273193674,35.49764874119846
-121.04267403200323,35.498082642712596
-121.04321336591298,35.497848331712774
-121.0431880211355,35.49845450065301
-121.04384903308856,35.49797044890097
-121.04421078496189,35.498173993194186
-121.04423711579274,35.49842139105217
-121.04466259381222,35.49848074436297
-121.04476888099924,35.49950886861222
-121.04523722157133,35.49939682529948
-121.04547050109372,35.49997196094877
-121.04673887641246,35.5003967489314
-121.04664339267129,35.501816956067266
-121.04707795193477,35.50217095351299
-121.04698427561489,35.50327732146277
-121.04786836699547,35.50372107671919
-121.04872024346251,35.5051007324688
-121.05079493648991,35.50525703183919
-121.05129485549247,35.505936108366214
-121.0520407586966,35.50588378125463
-121.05269721779896,35.50738932840355
-121.05525817292884,35.508285131034725
-121.05632098305922,35.50802469862584
-121.0568375278542,35.50814770197647
-121.05778048884062,35.50889442400306
-121.05848469466727,35.50909518176109
-121.05913279580663,35.509719696438324
-121.06025149851612,35.510120196407975
-121.06044349314986,35.51062750967722
-121.06157546172885,35.51129244756908
-121.06199835794948,35.512560514724775
-121.06251433242923,35.51282671524666
-121.06276005042878,35.51334523280525
-121.0629765755339,35.51427113238373
-121.06361200659408,35.514807586532896
-121.06465258986223,35.51500960496678
-121.06488516785052,35.51547851005657
-121.06615782347748,35.51624302961801
-121.06618306153226,35.51653497064745
-121.06740554383096,35.517860967131426
-121.06776169186402,35.51787326363977
-121.06794796149262,35.51821534315252
-121.06870712276069,35.51827313971212
-121.06984227082032,35.519604301422326
-121.06954293880496,35.520247498757776
-121.07013752212546,35.52089389979356
-121.07250258225083,35.52225696374612
-121.07285532774242,35.52288596873594
-121.07423432557667,35.52390407568875
-121.07484138474634,35.524737718260596
-121.07482833411675,35.525883037230265
-121.0762429307122,35.526554330865906
-121.0766488639731,35.527299147615686
-121.07746498785535,35.52801787347879
-121.07811570669767,35.52825694250017
-121.0785078610935,35.52906778197064
-121.08005107704038,35.52959080196519
-121.08064080727621,35.53115671997749
-121.0811165173349,35.53144471942907
-121.08206376876011,35.53155264214793
-121.0832982068052,35.53324743510475
-121.086017146136,35.53392312096986
-121.08705678601054,35.53561169326437
-121.08714244796354,35.53718685166349
-121.08888025323013,35.537820549088345
-121.08937485081269,35.53836187724198
-121.09066388599663,35.538691156047314
-121.09126685664486,35.539084168910954
-121.09163158147919,35.54003252675558
-121.09259207770089,35.54020097913542
-121.09271508862702,35.54109344883388
-121.09402796535086,35.5420119653486
-121.09415739921344,35.542965025427605
-121.09521246611546,35.54433418914676
-121.0970164615877,35.54521026898766
-121.09768890287496,35.54776201797874
-121.0985194605981,35.54837050335479
-121.10087870236966,35.54852151751057
-121.10143442209056,35.54897488903038
-121.10165139606129,35.54992271918569
-121.10262896403526,35.5507188801114
-121.1027674045153,35.551253463471106
-121.10386503847803,35.5522427351407
-121.10366899069102,35.553750857743594
-121.10504173983686,35.55486216336809
-121.10487806749954,35.555307648413944
-121.10394331748817,35.55532109728148
-121.10336253563241,35.55580375263083
-121.10319720327205,35.556568603038706
-121.10343561471753,35.55727971873483
-121.10377784860049,35.557418506113706
-121.10351420584408,35.55768745367455
-121.10372010822542,35.558183710358655
-121.10498122243266,35.55878805426618
-121.10591585128284,35.560118164652984
-121.10710996441948,35.56068372034567
-121.10753007683721,35.56137889867497
-121.10738790116802,35.56156565365797
-121.1077833973464,35.56181473067221
-121.10761966987441,35.56227123011083
-121.10828909291304,35.56287360758265
-121.10831284990348,35.563490402966565
-121.10911087544739,35.563933507297975
-121.10910734724143,35.56462730322858
-121.10965906458146,35.565901070993554
-121.1111574714687,35.56749175765087
-121.11183543577206,35.57041232944344
-121.1132721139777,35.57226709087172
-121.1130684582667,35.57264087098165
-121.11315774027837,35.57361027927744
-121.11445003226987,35.576108802984976
-121.11504528302865,35.576782480833394
-121.1162938869396,35.57727652607817
-121.11685424148692,35.57820888168046
-121.11752762933627,35.57805684103058
-121.118008657797,35.57871362138443
-121.11791921789099,35.579115301732394
-121.11828486904446,35.579980956118995
-121.11916690827385,35.581162101648594
-121.1197582919748,35.58127409385453
-121.12045201619577,35.5810945689053
-121.12063910641953,35.58134844901473
-121.12107047004076,35.58117360154239
-121.12158572299954,35.58172034624502
-121.12192042981141,35.58341734703719
-121.12268910124547,35.5844163987245
-121.12311296931982,35.58714335364771
-121.12375274629018,35.58837325830615
-121.12432858356581,35.58892568313267
-121.12435075343457,35.589894862781094
-121.12572805135318,35.59302672046082
-121.12853091336896,35.596476440178144
-121.13137125192824,35.59868305236703
-121.13270640746481,35.600211809650894
-121.13432562518662,35.6011039423814
-121.13526238118348,35.60092413599312
-121.13734507630339,35.601597257386324
-121.1383933465939,35.6021315161707
-121.1395468867486,35.60373680520118
-121.14210889152666,35.60427874505685
-121.14297430379983,35.605400308360615
-121.14369721765783,35.60709279626052
-121.14428825473979,35.60756044020739
-121.14457527410904,35.608615257466845
-121.14564227011745,35.60989634510954
-121.14643914220989,35.61166030785141
-121.14897114616679,35.61519710923983
-121.14746822066623,35.616053997700625
-121.1470548326482,35.61572824856587
-121.14622704235772,35.616055000599
-121.14651758708077,35.617700988538026
-121.14493309572629,35.617858923373355
-121.14442533532856,35.617568078546505
-121.13944052531104,35.611251408941996
-121.14108873443348,35.61052105157041
-121.13193664278218,35.6027474241699
-121.12447445727545,35.60766291978283
-121.12431042331963,35.61903866724617
-121.12796078677572,35.62600432694936
-121.12675483900652,35.62689705902502
-121.12652765179057,35.627778407698955
-121.12552534812006,35.62825472740688
-121.12550909385519,35.62901807350507
-121.12474211215861,35.63020047399981
-121.12339423711163,35.63058273790899
-121.12304097586552,35.631466505681594
-121.12166808710417,35.632156141413
-121.12018254353629,35.63223863530309
-121.1182278765651,35.632870858689685
-121.11754643436913,35.633823910530644
-121.11750206319624,35.63361216882568
-121.11301397255863,35.63360765260794
-121.11193273780752,35.633455016427455
-121.11140940854237,35.633131115858006
-121.11020170480407,35.63339068608881
-121.10979791550753,35.633319085384805
-121.1088046044655,35.632480303618266
-121.10712672072204,35.63295739562536
-121.10633415289777,35.632512782663994
-121.10582863148596,35.63255358692307
-121.1050650471534,35.63316603800975
-121.10527610028456,35.633837413424494
-121.10197259142072,35.63380868823335
-121.10126017641939,35.63478950421784
-121.10106199361837,35.63903756278464
-121.10259901215707,35.63910612655086
-121.1018327745838,35.639748193060065
-121.1012183717341,35.64224022695849
-121.1003131022881,35.643143558390435
-121.09833605321072,35.64440413709207
-121.09571611472524,35.64445279214339
-121.09316472504496,35.646518788618
-121.09176837519588,35.64947519548239
-121.08920088703658,35.65116754451383
-121.08564723625456,35.652067417751375
-121.0846657238396,35.652681253307485
-121.07370056596983,35.652632486829475
-121.07368907008238,35.65987519734791
-121.06924597165647,35.65985851326281
-121.06923397172841,35.66714203441415
-121.06475542882879,35.667126954159905
-121.0647395308472,35.67075296512709
-121.06029581926907,35.670737855685346
-121.0602705824663,35.67642385321852
-121.05840852271825,35.675853457898
-121.05605993962645,35.675795566789304
-121.05410165275222,35.6753064732703
-121.05240139092251,35.67406864102748
-121.05110540523238,35.67261656017135
-121.04830033892154,35.67123290775952
-121.04525143288011,35.669974598744986
-121.04343563778045,35.6699116748224
-121.04166723532126,35.669461184175454
-121.0359425526592,35.66480915531838
-121.0329767529759,35.663612944428415
-121.03132233881972,35.66252209443884
-121.02888136693849,35.66028933783207
-121.02505652523563,35.65738014219884
-121.02053867007571,35.65147784928966
-121.01810230798884,35.64894800585541
-121.01491610381106,35.64637118896833</coordinates></LinearRing></outerBoundaryIs></Polygon></Placemark>
<Placemark>
<ExtendedData>
  <Data name="COMNAME"><value>CALIFORNIA RED-LEGGED FROG</value></Data>
  <Data name="SCINAME"><value>RANA DRAYTONII</value></Data>
  <Data name="SPCODE"><value>D02D</value></Data>
  <Data name="VIPCODE"><value>V01</value></Data>
  <Data name="UNIT"><value></value></Data>
  <Data name="SUBUNIT"><value></value></Data>
  <Data name="UNITNAME"><value>MEN-1</value></Data>
  <Data name="SUBUNITNAM"><value></value></Data>
  <Data name="STATUS"><value>FINAL</value></Data>
  <Data name="LEADOFFICE"><value>FF08ESMF00</value></Data>
  <Data name="COOPOFFICE"><value>NONE</value></Data>
  <Data name="COOPOFMORE"><value></value></Data>
  <Data name="FEDREG"><value>75FR12816</value></Data>
  <Data name="PUBDATE"><value>20100317</value></Data>
  <Data name="EFFECTDATE"><value>20100416</value></Data>
  <Data name="VACATEDATE"><value></value></Data>
  <Data name="ACCURACY"><value></value></Data>
  <Data name="SINGLMULTI"><value>SINGLE</value></Data></ExtendedData>
  <Polygon>
<outerBoundaryIs>
  <LinearRing><coordinates>-123.6021008514749,39.02946282256184
-123.601328402642,39.02809723944009
-123.60094787426209,39.02650856049503
-123.60122090734903,39.024353953756886
-123.60169618505519,39.02337292868546
-123.60162999238244,39.022846408760145
-123.60105230959724,39.022506913461726
-123.59844451258367,39.02179517962756
-123.59574748753681,39.02184057433872
-123.59439491047834,39.02152748966687
-123.59085590787844,39.021833452674144
-123.58351077439393,39.02324439712412
-123.58072403673664,39.02539803210393
-123.58008427184514,39.02566259220429
-123.57724111196916,39.02588827918046
-123.57590819483136,39.025458349669705
-123.57520980654967,39.024961123870526
-123.57276461025289,39.022369495967936
-123.57179128064062,39.0217705081355
-123.57027633268777,39.021394388812745
-123.56824305562385,39.019831445037354
-123.56496219341918,39.01791513507087
-123.56415006906785,39.017125888695816
-123.56340762588434,39.016147284565
-123.5654846006988,39.010217150860115
-123.56671330998981,39.00948525738352
-123.56926592770424,39.00907198916497
-123.57060929362245,39.00855186844773
-123.57161366076083,39.0079884891877
-123.57193550515107,39.00746859844199
-123.5714316143112,39.00245664179512
-123.57183476572192,39.00113031105417
-123.5708442834045,38.99973769165403
-123.56834554437903,38.99908342140405
-123.56754713212247,38.9983801844266
-123.56673120092402,38.996932908620764
-123.56176898410244,38.99387005610237
-123.56043274710863,38.99182213030717
-123.55991548852097,38.99026163863141
-123.56000151971095,38.98969282267383
-123.56069359844061,38.9882932459197
-123.56199509105689,38.98744398333847
-123.56250514648721,38.98669894899736
-123.56286389316145,38.984623928020284
-123.56105173010098,38.98265471879299
-123.55899378772585,38.98114649520794
-123.55994354372778,38.98007885427045
-123.56048731003698,38.978670108634354
-123.56164638361832,38.97818247245109
-123.56396685559636,38.97791471040636
-123.56689566496019,38.978153122951625
-123.56890422476447,38.97760727205208
-123.57041853903438,38.97662204248333
-123.5711890876642,38.9765147692622
-123.5737005189651,38.97730461439908
-123.57569117200609,38.978322121116804
-123.5763374733979,38.978088826070326
-123.57667091579597,38.97711840869023
-123.57912048023961,38.976079439849535
-123.58132820522125,38.97642421948047
-123.58327969555195,38.97775703455166
-123.58481038928954,38.978064900052466
-123.58559725662938,38.97781757104298
-123.58671524276615,38.97695633879301
-123.58959505110387,38.976995742532786
-123.59169720881651,38.97611988032159
-123.59396531963974,38.976568022304335
-123.59576602994771,38.97572074584596
-123.59696755669644,38.97610218334975
-123.59849818052955,38.977023036600414
-123.59988682653591,38.98012876336927
-123.6026442772791,38.9825439274712
-123.60575699483235,38.98320365042572
-123.60756032101398,38.98283788549403
-123.61053905473456,38.98284060208126
-123.61062045931774,38.980767353081134
-123.60924804086692,38.97812127952348
-123.60925776064073,38.977566424891776
-123.61021146261001,38.9754574166893
-123.61080165117481,38.97501766975237
-123.61220217814541,38.97197794581396
-123.61431098219977,38.97047115931012
-123.61474770639573,38.96968030208859
-123.61479443712983,38.96898204948809
-123.61313065411768,38.96746745656093
-123.61025995878498,38.96666213269844
-123.60830265066126,38.96542903035008
-123.60667218698653,38.96383775564304
-123.60501443639782,38.95983706223396
-123.61003576090954,38.96040137247698
-123.6114632154346,38.959947633107355
-123.61316264680518,38.96006921209995
-123.61517910508313,38.95918463241283
-123.61563100008561,38.957384920489574
-123.61684212567232,38.95556259134326
-123.61923634155038,38.95441469011367
-123.61987814193543,38.9534555837639
-123.62021640819334,38.95227330335252
-123.6211056347799,38.95152116196688
-123.6229750660273,38.95084881299346
-123.62443317673906,38.94829524886733
-123.62758659385578,38.94539039558216
-123.62987911597477,38.944512665756704
-123.6315926715094,38.94328301229856
-123.6335702162563,38.94333114378466
-123.63750055605352,38.94297610969831
-123.63969226273508,38.94312670158121
-123.64148844383828,38.941818745494885
-123.64406318239405,38.94099349548849
-123.64455080460348,38.93996331578577
-123.64583013681475,38.93853303381505
-123.64825256301901,38.936996459816825
-123.64984424952465,38.935392947590024
-123.64990487557782,38.935004886831166
-123.64623612216634,38.931777142209675
-123.64682463156961,38.93029100624485
-123.64700166220071,38.92811406814337
-123.649087481077,38.927138604876404
-123.64806747485987,38.92576545508343
-123.64449496191332,38.92239172979785
-123.64233005353474,38.91993911332691
-123.64108800504494,38.917499376788385
-123.64246488188157,38.917753467692755
-123.6446776183905,38.917664717546096
-123.65056986849555,38.91652839921814
-123.65315088057655,38.91624387220234
-123.66041892322443,38.91447686923928
-123.66730490219649,38.9137175991768
-123.67156819284195,38.91161183041255
-123.67266623093305,38.91127064806992
-123.67388975609632,38.91145450719157
-123.67767176745775,38.9127959909185
-123.68025535100686,38.912890035616044
-123.6814330610348,38.91195607239375
-123.68486147750441,38.91179620435681
-123.68741802382796,38.911128106596415
-123.688897169762,38.91120785391201
-123.6894624128003,38.91218160545247
-123.69065795808652,38.91310163356221
-123.69339230588938,38.914339729601146
-123.69339867363249,38.914994111220054
-123.6951724125324,38.9179284490808
-123.69525285846849,38.919018668288366
-123.69693402929107,38.91960852788748
-123.69869679899408,38.92139764221897
-123.70080708964085,38.92302103878565
-123.70117384370158,38.92481848649638
-123.70181556504986,38.92617800105788
-123.70259155707075,38.926991355491566
-123.70504469303687,38.92795819147531
-123.70540563980741,38.92915577637463
-123.7078058744956,38.931813451053415
-123.70872054616545,38.93251685305247
-123.70942904151715,38.933548709421444
-123.71062411603863,38.93435946110715
-123.71578263966143,38.936170785328635
-123.71877111315847,38.93804210597523
-123.72089885342247,38.94231305350957
-123.72091045071319,38.94345820898851
-123.71965685648912,38.94379315270685
-123.71846977640203,38.943800465845435
-123.71495864454707,38.941858778864216
-123.71513854268255,38.938912805046385
-123.7127443437353,38.9369096656205
-123.70861781244686,38.936225838645356
-123.70785140801758,38.93639409294685
-123.70764790628498,38.936995208708325
-123.70338823849804,38.93696642046485
-123.70227969587002,38.93784565081668
-123.69843944748389,38.93786869263429
-123.69467433820309,38.938436508273874
-123.69418823323284,38.93871207391952
-123.69195387639787,38.938725340803316
-123.69043414933094,38.94042491665409
-123.69172067820412,38.94347124305628
-123.6915154312225,38.94390873675302
-123.6908213773404,38.94434912416259
-123.69055951898092,38.94615031808507
-123.69072881700731,38.94920325699677
-123.68969346209367,38.95046367636595
-123.68964053745066,38.952209097063346
-123.68729452248259,38.95516780460056
-123.6882119347358,38.95614402102519
-123.68947541040153,38.95679097864732
-123.69115160443857,38.956781064235436
-123.69206166421569,38.956993809564494
-123.69262729814369,38.95769940337848
-123.69270669730005,38.95868055409782
-123.69313266338331,38.959386974106536
-123.69397823763636,38.960145432584234
-123.6935692709016,38.961184019777306
-123.6937889127919,38.96221887009859
-123.69534313045591,38.96400925869311
-123.6955617409265,38.9649350422511
-123.69500347898118,38.96499290273458
-123.69325246000245,38.96451250716779
-123.69156283012809,38.96315916934747
-123.69120511375951,38.962288736322876
-123.69147920022941,38.96174176745665
-123.6903584845482,38.9614211951959
-123.6909807420937,38.96076309825376
-123.69076485217627,38.96010996183374
-123.69005952907982,38.959405185316164
-123.68894677777556,38.95990257039539
-123.68621652933197,38.95926424114941
-123.68510375280593,38.959761589819934
-123.68483172428223,38.96052667015586
-123.68372468350913,38.96162385200911
-123.68198479996146,38.96228844682147
-123.67849297122274,38.96236333433335
-123.67354312003881,38.96337362871264
-123.67208609853067,38.964418185127414
-123.670844242384,38.966061366536586
-123.671697386739,38.96763796039296
-123.67345608771514,38.96893665260959
-123.67395488151776,38.9699699284449
-123.67619230205821,38.97017512334283
-123.67669529569802,38.97164463851619
-123.67775873092617,38.97327450077292
-123.6769287434288,38.97415186951391
-123.67688172608383,38.97655165728414
-123.67709546369898,38.97698669263928
-123.67871216748476,38.978013454392865
-123.67920745609176,38.97866498537525
-123.67936333644602,38.98035464399276
-123.68056461001925,38.9817655376345
-123.68058027286037,38.983401476993436
-123.68255227712085,38.98502598859739
-123.68326512354271,38.986494243270805
-123.68473661092938,38.986921891855694
-123.6914431691954,38.98677327413198
-123.69346250672868,38.98605234464672
-123.69779123917581,38.98569933255976
-123.7018490646124,38.986220338201385
-123.70236995104673,38.989434725009474
-123.70072847991634,38.99304385351914
-123.69962172476261,38.99419571347899
-123.69598859912716,38.994271976234664
-123.69229780605056,38.99560275498261
-123.69245350904123,38.99723785703118
-123.69338431662572,38.99952276461093
-123.69493722024968,39.00109501595529
-123.69502364493731,39.00278505959158
-123.69559234942237,39.00376328465154
-123.69336964184966,39.01233836781762
-123.69144759240494,39.018214321133314
-123.68904722584932,39.0179641673387
-123.68548004571892,39.01843588978333
-123.67899986154443,39.01747730659995
-123.67698935272487,39.01680865037566
-123.67423382515503,39.01492796767811
-123.67067441450216,39.014304132300204
-123.6692337940203,39.01374424495761
-123.6680996643193,39.01380088995393
-123.66525283233915,39.01508313226699
-123.6645683765637,39.0151901631774
-123.65973351850747,39.01462228598332
-123.65797811074783,39.01479920373744
-123.65314693494406,39.01783165879357
-123.65185496694355,39.01816299663648
-123.6499394446513,39.018101488213205
-123.64899886558355,39.01760658014026
-123.64753513277866,39.015538071575214
-123.64532216185378,39.01081423506784
-123.64444072452953,39.01108995689663
-123.6412306148002,39.01559509307261
-123.64040387575947,39.015933091333125
-123.63979167497719,39.01592260315536
-123.63783820377894,39.015184995302434
-123.63663315032882,39.014389859915205
-123.6340654887529,39.01402525205864
-123.63245735254297,39.0132727633337
-123.63023365508549,39.013946765642174
-123.6290360477003,39.01396259061417
-123.62738285250546,39.013682317138375
-123.62601617700686,39.01310439350239
-123.62112802328053,39.01240518396238
-123.62029787886338,39.01251263514073
-123.618849975763,39.01315170609711
-123.61741377039239,39.01460517976624
-123.61617094293216,39.020094735532034
-123.61564653386695,39.021057513142296
-123.61366158538823,39.02271629320651
-123.61179097473355,39.023410994449335
-123.61115751187953,39.025050434585566
-123.61166376568494,39.02648504179738
-123.61152795723261,39.02772891037266
-123.61024627297591,39.02924531613999
-123.60827440153675,39.029218999895
-123.60778234639812,39.02939745811864
-123.60674692035589,39.030916385510444
-123.60399962817057,39.0304799117139
-123.6021008514749,39.02946282256184</coordinates></LinearRing></outerBoundaryIs></Polygon></Placemark>
<Placemark>
<ExtendedData>
  <Data name="COMNAME"><value>CALIFORNIA RED-LEGGED FROG</value></Data>
  <Data name="SCINAME"><value>RANA DRAYTONII</value></Data>
  <Data name="SPCODE"><value>D02D</value></Data>
  <Data name="VIPCODE"><value>V01</value></Data>
  <Data name="UNIT"><value></value></Data>
  <Data name="SUBUNIT"><value></value></Data>
  <Data name="UNITNAME"><value>CCS-1</value></Data>
  <Data name="SUBUNITNAM"><value></value></Data>
  <Data name="STATUS"><value>FINAL</value></Data>
  <Data name="LEADOFFICE"><value>FF08ESMF00</value></Data>
  <Data name="COOPOFFICE"><value>NONE</value></Data>
  <Data name="COOPOFMORE"><value></value></Data>
  <Data name="FEDREG"><value>75FR12816</value></Data>
  <Data name="PUBDATE"><value>20100317</value></Data>
  <Data name="EFFECTDATE"><value>20100416</value></Data>
  <Data name="VACATEDATE"><value></value></Data>
  <Data name="ACCURACY"><value></value></Data>
  <Data name="SINGLMULTI"><value>SINGLE</value></Data></ExtendedData>
  <Polygon>
<outerBoundaryIs>
  <LinearRing><coordinates>-122.16397623912619,37.95404814532764
-122.16403906915379,37.95404808079124
-122.16357261352796,37.95336351195886
-122.16397623912619,37.95404814532764
-122.16288391344271,37.954049261956186
-122.16164092275955,37.95670488675303
-122.160536068817,37.956707319722184
-122.16058563661876,37.95791034590776
-122.15518270865121,37.9576805782262
-122.15588028671891,37.9586294524058
-122.15188552161838,37.96025435774718
-122.15151667581868,37.960124233651364
-122.15191637916988,37.960704400358935
-122.15151741270783,37.96210391711491
-122.14973565667468,37.962402065060644
-122.14941878669137,37.96188256540013
-122.1490822301037,37.96180075030241
-122.14882448915492,37.96199114187786
-122.14878734067013,37.96258284190303
-122.14849955794482,37.962590249753895
-122.14847206804852,37.957610292729875
-122.14351505592218,37.95887272486235
-122.14402724298502,37.95951793705477
-122.14398125919836,37.96033776578368
-122.14359551632587,37.96062330430719
-122.14314043552952,37.96184849737809
-122.14346987756873,37.96184041298386
-122.14307068842096,37.96268854655655
-122.14177146794167,37.96331635779914
-122.14178586459852,37.96522095872689
-122.14017952661851,37.96522062858498
-122.13853395253275,37.96477582208764
-122.13838126025058,37.96360031516782
-122.13790674388542,37.96339879656463
-122.13706652439309,37.96321405251008
-122.13532953450974,37.96342074602319
-122.13555490412418,37.9629397764069
-122.13436568379673,37.961559517268626
-122.13497887336311,37.96057595617608
-122.13433427268247,37.960370632663725
-122.13457999800832,37.95932219299309
-122.13292558073104,37.95891331521207
-122.13232894735992,37.960128523958396
-122.13164289199388,37.960872034393006
-122.13201931511796,37.9613474513619
-122.13173900699047,37.96169332644219
-122.13216374446544,37.96231436085778
-122.13047556206989,37.96379273739247
-122.12967766012308,37.96355512907264
-122.12870813611305,37.96380055046965
-122.12692296609607,37.96134288788393
-122.12494218944583,37.960397825639824
-122.12434425135442,37.96176563453242
-122.12318768738885,37.96313080513486
-122.12302970190353,37.963045797183064
-122.1227604025475,37.96381854131243
-122.12195739821159,37.96461506740056
-122.12202770552261,37.96528980500199
-122.12153073569999,37.96588856483197
-122.12016147374744,37.96514377612117
-122.11910578163682,37.9663708528447
-122.11712202169146,37.964733550980924
-122.11923078017278,37.96304090256556
-122.11851958818474,37.96248622955098
-122.12141792127012,37.960338407071625
-122.11970919229917,37.960329585761464
-122.11969772753909,37.959726189169224
-122.11897458607977,37.95973194659329
-122.11898582979137,37.96032508715986
-122.11735509907358,37.960316472048355
-122.11737278084485,37.95877701519287
-122.11923852301337,37.957804756449676
-122.12146176934071,37.957050752817736
-122.12150832822738,37.955757802182774
-122.12065599936997,37.95504397479252
-122.121366637062,37.95325575332429
-122.12125774014845,37.95157854178671
-122.11983415888412,37.94936885283395
-122.11963411776381,37.948628270554316
-122.12008323673271,37.94822158681199
-122.1214397670608,37.94766845639592
-122.1217874473622,37.94690502487092
-122.12331546904267,37.946970461991896
-122.12423696541863,37.946752002099544
-122.1252653742718,37.945998068755465
-122.12472543323726,37.945088301063365
-122.12448398121877,37.943324515073186
-122.12452254547178,37.94279752881735
-122.12539036142176,37.94181262790491
-122.1254465480543,37.9409793801508
-122.12661812513097,37.94069973230911
-122.12965659094492,37.93806004257377
-122.12750978263932,37.93622230596695
-122.12615459900816,37.9358158962749
-122.12452296242748,37.93482138261045
-122.12379386843264,37.933662292887846
-122.12383070903265,37.93235122568831
-122.1248479241805,37.931615261900994
-122.12540991451186,37.93149775650066
-122.12611193280654,37.9316607466143
-122.12595730911173,37.93110982896177
-122.13118101007007,37.92743536482917
-122.13405209299515,37.92597842798186
-122.13544049281307,37.92336593757594
-122.13481066928755,37.919540738807854
-122.13528940258225,37.918383131486856
-122.13766573393575,37.91733761466008
-122.14005557147422,37.91740209904373
-122.1418431591083,37.9158387793547
-122.14179060119729,37.916495237988705
-122.14234370897064,37.91753243508867
-122.14488571646983,37.918811339656195
-122.14595196308797,37.92013889582272
-122.14988337865998,37.92230130989853
-122.15628526361832,37.92165210200004
-122.15623366273057,37.921049924489665
-122.15838959538613,37.92040095891551
-122.16084688814722,37.92043237080902
-122.16167377672738,37.921509850729265
-122.16102336738058,37.92327754511352
-122.16085664030338,37.92612680171717
-122.16257337220418,37.92598805923647
-122.16318564583466,37.92839028677403
-122.16532902933383,37.93033637201605
-122.16613954234992,37.930759535566644
-122.1674566504349,37.93073143394807
-122.16862311437696,37.93117086651037
-122.16909069686092,37.9307632065443
-122.17121327643949,37.93054512952297
-122.17377453659927,37.93148325831022
-122.17464656681528,37.932087480759314
-122.17517103790851,37.93319723078638
-122.175949654949,37.93320268623393
-122.17817171863966,37.933776801016386
-122.17905974785734,37.935701258823045
-122.18054210958114,37.9364561406627
-122.18200476312762,37.93680343697374
-122.1844086738329,37.936671673002145
-122.18559217886397,37.93709217005012
-122.18605766066926,37.93758271816049
-122.18624641658279,37.93856127503367
-122.18593907474406,37.939028186776774
-122.1880247426807,37.93932423984572
-122.19188055900374,37.941441775034576
-122.19382153176737,37.943347798682
-122.19542089925113,37.94363366476261
-122.19724726418895,37.94295218444702
-122.20018068942389,37.94080913897318
-122.20536401378907,37.939420315087006
-122.20931899828416,37.94020408733216
-122.21641587458211,37.943556266965714
-122.21816480153645,37.94203429996416
-122.21900306438911,37.93947576353249
-122.21830989295646,37.93661062834862
-122.22213835030676,37.93821811544871
-122.23154928817705,37.93494658865409
-122.24492230023642,37.939536742154296
-122.24564891557067,37.941560775089805
-122.24500533133715,37.94160164132719
-122.24047003084559,37.94362044180607
-122.24021043084686,37.94400994185701
-122.23928543070252,37.94401074191933
-122.2393733307998,37.944788941980356
-122.23824863081836,37.946598442211716
-122.2383648308734,37.94694174223341
-122.24001013095808,37.945337741984744
-122.24136843115052,37.94515344187746
-122.24246533121111,37.944122241714965
-122.24549953160597,37.94338674144747
-122.24614765072806,37.94294996775754
-122.24654776684241,37.944064425184784
-122.25315593361196,37.94599682736578
-122.25529930437645,37.94911039722053
-122.2543607363788,37.950072239416755
-122.25424351847124,37.94996136711801
-122.24580562282404,37.95586990105324
-122.23880725538451,37.95913355979414
-122.23971305540013,37.96313282401499
-122.24338961907807,37.96522317685551
-122.24553311969308,37.96833691608435
-122.25536850121054,37.97378254280086
-122.25133926330271,37.97834292847985
-122.2482521408591,37.97903199483057
-122.23921223733436,37.97748051851044
-122.23497903566722,37.97911863410212
-122.23356682321005,37.98447791201312
-122.23076265223119,37.98701325726586
-122.22596310467755,37.988187307388095
-122.22376544117009,37.990239461085324
-122.22195490303275,37.99550519029412
-122.21139031936373,37.99655844415007
-122.20843575085122,37.99926491767858
-122.20515842976504,38.00044834759648
-122.18231369219973,37.99782351600993
-122.18200826549365,37.99713080288173
-122.17885649960492,37.99417373168889
-122.17856094146381,37.992578967059174
-122.17819563775355,37.99220393608712
-122.17631580490762,37.99227395806008
-122.1750095988117,37.99152725015507
-122.17342154640423,37.991515873329426
-122.17105891802159,37.992287438927775
-122.16968580820712,37.99219666959431
-122.16730517189316,37.988172054208626
-122.16532233269109,37.98643091855987
-122.16308346719029,37.98561342196045
-122.16282420484876,37.98493100096905
-122.16318991356547,37.984108071383154
-122.16197924179319,37.9836528426763
-122.16110293211192,37.98295707710118
-122.16148131739543,37.982326541990574
-122.16285303118981,37.98141401944024
-122.16397548834026,37.97820343746535
-122.16476895458162,37.97771734628024
-122.16577299994039,37.97793546289811
-122.16709213452638,37.97878123896082
-122.16961154906525,37.97951609392032
-122.171764012078,37.981304656469966
-122.17363421722833,37.98049278513881
-122.17419575976841,37.97926191428259
-122.18286599837948,37.978791064155885
-122.18407173350731,37.97771344735077
-122.18274002262706,37.97153950035584
-122.18325080006956,37.9686454841308
-122.18044274611299,37.96504337685317
-122.17792898939551,37.96246170195869
-122.17486462982426,37.95981981463622
-122.17504268989332,37.95861512245469
-122.17475331913477,37.95832279320139
-122.17343108272543,37.95803212938963
-122.171371170742,37.95821680653709
-122.17041879051443,37.95865838279071
-122.16745796682217,37.96104879387469
-122.16709016145144,37.96111335527708
-122.1665379603608,37.95960552196169
-122.16634310329755,37.95748354367806
-122.16572801599166,37.95606339665176
-122.16491957305729,37.95564818250653
-122.16397623912619,37.95404814532764</coordinates></LinearRing></outerBoundaryIs></Polygon></Placemark>
<Placemark>
<ExtendedData>
  <Data name="COMNAME"><value>CALIFORNIA RED-LEGGED FROG</value></Data>
  <Data name="SCINAME"><value>RANA DRAYTONII</value></Data>
  <Data name="SPCODE"><value>D02D</value></Data>
  <Data name="VIPCODE"><value>V01</value></Data>
  <Data name="UNIT"><value></value></Data>
  <Data name="SUBUNIT"><value></value></Data>
  <Data name="UNITNAME"><value>CCS-2B</value></Data>
  <Data name="SUBUNITNAM"><value></value></Data>
  <Data name="STATUS"><value>FINAL</value></Data>
  <Data name="LEADOFFICE"><value>FF08ESMF00</value></Data>
  <Data name="COOPOFFICE"><value>NONE</value></Data>
  <Data name="COOPOFMORE"><value></value></Data>
  <Data name="FEDREG"><value>75FR12816</value></Data>
  <Data name="PUBDATE"><value>20100317</value></Data>
  <Data name="EFFECTDATE"><value>20100416</value></Data>
  <Data name="VACATEDATE"><value></value></Data>
  <Data name="ACCURACY"><value></value></Data>
  <Data name="SINGLMULTI"><value>SINGLE</value></Data></ExtendedData>
  <Polygon>
<outerBoundaryIs>
  <LinearRing><coordinates>-121.88063774178667,37.84124797884365
-121.87638546272353,37.83680303742054
-121.8683498385961,37.83770485462937
-121.86341399044802,37.83765731766802
-121.85977830575133,37.83470273926053
-121.85976227301039,37.82456393926388
-121.8470404399655,37.82462176610566
-121.8445242893113,37.822302641200565
-121.83962781576075,37.81980758781839
-121.83052984300132,37.80992994917973
-121.82257437197475,37.80593563031665
-121.8201386864385,37.80395372658242
-121.81399526913341,37.80242388243717
-121.78845466421183,37.78014174220101
-121.78860639058651,37.77084501071857
-121.77639921804702,37.763378114423105
-121.6210818542392,37.80026584866606
-121.62026893954729,37.79917006359812
-121.61987742949341,37.797888024687424
-121.61446185052331,37.798385742628405
-121.61662624764972,37.80132046254742
-121.59916359170786,37.80545183375808
-121.5998782171674,37.80505895022262
-121.59905182177472,37.80378739671767
-121.59930647172104,37.802227113473855
-121.59698093870212,37.79933795230567
-121.59505786868057,37.79805597755494
-121.5946046407719,37.79606015107522
-121.59759753164295,37.79608740806847
-121.59753538925395,37.7947270992154
-121.59399588327223,37.79472306644389
-121.59376052438937,37.79420610711992
-121.59233801047267,37.793158981776315
-121.5929513744103,37.79027193608357
-121.59225441165445,37.78880508491092
-121.59111198504029,37.788288361266446
-121.5904088747127,37.787146975327126
-121.59160923699355,37.78216215774101
-121.59126724582399,37.78118516199124
-121.58984718626402,37.780023576375214
-121.58950522742074,37.77904657582552
-121.58960993466988,37.77733093452841
-121.58831751478814,37.77566484599622
-121.58663056393141,37.77508968548006
-121.5866845078473,37.773070773785136
-121.58323633679058,37.771987964767256
-121.58116562255186,37.77015417818964
-121.58074951562934,37.76888036169926
-121.58044943443338,37.76507775106593
-121.58151181939873,37.76151247122165
-121.58210985298689,37.762303914962445
-121.58560192539386,37.765365828262134
-121.58679645826398,37.765802341467776
-121.59350783572562,37.765850431600676
-121.59565569688043,37.766472241010355
-121.59713362005466,37.76837843631135
-121.59931997805448,37.769667970337814
-121.60087774415112,37.771493101290595
-121.60046469639651,37.773305847035545
-121.60079896547917,37.77440898287092
-121.60214049177111,37.77481947974125
-121.60275416432816,37.77562498313471
-121.6037469458979,37.77624771581584
-121.60690549716183,37.78011809403989
-121.608247161636,37.78052852368286
-121.60923012438585,37.781131990166536
-121.60975051568971,37.7817863580752
-121.610842653083,37.78225018090741
-121.6167926234239,37.78119284141011
-121.6185995088045,37.78252027155266
-121.61825744001774,37.78302034582449
-121.61793008921143,37.78303813454028
-121.61785121041757,37.783459965249115
-121.61988577699024,37.78480845386667
-121.6207425886003,37.784564834804634
-121.6209964339628,37.78398889951768
-121.6212781072124,37.78428724348135
-121.62153538968604,37.78561706046635
-121.62024390094784,37.78866137009155
-121.62073043292911,37.7899308327795
-121.621871519845,37.79116177957095
-121.62461397641285,37.79275198317389
-121.62513726117422,37.79394697615093
-121.6253111560017,37.79623820133171
-121.6228912937641,37.79838467043899
-121.62404183601551,37.79856980549416
-121.62557625354239,37.797500352112266
-121.62624747308256,37.796306354631604
-121.62629217761305,37.79389253125903
-121.62592652090532,37.792684820218746
-121.62227311411753,37.78980551689606
-121.6220502105433,37.788184902466156
-121.62303268120613,37.78688311325036
-121.62320872590176,37.78516827197739
-121.62197189485715,37.78292143818923
-121.62159815857711,37.78278456910341
-121.62138179190222,37.7823052362177
-121.62151545362653,37.781905757000935
-121.6232610256314,37.7802539943936
-121.62405435768876,37.77982046213667
-121.6243228905402,37.77946728094365
-121.62368150255529,37.77923510266742
-121.62441625669524,37.77795641897309
-121.62546765484588,37.776963008827835
-121.62522232802954,37.776613006029095
-121.623713709966,37.777169224823126
-121.62155334913551,37.77898346651353
-121.62031166347234,37.77909214037047
-121.62021529298863,37.77939011886329
-121.62071702780479,37.780169930794095
-121.6196473084177,37.7809229817526
-121.61904164633758,37.78092285557435
-121.61719611991009,37.78005297888864
-121.61422583568232,37.779480382954354
-121.61326193884639,37.778869651778336
-121.61318172111149,37.77834912867612
-121.61378752469614,37.777703829011216
-121.61504891831224,37.77717249500554
-121.61477793119631,37.77688523932469
-121.61367830070563,37.776779450845034
-121.61246689739569,37.77723703871684
-121.61073643309167,37.77851863412619
-121.61039969504066,37.778516830586064
-121.61099060385247,37.77688243866134
-121.60911081297093,37.77727627648204
-121.60885206482963,37.77684436367874
-121.60972045856988,37.77541919833235
-121.60894923684016,37.77519944738054
-121.60779549087803,37.77590879019196
-121.60735739457635,37.77572384613811
-121.60736961769669,37.77507235762361
-121.60808698930438,37.77333598535649
-121.60821131914959,37.772717734157155
-121.6080194449959,37.77244174492613
-121.60690224398658,37.77332216398551
-121.60614474185714,37.77346233286683
-121.60623864777118,37.77448944738036
-121.60529251805292,37.774696831331525
-121.60452653945472,37.77393848425925
-121.60326505372893,37.77168959551419
-121.60377734753722,37.77005500620942
-121.60320830070876,37.769817027934664
-121.6020404834669,37.770871046416104
-121.60128935502647,37.76974413372947
-121.59848952713419,37.76716707875595
-121.59782986588169,37.76586860507939
-121.596407823496,37.76482153365432
-121.59067274202343,37.764231733114954
-121.58733081567041,37.764484134454534
-121.58518713306509,37.76348550439145
-121.58256021615682,37.76036139589641
-121.58203645022691,37.75753362720118
-121.58071553545011,37.756049063743944
-121.5787108405313,37.75533814097205
-121.57822500503117,37.75435937044026
-121.5780203558558,37.751466575220725
-121.5770560315562,37.75062056502589
-121.578615059539,37.7498684591802
-121.58011310884574,37.74691055685431
-121.58128790619895,37.74200291867107
-121.59054095783198,37.7405115025707
-121.5971847582013,37.739789550027645
-121.60080450871668,37.73891689710313
-121.60722228789574,37.7387067653575
-121.6157263672556,37.73780055362415
-121.6249243117757,37.73613487035905
-121.62597804507283,37.7355733892531
-121.62677379940453,37.735799844832975
-121.62861346978136,37.73546656567072
-121.63214504823341,37.73393321642089
-121.63437036337174,37.73198512064717
-121.63744507318697,37.72840531041632
-121.64332783110041,37.72682335285727
-121.6451216077924,37.72697720960995
-121.65600814030458,37.72290524255671
-121.66404009164548,37.720993472882604
-121.67002506670835,37.72071776857734
-121.67258867499814,37.72240636054946
-121.67437355904562,37.72285880813335
-121.67549281442501,37.72404591448233
-121.67697305465897,37.72447196802893
-121.67847679139581,37.7231128894156
-121.68034149182307,37.72313378080218
-121.68148531113904,37.72360502335264
-121.68427936617388,37.723821103866335
-121.68777355766096,37.72357574643415
-121.68884914339074,37.72369817499498
-121.69002706548835,37.72419410504113
-121.6919130891543,37.72541672210462
-121.69274248432185,37.72571327285711
-121.69489787599815,37.72577110015643
-121.69654987565663,37.724768544454506
-121.69716918323498,37.723072443502645
-121.69718611138062,37.72210611054175
-121.69787903176692,37.721329879834286
-121.6994442034993,37.720241822717114
-121.70521184649428,37.71916367275195
-121.71031867113037,37.71766372830448
-121.71075073680511,37.727980733998805
-121.71149784464181,37.73056429872115
-121.71942351224611,37.73065067571997
-121.72265166810114,37.731518035817885
-121.72445292508174,37.731506446587794
-121.72443394654744,37.7296480148622
-121.7237279570001,37.72884104800684
-121.72702056380986,37.72753220205227
-121.72894623830322,37.72760235433561
-121.72892586053123,37.72879443973623
-121.73042472323552,37.728929829517796
-121.73069642034062,37.73060199998745
-121.73243314467018,37.73062069011399
-121.73275084273268,37.730799731639976
-121.73737510212136,37.730750114750066
-121.73740942121451,37.73276404486772
-121.738288307938,37.73318643650907
-121.73903839673238,37.73560969640756
-121.74154559287281,37.7356364936276
-121.7415049051237,37.73803976546603
-121.73949640531757,37.74173832054923
-121.73848033242301,37.741690743555544
-121.73794300346705,37.74217284480967
-121.73625124239882,37.74286446864666
-121.73794532704028,37.74395373088797
-121.73787706086728,37.74797307911393
-121.73923841367039,37.75094705094544
-121.740369247559,37.751774816697946
-121.74203876533385,37.752547506442966
-121.74610541410898,37.753451529673185
-121.7475612683872,37.754075380545615
-121.75190841425167,37.75759215986462
-121.7525670290622,37.757804503909
-121.75411929537869,37.75758430068613
-121.75491519722078,37.75700557431922
-121.75699218886787,37.75258416754756
-121.76032541239792,37.75250425904157
-121.76109049773247,37.74714688749706
-121.76349677398987,37.74644086075031
-121.76405061773248,37.74647388026173
-121.7646879900693,37.74703940771324
-121.76499293528126,37.74830888800251
-121.76425938530883,37.75032458001275
-121.7633423592531,37.75116211291927
-121.76243105484075,37.75272075715878
-121.76193765217059,37.75645133830455
-121.76344455689305,37.75973366215073
-121.7763857080207,37.75986875424156
-121.77633196942696,37.76313036684203
-121.77850372412873,37.76258058941394
-121.77840474722929,37.75983247161964
-121.77977562223502,37.75980134402455
-121.78105555578685,37.760832851136605
-121.7866119561495,37.76048958029311
-121.7868264080992,37.755264378047784
-121.78183693418792,37.7506496772506
-121.77872537925982,37.746458040379046
-121.77797688954351,37.74456438160082
-121.77815138835193,37.742281505916026
-121.77873222232233,37.74098963334679
-121.77949873093783,37.74038473085876
-121.77989516936483,37.740237860346916
-121.78086151073971,37.74039210892229
-121.78361282622016,37.74186484912804
-121.78466976234097,37.74195913268866
-121.78612138769785,37.74134775976134
-121.7842508759561,37.73958449790387
-121.78371385196293,37.73936711062157
-121.7835935352761,37.73894451264694
-121.78208785024404,37.73737426632995
-121.78157163861908,37.73573539959373
-121.78137263436419,37.732137299753475
-121.78096562181209,37.72992720048138
-121.78153166112064,37.72734410730824
-121.78278765765383,37.72477044462067
-121.78308698288917,37.72316928106274
-121.783577711407,37.722541181481326
-121.78486528652684,37.723020902337744
-121.78637501790449,37.72492016415073
-121.78711572689086,37.72477003280827
-121.79154640536301,37.72211179994182
-121.7963220451981,37.720060764876294
-121.79755798245391,37.71891525855004
-121.79986014615673,37.71526603930386
-121.80122088767646,37.71402262036524
-121.80487144133899,37.71251401031115
-121.80578172417196,37.71251854395484
-121.80796446876366,37.716617050620506
-121.81424762037969,37.716483980157264
-121.81421399367657,37.707352257331806
-121.8233933387011,37.70734299110432
-121.82422911352148,37.70452260620605
-121.82577046705559,37.70398793825234
-121.82785069516203,37.703772911546736
-121.82873753741488,37.703978164608856
-121.82962131208649,37.70488547068269
-121.83331851321854,37.7058271131859
-121.83335968361054,37.70456772878726
-121.83614611708525,37.704625195641874
-121.83872278060277,37.70419480540708
-121.8414841120078,37.70415355077169
-121.8502549770273,37.7052695873281
-121.85044127684687,37.7074526829894
-121.84959951052207,37.70852210868698
-121.8492653030707,37.71018037653138
-121.84995257299913,37.71027664514106
-121.84948144546534,37.711961427033444
-121.85029717666774,37.71292810269784
-121.85104978342062,37.7128803437316
-121.85035476655507,37.71625232388847
-121.851001648873,37.721638621664084
-121.85062769279504,37.72545273633303
-121.8514667267869,37.725931536145225
-121.85340380067018,37.728161750245604
-121.85623097468462,37.72854660206751
-121.8576802239231,37.72944638381789
-121.85945382555563,37.729431303564205
-121.86052312372686,37.730455384460484
-121.85930537138807,37.732447282725374
-121.85951993151012,37.73433145666576
-121.86239812898589,37.735104476557034
-121.86404798060727,37.73520981363179
-121.86820255512764,37.73394836142291
-121.86854009557356,37.73352414487376
-121.86996641347699,37.732839845432856
-121.87139215031304,37.73107873093357
-121.87145776234553,37.726755834801075
-121.87203378639603,37.726761348346706
-121.87250292646988,37.72593708788903
-121.87272790830173,37.72631747739288
-121.87270955576295,37.72746142292383
-121.87334343228017,37.72803077496908
-121.87270916133038,37.72926848518276
-121.87282650920582,37.72944093185621
-121.8725695787327,37.72957131913522
-121.87431882657616,37.73198829909479
-121.87248902656292,37.735469713648946
-121.8754601578464,37.73755486669456
-121.87767995311174,37.739692409452
-121.87828288215886,37.74202319047853
-121.87765177466686,37.74404414034834
-121.8775081154348,37.746099537837466
-121.8768990224795,37.74666009058185
-121.87699946232071,37.74746586874565
-121.87538781891973,37.74945701422939
-121.87622463294079,37.74988791958386
-121.8769181963655,37.75098708167963
-121.87640869568035,37.75239196735972
-121.87325113348476,37.7557170041724
-121.87420673512528,37.7571006345999
-121.87209210431318,37.76306360217921
-121.87206776906548,37.76466585228053
-121.87037332301536,37.767053343888094
-121.86788145182814,37.7697193076981
-121.8675503365015,37.7725204667005
-121.86527707725975,37.77501677797601
-121.85923719434679,37.7739282897329
-121.85100647167705,37.77464955148768
-121.85013354847166,37.77589958575482
-121.8529938589649,37.77783924529258
-121.85294068536378,37.78127992892547
-121.85261671877683,37.781639763462856
-121.85047769488295,37.78222875685345
-121.84955653505797,37.783193174582614
-121.84935594962187,37.7843764266579
-121.84836344265415,37.785216132915345
-121.84680817883728,37.785883590864266
-121.84423234143351,37.78593501494349
-121.84104635238174,37.78538068772882
-121.84156116529515,37.796107270881436
-121.84310246007495,37.80325245362443
-121.85776673557739,37.803395565461166
-121.85954663575093,37.80295973203664
-121.86101833168506,37.803021664116095
-121.8613096749047,37.80362063828625
-121.86203050514906,37.803651450567415
-121.86309065766241,37.80311322276637
-121.86504935912444,37.80277441672776
-121.87130170489904,37.80664990256739
-121.8726936944135,37.81393635245213
-121.87552494509178,37.816331352277416
-121.87425263317257,37.819352443572136
-121.88751681445585,37.820234665620326
-121.88786262888247,37.82330820886551
-121.89004631502853,37.8249012389472
-121.89008709328557,37.825476223306175
-121.8906213726643,37.82588082630342
-121.89142310476656,37.82590557108947
-121.8918491434269,37.826216346458835
-121.89580977158256,37.826307623640794
-121.89585969465944,37.824401235990365
-121.89731864886087,37.82437568588211
-121.8995889420044,37.82535077204007
-121.90184266415946,37.8254195010169
-121.90721445648443,37.82606562534293
-121.90930598078393,37.826943480834295
-121.91192948104444,37.83049700101227
-121.91122230403496,37.831563548184626
-121.91196053897345,37.83247653005203
-121.91449248773716,37.832753309541125
-121.91534537255528,37.83539315512188
-121.91639723839899,37.835426685053186
-121.9176814659767,37.83485647166393
-121.91769097908495,37.83420538770161
-121.91818394179607,37.83318021009969
-121.91806026412907,37.83231159614566
-121.91874275945523,37.83116733329817
-121.919676952135,37.831140638303744
-121.92191885895299,37.829968867406635
-121.92502899588501,37.829043444694115
-121.92663529866591,37.82944557592884
-121.92661848738459,37.83019981054869
-121.92833145755336,37.830316361509496
-121.92884449035633,37.83206450460636
-121.92916751126621,37.832192183453756
-121.92925923792741,37.83313272006497
-121.93031241742776,37.832644714124584
-121.93464750346102,37.83441273543758
-121.93511905766725,37.83532638525534
-121.93625280245787,37.83501223064945
-121.93774089685563,37.83537961790616
-121.93845334751215,37.83648984426818
-121.94039136666565,37.83631127080616
-121.94161186972386,37.836639946584945
-121.94268003523403,37.83848589323193
-121.94323498508085,37.83844866811728
-121.94405288208286,37.84008948667607
-121.9472831302961,37.842528650393355
-121.94796029912828,37.84231832192997
-121.94816807655204,37.84273900879041
-121.94779641579645,37.84327071028039
-121.94979238366294,37.84426549942747
-121.94945151784052,37.84506948653491
-121.94991240664231,37.84658098160397
-121.95038969644517,37.84713726852023
-121.95058579734821,37.8487883509121
-121.95100904911658,37.84910058752173
-121.95106208705964,37.85082896954698
-121.94900929400704,37.85019760463418
-121.94284526544968,37.84965303965258
-121.9379435943114,37.84716200810689
-121.93118403414786,37.845143308598885
-121.9274746091714,37.84559896427682
-121.92130401987504,37.8455425982274
-121.91641052411269,37.842561365367544
-121.91214161831972,37.83909631778143
-121.90659582685834,37.83855557056496
-121.90407715570755,37.84195784230224
-121.90339491519367,37.846355939933666
-121.90084676488081,37.851715391519164
-121.89466841446708,37.852146936030934
-121.89164148545926,37.848203423216596
-121.88735138424262,37.84620543287506
-121.88429559555887,37.84421898867088
-121.88063774178667,37.84124797884365</coordinates></LinearRing></outerBoundaryIs>
<innerBoundaryIs>
  <LinearRing><coordinates>-121.60588925093505,37.79552348010104
-121.60590104211379,37.79489612569051
-121.60104594094598,37.79495408255749
-121.6011655399476,37.797863715699215
-121.60487938112477,37.797829764536026
-121.60491937089554,37.79570373160971
-121.60588925093505,37.79552348010104</coordinates></LinearRing></innerBoundaryIs></Polygon></Placemark>
<Placemark>
<ExtendedData>
  <Data name="COMNAME"><value>CALIFORNIA RED-LEGGED FROG</value></Data>
  <Data name="SCINAME"><value>RANA DRAYTONII</value></Data>
  <Data name="SPCODE"><value>D02D</value></Data>
  <Data name="VIPCODE"><value>V01</value></Data>
  <Data name="UNIT"><value></value></Data>
  <Data name="SUBUNIT"><value></value></Data>
  <Data name="UNITNAME"><value>ALA-1A</value></Data>
  <Data name="SUBUNITNAM"><value></value></Data>
  <Data name="STATUS"><value>FINAL</value></Data>
  <Data name="LEADOFFICE"><value>FF08ESMF00</value></Data>
  <Data name="COOPOFFICE"><value>NONE</value></Data>
  <Data name="COOPOFMORE"><value></value></Data>
  <Data name="FEDREG"><value>75FR12816</value></Data>
  <Data name="PUBDATE"><value>20100317</value></Data>
  <Data name="EFFECTDATE"><value>20100416</value></Data>
  <Data name="VACATEDATE"><value></value></Data>
  <Data name="ACCURACY"><value></value></Data>
  <Data name="SINGLMULTI"><value>SINGLE</value></Data></ExtendedData>
  <Polygon>
<outerBoundaryIs>
  <LinearRing><coordinates>-121.98633888114615,37.731935165180055
-121.98540099440056,37.731366079219754
-121.9843770805151,37.73145187561755
-121.97954288428508,37.729733634275576
-121.97941999466401,37.72952432958338
-121.97380302566356,37.72887308512562
-121.97107689882111,37.728785014296534
-121.96441876724163,37.722208298939016
-121.95936034596592,37.71564025673915
-121.95682640717632,37.71138266265558
-121.9579317381309,37.709618232121954
-121.96033753558768,37.70853850299836
-121.96078774652534,37.707457846116796
-121.96149747679561,37.707060047760606
-121.9614726725527,37.70603415810258
-121.96213936964064,37.705915705161544
-121.96366383879415,37.70319399078913
-121.96205620044589,37.70184028099318
-121.95985328411992,37.7009930925091
-121.95822400008885,37.69903280094761
-121.96268323386327,37.69817167542377
-121.97087978859248,37.69820771658483
-121.98262239634987,37.699791570478936
-121.98976710174338,37.70323363879092
-121.99424549789289,37.70462392306411
-121.99736816538523,37.705157518528154
-122.00131416142159,37.70548072330517
-122.00287441208066,37.70469721678488
-122.00606339798212,37.70482071533082
-122.00733146142589,37.70543496901957
-122.00894373734701,37.70530367584588
-122.01005264823614,37.704178279538894
-122.01203013429001,37.70400172417932
-122.01357232710141,37.704569922159465
-122.01561345724784,37.70417655368858
-122.01822102269296,37.70460872430185
-122.01837835370624,37.704199606104105
-122.02109201151858,37.70349788296023
-122.0216626292973,37.704009619006754
-122.0216112178495,37.70792033180097
-122.02196568565518,37.70869584334516
-122.02153790090192,37.70923836627955
-122.01865895575834,37.70979596334215
-122.017169043308,37.71063566488354
-122.0128402005282,37.71398260389303
-122.01099289106193,37.71745831190608
-122.00778498982208,37.720292985463196
-122.00660709394744,37.72217174009268
-122.00808720001965,37.72464520348684
-122.00609529464208,37.72811960899109
-122.0049624759187,37.73200186026932
-122.00525598560408,37.73312758409804
-122.00365330376928,37.7335273019814
-122.0023025126106,37.734394558320766
-122.00119162197538,37.73569569212122
-121.99726366406283,37.738044745512056
-121.99562464753596,37.73825606170443
-121.99281328860623,37.7371595621398
-121.99207380363033,37.73610100286889
-121.99191501524061,37.734955043913004
-121.990913664206,37.73401131190819
-121.98880460591457,37.733294783065034
-121.98633888114615,37.731935165180055</coordinates></LinearRing></outerBoundaryIs></Polygon></Placemark>
<Placemark>
<ExtendedData>
  <Data name="COMNAME"><value>CALIFORNIA RED-LEGGED FROG</value></Data>
  <Data name="SCINAME"><value>RANA DRAYTONII</value></Data>
  <Data name="SPCODE"><value>D02D</value></Data>
  <Data name="VIPCODE"><value>V01</value></Data>
  <Data name="UNIT"><value></value></Data>
  <Data name="SUBUNIT"><value></value></Data>
  <Data name="UNITNAME"><value>ALA-1B</value></Data>
  <Data name="SUBUNITNAM"><value></value></Data>
  <Data name="STATUS"><value>FINAL</value></Data>
  <Data name="LEADOFFICE"><value>FF08ESMF00</value></Data>
  <Data name="COOPOFFICE"><value>NONE</value></Data>
  <Data name="COOPOFMORE"><value></value></Data>
  <Data name="FEDREG"><value>75FR12816</value></Data>
  <Data name="PUBDATE"><value>20100317</value></Data>
  <Data name="EFFECTDATE"><value>20100416</value></Data>
  <Data name="VACATEDATE"><value></value></Data>
  <Data name="ACCURACY"><value></value></Data>
  <Data name="SINGLMULTI"><value>SINGLE</value></Data></ExtendedData>
  <Polygon>
<outerBoundaryIs>
  <LinearRing><coordinates>-121.99810620010473,37.70161519872268
-121.99450981248293,37.70078075178635
-121.99044244317186,37.699064916149
-121.98193162319389,37.697382986216894
-121.98141753615432,37.696902165843554
-121.98179684427141,37.69550675063666
-121.9755864786749,37.6944434467687
-121.97361095556307,37.694301352546795
-121.9653082482565,37.69452856004735
-121.96332597109644,37.69479780405613
-121.96094413324019,37.69466099503106
-121.95534001396179,37.69268174848344
-121.95457113775919,37.690988355121824
-121.954460571778,37.6849202668051
-121.95614699856448,37.68411120755642
-121.95501785686022,37.67599690258422
-121.95421332627947,37.67502804729437
-121.9537705749871,37.672377189953096
-121.95343667928533,37.67231820979767
-121.95253295540601,37.67135923930883
-121.95277837913709,37.67053451531486
-121.9524956848065,37.66961718426609
-121.9526900957861,37.66840665459366
-121.94828895294621,37.66538644670725
-121.94663983257603,37.66462365314843
-121.94541721714697,37.664500898914376
-121.94504195896792,37.66348857164852
-121.94747728905969,37.6592750979178
-121.95154607778966,37.65451389303863
-121.95318314392864,37.65540176531838
-121.95668153992284,37.65838148025087
-121.95735179587707,37.658684860713585
-121.95781808239671,37.6586236329948
-121.96270608125509,37.662708618186976
-121.96166941817275,37.66104610942373
-121.96148993518791,37.66004180825985
-121.96204071960732,37.65961180739288
-121.96325548147034,37.65917415091586
-121.96388546400604,37.658082313117205
-121.96409198708032,37.656684903500526
-121.96480195744215,37.65505074905766
-121.9663636913651,37.65243271906128
-121.96501576010492,37.649942350100844
-121.96434922082109,37.647113193265405
-121.96481036420454,37.64664405544207
-121.96867368883119,37.645141290389425
-121.97023611690476,37.64511442446481
-121.97339207578743,37.64559704174701
-121.97436857595714,37.6448304702001
-121.97487349806818,37.64352571567269
-121.97571420320948,37.64320863915049
-121.97714029896518,37.64343512022218
-121.9784090050072,37.64394176798261
-121.97974416149385,37.644034515019456
-121.98090845632494,37.643377601182145
-121.98124175334536,37.6424566749262
-121.98075309743624,37.64157367283926
-121.9808947812707,37.6399300495968
-121.98048037235446,37.63863309933302
-121.98079781325085,37.63698575054171
-121.9818687410827,37.63439439263381
-121.98612441067924,37.63368700983245
-121.98894395670608,37.632738240785656
-121.99084734827876,37.63035073704827
-121.99336577082067,37.63037225189975
-121.99668128670761,37.62907128958149
-121.99780037066856,37.627033235264285
-122.00093949737084,37.623683085315896
-122.00593063594998,37.6217220703541
-122.0085450478381,37.61991259538512
-122.01043989807346,37.61809702869412
-122.01271141744915,37.61813620685457
-122.01927238140213,37.615858569412026
-122.0236670628026,37.6190084890821
-122.02480023663026,37.620391466714324
-122.02686951438898,37.62172492414628
-122.02728180978009,37.62321639724454
-122.02897880297833,37.62551971867607
-122.03037470341478,37.62885074518252
-122.03059750573439,37.630728151254296
-122.03219504859706,37.63275757181602
-122.03386460959868,37.63334288837189
-122.03436356772431,37.63523175271362
-122.03335234189308,37.63673992160078
-122.032297140697,37.63772497193304
-122.03071369008704,37.63793279151229
-122.03082692983969,37.63947259747856
-122.03058075500189,37.64052965349752
-122.02869371641383,37.641773613025606
-122.02637426220276,37.64289468351491
-122.02553168975655,37.64402336695559
-122.02371734181898,37.64501552653001
-122.02127144176418,37.64566212048984
-122.0204676791621,37.64634427084541
-122.01279678679327,37.64661902147094
-122.01247311611893,37.64628295652777
-122.01203688075893,37.6462821129445
-122.00871801844171,37.64481058451194
-122.00556358214504,37.643868302164464
-122.00282649490481,37.64401689678504
-122.00057323992506,37.645657592748144
-122.00071298566856,37.64772771496132
-122.00602034790782,37.65280053924835
-122.0084885529505,37.6566559369823
-122.01214052326856,37.659601052035406
-122.0208675333211,37.66266843163178
-122.02430422868105,37.67115812381102
-122.0223084575286,37.67530786140835
-122.02124242733915,37.67458665058719
-122.01447872735295,37.67453032263932
-122.01202979741518,37.67487040083505
-122.0121979541845,37.67563545882307
-122.01346028033468,37.6764688772587
-122.01376777762074,37.6772286428802
-122.01324270973562,37.67744134576479
-122.01293552587764,37.67841155541673
-122.01392440439308,37.67910490800258
-122.01445825007809,37.67990262086136
-122.015588491111,37.68020051575542
-122.01675077878903,37.68150825815618
-122.0177259458459,37.68324711231882
-122.01775466895886,37.68450933994701
-122.0193361687362,37.68692655038273
-122.01842538824886,37.68869751325102
-122.0195985615251,37.69159512965233
-122.01772656059359,37.6920737410224
-122.01691889177533,37.6928314914353
-122.02093466992908,37.694384160550165
-122.02191423586619,37.695973914777305
-122.01813055049361,37.70123047153515
-122.01525280090245,37.70215628012038
-122.00778838711373,37.70158628095391
-122.00306801037465,37.702440317473226
-122.00047700179765,37.70216521080136
-121.99810620010473,37.70161519872268</coordinates></LinearRing></outerBoundaryIs></Polygon></Placemark>
<Placemark>
<ExtendedData>
  <Data name="COMNAME"><value>CALIFORNIA RED-LEGGED FROG</value></Data>
  <Data name="SCINAME"><value>RANA DRAYTONII</value></Data>
  <Data name="SPCODE"><value>D02D</value></Data>
  <Data name="VIPCODE"><value>V01</value></Data>
  <Data name="UNIT"><value></value></Data>
  <Data name="SUBUNIT"><value></value></Data>
  <Data name="UNITNAME"><value>ALA-2</value></Data>
  <Data name="SUBUNITNAM"><value></value></Data>
  <Data name="STATUS"><value>FINAL</value></Data>
  <Data name="LEADOFFICE"><value>FF08ESMF00</value></Data>
  <Data name="COOPOFFICE"><value>NONE</value></Data>
  <Data name="COOPOFMORE"><value></value></Data>
  <Data name="FEDREG"><value>75FR12816</value></Data>
  <Data name="PUBDATE"><value>20100317</value></Data>
  <Data name="EFFECTDATE"><value>20100416</value></Data>
  <Data name="VACATEDATE"><value></value></Data>
  <Data name="ACCURACY"><value></value></Data>
  <Data name="SINGLMULTI"><value>SINGLE</value></Data></ExtendedData>
  <Polygon>
<outerBoundaryIs>
  <LinearRing><coordinates>-121.73381228280586,37.421002968600455
-121.7341173377925,37.421472716526814
-121.73773470689927,37.42379176668789
-121.74028839181625,37.42620975547582
-121.7408609091784,37.42645016885472
-121.74127311783077,37.42616623025517
-121.7437820427009,37.42576252767127
-121.74551125676744,37.42453487342146
-121.74793204635012,37.42213383227517
-121.74838585408527,37.42052758408596
-121.74925141587289,37.419398796752276
-121.74996156936446,37.41888131414167
-121.75221662371747,37.418134930977295
-121.75335063638838,37.41804514445793
-121.75471370426446,37.41855075276767
-121.75591013341017,37.41851379704991
-121.75675353147885,37.419300069034435
-121.75856766530195,37.41983291136294
-121.75919057591038,37.41922432932795
-121.7598221104334,37.41787229072868
-121.7618572137763,37.417109456818864
-121.76245825867292,37.417118017323816
-121.76397838373988,37.41770632425776
-121.76449564822569,37.41814664454562
-121.76475860251168,37.420337276322144
-121.76723810256928,37.42029114593139
-121.76820483284186,37.42106732475366
-121.769864480915,37.421913850113086
-121.77105164623948,37.423647757470896
-121.77173749385257,37.424026713161474
-121.77278237289295,37.42418176479888
-121.77602471232413,37.42398568679925
-121.78050387427841,37.42195676165489
-121.78255090970748,37.42203868245056
-121.78641373546972,37.423241199476905
-121.78789405789388,37.423957170189645
-121.78911486614803,37.424936422074644
-121.79151474367194,37.425670759698285
-121.79299453844051,37.42650167324628
-121.79430680130385,37.42662321068707
-121.79584285951337,37.42615439952436
-121.79727495720952,37.42654753552806
-121.798419690489,37.42708876442224
-121.79943066143163,37.42790803310272
-121.80130749820476,37.42834165428885
-121.80428837190311,37.429976263837844
-121.80528267254749,37.43160872827311
-121.80692600560381,37.432499630565424
-121.81080272059731,37.43282040925576
-121.81243098192353,37.4323749054381
-121.8153433379341,37.43209557474866
-121.81640005454715,37.43221204008661
-121.81745985110891,37.432698043182604
-121.81741984980243,37.43380405969814
-121.818154978508,37.43504620561324
-121.82020738413834,37.435853238297376
-121.82060796178713,37.436832868172296
-121.82265673650336,37.437574403354446
-121.82605789297175,37.43778856882973
-121.82765407341928,37.43858631938695
-121.8298899945966,37.43850034420763
-121.8303920633052,37.43889746095078
-121.83081371576432,37.43975555271681
-121.83285369629841,37.441015102213164
-121.83338718867192,37.441917193818725
-121.83340448186429,37.442715093122075
-121.83273281135483,37.443215372133054
-121.83175463107794,37.445492793327915
-121.83334387922866,37.44665064766463
-121.83201892548585,37.44714485092995
-121.82934934890642,37.44704848923951
-121.8279830100304,37.44822240486202
-121.82744683101814,37.44987786181065
-121.82661684800412,37.45047788000414
-121.82651260386844,37.4511325896538
-121.8260341926391,37.45161911808651
-121.82248797324257,37.45357333121166
-121.82015460334593,37.454521258710436
-121.81880506934317,37.45457077463064
-121.8185535707998,37.454097394392186
-121.81687843568078,37.45412116293848
-121.8161614203442,37.45368121689239
-121.81522169652177,37.45420356781412
-121.809250470518,37.454066905886414
-121.80724208324983,37.45459412749349
-121.80691279866642,37.45441501581093
-121.80613769523003,37.45447928060723
-121.80540620314613,37.45405281015905
-121.80468907246957,37.45395012971134
-121.80336883617899,37.45492559143139
-121.80345442971795,37.455429344721075
-121.80557764279335,37.45710181164244
-121.80606511057479,37.457880408448226
-121.80528971182724,37.45792575017159
-121.80445801830798,37.45684934490695
-121.80325230651012,37.456459216945035
-121.80244789428284,37.45687074792608
-121.80370870663549,37.45938959159134
-121.80413911465129,37.45977912366344
-121.80790011594958,37.460811752548764
-121.8072678948165,37.46122340847818
-121.80801390056295,37.46188775198901
-121.80746783649037,37.46239100151605
-121.80832843042616,37.463375808969296
-121.80855702610096,37.46458922117549
-121.808211644789,37.465367402873554
-121.80766548857972,37.465779125125756
-121.80643142804367,37.46488540995429
-121.80643049078176,37.46582400300255
-121.80594164959564,37.466579121792456
-121.80884164807534,37.46724493610661
-121.80898471060046,37.46777140879441
-121.80863949405311,37.46838934339708
-121.80947183878418,37.46907659424564
-121.80886749567769,37.47019794110594
-121.80970071064657,37.470106816227606
-121.80981511936824,37.47054193460804
-121.81015964785863,37.47067940960015
-121.8115099014892,37.47024534723067
-121.81208411915144,37.47052034434374
-121.81219870984827,37.47088659556929
-121.81148011597602,37.47148140537826
-121.81147983519526,37.47175612679837
-121.81294383674911,37.47269553295376
-121.81351749590108,37.473405529152075
-121.81429283662982,37.473703535550655
-121.81380301963166,37.47544299970926
-121.81259543132643,37.47665559256099
-121.81210702294952,37.47683840444912
-121.81141771428669,37.476746530624254
-121.81107443223209,37.475304128784714
-121.80969730618001,37.47365493763389
-121.80765748735391,37.474042938411316
-121.80645064815181,37.47456874916647
-121.80509989402948,37.47532312491159
-121.80323130477696,37.47687853393769
-121.80033083713755,37.47639581087595
-121.79746002129492,37.47483712923481
-121.79565089667612,37.47446953264215
-121.79565149021684,37.47394313016441
-121.79639942331823,37.472936343216524
-121.79599942457745,37.4711275328726
-121.79450630131497,37.47069159720314
-121.7927250161807,37.47123974892011
-121.79183470562761,37.47114734411816
-121.79019889501521,37.47009312690401
-121.78884923540097,37.46984021735818
-121.78626442779083,37.46986100487383
-121.78609289858224,37.46912834882212
-121.78640942337172,37.468762349120425
-121.78606611267496,37.467640404885145
-121.78715929662735,37.466153344930746
-121.78730363989145,37.465603999515025
-121.78721829603262,37.464894343472665
-121.78650171073959,37.4638865361631
-121.78457782831889,37.46365612955582
-121.78414682891648,37.46379299799334
-121.78377302077811,37.46418194145676
-121.78359742139536,37.46676853199083
-121.78310848501594,37.46720300208527
-121.77877289498458,37.466352217617896
-121.77742423361876,37.46548122327564
-121.77679423382446,37.46422159916963
-121.77642089449266,37.4641984081242
-121.77685129939788,37.464496405824256
-121.7775674887509,37.46577893714946
-121.7784282383671,37.466443599170745
-121.77940402023661,37.46683352995819
-121.78359611338965,37.467729937806844
-121.78428629563712,37.46704375254456
-121.78483523323516,37.464457530178755
-121.78520883033214,37.464297598578035
-121.7859838914504,37.464504222381464
-121.78615588987937,37.464756219411626
-121.78595301607679,37.46622113003126
-121.78531989429345,37.467227599441436
-121.78528730052972,37.470340940854086
-121.7857751124103,37.47066181538614
-121.78652171087235,37.47077694275031
-121.78942229977932,37.47096240858818
-121.79263730260766,37.47252159645207
-121.79433249266584,37.472065003857075
-121.79473411464416,37.472522998434975
-121.79398671283619,37.47307194271204
-121.79387064126372,37.47412493892409
-121.79478783532649,37.475705127254685
-121.79760189516354,37.47639381254528
-121.79840542550708,37.47705821748844
-121.79972623936082,37.47751712837374
-121.80090311593291,37.4783878163239
-121.80101724299998,37.47909753431644
-121.80144748768684,37.479669998259496
-121.8016497124798,37.47866299924874
-121.80256942930566,37.47813712525335
-121.80348890135971,37.47781721988338
-121.8040918365756,37.47806953040356
-121.80481001909928,37.47795540449503
-121.80518383572345,37.47763522384279
-121.80768349101085,37.476927219010555
-121.80906183590766,37.47729440535541
-121.80952064605133,37.47802721852589
-121.81155865268136,37.47976822191416
-121.81279342798297,37.48008953286061
-121.81457489994573,37.47956399922016
-121.81535024197694,37.47974753181126
-121.81667183959587,37.47949653420505
-121.81675743507903,37.48018340582736
-121.81799284208284,37.47988640722387
-121.8186246545134,37.48000122220724
-121.81908343648644,37.48103159462652
-121.82026130408158,37.48087193518086
-121.82241490540362,37.4820405939459
-121.82330470929902,37.4828194076227
-121.82341931142655,37.483254408447806
-121.82318824966144,37.484994001001496
-121.82209665298583,37.484878999381195
-121.82255530831928,37.48609253130152
-121.82223830587972,37.48728274889108
-121.82246802998247,37.487442999555626
-121.82246730448405,37.48838159282599
-121.82212224612661,37.488930813532384
-121.82105912218958,37.48902181418639
-121.82074302857531,37.48925053345681
-121.81919012433771,37.49092081577997
-121.81858665300798,37.491195128660436
-121.81861511961198,37.49149281202539
-121.81907449863056,37.49179059800711
-121.81930383781746,37.49238593719871
-121.82194712171611,37.49241022149735
-121.82255071586903,37.49204434342562
-121.82355584383572,37.49259421851343
-121.82459024908434,37.492365752795884
-121.82588283606867,37.492572536199845
-121.82605484347887,37.493190748438046
-121.82668643311038,37.493786129743484
-121.8270026537831,37.493626004919925
-121.82685949448121,37.492824815219784
-121.8275488995144,37.49300821831357
-121.82789349472792,37.49326022331262
-121.82795043567538,37.49394693819649
-121.82861083903653,37.49449659317867
-121.82918549995328,37.4944282174936
-121.82947271298555,37.4945657505824
-121.82955849304487,37.495069409334675
-121.83024824779893,37.49516141011043
-121.83086646058963,37.496477757229975
-121.83236972544847,37.50519894353101
-121.8330816961151,37.505157235541965
-121.83360407577544,37.50557705665338
-121.83687949128868,37.506925317534204
-121.83919509565362,37.50704723406614
-121.84043448181635,37.50736365911238
-121.84115889303764,37.50724689991104
-121.84213774055962,37.50575580665128
-121.84411289035219,37.50474996099043
-121.84556503668169,37.50362855179379
-121.8481264375751,37.50283337862516
-121.85005577463627,37.50148902511037
-121.85318894258299,37.50049658744282
-121.85411899824311,37.49994232191464
-121.85392160532109,37.49965416479612
-121.85214583925928,37.49889558400098
-121.85219172810824,37.49832146642229
-121.85318504475501,37.49734641959856
-121.85752311042326,37.496850087746274
-121.8585609011129,37.49579430638261
-121.86074244618105,37.49440707139479
-121.86206041068068,37.4942913697795
-121.86419737921909,37.49371038324434
-121.86554330374754,37.4938089489611
-121.86619398523652,37.49405180688216
-121.86722693872659,37.49559851459023
-121.87012456957727,37.49599588616086
-121.87161192947295,37.49763018351735
-121.8713833392861,37.49900931110535
-121.871845336112,37.49977754017115
-121.87186879998688,37.502495279480065
-121.87343880850851,37.5062237345481
-121.87507777657636,37.50743130216579
-121.87695447987971,37.5095380655581
-121.88054535544683,37.51258259440177
-121.87987446216779,37.512531145835624
-121.87955516675142,37.51272638003321
-121.87639275622271,37.516049177221525
-121.87524983167835,37.518843479899516
-121.87498828335102,37.520449833727575
-121.87375631272556,37.521584985105235
-121.87381461891496,37.52246886154785
-121.87337390637703,37.52402169232552
-121.874514369589,37.525084817148
-121.87578145772734,37.525543082197046
-121.87525506150973,37.52625007273993
-121.87374927137672,37.526675041611234
-121.87294504842399,37.52792469784358
-121.87212787566827,37.52860416796911
-121.87193090690764,37.52957115907728
-121.87206677857966,37.53198118415687
-121.87061059458047,37.53231194220446
-121.87009119673436,37.53266305065873
-121.86942483680812,37.53362781667185
-121.86752809498839,37.5354346747437
-121.86643724219743,37.53583201750963
-121.86483824879352,37.535613849200615
-121.86382309032041,37.53590823850316
-121.85860794944661,37.53471324807071
-121.85741489908963,37.53468813183919
-121.85390277084008,37.535255678226726
-121.85150428955362,37.53635892452274
-121.85059850812908,37.53709144349105
-121.85002701951304,37.53841976194225
-121.85097842647681,37.54005367274314
-121.84889833089373,37.54101805461882
-121.84831246290975,37.54254901061655
-121.84746775394856,37.543189691144654
-121.84785111482428,37.54379956015445
-121.84766371870431,37.544059126167994
-121.84677404615394,37.544160875555555
-121.84453813087036,37.54594381882835
-121.84381482877583,37.54585330480102
-121.84273114276934,37.54450645830342
-121.84187039065398,37.54416900245391
-121.83793614670195,37.544795022941315
-121.8358622111107,37.54588538513554
-121.83614297976905,37.54633652261242
-121.83794574403392,37.54722638424082
-121.83870535416428,37.548716500244865
-121.84040150037958,37.55016180836035
-121.84052106032523,37.5512985815049
-121.84086357824215,37.551766107009676
-121.84232704329823,37.55315272954575
-121.84654379196124,37.555614135530455
-121.84676230058099,37.55629670129978
-121.84582866040172,37.55849120986528
-121.84578143418891,37.55966474927256
-121.84521323151164,37.5603059174686
-121.84519907068824,37.56204070356878
-121.84724916212632,37.56343072940596
-121.84902781184189,37.56817095446266
-121.84969540616487,37.56865963122839
-121.85099145349083,37.56907566899575
-121.8516839074612,37.569934171543174
-121.85150938763714,37.57048904308711
-121.85048598328625,37.570929645555616
-121.8492574898073,37.57026428675278
-121.84778394468665,37.56987919080084
-121.8461571749159,37.568772944074205
-121.84461745990086,37.56912860497551
-121.84424104303403,37.568666965462455
-121.84403739422953,37.56766182904739
-121.84339219369869,37.56863684295823
-121.84180072043276,37.568795685506764
-121.84163196647356,37.56907753703467
-121.84135805028991,37.56907484870521
-121.8414983614679,37.56709174998357
-121.84128428195133,37.566762543808856
-121.84004859669736,37.56871307531216
-121.8386860615602,37.568241723938904
-121.83765836562247,37.56738110579616
-121.83704834495246,37.56608846728039
-121.83593784052727,37.56527065397304
-121.8345913852216,37.56377446390492
-121.83333718227625,37.563391353760935
-121.83568318562641,37.565791521743265
-121.83765390573073,37.569430961725665
-121.83595961623347,37.569152566872184
-121.83321693702334,37.56934357097926
-121.83619157197442,37.57009257061763
-121.83700725093243,37.57049313934928
-121.83699572176555,37.571234487083125
-121.83578804854494,37.571375220618
-121.8358322914621,37.57205169339472
-121.83482415846689,37.571692833457654
-121.83450835671296,37.57086104072057
-121.83345924736506,37.57137403693434
-121.83269766312594,37.57101759523809
-121.83217310282326,37.57127410546309
-121.83118762231062,37.57122073491355
-121.8312109277663,37.571482645397246
-121.83252138112726,37.571779121021734
-121.83401615535908,37.572557146040005
-121.83277116651499,37.573329899487746
-121.83171266982569,37.572687007988726
-121.83151749588498,37.57290315836386
-121.83077818726296,37.57287402916816
-121.83061111151356,37.573046839887354
-121.83169904318456,37.57355918318358
-121.83092790095115,37.573813227632
-121.82840004135946,37.57252334402564
-121.82806816568221,37.57097172265527
-121.82756102433993,37.57011620370237
-121.82740114682393,37.571575709617484
-121.82524972824424,37.57074745157849
-121.82524424807332,37.57109630952431
-121.82668140388728,37.57204831926177
-121.82745939951884,37.57310278753806
-121.82720670957019,37.57349282506456
-121.82590821439766,37.574177740883115
-121.82530518978386,37.57419354928746
-121.8250819128003,37.57445300644719
-121.82611950728219,37.57468141222539
-121.82818948292476,37.57372064882011
-121.8288685434007,37.57409810895804
-121.8288637621864,37.57440337659083
-121.82943870967871,37.574430888006795
-121.83038830860251,37.57502908519584
-121.8281929596427,37.5752472012508
-121.82805221978343,37.575485675198365
-121.82590650864415,37.57603134541384
-121.82600675184204,37.5764532294344
-121.8257377227345,37.576834354757615
-121.82336137203394,37.57879951275703
-121.82260553176478,37.57807669724437
-121.82197050170195,37.57803547162395
-121.82263892413553,37.57873996500432
-121.82276494780798,37.579090133986554
-121.82252081793477,37.57927961847185
-121.82031050890993,37.57904819266384
-121.82041679604822,37.57925860969626
-121.82192163782025,37.57974467336273
-121.8234117575544,37.57977697232232
-121.82395612141876,37.58000920662149
-121.8237316710783,37.58173409424583
-121.8230878212395,37.58225105304591
-121.82287462916229,37.583260772934466
-121.8217099289242,37.58344107060112
-121.8213896160431,37.58429270679682
-121.82074460311316,37.58487941920486
-121.81753729141973,37.58530092733545
-121.81607205897626,37.58507688371631
-121.81599046848336,37.58469226460425
-121.81517532522221,37.584945763041546
-121.81321952296963,37.58386192455309
-121.81265824819218,37.58331546773108
-121.81125714455922,37.58319667740953
-121.81122190023702,37.584033721026806
-121.81182314586313,37.58482483060415
-121.81303728520055,37.58567444599825
-121.81194106332052,37.58568087024778
-121.81087121145771,37.58540839813599
-121.81048167176571,37.58509045072812
-121.8101736951865,37.58515714383607
-121.81020586801353,37.585890179720785
-121.80972004805189,37.58611207048007
-121.80962124124564,37.58680891523607
-121.80862465451615,37.58606612887381
-121.80895846174579,37.58437726656517
-121.80845550774181,37.5829241825742
-121.80591357151451,37.582863603416634
-121.80358928176287,37.5815316340827
-121.80336925836171,37.58158174690526
-121.8034918451914,37.5821412551963
-121.80414629015627,37.58233978811244
-121.80329039754194,37.58240089138441
-121.8032434689104,37.58259231570349
-121.80449000248338,37.58277941386615
-121.80494024662487,37.583412017513155
-121.80611103048203,37.58422637546472
-121.80674443134602,37.58437233784944
-121.80675798250891,37.5848958510627
-121.8060254846242,37.5854641625212
-121.80603568723235,37.586196976956664
-121.80640302890247,37.58653216854256
-121.8069939400558,37.58796869533307
-121.80960510874257,37.589198824436174
-121.81187340411647,37.589936957954635
-121.81184678300417,37.59023325758258
-121.81032567107589,37.59075876384129
-121.80828902725669,37.59061609412676
-121.80784756507052,37.59080353548867
-121.80666830452863,37.59051248479865
-121.80621931556753,37.591170876290484
-121.80703650525388,37.59079533973383
-121.80786140231841,37.59130959684874
-121.8080856248853,37.59099784000535
-121.80979181429804,37.591241848607865
-121.80918965502654,37.591881271603654
-121.80934143427064,37.59198747050539
-121.8110659673626,37.59108024582336
-121.81201020966346,37.59098506798765
-121.81236678991301,37.59200051950746
-121.81260095000576,37.59106081053805
-121.81378633557023,37.59096804443508
-121.81384488180727,37.5914222305054
-121.81323779275117,37.59237564653781
-121.81354723310413,37.59359995540668
-121.81248475465375,37.59423476632299
-121.81241112619456,37.59540486519048
-121.81302950963538,37.59594993022308
-121.81428150389226,37.596082269929994
-121.8146262607113,37.59648486766184
-121.81577647084315,37.598292567391
-121.81585432179293,37.59971032164957
-121.8164571721771,37.59965650216091
-121.81733261475085,37.5982283500609
-121.8181395386622,37.59795703442613
-121.81858000737442,37.597522379926716
-121.8196239631794,37.59761007160523
-121.81929734920732,37.60187368883705
-121.81903839126188,37.602614654460204
-121.81810877905636,37.60367562458676
-121.81887327006629,37.60535967587086
-121.8184551757202,37.60932333880998
-121.81713849162553,37.61037818866505
-121.81615092450514,37.61031416542923
-121.8156265195352,37.61162034660963
-121.81652507393235,37.612886629552946
-121.81720765630887,37.613240474093374
-121.81868243487735,37.613656329610485
-121.82040174314163,37.61357442026732
-121.82109688028515,37.61393289378501
-121.8217474120125,37.61516513081226
-121.82198270682055,37.61658706638734
-121.82115484814919,37.61806258593375
-121.81887498540999,37.6180994385443
-121.8127443492804,37.61942125509056
-121.81188701651932,37.61835810088376
-121.81119846750022,37.617992895803155
-121.81059135979847,37.61799128806295
-121.80855166124907,37.61862187617466
-121.8062442772411,37.6202523732446
-121.80287317061668,37.61936191555245
-121.80031078158646,37.619448533848896
-121.7984240719125,37.61989121986883
-121.79665054896736,37.61955769166498
-121.79460708544046,37.61971026616002
-121.7904276860669,37.618887807874856
-121.7897592530511,37.6185068821437
-121.78812413677008,37.6156397423479
-121.78725750440022,37.6150787670994
-121.78607626145211,37.6152220812513
-121.78536025291598,37.61502323214131
-121.7846036085117,37.61436648672521
-121.78310386404578,37.6106917364728
-121.78278438885471,37.608462256448625
-121.78323028789285,37.60759709354921
-121.78199980559539,37.60675746751282
-121.78223918981362,37.60584744211374
-121.7821804787595,37.60384818923064
-121.78088599739843,37.60322191260905
-121.78034800466469,37.60191848734012
-121.77784822672787,37.60093268889441
-121.77667164673235,37.6013621351849
-121.77603875411228,37.602326661143564
-121.7731869155072,37.60242771876752
-121.77232659962915,37.60212358876222
-121.77126175814979,37.60247520065205
-121.76935668343779,37.60241935177256
-121.76758599154688,37.60170003199086
-121.76588145465398,37.601864721738124
-121.76479878212415,37.60170690397424
-121.76237712058561,37.60017185861793
-121.7618009678697,37.59944926167881
-121.75949108055987,37.59910273354805
-121.75594920104243,37.59816635059812
-121.75439033480622,37.596601965068174
-121.75260463014297,37.59629917796373
-121.74972446207236,37.594105911896605
-121.74861143909345,37.594679584932756
-121.74836728903468,37.5952019256536
-121.74932729402009,37.59668347745374
-121.75048160050517,37.597883164344815
-121.75072477378241,37.59897183546208
-121.74974939486142,37.59946843249735
-121.74790599930404,37.599270910483284
-121.74691780613978,37.59946089276506
-121.74639039036663,37.600052417924424
-121.74606687977929,37.601364841272115
-121.7518799548303,37.60249007135456
-121.75236106886695,37.60288726247187
-121.75291914399963,37.60415270080079
-121.75458791293055,37.60448805776003
-121.75509057137478,37.604781807431245
-121.75567545277207,37.60622101774798
-121.75563695672271,37.60690332101862
-121.75375780715343,37.608586860013354
-121.75223305099409,37.60942244400761
-121.75089184207698,37.61058216996539
-121.7501088245798,37.61238098238679
-121.75007320588439,37.61356716393457
-121.74895504261708,37.61369548968556
-121.74773588112704,37.61344898405652
-121.74710802155828,37.613517855221595
-121.74695847371315,37.61380412452984
-121.7469302440747,37.612928546666964
-121.74612264785117,37.61169314129449
-121.74626502598048,37.610731608775886
-121.74528671570579,37.610824139286045
-121.74482443087959,37.60956561438251
-121.74445042865348,37.60963460755154
-121.74430771254181,37.6103215468518
-121.74381912341018,37.61071114195521
-121.74278271151236,37.610345829506606
-121.74059543141598,37.61009601648894
-121.74010590431759,37.60982195515877
-121.73909964968644,37.61044083317951
-121.73748824100164,37.610465207653306
-121.73717143499303,37.61030536190579
-121.73702664632427,37.6096187649857
-121.73636349673669,37.60868082825207
-121.73570112151414,37.60836095814779
-121.73569949532147,37.607239363680556
-121.7352390257086,37.60703360957075
-121.73526665134916,37.606232545252084
-121.7345178346534,37.605729610871855
-121.73336412237097,37.603853549676145
-121.73356443228464,37.6029377683065
-121.73261464653133,37.60273254898279
-121.73261371027611,37.602091612497645
-121.73143402459587,37.60200114428725
-121.73045449331624,37.60110923668746
-121.73036764804866,37.600605764701015
-121.72976290006261,37.60023995787847
-121.72953211382466,37.59980523281107
-121.72817842614326,37.59877623905777
-121.72648024203441,37.598182551005024
-121.7261344904377,37.59781654978341
-121.72639248959682,37.597152421749435
-121.72777283977697,37.59657901642847
-121.72780142744554,37.59639582919371
-121.72662183122195,37.59635101968408
-121.72547130301939,37.59658101652696
-121.72460730044044,37.59589495499441
-121.7236286439518,37.595483613970586
-121.72388349438774,37.59227882625783
-121.72445770778405,37.591431358970134
-121.72327849307152,37.591569614557066
-121.72209783613694,37.590563422905774
-121.72048629991244,37.590083952843464
-121.7197376429034,37.589397833169706
-121.71852911735581,37.589352955581006
-121.71567989112677,37.588141831313756
-121.71421130045567,37.58688395504182
-121.71435423857473,37.586082612479906
-121.71372129967727,37.58587713936074
-121.71300249296557,37.58622095525383
-121.70986583548954,37.58500983062947
-121.70825383391798,37.583935142238516
-121.70779348790542,37.5838439517555
-121.7073032951224,37.582699612971695
-121.70695811036362,37.58274576565054
-121.7066424914582,37.583432614846956
-121.70615364544301,37.58343295568808
-121.70528964431607,37.58247214337002
-121.70528848940607,37.58139636374534
-121.70465601873703,37.581785826496144
-121.70425329620313,37.581786142290866
-121.70226670771424,37.57975001865216
-121.7000510174691,37.57872123432226
-121.69763510950138,37.57886014288273
-121.69582230068697,37.57803714281074
-121.6952178941883,37.57753382853702
-121.69518848396439,37.57677855243731
-121.69452648525801,37.57632101553505
-121.6933471123009,37.57609276927604
-121.69257001312327,37.5754980213148
-121.69196548123418,37.57481161051936
-121.69193511251686,37.57300323808462
-121.690640104882,37.572019770604655
-121.68943182990024,37.571470955519125
-121.68899963633696,37.57046395228481
-121.6877628908846,37.57053323822544
-121.68681382510347,37.57039635920501
-121.68626710552829,37.57007614384218
-121.68646723279745,37.568542361060274
-121.68589129507542,37.56760414237096
-121.68571789114272,37.56652836171668
-121.68724141549801,37.56568076485649
-121.68724129232187,37.565474608509604
-121.68680988427762,37.565291831401815
-121.6861772310601,37.56538361371542
-121.68264088995822,37.566506952236985
-121.68192269604022,37.56758314401873
-121.68200970200319,37.56847583369165
-121.68431163911487,37.570122834014256
-121.68695941942735,37.57257083038214
-121.69006642361624,37.57382836017457
-121.69058448254809,37.57433161426357
-121.69029770111014,37.575338956647734
-121.68911941920405,37.57641542741399
-121.68963901552351,37.578681425804014
-121.69127923467418,37.579527425961196
-121.69087748843732,37.58067223888271
-121.68964189508706,37.58211501489193
-121.68975729525587,37.58254983205008
-121.69125223028333,37.58165623338595
-121.69182763792259,37.58177042259401
-121.69470589422696,37.584057955922304
-121.69625970738345,37.58462923875856
-121.69726723232839,37.58542995528146
-121.69856189392506,37.58572676848155
-121.69839001699134,37.58648224063698
-121.69922389127197,37.586115546992914
-121.70040348946526,37.58622923627515
-121.7021877041494,37.587166611685944
-121.70537942069525,37.5859514239276
-121.70808411326044,37.58661354653595
-121.71012764074193,37.587619239445424
-121.7103294284104,37.588008359011276
-121.70972630247431,37.58906161071661
-121.71087642715594,37.588511424070354
-121.71208489330955,37.58876254917396
-121.7125748280846,37.58951754840029
-121.71249030060207,37.591097143017265
-121.71320964709459,37.59121101790024
-121.71401602034246,37.59203455172217
-121.71556911825488,37.59175876580563
-121.71818783148493,37.59253495188693
-121.71951083098187,37.59230513896974
-121.72005764278529,37.59244201775559
-121.7207200189734,37.593036767184586
-121.72063564728222,37.59466201429112
-121.72023401954242,37.5954634232554
-121.71868089970742,37.595922423994715
-121.71738724393329,37.596587234029286
-121.71632271205367,37.59667961153841
-121.71456883179623,37.59745923509239
-121.71431030382448,37.597917145888545
-121.7135912436897,37.597986358778165
-121.7120960169775,37.598719959617966
-121.71203870427628,37.59894882987141
-121.71270042905968,37.59897123743466
-121.7143398299696,37.59848942249795
-121.71471429928006,37.5989241427038
-121.71603642463653,37.597801423372054
-121.71813630152187,37.59754814174482
-121.71813689253582,37.59802882938666
-121.716901019023,37.59912842622899
-121.71698830566388,37.59995242446499
-121.71788083475734,37.60047836394237
-121.7175941194689,37.60130260955213
-121.7181413072284,37.601805832460286
-121.71865930263039,37.601874017764644
-121.71914811228805,37.601599015735864
-121.72021242930664,37.60146083002036
-121.7202703082858,37.601804144165015
-121.71978201920456,37.602376827364324
-121.72041511247706,37.60246782927599
-121.7203296502718,37.6031546093974
-121.7193820252002,37.60462042860869
-121.7203597127717,37.60420760893728
-121.72110824321024,37.604596142970394
-121.72090571069324,37.6037035498565
-121.72145230302462,37.6036345461633
-121.72142270711815,37.60299354995176
-121.72199802204618,37.60294736265973
-121.72182424182688,37.601825828854416
-121.72231301960518,37.601596548761385
-121.7225714278698,37.601138550922045
-121.72268524426012,37.60015413941741
-121.72331811439689,37.600107954628776
-121.7249298388901,37.600610139308294
-121.72616830423293,37.601639358505054
-121.72596789804103,37.60241776775124
-121.72677371330582,37.60260023733493
-121.7274651155286,37.60319476957785
-121.72755211574568,37.60369820714651
-121.72668983932914,37.60436282783905
-121.72660430766243,37.605003831009235
-121.7268633006217,37.60504942074304
-121.72740930893589,37.60454536176735
-121.72881871036064,37.604177830191304
-121.73143964850362,37.60609842464
-121.73221790457524,37.6071965517069
-121.73259471615859,37.60911901957846
-121.73150111629703,37.60895983070804
-121.73121390350292,37.60934914320685
-121.73009189962265,37.6095561410083
-121.73009230577799,37.60983083099067
-121.73147412247224,37.61026461186129
-121.73147449721726,37.61053920298881
-121.73006511991453,37.611089957293345
-121.73049742922846,37.61150142378352
-121.73052664857968,37.61186776576388
-121.73035564541814,37.61310395818297
-121.72998249335056,37.61379102100731
-121.72914830300684,37.6140664247048
-121.7269598966488,37.612854955159236
-121.72664464999143,37.61386242373165
-121.72661631058334,37.61416001573487
-121.72753730950424,37.61434235965838
-121.72727902801475,37.61491483223288
-121.7282576531062,37.615028548683846
-121.72802802943002,37.6155094289552
-121.72831630824841,37.61589836595089
-121.73090642909443,37.6159877677527
-121.73119442861847,37.61621642758175
-121.7308787091471,37.61676601752862
-121.72866343460338,37.617179833613456
-121.72854849354819,37.617363143251616
-121.72984390330048,37.617636829023205
-121.73007490287685,37.618185957870494
-121.73033390544471,37.618231547923926
-121.73090865526707,37.61768161627798
-121.73182949209979,37.617680953269605
-121.73191671746011,37.6183217697373
-121.7323772450727,37.61836714149678
-121.73263684314594,37.61875601751751
-121.73229265101487,37.61962620324819
-121.73229312038369,37.619900954142715
-121.73258083833771,37.61992342313112
-121.73358671317699,37.61891542735257
-121.73381683961537,37.61882361484547
-121.73447924224286,37.61923501979127
-121.73482412176739,37.61896014551305
-121.7346221235239,37.61847961027314
-121.73381565190229,37.61802242519922
-121.733872710514,37.617656146224135
-121.73551324071911,37.61781495491001
-121.73623212360653,37.61747095285222
-121.73649130986635,37.617585145886636
-121.73686683875488,37.618592019461104
-121.73686784233452,37.61927876640477
-121.73747331275342,37.6200106100732
-121.73804884422574,37.620010143881814
-121.7381043037379,37.6185909531928
-121.73931284017178,37.61840676705884
-121.73879324381988,37.61733136074506
-121.74054712311391,37.616391143995145
-121.74146819639212,37.61497042662125
-121.74229794818167,37.614962302176956
-121.7431283346146,37.61527329643246
-121.7436513146972,37.616250214974954
-121.74177685587877,37.6203385319543
-121.74066595664603,37.621520903272156
-121.73934916624646,37.62238109841883
-121.73904157814128,37.62306502077553
-121.7387799327844,37.62313658196346
-121.7374626499767,37.62255020916893
-121.73632214399078,37.6227924981525
-121.7322013996793,37.624940690802816
-121.7303953072027,37.624270009725485
-121.72748374527684,37.623646017507035
-121.7269115399041,37.62328163866821
-121.72624797671845,37.62205770824255
-121.72354401385455,37.621226330610725
-121.72101419530242,37.61772888543116
-121.7196711248398,37.617004606617535
-121.71895494448312,37.61525506782145
-121.71761946418604,37.61426260971861
-121.71662072765407,37.61236356654988
-121.71274377640042,37.61041729286604
-121.71045746910205,37.6104103214585
-121.7099622472175,37.61003987729423
-121.70961590596923,37.60888027666766
-121.70935412788985,37.608742208675146
-121.7074261155348,37.608921598117846
-121.70473360430958,37.61016056441874
-121.70328025719817,37.60946185459821
-121.70131523476162,37.609628571497055
-121.70085340714456,37.61068195374975
-121.69867062060234,37.61208870054069
-121.69848985668784,37.614204290755104
-121.69740189366766,37.61470737242953
-121.69553165321247,37.61468670993352
-121.69417940301139,37.613358341823535
-121.68926791982544,37.61083998327354
-121.68546679885203,37.61016814513453
-121.68275856799015,37.61021541387216
-121.68149158592703,37.611211197464165
-121.68262277769233,37.61212204495563
-121.68713974264458,37.613220064478156
-121.68760410928597,37.61479692168259
-121.69332339634792,37.616827525385276
-121.69966503473573,37.621085083989605
-121.69970171266839,37.62286217725585
-121.69874291643605,37.62445160007548
-121.7007353614151,37.62521195566344
-121.7030927977649,37.63121153395545
-121.70305711558389,37.63314291376172
-121.69748676397923,37.63307768971772
-121.69281240935084,37.63028091828993
-121.69043799049932,37.63331198930397
-121.69091692647478,37.6365505421856
-121.68828575430246,37.638245259404314
-121.68623837524636,37.63838509285831
-121.68124498735355,37.642859075071804
-121.67286905783415,37.646892192204575
-121.67190242085795,37.64893593956749
-121.6705167302097,37.649950495842255
-121.66594056221244,37.650227561302295
-121.66551528203267,37.65043226734471
-121.66473217349659,37.650213690529334
-121.65623464883159,37.6499596815138
-121.65209723886588,37.64747938088453
-121.64682894029231,37.64601847887192
-121.64277339946575,37.644082059592975
-121.63967715756473,37.64321707694472
-121.63823625316219,37.64335743391543
-121.63699597646196,37.64533445689133
-121.63838607754408,37.64804038465165
-121.64295769481812,37.64950642522693
-121.64756655540333,37.65381191010762
-121.65030703568611,37.65750610722982
-121.65385398680577,37.66040821035284
-121.65448317099003,37.66144555361876
-121.66010091241671,37.667666675390045
-121.6620331978786,37.67232434601909
-121.66828912319745,37.67312538153849
-121.67212036801043,37.67535053330359
-121.67381802817353,37.675618172848935
-121.67516195134974,37.676240809409684
-121.67819714528275,37.68141126058512
-121.67876175516001,37.682881182663955
-121.67803265014605,37.684806059175486
-121.67423984340277,37.68705551681406
-121.67500978207107,37.690654114446474
-121.67785777586958,37.690741314774556
-121.67867131840985,37.69166699222324
-121.67900184990589,37.69294143133504
-121.67798197993635,37.69353181647346
-121.6781365860334,37.6946105322962
-121.67910798932468,37.69470426402635
-121.67934872873228,37.696805695415804
-121.68323245624403,37.698558524799864
-121.68317184645407,37.69877177342951
-121.68402251857488,37.699785138737965
-121.68616909511469,37.700250918410504
-121.68647500749651,37.70064093607533
-121.68757787979975,37.70065321846134
-121.68932804407454,37.70202224710192
-121.6886936466026,37.703172340160776
-121.68785442387947,37.70322448464794
-121.68797713385138,37.70447125073118
-121.68677244642089,37.706655019500985
-121.68706181312788,37.70804789200063
-121.68572307846617,37.708943899992185
-121.68682328674677,37.71044810747143
-121.68673781250894,37.71093695830152
-121.68566278287562,37.7112083910243
-121.68526732362734,37.71194958286286
-121.68518220252494,37.712832309361524
-121.68685581282746,37.7139110487739
-121.68740439177259,37.71481406767622
-121.68258739701885,37.71925637415155
-121.67984690755561,37.71972834223997
-121.67165784398576,37.71804632930924
-121.66822390197675,37.716691272737
-121.66381238379122,37.717545480995156
-121.65660024116465,37.718047377300756
-121.65606460121337,37.71953239910562
-121.63479099896777,37.72625266188339
-121.62940673148138,37.7315268901266
-121.6264201900011,37.733266266917006
-121.62145102298123,37.73394239412407
-121.61371794256311,37.73431938341761
-121.6098146523842,37.734960171266486
-121.60759259943315,37.73561157726223
-121.599993801324,37.73604575597089
-121.59252628054294,37.73788590550607
-121.57619524950883,37.7407396693706
-121.57273735628272,37.73605682732836
-121.56788245987184,37.736283481276615
-121.56711627404333,37.7365736911244
-121.56651605962108,37.73580668557748
-121.56514398127183,37.732893333602085
-121.56384372689065,37.72712363704502
-121.5642042538993,37.72529550396653
-121.56528672431668,37.72478120529628
-121.56875095981121,37.724780649594344
-121.57069950067583,37.72443752775099
-121.57134861069666,37.72295209260396
-121.57026553259492,37.72095282019537
-121.56975992456066,37.71935333508579
-121.56729748495329,37.714823569874895
-121.56780112522213,37.714195154521356
-121.56921348514577,37.710993102001076
-121.56907782806259,37.70634148881344
-121.55969138232521,37.7028291298947
-121.55470922367954,37.704377756999676
-121.53806295153504,37.70381481214124
-121.53039387519648,37.704613680465336
-121.5249928297433,37.70454622571943
-121.52005255345463,37.703947773671665
-121.51567830622295,37.70219425116387
-121.50987245348615,37.69929734537584
-121.50698774501718,37.69723977830799
-121.50316653934706,37.693182320199064
-121.50085990284445,37.69026789441133
-121.49761580657264,37.68723876432798
-121.4932196300301,37.68180964918921
-121.48802996809208,37.67729399692736
-121.48514650458408,37.67552153434735
-121.4767163910222,37.666833278621915
-121.47455566924987,37.66408981128486
-121.47347617694471,37.66191826188717
-121.4773011263291,37.65872143039024
-121.47968206530909,37.657237492385065
-121.48126886279235,37.65672424771963
-121.48703809331788,37.655813314875196
-121.48985097846011,37.65478642022653
-121.49057284197205,37.653758461201015
-121.49107876034789,37.65221624754727
-121.49122566751566,37.64873149738903
-121.49050531492755,37.64793135403621
-121.48754847651897,37.648958186925555
-121.4863942795338,37.64970025811706
-121.48603339817956,37.65015709531091
-121.4851654638314,37.65335581702656
-121.48373990750365,37.65452217727326
-121.48065496145712,37.653006159032365
-121.47887375201678,37.653055374116526
-121.47800904712501,37.652665592352896
-121.47712910252258,37.651906248693976
-121.47668169292263,37.65108927142588
-121.47648317051146,37.64745462302455
-121.47608565089647,37.64640402757451
-121.47757694078538,37.644954169604
-121.47834628971171,37.643386903952944
-121.47834628948729,37.64281012990409
-121.47630995605846,37.63985463959577
-121.47565889216763,37.639530772469335
-121.47457646498619,37.63705634273847
-121.47390797560897,37.63647985926134
-121.47250727939793,37.636290454357564
-121.47208704094308,37.63575328985091
-121.47060847612724,37.63489590084948
-121.47021386987085,37.6336920608498
-121.46853555698101,37.6315523626312
-121.46787127802061,37.63135439460763
-121.46621543490606,37.631405017903745
-121.46509003084387,37.63270613549516
-121.46148708515403,37.63201227517054
-121.46213231619717,37.63105432945303
-121.46225231197086,37.630163630830495
-121.46066907810737,37.62887221967905
-121.45860361309491,37.62851174437472
-121.45806776303053,37.62809012165569
-121.45752619016332,37.62690240600298
-121.45592012613893,37.625655667869864
-121.45590741050057,37.62476145939757
-121.45350222741534,37.62267446592457
-121.45302922521341,37.62133214585251
-121.45233014197109,37.620500635046014
-121.45161170938566,37.61737626904812
-121.45522718522473,37.61453891929417
-121.4606708340891,37.61270264269818
-121.4621286290745,37.61238831863857
-121.46407607256441,37.612547867749136
-121.46481919209909,37.6124207854512
-121.46645041255476,37.61122041526464
-121.46734864803254,37.61085027906893
-121.4695608203347,37.61071633353234
-121.46990114451002,37.61087829467028
-121.46997393758069,37.60971294282278
-121.4707273319091,37.6083935266715
-121.47008604453418,37.60697595985992
-121.47064801208658,37.60647701545611
-121.47222811239264,37.60606264188748
-121.47363506963613,37.604801066456055
-121.47353483170274,37.60443480521542
-121.47243974660545,37.60342919485093
-121.47289702948522,37.60285831830042
-121.47286479013691,37.6018462304569
-121.4738834078905,37.60039933908112
-121.47515694209689,37.59951679346869
-121.47554142183631,37.59847176839287
-121.47667401826354,37.59717052159399
-121.475728970272,37.596297619077134
-121.47479021754754,37.59585738934807
-121.47257046375594,37.59568448397837
-121.46971041703458,37.59496013102787
-121.46738320586174,37.59462791429249
-121.46328330945273,37.593076184945936
-121.46243060674288,37.59303129569616
-121.45871515366362,37.59409813597096
-121.45705990085727,37.59384443388716
-121.4550858754045,37.59288342387692
-121.455676508474,37.59046898276227
-121.45406871575715,37.58926048309499
-121.45388355297173,37.58848297075949
-121.45539064183141,37.58706748166343
-121.45731094676225,37.58450143767091
-121.45912376125466,37.58400465575344
-121.4605826488575,37.58268531170798
-121.46190306646801,37.58235331167286
-121.46375746346887,37.58270867264549
-121.46508681287328,37.58341769023165
-121.46660923871185,37.583676421840394
-121.46972205950372,37.58488173551902
-121.47185643137185,37.584765173474324
-121.47387638762031,37.58534793446122
-121.47501865537535,37.58605215452023
-121.47570007933714,37.586849592515726
-121.47933077853976,37.5884805004978
-121.4814705848017,37.58903529506866
-121.48310193713824,37.59009054596397
-121.48472113396238,37.590469657221036
-121.48596941611405,37.59125170765369
-121.48724598496379,37.591164502453736
-121.4891539699125,37.590490398570466
-121.49428158849219,37.58923115200293
-121.49581796059066,37.589832096384455
-121.4968029533175,37.58997532189573
-121.49937214927054,37.58964087665197
-121.50241581257214,37.59160598873593
-121.50392900942512,37.5906428406427
-121.5052321764536,37.59036196039647
-121.50636696844649,37.589709361976574
-121.50720246649486,37.58753879904944
-121.50713732401634,37.58638440934206
-121.50736310744486,37.586049245386135
-121.51239883546525,37.58509219520054
-121.51464339052318,37.58515432900036
-121.51720236084446,37.58471785493393
-121.5175345547859,37.581957383016245
-121.51732083465514,37.58109618872996
-121.5166958273302,37.5805769220997
-121.51690587670176,37.57992153275288
-121.51824373032662,37.57972884185408
-121.52043809212277,37.58040086141904
-121.52164296639711,37.57997653776534
-121.52371049236427,37.580263844852276
-121.52491262173196,37.57937312900376
-121.52611036596178,37.57887887939015
-121.52677992513573,37.57783721163619
-121.5296966583739,37.57638881740456
-121.53114514279636,37.57512475139822
-121.5329477927218,37.57248843387447
-121.5324077438743,37.57125371944127
-121.53265267485703,37.56985751196822
-121.53329979015155,37.569617725647895
-121.53520750092143,37.56997713325703
-121.53587618140922,37.569848005514814
-121.54381097761882,37.56643469969319
-121.54591656255394,37.564822761198165
-121.54885974229165,37.55764780625203
-121.54470298083842,37.541824949297414
-121.54896070342868,37.539002254975465
-121.56124828454071,37.534296340572254
-121.56416316961729,37.53096103399256
-121.57315780327042,37.53035467081295
-121.57835448665155,37.53419433843092
-121.57930565519443,37.53340171576559
-121.57943949661669,37.53291889363796
-121.57919137779145,37.53205737664459
-121.57849983564014,37.53113648610601
-121.57971065693062,37.530558468485424
-121.58005781836775,37.529929508665894
-121.57977354030218,37.52891436292445
-121.57920849373068,37.52823166448581
-121.57913986829675,37.52658145865838
-121.57702613410487,37.52457081468866
-121.57704942124582,37.524059685749755
-121.5782729612546,37.52253096657704
-121.57949706300113,37.52205226749036
-121.58296906577168,37.52129182972003
-121.58316422865586,37.520712879119785
-121.58391069031086,37.5199962754695
-121.5837174820561,37.51835365977163
-121.58532707496946,37.518537464317845
-121.58606520359784,37.518402068462045
-121.58704025949737,37.51794054679619
-121.58839730621324,37.51684594839629
-121.58854530493424,37.515536366616345
-121.5893094012767,37.51447743363212
-121.59269374838895,37.51146926670624
-121.59339298749576,37.509282930155976
-121.59373466358045,37.508881454772755
-121.59515785782415,37.508247234669355
-121.59688334689591,37.50835338833453
-121.59801245084337,37.508010824475775
-121.59894657910425,37.506748844144745
-121.60139901413355,37.505394444483116
-121.60227426455614,37.5052628734496
-121.60331772491963,37.50553211157398
-121.60536559538617,37.5045536530785
-121.6065785807416,37.504421555732414
-121.6072787283935,37.50399944224167
-121.61065164829762,37.50305227029343
-121.6114955066195,37.50256423221513
-121.61215518757228,37.50136207591972
-121.6122769585251,37.49996421279912
-121.61324102940489,37.498107645118495
-121.61322899141071,37.49617417253393
-121.61291969441861,37.49490654737541
-121.61485200800367,37.49224787132103
-121.6177371243858,37.49118886367942
-121.6196182663103,37.491388943042075
-121.62221064177606,37.4896279896738
-121.6242363447192,37.48927757163216
-121.62683008810271,37.48916132181961
-121.62758385047742,37.48892226977186
-121.6285296949417,37.48824378671741
-121.6296204143378,37.48661379046375
-121.63197530154916,37.48541089259239
-121.63344124183125,37.48506057854884
-121.63417818624188,37.48446524436034
-121.6355561617311,37.48251861804873
-121.63985901624667,37.4820433659965
-121.64119721358581,37.48217822536582
-121.6426016172897,37.482638265081164
-121.64336318056549,37.48255915787159
-121.64735382147674,37.480401344746284
-121.64850032749295,37.480155302944816
-121.64891103960463,37.47966885993701
-121.65124659632492,37.47864107190279
-121.65279218526139,37.47836582085515
-121.65315597870736,37.477534536293426
-121.6578957512343,37.47878698364841
-121.66671295183507,37.47660837056191
-121.66781985260627,37.47333353350697
-121.67276214587534,37.473031453681635
-121.68081065015328,37.47564604548762
-121.68528981189502,37.47460517443
-121.68622987706901,37.47541726328673
-121.68754538518209,37.47695725482572
-121.68761749638294,37.477956244157866
-121.68843379897747,37.478546706591295
-121.68840448442452,37.47890468312404
-121.68426232983931,37.481172613592875
-121.68243622357215,37.48298182378799
-121.68222600186883,37.48467847461594
-121.68322885848036,37.485656276301064
-121.68310125821166,37.48720060738835
-121.68330771754215,37.48786987605384
-121.68382376383263,37.48850877579796
-121.68497967030788,37.489236004337684
-121.68555591293587,37.49064167748777
-121.68728388868973,37.49121738922483
-121.6877545501943,37.49165303899052
-121.68938580239961,37.495339474921295
-121.69057411828553,37.49654911519
-121.69198493323638,37.496866750846856
-121.69490431512637,37.49686531125538
-121.69591911946446,37.49605629476926
-121.6961894028611,37.49607955580361
-121.69773130511975,37.498394925823966
-121.69907614126988,37.49890780085544
-121.70020584860225,37.49966825810614
-121.70004837187207,37.50047099063536
-121.70280304719249,37.49969236664876
-121.70585334531427,37.49991744231421
-121.70808468087772,37.499793890887204
-121.70873254265571,37.499886757004354
-121.71105438347121,37.501105574109296
-121.71233081331663,37.501087930333085
-121.71358876496879,37.50165822538678
-121.7160627891471,37.5007478305022
-121.71839740594328,37.49834643580831
-121.72099795407759,37.49857299944975
-121.72216261651339,37.498128166492094
-121.7230454565388,37.497450524773136
-121.72375122873461,37.49601389911645
-121.72679576319743,37.49455516104665
-121.72890957618516,37.494061937461694
-121.73111803642895,37.49457690357701
-121.73158493442695,37.4943903795557
-121.73386468053896,37.49096740719734
-121.73575596186166,37.490309524910906
-121.73658028464371,37.48970543899222
-121.73692812499294,37.48882586436124
-121.73658754952743,37.48731929982732
-121.73703805423517,37.4860262730556
-121.73976675045266,37.483671506885344
-121.74153224793959,37.48311802114411
-121.74201117347984,37.4827671799909
-121.74235047447132,37.480152547548705
-121.7428321470271,37.47865245735966
-121.74514813464276,37.47488033946859
-121.74606181335605,37.472569203149455
-121.74552209530745,37.47132413250504
-121.74265624882716,37.46811430955816
-121.74195708477048,37.46834117482782
-121.74050567483266,37.46830546289065
-121.73819056344081,37.46730952213155
-121.73714797342181,37.46742231877484
-121.73597541861089,37.46690951518848
-121.73377094938039,37.463920564274055
-121.73015634244585,37.463818573176724
-121.72827480381586,37.46240580991851
-121.72695788647816,37.46201081026622
-121.72526942447124,37.462055624901936
-121.72433619610459,37.46308658088268
-121.7232279166628,37.46275467156204
-121.72230507919092,37.46211368485651
-121.72218953652893,37.46121563890229
-121.72122136859272,37.46037820442099
-121.72087920737873,37.45937187184028
-121.71846749555169,37.458088299759986
-121.7176779589928,37.45737675749891
-121.71674265679793,37.45449140892946
-121.71462829206548,37.45457206815729
-121.71328839804389,37.45400532043964
-121.71220012987136,37.452848874128705
-121.7118565969647,37.45207895647354
-121.70909797248251,37.44956120423701
-121.70845795607974,37.44959250101882
-121.70557666697911,37.448296796775836
-121.70528251318436,37.44739903645694
-121.70465565308812,37.44701812099207
-121.70370883864409,37.44685000004319
-121.70111647545417,37.44715496193249
-121.69527568970227,37.44614189957044
-121.6947103694756,37.44426320255142
-121.69291323042096,37.442571331196696
-121.69273014825944,37.44142922117949
-121.6945299968234,37.43790249250992
-121.69570380210791,37.43729353563908
-121.69704150271241,37.437939267827254
-121.69820560067318,37.43886246293718
-121.69869058147239,37.43888579107923
-121.70026493585074,37.43756924675535
-121.7011660626784,37.437270405421394
-121.70392532310264,37.437399944362745
-121.70868297892716,37.43669957550011
-121.71337713308282,37.43729386202368
-121.7150356671018,37.436160457960874
-121.7181546275376,37.43657529221754
-121.7212934841931,37.43553671967296
-121.72193255145613,37.43427736089876
-121.72175926221576,37.43332686438001
-121.72205849626617,37.43205700947815
-121.7234590217329,37.430587280742415
-121.72561702781658,37.425923740095676
-121.72675025551476,37.42529151036285
-121.72772514198425,37.423877998486844
-121.73005472206695,37.42212528337497
-121.73157452106207,37.42138228557778
-121.73381228280586,37.421002968600455</coordinates></LinearRing></outerBoundaryIs></Polygon></Placemark>
<Placemark>
<ExtendedData>
  <Data name="COMNAME"><value>CALIFORNIA RED-LEGGED FROG</value></Data>
  <Data name="SCINAME"><value>RANA DRAYTONII</value></Data>
  <Data name="SPCODE"><value>D02D</value></Data>
  <Data name="VIPCODE"><value>V01</value></Data>
  <Data name="UNIT"><value></value></Data>
  <Data name="SUBUNIT"><value></value></Data>
  <Data name="UNITNAME"><value>STC-1</value></Data>
  <Data name="SUBUNITNAM"><value></value></Data>
  <Data name="STATUS"><value>FINAL</value></Data>
  <Data name="LEADOFFICE"><value>FF08ESMF00</value></Data>
  <Data name="COOPOFFICE"><value>NONE</value></Data>
  <Data name="COOPOFMORE"><value></value></Data>
  <Data name="FEDREG"><value>75FR12816</value></Data>
  <Data name="PUBDATE"><value>20100317</value></Data>
  <Data name="EFFECTDATE"><value>20100416</value></Data>
  <Data name="VACATEDATE"><value></value></Data>
  <Data name="ACCURACY"><value></value></Data>
  <Data name="SINGLMULTI"><value>SINGLE</value></Data></ExtendedData>
  <Polygon>
<outerBoundaryIs>
  <LinearRing><coordinates>-121.5687721880124,37.215489323797286
-121.56896570798644,37.214540800639355
-121.57059228139168,37.213954229283104
-121.57116058635383,37.213332533562294
-121.57143792494504,37.2122272758134
-121.57242231742993,37.21170509899662
-121.57278425999671,37.211252075469666
-121.5726822723847,37.210146690106974
-121.57197085896456,37.20942153881244
-121.57158795687215,37.20848405873417
-121.5694823734489,37.20702094640553
-121.5683649001252,37.20510329407188
-121.56682350524966,37.205384358120135
-121.56643358150532,37.20524447592523
-121.56416735810049,37.202884853777206
-121.56167608625894,37.20114648998647
-121.5598329567017,37.20047279173669
-121.55766223559205,37.20004522092091
-121.5566594849182,37.19847376087037
-121.5562301873745,37.1968032823626
-121.55250053425713,37.195953214622264
-121.55156917258726,37.19543036650415
-121.55115562500391,37.194796597440266
-121.55076772471996,37.19409782534126
-121.55087175979861,37.19372055468324
-121.55264384964444,37.19298963635251
-121.55381633301181,37.19217253608925
-121.55341336250532,37.19045727917297
-121.55422484655018,37.189318028435665
-121.55413323417157,37.18810241513446
-121.55481101014776,37.1860601168577
-121.55474259357821,37.184815521477056
-121.55682454132693,37.1839666184891
-121.55765622615668,37.18265858893545
-121.55928618975601,37.181170981735775
-121.56163349252193,37.1803928849226
-121.56284758894752,37.17920660611251
-121.56745982044471,37.178807388451276
-121.5686655023634,37.1789549386904
-121.57019788850829,37.17859720202384
-121.5708323197613,37.177913122521645
-121.5708664901647,37.17613788237738
-121.57027704446347,37.175184280745775
-121.56989529579376,37.173316257045414
-121.57258193632455,37.170701031879126
-121.57193218409493,37.16863362020958
-121.57197939381868,37.16803031654937
-121.5730748455444,37.16619810534825
-121.576107619959,37.164997477447265
-121.57598626525434,37.164484548576965
-121.57440465044361,37.162834079138605
-121.5739194067117,37.16136352554975
-121.57286496850912,37.16022193595875
-121.57081486700257,37.15854998396713
-121.56827084847507,37.157196600825834
-121.56750413213709,37.15649773708047
-121.56684310104556,37.155617600836905
-121.56653251043821,37.15439481647051
-121.56580380733656,37.15302731842088
-121.56357239859864,37.1523871921711
-121.56267917985477,37.15155619432691
-121.56296547144343,37.15035192228034
-121.56524324461475,37.14702656876208
-121.56518929026849,37.14490326872373
-121.56568221088388,37.14349635960449
-121.56465048204537,37.14126206248401
-121.56564459980792,37.13971929472722
-121.56569754874965,37.139059751350956
-121.56460767830801,37.13771702799083
-121.56577334938606,37.13650353844276
-121.56816504361862,37.139605203076584
-121.56970817033073,37.140865108983945
-121.57156482340784,37.14352151644401
-121.57410841694197,37.14537692038719
-121.57505116912132,37.146659392460805
-121.57742323856759,37.14888098564181
-121.57850776936536,37.15197179748204
-121.5795077667392,37.15329992376249
-121.58225304792755,37.15389633085956
-121.5830532383325,37.15481232680965
-121.58413964246166,37.15533920878011
-121.58599863875942,37.15543151845229
-121.58771564213338,37.15392139469729
-121.58928842217134,37.15412798524244
-121.59314876976423,37.155273800837826
-121.5959225821704,37.15646510727165
-121.60064036614963,37.159717114150986
-121.60161236110525,37.16099932870475
-121.60101117564984,37.162303987510235
-121.60123983570672,37.16267033350014
-121.6027559571949,37.16228152032352
-121.60381405233245,37.162739581684555
-121.60558742657742,37.162419516988564
-121.60982058936713,37.163656579345705
-121.61004924502602,37.16413739417324
-121.61145083130252,37.16390873662968
-121.6121085847563,37.164481110396906
-121.61216558630743,37.16532811194916
-121.61265165083658,37.16585473420657
-121.61279458593279,37.1669993308101
-121.61365242858881,37.16748020528145
-121.6159401791182,37.17068539280329
-121.61634064592923,37.17109751488516
-121.61797118077821,37.17185310823021
-121.61825696054834,37.17286033087992
-121.6192295915417,37.17283773249614
-121.6197445904633,37.173135328228135
-121.62091737167663,37.17292938944696
-121.62168977657831,37.173249988427635
-121.62229036674432,37.17421151799695
-121.62380636803007,37.17565379531909
-121.6242640620621,37.17661532981459
-121.62618065573994,37.17913351580374
-121.62606624098626,37.179339393598305
-121.62286196093469,37.17927051674475
-121.62151736841918,37.178995736696166
-121.62014436629352,37.177622108086446
-121.61825605297571,37.1774615814126
-121.61779858296617,37.1764313933851
-121.61745524332045,37.17629398500212
-121.61722636708508,37.17636273648791
-121.61754083752446,37.17753020785518
-121.61716883538774,37.1780109248793
-121.6173977761633,37.17860610782789
-121.6189997734036,37.17897251642989
-121.62034424737726,37.179636517964845
-121.6206874289637,37.180323326492555
-121.6230618401073,37.18167420744566
-121.62357684241475,37.182406802562255
-121.62434936866174,37.18263573557208
-121.62606596394048,37.18236120511803
-121.62821177489104,37.18146851371012
-121.62846925006482,37.1820865834507
-121.6292417733258,37.18277332802515
-121.62961377644984,37.183780520435185
-121.63041477585837,37.18709992584159
-121.62992837026049,37.187878207125145
-121.63075805884745,37.18808433380338
-121.63138758840925,37.188610802290505
-121.6311872430326,37.18439880197789
-121.6314161864297,37.18343733172638
-121.6320171839376,37.1831397340731
-121.63413424498218,37.184055392649675
-121.63444905689202,37.185245734880276
-121.63490696552697,37.18572651459831
-121.63779678332845,37.18671073931103
-121.63879843411912,37.18845051775649
-121.63879843779426,37.188908330939775
-121.63822624719194,37.18936620659619
-121.6383406581152,37.18961798625081
-121.64211765591705,37.189343108339756
-121.64337665769335,37.189548921430124
-121.64369165135234,37.1915633917378
-121.64492219100126,37.1920669828725
-121.64643906376737,37.193669206640834
-121.64586706021274,37.19511151734839
-121.64698297094249,37.19483657765512
-121.64732637810205,37.19527151420233
-121.64718384500459,37.19753779901086
-121.647470183702,37.198339109644934
-121.6487295913146,37.199597923800276
-121.6487296579156,37.19984979854878
-121.64944506355032,37.20017011382669
-121.64867259664356,37.200948581864594
-121.64915918588513,37.201200329782196
-121.64996037388605,37.20058211388296
-121.65053265503066,37.20053620523272
-121.65551343199378,37.20216968214443
-121.65814126744083,37.202588979005235
-121.65905101457656,37.20374399277542
-121.66134634146633,37.203426544176466
-121.66231656711732,37.20427815335139
-121.66495837536627,37.20301391529766
-121.66656007594094,37.202574469223485
-121.66889494060311,37.20293660751751
-121.67340649701265,37.20273264903472
-121.67505952379744,37.202981092443345
-121.67600830879074,37.20388864690006
-121.67781505901405,37.2029736565234
-121.6789103707376,37.20270418407582
-121.6798104070513,37.20268502623768
-121.68133680949035,37.20322477402113
-121.68268013841046,37.204260543125244
-121.68486300839717,37.205447573158786
-121.6854304073883,37.206546724080695
-121.6868023931353,37.20769999311939
-121.68937555384203,37.20745355993988
-121.69150787708794,37.208894592129774
-121.69306901566449,37.21066944333661
-121.69392991881381,37.21293004544881
-121.69521163182394,37.21447427599468
-121.69516981992126,37.21527599595066
-121.6982513395946,37.21760841609331
-121.70508468792002,37.220727816661054
-121.70565290060817,37.22144608688215
-121.70546440534794,37.22294925260403
-121.70837094513325,37.22550260180847
-121.7089178325805,37.22656981409235
-121.71002228100473,37.22723988226172
-121.7114469683125,37.227399655096455
-121.71389171422132,37.228931615745914
-121.71373845339703,37.23138380083774
-121.71283856318384,37.232273079392364
-121.71138416300866,37.232854351511904
-121.71089949181385,37.233885545308134
-121.71387867286532,37.234932053361284
-121.71579752531179,37.23411694838378
-121.71858909410315,37.237087842148696
-121.71952088512579,37.239486560916404
-121.71770285075648,37.24011575231399
-121.71744837712164,37.241392981109634
-121.71698736100288,37.242221696128354
-121.71510261056099,37.24474295663506
-121.7158140213202,37.245345595746066
-121.71716667287915,37.24568924319658
-121.71856950077485,37.24650894592686
-121.71925089847237,37.24742676762111
-121.71904359119509,37.248636750601435
-121.71733030217771,37.25011207704691
-121.71570718354494,37.2501372828079
-121.71474466086511,37.250412974483744
-121.71358925381483,37.251200347677255
-121.70742575804113,37.25242648799193
-121.7061446695528,37.251950469851536
-121.70558777086825,37.25214267664952
-121.70466755919692,37.25354544711148
-121.7065407898293,37.25448979544073
-121.70656862482882,37.254722204364775
-121.70594231758957,37.25524043698658
-121.70454649652669,37.25538960469162
-121.70184118340342,37.25500159178001
-121.70076814561759,37.255287252079754
-121.6990339495005,37.255101391470866
-121.69708782039565,37.25613907380079
-121.69645540413727,37.25689148494376
-121.696524917176,37.25722114892817
-121.69754453164457,37.25801885511498
-121.70028432233919,37.25877466415544
-121.70055399676617,37.25927101463755
-121.70111110211023,37.259335817035186
-121.70172393296913,37.25992384803931
-121.70184355652916,37.26156795648471
-121.70317935437146,37.26211655453116
-121.7045100978102,37.26353500298646
-121.70462087919664,37.26398687225942
-121.70640415108558,37.26493707948081
-121.70698366120533,37.26599110457829
-121.70666366402844,37.2678782457197
-121.70765038263862,37.26980888141819
-121.70723907515614,37.27039700080702
-121.70639898984636,37.27041036496582
-121.7057803948841,37.270822693886366
-121.70397305390597,37.27366907477627
-121.70389110706078,37.27439375832933
-121.70638277920344,37.27808949197908
-121.70504991134756,37.28059183059702
-121.70488845621128,37.28294715413554
-121.70501307326167,37.28340809700836
-121.70658347516488,37.284220773057065
-121.70686018361717,37.28556900785978
-121.70645834247684,37.28812663257294
-121.70730079809839,37.290012864384245
-121.70644266669836,37.292087788418286
-121.70660302960955,37.29273175683362
-121.7077317401551,37.29293343307705
-121.70860029261489,37.29362115743037
-121.70940098503876,37.29470236704733
-121.7115032216468,37.296433438766485
-121.71162152117468,37.2969170392672
-121.7116419454818,37.29717190376701
-121.71052795752722,37.297918984807076
-121.71021873375092,37.29858486916986
-121.71039978669435,37.30024080488816
-121.71116603467706,37.30104455503868
-121.70952271623013,37.303773438861555
-121.71166811086367,37.30514666304375
-121.71244541047314,37.30489370188105
-121.7142732365386,37.30666226374083
-121.71654721271778,37.30757919979815
-121.7183415416595,37.31025086263385
-121.71921664337704,37.310569043045135
-121.71951251415281,37.31036494225523
-121.7198569486992,37.31044755919501
-121.71903124265502,37.314879886520295
-121.72033652482767,37.31706399866949
-121.72021334255942,37.31805864009379
-121.7207881810704,37.319973455453656
-121.72367189832494,37.32310969264669
-121.72438229113374,37.323732470517584
-121.72587770619594,37.32447876925426
-121.72686444246744,37.32536823258563
-121.7277825153029,37.32641233154126
-121.72881207728457,37.3284289762276
-121.72952372776412,37.32905620507587
-121.7317504548946,37.33023157581284
-121.73263427846766,37.33136321925243
-121.73280333387692,37.333602573319915
-121.73495397054249,37.334610356613126
-121.7357870459522,37.334560706352875
-121.73669765196496,37.33503239315904
-121.73629423645536,37.33626063142318
-121.73763996498556,37.337953762473
-121.73786420371798,37.339882667210816
-121.73861586775972,37.340812351281826
-121.73971794840033,37.341295071468906
-121.73948078787043,37.342187086316514
-121.73954544745632,37.34381914762861
-121.73980136211904,37.34456781969065
-121.74093284797944,37.34524227407778
-121.74107763998538,37.34554579251209
-121.74133467101281,37.34634160768028
-121.7410345817281,37.347744571444075
-121.74120133347645,37.34884599299785
-121.74234909384293,37.35085686136369
-121.7428603716528,37.351407576027746
-121.74490004313498,37.351546468856206
-121.74533564097159,37.35253583743082
-121.74705113838802,37.35255178469152
-121.74920880993577,37.353000543300546
-121.74975420888693,37.353648505448106
-121.74970135801296,37.354835379825445
-121.75157745729912,37.355229386386306
-121.7531311508416,37.35586771407262
-121.7539025833348,37.35714671300525
-121.75501752423818,37.357969733811395
-121.75620978501914,37.36095215336822
-121.75735058451833,37.36288164538678
-121.75861631854205,37.363672333004416
-121.7608609147523,37.364248009143026
-121.76333513025739,37.3655965505725
-121.76597425418495,37.36842954919075
-121.7676919247213,37.372178968107434
-121.7686584283479,37.37327292730511
-121.76974414458128,37.37384306038637
-121.77098408002105,37.37583162041146
-121.77128642702023,37.377342757866536
-121.77294715017483,37.37874803068996
-121.77406254936747,37.380244481784196
-121.7751084749553,37.38076236657204
-121.77621334877837,37.38089324683795
-121.77804383307755,37.381822584715835
-121.78259743314571,37.381660097085714
-121.78469192744329,37.38207597912222
-121.786705668203,37.38328191813766
-121.78738418991925,37.38451240498899
-121.78896785745364,37.385466073937955
-121.78953895599513,37.38708300501688
-121.79027421172438,37.38779584003913
-121.79302694488327,37.38847752887815
-121.7948975287847,37.388075247394774
-121.79855477383515,37.3881260408536
-121.80214855747431,37.38756072128995
-121.80231138118246,37.38817565414231
-121.80205946306238,37.38978752770429
-121.8014015451977,37.39014196587329
-121.80143754244051,37.391225705539604
-121.80340042327956,37.39168105696747
-121.80328446734815,37.39311372675413
-121.80902016316706,37.391597530676016
-121.81118780048874,37.39155220026961
-121.81246357142817,37.39192488570757
-121.8131662688891,37.3915607329604
-121.8179010980869,37.392800682051934
-121.8197741550598,37.39363732114822
-121.8212220698414,37.39343579705552
-121.82168108278242,37.394121812969296
-121.82301061572441,37.394668856915686
-121.82327186714375,37.39519433490789
-121.82355068234992,37.39613380123425
-121.82352872073027,37.397538648571725
-121.82084843897722,37.399842989722345
-121.8206514036902,37.40177089466346
-121.82012004709902,37.40196523326719
-121.8184797650783,37.40194885170579
-121.81806619766701,37.404275242497064
-121.81605650186692,37.40606999892905
-121.81596287169461,37.40735702092958
-121.81292017951316,37.41005374385219
-121.81098332535143,37.41019234725407
-121.80748884592892,37.40999942895914
-121.80621865166697,37.41030881680985
-121.80488977547371,37.41099605715844
-121.80231080098697,37.41056660463244
-121.80144398317485,37.40962266394987
-121.80061757502664,37.409319110710456
-121.79866604475984,37.40943217586507
-121.79607988948723,37.41007731378837
-121.79447617866118,37.410772999642674
-121.7927799604163,37.41382467088047
-121.79102195983153,37.41556195738186
-121.78998164572258,37.41611687008161
-121.78843128445982,37.41635558726163
-121.784732893763,37.41568440538169
-121.78196905601298,37.416142625001
-121.77936978439959,37.41734833147538
-121.77795818948398,37.418577527587274
-121.77723365437112,37.419766497404254
-121.77722148957567,37.42098310655292
-121.77602471232413,37.42398568679925
-121.77278237289295,37.42418176479894
-121.77133397808582,37.42386256086128
-121.77022465209443,37.422695066845996
-121.769864480915,37.421913850113114
-121.76820483284186,37.421067324753714
-121.76723810256928,37.42029114593141
-121.76475860251168,37.42033727632221
-121.76449564822569,37.41814664454562
-121.76397838373988,37.41770632425776
-121.76222089357522,37.41707727314567
-121.7598221104334,37.41787229072873
-121.75919057591038,37.41922432932795
-121.75856766530195,37.41983291136294
-121.75675353147885,37.419300069034435
-121.75591013341017,37.41851379704995
-121.75471370426446,37.41855075276767
-121.75335063638838,37.41804514445797
-121.75221662371747,37.41813493097734
-121.74996156936446,37.418881314141714
-121.74925141587289,37.41939879675233
-121.74838585408527,37.42052758408596
-121.74793204635012,37.4221338322752
-121.74551125676744,37.42453487342149
-121.7437820427009,37.42576252767127
-121.74127311783077,37.42616623025517
-121.7408609091784,37.42645016885478
-121.74028839181625,37.42620975547586
-121.73773470689927,37.423791766687934
-121.7341173377925,37.42147271652684
-121.73381228280586,37.421002968600455
-121.73361387312985,37.41960383679207
-121.73275496848632,37.4192633399105
-121.73157531840816,37.417668863218104
-121.73212075603372,37.41554988510345
-121.73208435582741,37.41431245780555
-121.73340017627736,37.4129723905463
-121.73395430466523,37.41182696599064
-121.73387448748213,37.41135514218782
-121.73489256587861,37.410110827965774
-121.73568501040461,37.40850611086336
-121.73486483027243,37.406101999902184
-121.73519217743114,37.40444709600093
-121.73523253653254,37.40123893157187
-121.73503440228123,37.40088748373479
-121.73401980716383,37.400601728041416
-121.73290171974047,37.39951264484189
-121.7315200899017,37.39960143285457
-121.73085261254576,37.39921122625677
-121.72943089143935,37.39972548718626
-121.72890507124282,37.398897349739066
-121.72837303298284,37.39873839479397
-121.72753674100113,37.3978843691672
-121.72679791546564,37.39773444653535
-121.72566945564282,37.398062501124244
-121.72148663201398,37.395829313796774
-121.72029417380482,37.39597865475346
-121.71897064414271,37.39543482784567
-121.7177702428542,37.39528200539902
-121.71696993444975,37.394867702130924
-121.71679224021982,37.39451655251284
-121.71703861202437,37.39301624383352
-121.71593585295649,37.391683921124844
-121.71658404308806,37.390341190627574
-121.71684852649285,37.38759506732255
-121.71626459615587,37.38629311324663
-121.71674819601537,37.38418242853353
-121.7165445953088,37.38318877048075
-121.71563662312639,37.38161747288392
-121.71457257706976,37.381031147836126
-121.7116409225219,37.38059820370244
-121.71074082339183,37.382102458112286
-121.70949636139302,37.38284154396171
-121.70871395262553,37.382905112744574
-121.70831198128938,37.38273844035989
-121.70802092462228,37.38162442794956
-121.70666479816173,37.38047608833131
-121.70611493355942,37.380224506348036
-121.70501429888284,37.38026652179015
-121.7022718247511,37.37933959104843
-121.70129707365467,37.37929726073758
-121.70166694181387,37.37749430319583
-121.7015329285986,37.37692046172369
-121.70053892541628,37.37607800203729
-121.69906648246652,37.37367106939623
-121.69516864078257,37.37098494791261
-121.69421615398113,37.36941960495683
-121.6934222210593,37.36866498726801
-121.69211167767057,37.36822007786787
-121.69198767356332,37.36757650709147
-121.69267546545184,37.36653185998145
-121.69220950219172,37.36350725757243
-121.69207169197438,37.36316099413757
-121.6910506792135,37.36260660279409
-121.69089952198381,37.36227149409231
-121.69160932332996,37.35656051031668
-121.69069154125813,37.355317768078564
-121.68936354166917,37.35135299230253
-121.68852787762573,37.350088621961234
-121.687507879957,37.34977543472911
-121.68624604962747,37.34881489181428
-121.68512025580344,37.346294496212366
-121.68458661509368,37.343969925936904
-121.68322113255148,37.34245848153356
-121.68287522465495,37.341395572458815
-121.68319766987088,37.33978354234315
-121.6831463942019,37.33748463250938
-121.68298065108324,37.3367932713558
-121.6823120549612,37.336109774265644
-121.68155896529551,37.33427399309781
-121.68096614386762,37.33354176013844
-121.68086553457005,37.33014265126658
-121.67969208918969,37.3278019051789
-121.67883080948306,37.327296549542226
-121.67811433959109,37.327202879244574
-121.67763156644229,37.326785117841055
-121.67748577863792,37.32612994872112
-121.67782256551833,37.32531138185508
-121.67744321524933,37.324468864180055
-121.67605701898823,37.32342590285107
-121.67281252917381,37.32273367877748
-121.67232367370161,37.32234964007945
-121.67171528102641,37.32039586518521
-121.6709634989726,37.319517709216164
-121.66968942881925,37.319958564154135
-121.6675953155268,37.31889167350924
-121.66664447949903,37.318112428052366
-121.6650950111348,37.318469079726825
-121.66250547042945,37.318146853210386
-121.66045274762693,37.31838485018516
-121.6600531395702,37.31799959226191
-121.66005887577495,37.31753777496746
-121.66127781195199,37.31571509790387
-121.66078741237835,37.31515974359871
-121.6602295534851,37.3149731541646
-121.65945763265357,37.314865253403646
-121.65841778251657,37.3150674548433
-121.65690249457951,37.31363300137811
-121.65827223321796,37.312758462641995
-121.65860238160761,37.31209742322162
-121.6585671165642,37.31141658143696
-121.65754648815911,37.30940407700658
-121.65755910345703,37.30828198695937
-121.65683556642581,37.307237325125
-121.65567165817556,37.30687476365161
-121.65383216556212,37.306984493715
-121.65053390171289,37.30637458489823
-121.64815856570537,37.307090939109095
-121.64794532863453,37.30689918724396
-121.64791613787142,37.305513175615125
-121.64678089627105,37.30516671276
-121.64621557654158,37.30463286024779
-121.64604857271165,37.302884780682994
-121.64514023408087,37.30242355780273
-121.64414807679098,37.30257219337896
-121.64214386712209,37.301598236401794
-121.64091190967535,37.30189052310789
-121.63767679068417,37.30407049731369
-121.63655512948726,37.3062770660094
-121.6361068298679,37.30566570877694
-121.63505199335528,37.302458406941945
-121.63392173544747,37.30061562385963
-121.63286096389335,37.300105362248324
-121.62954223224877,37.299776244064745
-121.62928750958775,37.29933612284726
-121.63008477674038,37.29675188749453
-121.62976879858884,37.29556744696208
-121.62904451861151,37.2943580104942
-121.62875456815212,37.29154703411559
-121.62904904911717,37.29006782520459
-121.62566989910812,37.28800985367558
-121.62567678183868,37.28712402480692
-121.6248100757257,37.28543304121855
-121.62292907495686,37.28474633836749
-121.62247768936273,37.28419359627059
-121.62250497780599,37.28340969447412
-121.62689245691588,37.28314311498389
-121.62727153509327,37.28244445403884
-121.62722267487146,37.28111893947673
-121.62776572530252,37.280740035349254
-121.6301953661255,37.28057434383982
-121.63111066647127,37.27964986884193
-121.63115455528846,37.27914148913152
-121.6297442467074,37.27748070836679
-121.62886718259746,37.275953581705814
-121.62829888550624,37.275284188243354
-121.62729938401829,37.27478381162872
-121.62667612167364,37.27356887034126
-121.62602443300648,37.2729311063741
-121.6249261494734,37.27252643766949
-121.62365696792276,37.272404234034695
-121.62270424199532,37.27169449613277
-121.62181947404171,37.271451810216334
-121.61980661721451,37.27173536201637
-121.6180498176149,37.2711852979367
-121.61627747255338,37.27175486428937
-121.61559369772614,37.27146975291481
-121.61480035462395,37.270227850489654
-121.6133556752897,37.26996090080321
-121.61295695469738,37.26905708360289
-121.61084634852085,37.26642518403589
-121.61119908727306,37.26438106873934
-121.61015651399353,37.263733289256564
-121.60822423534641,37.263365747340714
-121.60618366444093,37.262361600192946
-121.60509813703277,37.26085934212719
-121.60387809147716,37.25982639345485
-121.60300001484686,37.25948246066606
-121.60181714558104,37.25935138316176
-121.60116442105314,37.25759282841526
-121.60005929535251,37.25686546610738
-121.59950072022527,37.25655911377571
-121.59763315352471,37.256570803850714
-121.59708625704576,37.25596498519462
-121.59664685591987,37.25451760745667
-121.59542868314526,37.25329532259669
-121.59508941446265,37.25215109884713
-121.59344973671858,37.250648912157764
-121.59151521852507,37.25084219109672
-121.59103108129574,37.2503721524821
-121.58963370216321,37.24685390837298
-121.58804222094193,37.24634140627052
-121.587185414692,37.24543665019132
-121.58810108733891,37.24392887696892
-121.58868528137788,37.24121384244005
-121.58845246855991,37.240670223952826
-121.58763625199245,37.23991464934055
-121.58825444920475,37.23876833389956
-121.58812950753266,37.238354509954675
-121.58693484621762,37.237375668698874
-121.5867017564714,37.23643111157713
-121.58691624221386,37.23589285036413
-121.58669941191006,37.23443692147207
-121.58752726952709,37.23317141461098
-121.58799460193994,37.231126470609674
-121.58748968250484,37.230944678080334
-121.58592858385079,37.23127530730771
-121.5838410898118,37.23050885499232
-121.5822431809796,37.23037038220176
-121.57999088577094,37.2294374938329
-121.57778488526448,37.22726359858871
-121.57517833740317,37.22519287424087
-121.5744520886398,37.22409356480681
-121.57446456265686,37.22289712015249
-121.57412240743037,37.22235442670822
-121.5734235567321,37.22179844876152
-121.57088898052638,37.22176792781989
-121.5704349331259,37.221372693295606
-121.5700002869581,37.21957595377622
-121.570293823234,37.21892604223739
-121.56994801912828,37.217874057569716
-121.5700820793635,37.21721324378655
-121.56971539675378,37.21672653145858
-121.56825633164068,37.21630333564985
-121.5687721880124,37.215489323797286</coordinates></LinearRing></outerBoundaryIs></Polygon></Placemark>
<Placemark>
<ExtendedData>
  <Data name="COMNAME"><value>CALIFORNIA RED-LEGGED FROG</value></Data>
  <Data name="SCINAME"><value>RANA DRAYTONII</value></Data>
  <Data name="SPCODE"><value>D02D</value></Data>
  <Data name="VIPCODE"><value>V01</value></Data>
  <Data name="UNIT"><value></value></Data>
  <Data name="SUBUNIT"><value></value></Data>
  <Data name="UNITNAME"><value>SLO-3</value></Data>
  <Data name="SUBUNITNAM"><value></value></Data>
  <Data name="STATUS"><value>FINAL</value></Data>
  <Data name="LEADOFFICE"><value>FF08ESMF00</value></Data>
  <Data name="COOPOFFICE"><value>NONE</value></Data>
  <Data name="COOPOFMORE"><value></value></Data>
  <Data name="FEDREG"><value>75FR12816</value></Data>
  <Data name="PUBDATE"><value>20100317</value></Data>
  <Data name="EFFECTDATE"><value>20100416</value></Data>
  <Data name="VACATEDATE"><value></value></Data>
  <Data name="ACCURACY"><value></value></Data>
  <Data name="SINGLMULTI"><value>SINGLE</value></Data></ExtendedData>
  <Polygon>
<outerBoundaryIs>
  <LinearRing><coordinates>-120.82090105059041,35.51260122166791
-120.81839328168279,35.511536510987476
-120.81619791705435,35.51150607104504
-120.814599193406,35.5109250204467
-120.81260327093659,35.50974405749031
-120.81107654027655,35.50945309652503
-120.81043704736776,35.508720117667416
-120.8093955426507,35.50815311923062
-120.80798271099961,35.50772627408044
-120.8071614584679,35.50660739194951
-120.80710667716164,35.5053059336373
-120.80625669807864,35.50504256851415
-120.80513046295641,35.503433408332484
-120.80403010346355,35.50270076704497
-120.79682183968355,35.499746023488285
-120.79561303841469,35.4988494407467
-120.79092360476854,35.497701953495366
-120.78494826048215,35.49523943748034
-120.78249345455225,35.494669056056686
-120.77752502301198,35.49241433839833
-120.77590830461166,35.492032633639624
-120.77445211053912,35.490176063436756
-120.77338302750609,35.4894015519093
-120.77357489635173,35.48746619021811
-120.77311472445315,35.487019069250486
-120.7713275120659,35.48612972896942
-120.77064455730111,35.48509349394139
-120.76936942924152,35.484051324910354
-120.7682021472347,35.48384295292733
-120.76705872879336,35.48391155471213
-120.7667781689202,35.483718982497464
-120.76676338866352,35.48233786673134
-120.76626758827535,35.48215937315674
-120.76521720582824,35.4823517067699
-120.76424446505904,35.48215833403142
-120.7620003382002,35.48056844007902
-120.7603243875367,35.480124723509334
-120.75930633273374,35.48044847097499
-120.75849981952501,35.48123508023365
-120.7565585350765,35.481933968936474
-120.75503724612558,35.48142333138475
-120.75392579122754,35.48170965338141
-120.75311547148779,35.481401463817214
-120.75186153329004,35.48030044052195
-120.74941619482966,35.47958973271203
-120.74458465023417,35.47981431744969
-120.74316077910966,35.4796973659126
-120.73861365469372,35.47664059122168
-120.73569871071301,35.475322009425625
-120.73341537079571,35.47372842189012
-120.73176238790273,35.47179318918164
-120.72996773755543,35.4704629104967
-120.72114705430403,35.467985049022886
-120.71711518568614,35.46629306951681
-120.71627371573064,35.46672508272314
-120.71352658258314,35.466695813040666
-120.71181391442063,35.46402150968582
-120.71046143251759,35.46059766930547
-120.70787164946321,35.459016132587344
-120.70413061522606,35.45864519610703
-120.70099908172753,35.459433076290196
-120.69869115335499,35.46178876603845
-120.69656766500506,35.46147447218804
-120.69166286595484,35.45892570268937
-120.68940663318183,35.45881897184957
-120.68769600078605,35.4581507810331
-120.68717695919614,35.456552288203284
-120.68749608180234,35.452803663090066
-120.6871771740321,35.4516133622959
-120.68657108916462,35.45059085076933
-120.68584512898353,35.45005704220013
-120.68274430156949,35.44864004839574
-120.68052348821075,35.448539613354086
-120.67923481421363,35.447937182513805
-120.67662100475582,35.44554739206299
-120.67483772044496,35.44496427355973
-120.67282535331302,35.44498324532182
-120.66906863849646,35.445759756459445
-120.66978788114463,35.4232423058761
-120.66648909810567,35.42008652042245
-120.66537501626068,35.41960302758728
-120.66195939215983,35.42154035719207
-120.65949512649294,35.4221911021795
-120.65594170053302,35.42225255640878
-120.65272671507711,35.42170339387311
-120.64597258330038,35.421560175007066
-120.64116819861609,35.42380622058702
-120.63571506998261,35.427273665415235
-120.63464668833917,35.428299630210255
-120.63194175801762,35.42473704916325
-120.62627690247204,35.41228589481909
-120.62603163387921,35.40963680996594
-120.62527165336522,35.40618432115067
-120.62226523292716,35.40224689334884
-120.62331221415073,35.39592127535963
-120.61502617019345,35.38121443477899
-120.59296261735598,35.39079839633812
-120.59357268776922,35.391545436621605
-120.593720573838,35.39221998764068
-120.5921392403009,35.39558009529348
-120.59225973382425,35.39629277146044
-120.59272921693923,35.39679263665063
-120.59510299218739,35.39815813269414
-120.59564621867236,35.3998616162365
-120.59638374467788,35.39940594679867
-120.5967257428275,35.39870919359198
-120.59714815976005,35.39845660059414
-120.59805985344934,35.39868602081172
-120.59852980758656,35.39929053148524
-120.5984221840384,35.400273368874615
-120.59666619988873,35.40279366799768
-120.59610323062216,35.404396453805745
-120.59767949921188,35.4053788042658
-120.59870571393814,35.406575559221444
-120.5993701234752,35.40865036870888
-120.60091276095508,35.41169644190262
-120.60234254283094,35.4159307480645
-120.6031484877745,35.41918064473467
-120.6031841271821,35.42651862570981
-120.6027082440575,35.42879906653104
-120.60260174380305,35.431295650617955
-120.60313166457088,35.43251010975683
-120.60479611388918,35.43469305571993
-120.60603160715418,35.43855291467032
-120.60762675761487,35.4415453865735
-120.60590452629653,35.44146882996698
-120.60293928061454,35.4405891993341
-120.60194623423153,35.439859688453375
-120.60116766843953,35.43851511588446
-120.6007048274741,35.43833461656521
-120.59875234881792,35.43787366803468
-120.59670027537739,35.43768725004674
-120.595378240766,35.438642794241275
-120.5926613901925,35.43738544057084
-120.58990416048483,35.43501344548536
-120.5897094657956,35.433228865956096
-120.58923976024452,35.43201685632388
-120.58728099081175,35.43101270336965
-120.58601315392792,35.43073294230407
-120.58618098589469,35.42910240457356
-120.58217618817676,35.42728488333372
-120.58125759760978,35.42469974392152
-120.58035226359506,35.42330416275286
-120.57779685638035,35.42208166246461
-120.57918500002421,35.42111950605825
-120.57943361080623,35.41890697037211
-120.58225020086263,35.418484075830456
-120.58592547496083,35.41832522008626
-120.58636151478971,35.41773664410051
-120.58640165708982,35.41657493754929
-120.58689090066234,35.41567855049122
-120.5868104780674,35.41509820329817
-120.58631376760702,35.4137788187516
-120.58577092595789,35.41310541431539
-120.58500620341322,35.409930025896564
-120.58357110841811,35.4072197256496
-120.57940662648448,35.40314570155058
-120.57813922844986,35.40102593820621
-120.57545061495394,35.39772691836775
-120.57271560977783,35.39323023800027
-120.56956523547782,35.385851392260406
-120.5686334368248,35.38434776472986
-120.56681100592493,35.3821076026973
-120.56349335409797,35.37867148644094
-120.55789796197168,35.37381005534753
-120.55464179506323,35.37332505846728
-120.55379569345122,35.37382797900086
-120.5533709803954,35.373843507415536
-120.55251809692513,35.37294630219081
-120.55263640583294,35.371810087894744
-120.55119360611133,35.370478127044386
-120.54935327559284,35.36969728226576
-120.54818120609518,35.36944788326373
-120.54642830162341,35.36850450397883
-120.54568440552707,35.36846916729072
-120.54519758673104,35.36776096341681
-120.54763644713123,35.36633415155329
-120.54897238216249,35.36589733666855
-120.5532341626484,35.36621113395399
-120.55418682375053,35.366048178443855
-120.55477826099887,35.36557263575866
-120.55656720080792,35.362336909798444
-120.55552299894603,35.36017750697901
-120.55547776173589,35.359578939629344
-120.55615702414194,35.3590407818169
-120.55885443294349,35.35814908333218
-120.56107195173468,35.35674723844923
-120.55938945543782,35.354838277635345
-120.55811707555262,35.35288061167274
-120.55768051536924,35.35134831534096
-120.5579576393612,35.350734691185366
-120.56072672429922,35.34861603785825
-120.56181144085159,35.348673829499795
-120.56662547005389,35.35000842452909
-120.56717750531445,35.349307051126225
-120.56728916234518,35.34808360326573
-120.56625946782329,35.34552688514923
-120.56629165122303,35.34411022802588
-120.56671582159909,35.343612075138594
-120.5690800252483,35.34204557561793
-120.56930703228048,35.34053172475459
-120.56966862969648,35.340439908465044
-120.57278032012859,35.341737283857874
-120.57335710950868,35.341672533918775
-120.57467410637148,35.34058352970186
-120.57550266618698,35.33929461177873
-120.57560707189936,35.338267590772716
-120.57262913224105,35.337118765197026
-120.57057687003825,35.33564875824527
-120.57049889920712,35.33311157588815
-120.57019173953087,35.332786109535604
-120.56680815748214,35.33093986890004
-120.56610101300288,35.33010308738678
-120.56651846355045,35.329478055464406
-120.56919875741906,35.3275621940216
-120.56924215091296,35.326733568027194
-120.56988297643822,35.325539018100784
-120.56973022208112,35.32320309646941
-120.57071030053267,35.321139062339505
-120.56965148015632,35.320919146511194
-120.5683382136836,35.32097594877775
-120.56696576591287,35.31867214700666
-120.56400341335782,35.31909458765487
-120.56291348141791,35.31844338727449
-120.56165579196313,35.31811630737427
-120.56078025336286,35.31742268509085
-120.56017612190747,35.31604959141865
-120.55918230540793,35.31490460989496
-120.55583692431743,35.31371489951823
-120.55150456934832,35.311343991841476
-120.5500057007681,35.310993448559
-120.54683126446808,35.31087083656294
-120.54364723435093,35.3096321762669
-120.54222824371416,35.30932561863064
-120.53997621053271,35.30806730662935
-120.53840195956131,35.3079657156952
-120.53715168490389,35.30753928399366
-120.53634958170828,35.30710795598898
-120.53551672182944,35.305948516320846
-120.5348218559686,35.30545196218327
-120.52820285445871,35.30242068263005
-120.52524410993527,35.300347558555856
-120.5246823012045,35.30015846805656
-120.52191024516121,35.30008091248886
-120.52078885283919,35.29917732163437
-120.51997910286983,35.29888745479554
-120.51983031872427,35.29780109035011
-120.51887877402838,35.29621714854563
-120.51751610925496,35.2953621576534
-120.5168874509094,35.29522285257119
-120.51565546002256,35.29663108802315
-120.51316850939925,35.297190544223064
-120.51158729678654,35.29570921892744
-120.50963715518692,35.294586581990764
-120.50769069951683,35.29390174792009
-120.50641932578488,35.293772229018735
-120.5061726350938,35.29345814085363
-120.50624827373854,35.29291950013595
-120.50699449445572,35.290818996249214
-120.5076878074539,35.28996502301999
-120.50771995065621,35.28871773057537
-120.50722118178018,35.28793199791749
-120.50562145347155,35.28621372657277
-120.50419161277082,35.28533663642662
-120.50269150454292,35.28391026200304
-120.50083607179093,35.28285121689221
-120.49937600185498,35.28235688820223
-120.4970641255401,35.280656733600146
-120.48906523201124,35.2782829979404
-120.48780494416478,35.27824495558395
-120.48500202873623,35.27712573472793
-120.48300573925059,35.276921586171774
-120.48243373689944,35.27735337581306
-120.47968304211216,35.2808909635068
-120.47866531237742,35.28063036039022
-120.4770379386268,35.27880457757597
-120.47665014207756,35.27859652523468
-120.47476758703773,35.27853021707135
-120.47462373404746,35.277677320694444
-120.47345651216226,35.27645827230547
-120.46915532115096,35.27612085662117
-120.4684927683569,35.27590825657307
-120.46657577231147,35.274457186293745
-120.46574333003967,35.2733287320239
-120.46291232647694,35.272620493358325
-120.46183839982359,35.271414459725534
-120.45927788872034,35.2701639237362
-120.45848059396221,35.26877497928373
-120.45753919158282,35.26797106517135
-120.45751525837497,35.26745957195284
-120.45890068379293,35.265049819689914
-120.4601249098526,35.264165320827736
-120.46292925737465,35.26349599331464
-120.465025356087,35.262339509957826
-120.46648466762977,35.261206930028465
-120.46748192841756,35.26017552407906
-120.46801201545968,35.2585463194463
-120.46977122212988,35.2577918191376
-120.47016829281844,35.25734981800921
-120.47039369614616,35.256508635244046
-120.47170259553482,35.25455123421875
-120.47019500624785,35.25322629742091
-120.46976181255562,35.24988355209486
-120.46895264027005,35.2489162498492
-120.46802258077298,35.24856964665365
-120.46675728834337,35.24767141931594
-120.466268635101,35.24607245992134
-120.46566609913536,35.24506800216412
-120.46560621065201,35.242537831666155
-120.46638852194714,35.24094530777092
-120.46566582117983,35.238969908569274
-120.4667824972995,35.23691480937076
-120.46583216980773,35.236055260086566
-120.46448716797289,35.23401902143027
-120.46421959507929,35.23240367626531
-120.46495524419437,35.23175687151839
-120.46741022426266,35.23094191315511
-120.46849468830852,35.23103575933153
-120.47144514817352,35.232539502146906
-120.47324504124606,35.23293544785763
-120.47629561495495,35.23055211089098
-120.47804155716044,35.2302232913716
-120.47925298294753,35.231062251147726
-120.48055846169993,35.23280638542945
-120.48184297212711,35.233838624364644
-120.485256285126,35.23544168343849
-120.48750486439626,35.23696229498264
-120.49275155215653,35.23831513439764
-120.495381440174,35.239280162183576
-120.4976834672459,35.23927398649208
-120.49958419552549,35.24053020072159
-120.50094020114454,35.24054940983782
-120.502825643753,35.24007833715517
-120.5041470309712,35.24029969929707
-120.50615773919854,35.2422053654794
-120.50705875340908,35.24272203617018
-120.50861102199174,35.24309429836519
-120.51012272028433,35.24420963499791
-120.5115070269119,35.24464309926916
-120.51514577046166,35.2451751824616
-120.51610955849259,35.24552941262321
-120.51902410941196,35.24818724928972
-120.52076561270484,35.24882696383329
-120.52333166385463,35.249114272675484
-120.5279349866703,35.25093240974432
-120.53131186998415,35.253566147936745
-120.53178559961101,35.25382146362833
-120.53317800324974,35.25395127404307
-120.53462069988842,35.25464055094899
-120.53580142445338,35.25563831386624
-120.53596608522052,35.25648233079805
-120.53653201652226,35.25723050317887
-120.53816867842563,35.25807501719609
-120.53986326256164,35.258220229773364
-120.53992720959639,35.260253922194856
-120.54177519793113,35.26201590244531
-120.54240434533365,35.26383645826861
-120.54250224651324,35.26441766117709
-120.54188790270067,35.26571892500565
-120.54204638363798,35.26631701014609
-120.54382919235125,35.26762872963002
-120.54453987037819,35.269074338217806
-120.54527411761876,35.269690538507426
-120.54691979283804,35.26997460918315
-120.54898446353558,35.26930384756537
-120.54944670476982,35.269218646462804
-120.54975430777645,35.26940544793209
-120.54934494430458,35.271429822831635
-120.54945439384227,35.27251804798104
-120.55122926655227,35.27417018215039
-120.55241996909594,35.27626546166068
-120.55308792677641,35.27671589885773
-120.55506063301549,35.27734863858455
-120.55550310059238,35.27723311737194
-120.55588722845872,35.27659193574786
-120.55634901040047,35.27658775345394
-120.55760568134198,35.277133831641926
-120.56078363797906,35.27799367756934
-120.56173466119988,35.277940678015774
-120.56341365827382,35.278312431186826
-120.56421251941734,35.27962691229253
-120.56660983319465,35.28150540012526
-120.56941054862358,35.28292233244421
-120.57220176557614,35.2832147698106
-120.57386533327747,35.28433947269244
-120.57617559463289,35.28435419850814
-120.57831589476542,35.28507378704527
-120.57906634715019,35.284998007502544
-120.58065720380328,35.283883315262585
-120.58288345437313,35.28293847200569
-120.5837054356442,35.281428568321395
-120.58735602913661,35.27902049656452
-120.58952821450136,35.2763465820326
-120.59012478863144,35.27608325351742
-120.59306522938141,35.27581078194041
-120.59522056399075,35.27589880116433
-120.59624572663753,35.27573426525625
-120.59673604999666,35.27536704806301
-120.59780566790536,35.273700988374635
-120.5990935359408,35.27291908291451
-120.60005210155354,35.27270167131118
-120.60258658989248,35.27365543788424
-120.60331635756539,35.27369498219952
-120.60582864690043,35.27319028331778
-120.60823104780744,35.273591941263426
-120.60987886929473,35.27344005875682
-120.61209030132443,35.27276486721764
-120.61294909569695,35.27104377457431
-120.61705843114161,35.27294369806571
-120.62097973579324,35.273676658716255
-120.62330024604358,35.27471863447248
-120.6257732518407,35.27626120059625
-120.62672938626567,35.27775197608673
-120.62912486088132,35.278233156663184
-120.62989890491814,35.27869102020891
-120.63165423683762,35.280390715028695
-120.633940448407,35.28224478632114
-120.63480124101798,35.282674283550136
-120.6385888033771,35.28287862540709
-120.64178375302696,35.28364245294864
-120.64549315827877,35.281661636122195
-120.65416668526133,35.2805369848931
-120.6596058619772,35.27876459399219
-120.66230216945956,35.278375532685594
-120.66887278329519,35.276552057449145
-120.6717043098469,35.277098507623485
-120.67375084530175,35.27819086962816
-120.67614722620245,35.28035696098556
-120.67735690948106,35.28231212764842
-120.6795851556222,35.28277185582233
-120.68180942051355,35.2827695015504
-120.68227464403166,35.283080249632974
-120.68289423694709,35.28426862579943
-120.68417585407575,35.28910681629309
-120.68417593423666,35.29144160051451
-120.68368758137157,35.293938812826035
-120.68400598410815,35.29429347087794
-120.68983537132254,35.296573203706245
-120.69342955234491,35.299111960372585
-120.69439032268295,35.30017862937173
-120.6955146433743,35.30078619214295
-120.69666618050965,35.30213084576792
-120.69934393213398,35.30261000523754
-120.70037618585681,35.3033888839604
-120.70233987397094,35.30414073482541
-120.7050538279642,35.30640501609965
-120.70693519093484,35.30752447990874
-120.70700233817176,35.320113492781616
-120.70136845680565,35.32039634473945
-120.7013572917336,35.32154323248775
-120.70065323150068,35.321960282790116
-120.7004417737612,35.32263009579705
-120.69913087649827,35.323355603910706
-120.69856733422893,35.32507115530534
-120.69646211287865,35.32815457530052
-120.69272191498534,35.327679819227775
-120.69303536314058,35.32840696473929
-120.69281337202885,35.33000054848286
-120.69138606650199,35.33094460081477
-120.68988150726871,35.33105106338582
-120.68886800005221,35.33033080542425
-120.68561912744195,35.32651183154543
-120.68447539880495,35.32761222582374
-120.68105191048144,35.32673977956049
-120.67600385738903,35.34637095977198
-120.66845217661145,35.34622770856336
-120.66913152189181,35.35350194463296
-120.66480416527031,35.353418369804785
-120.6648364302594,35.357049550733876
-120.6697236332047,35.3569951914149
-120.66959244935414,35.360936471333005
-120.67434634811218,35.36088611801807
-120.67416622297816,35.368265465614186
-120.68392634273286,35.368367383771485
-120.68391794971453,35.36471411886054
-120.68696881201512,35.364673422446174
-120.6881861824303,35.36067177291398
-120.6880875938308,35.36849218068611
-120.69244730951263,35.36833892426131
-120.6923581972561,35.371830324443955
-120.70114605929963,35.37149986419324
-120.70110975974114,35.36070433097174
-120.70597530396557,35.36076753618852
-120.70849707443242,35.35182342863105
-120.71050824666311,35.352249185343766
-120.72542451116941,35.32414183003833
-120.72966314013499,35.32823077492322
-120.73110077163655,35.32928543979648
-120.73265864374744,35.32997499960688
-120.73527158226959,35.33067530372236
-120.73672998332182,35.326675354076585
-120.73701594659818,35.3250490655507
-120.73680668317603,35.323850710830406
-120.74328961964825,35.32322598712863
-120.74368038203848,35.32432856034181
-120.7392639720939,35.32524664367919
-120.73879335093078,35.326297055400076
-120.7476650350846,35.32890795190996
-120.75158623421723,35.324899598466345
-120.75268864657467,35.32550605598951
-120.75636970920552,35.3201967630331
-120.7597824027916,35.321534337994706
-120.76152756038755,35.32184369813347
-120.76259199076661,35.32238402853124
-120.76494094628083,35.324280383972486
-120.76633404845562,35.325993622318684
-120.76712570924661,35.326409925807674
-120.77022617580162,35.32709176568304
-120.77490890447254,35.32906864870605
-120.77671430514252,35.32899636862308
-120.77839700172927,35.32862829238996
-120.7793862832786,35.32883326612113
-120.78058147703791,35.329977832744284
-120.78132542931955,35.33163418486701
-120.7826815858878,35.3331828527029
-120.78442923992496,35.33826963657322
-120.78529221904849,35.3392253251817
-120.78751524788751,35.339881113322534
-120.78793257697845,35.34021145203549
-120.78936082181684,35.34023326925235
-120.79058001850802,35.340762718140596
-120.79390073892941,35.341562014014265
-120.79582857315148,35.34101867515559
-120.7968864898947,35.34113467098341
-120.79798247655668,35.341798830397195
-120.80055161819982,35.34224488450718
-120.80105645575429,35.34251970092299
-120.80226781413926,35.34395291369698
-120.80653401735168,35.34313996742769
-120.80880380387526,35.343341351918674
-120.80962796026856,35.34321336130727
-120.8100040698159,35.342667003168884
-120.81011360602373,35.34096948364458
-120.81041099943451,35.340371637015835
-120.8112847996153,35.33944151734731
-120.81321942579227,35.33870291794847
-120.81890315657009,35.337375335347005
-120.82271229482251,35.33748415377538
-120.8228968512795,35.33984354616954
-120.82438009350574,35.34288731464096
-120.82510509300542,35.346747107701
-120.82695458538313,35.349872864207775
-120.82807005801321,35.352909973243726
-120.8303363162445,35.35423294163773
-120.83398907156023,35.35535445686304
-120.83555898063263,35.35862592655293
-120.83436601760381,35.361923302103946
-120.83176013785456,35.366402127527834
-120.8370238061303,35.367818013786746
-120.84226916935268,35.37134846607567
-120.84448618044286,35.3730936537032
-120.84676817713016,35.37580399661103
-120.848946044175,35.37903153983228
-120.84993961872651,35.38253459337673
-120.84972318442145,35.38386555867429
-120.84861345320479,35.384735673253545
-120.84966974512312,35.39970072405901
-120.85374835804198,35.40349266814813
-120.85550944753777,35.4056068045051
-120.85619264102708,35.4072554505736
-120.85885813279806,35.409534366124475
-120.8606706186687,35.40971528673075
-120.86174866559348,35.41018069666446
-120.8660806124032,35.41129877604858
-120.86678367029499,35.412203844098464
-120.8667013296937,35.41532664870381
-120.86775988953008,35.41653555330598
-120.86991628443913,35.41746628411929
-120.8738463212246,35.420064726005336
-120.8753914673221,35.42351375324294
-120.87533286658812,35.42574433918185
-120.87886893251776,35.42952591154771
-120.8799900377646,35.43012716794051
-120.88248031380219,35.43263000206743
-120.88537542473465,35.43434661427655
-120.88766459118932,35.43897118614992
-120.8877348023652,35.44500520134783
-120.88751418761879,35.446489083978236
-120.88675619187089,35.447666015318944
-120.88038789626226,35.44785186750154
-120.87533079732833,35.44657273547679
-120.87335140261227,35.44579399947512
-120.87203234015638,35.447556045429444
-120.87055108946257,35.448571325338946
-120.8705001396027,35.450504493390106
-120.86786561858207,35.45387977458984
-120.86670842500818,35.4563884837698
-120.86371398243953,35.45960851246111
-120.86369431610008,35.46035203110297
-120.86496658577705,35.46037455092312
-120.86572111440772,35.45934649371093
-120.86861347230219,35.459992719189025
-120.86856637961421,35.46177716171176
-120.86688342225932,35.46353271183279
-120.86684414150466,35.465019751122405
-120.86570636878473,35.466784920353376
-120.86420896636338,35.468394922972124
-120.86381393307437,35.46957812205602
-120.86122303571868,35.47175336616328
-120.86074982165366,35.471928947558126
-120.86157966742266,35.473166454340976
-120.86157116952926,35.47423908897455
-120.86100317241174,35.47566025958852
-120.86114077099178,35.47610689521516
-120.86203084114,35.47750657092024
-120.86405823841827,35.479654387427196
-120.86451966770369,35.4812209798696
-120.86327171124113,35.48329125244873
-120.86365984265704,35.48536456390719
-120.86348362221882,35.4864744496405
-120.86221531375894,35.48795764635156
-120.86013172659949,35.48890776588774
-120.85919691484975,35.49077280266601
-120.8577470626527,35.492316091097926
-120.85768501808226,35.49255148704711
-120.85833701336765,35.493396675906645
-120.85795370283815,35.495197413555765
-120.85838287695366,35.49983841467088
-120.8593317040919,35.50036711900754
-120.85909336274281,35.50203987322051
-120.85859303830051,35.5039641241534
-120.8572180932788,35.504571025970634
-120.85564144478498,35.50445039461103
-120.85485717602849,35.50502253529387
-120.85557165207562,35.507667678223775
-120.85437630380902,35.50846257700453
-120.85418045257724,35.51002076731693
-120.85308124193867,35.509865926468635
-120.85258969382754,35.50998291679597
-120.85201417577387,35.51050032889556
-120.85161820975172,35.51052039078423
-120.85045752619503,35.50965188994182
-120.84833492085873,35.509066688478164
-120.8453523656056,35.5106966366288
-120.84402171726664,35.510776355303484
-120.8427959081492,35.51121205998698
-120.84039727740486,35.51357648775012
-120.83938172344317,35.51379905622074
-120.83839627165337,35.51361708981221
-120.83769169934357,35.512833522624454
-120.83722330933749,35.51267201907138
-120.8355889768088,35.5129468360569
-120.83403210038674,35.512849121646305
-120.8319479168178,35.51171160705788
-120.82973754232339,35.511110657736985
-120.82880142950127,35.51217326057525
-120.82856948137288,35.513259822178824
-120.82700970250121,35.514221621045486
-120.82334599050557,35.515356145030104
-120.82231945421802,35.515290251851525
-120.82182796675434,35.51473832836523
-120.821586792537,35.513211144330086
-120.82090105059041,35.51260122166791</coordinates></LinearRing></outerBoundaryIs></Polygon></Placemark>
<Placemark>
<ExtendedData>
  <Data name="COMNAME"><value>CALIFORNIA RED-LEGGED FROG</value></Data>
  <Data name="SCINAME"><value>RANA DRAYTONII</value></Data>
  <Data name="SPCODE"><value>D02D</value></Data>
  <Data name="VIPCODE"><value>V01</value></Data>
  <Data name="UNIT"><value></value></Data>
  <Data name="SUBUNIT"><value></value></Data>
  <Data name="UNITNAME"><value>STB-2</value></Data>
  <Data name="SUBUNITNAM"><value></value></Data>
  <Data name="STATUS"><value>FINAL</value></Data>
  <Data name="LEADOFFICE"><value>FF08ESMF00</value></Data>
  <Data name="COOPOFFICE"><value>NONE</value></Data>
  <Data name="COOPOFMORE"><value></value></Data>
  <Data name="FEDREG"><value>75FR12816</value></Data>
  <Data name="PUBDATE"><value>20100317</value></Data>
  <Data name="EFFECTDATE"><value>20100416</value></Data>
  <Data name="VACATEDATE"><value></value></Data>
  <Data name="ACCURACY"><value></value></Data>
  <Data name="SINGLMULTI"><value>SINGLE</value></Data></ExtendedData>
  <Polygon>
<outerBoundaryIs>
  <LinearRing><coordinates>-120.50970790166257,34.88425528324967
-120.5040914402604,34.88129392249589
-120.50210244032314,34.880652982144376
-120.49647258414197,34.8770851802452
-120.49437482639661,34.87637716528871
-120.49198641628544,34.875186146835446
-120.49014106935358,34.874663635491274
-120.49331313160367,34.8684257754454
-120.47826057934638,34.86393264565898
-120.47722499710186,34.87058592439062
-120.46572805132709,34.86664922317172
-120.46098714131728,34.864787319608126
-120.45965787486345,34.86418505894257
-120.46026000096914,34.86400090399196
-120.45932143913086,34.86325773326262
-120.4589292148572,34.863424390019674
-120.45671877999843,34.862478576433
-120.45596590811509,34.861711763049634
-120.45542138272151,34.860658611141915
-120.4551662076139,34.85705596400909
-120.45390004765963,34.85356576205773
-120.45290189460256,34.84814044770228
-120.45142225479232,34.83838754887468
-120.4503795877099,34.82854640267754
-120.45145381076108,34.82942389919914
-120.45325415530058,34.83193177357749
-120.4545418389551,34.83283117013855
-120.45656537500092,34.832934091194225
-120.46096139085745,34.83403810957984
-120.46256053860107,34.83525679951188
-120.46474966162172,34.83729281924164
-120.47196396855183,34.84673005902688
-120.47482424615308,34.84918536798404
-120.47836695634416,34.847519752721965
-120.4782524564719,34.845781696561424
-120.47784473288115,34.84445189918556
-120.4763305200994,34.843305142457716
-120.47620333680156,34.84180584160576
-120.47528005108254,34.83946138149025
-120.47517340850635,34.837786333913144
-120.47453276052026,34.83631982133229
-120.47450301426372,34.8353479224901
-120.47345045464589,34.833836083748345
-120.4721220638348,34.83294353949191
-120.4711150649763,34.831639519688814
-120.47110584626861,34.8306911784564
-120.47146823877982,34.829835621368275
-120.47227552313079,34.8289083716055
-120.47225569666529,34.83069334711319
-120.48144153000706,34.830771516991135
-120.48341859064861,34.83308057388711
-120.48524083273496,34.83360073798535
-120.48685840979262,34.833505530949914
-120.48945784155683,34.834539463122056
-120.49091266586609,34.83546026381068
-120.4916528053337,34.835186870821
-120.49254059540834,34.83448665000275
-120.49313217082668,34.8326889883298
-120.49315891353538,34.8308844947819
-120.52465486895737,34.83122446803126
-120.52453498509217,34.83748452013063
-120.52661815409606,34.83685509302845
-120.5295593577169,34.83636218895992
-120.52986719279527,34.835320305670514
-120.53194543451617,34.834908456044246
-120.53286450379572,34.835590824023384
-120.5346595904225,34.834825152369184
-120.5376667843612,34.83284461415143
-120.54254576812545,34.83124265296549
-120.54538488278084,34.828948532644475
-120.54804160452248,34.82789796976399
-120.55430098567818,34.82407182983658
-120.55008350885048,34.82896469839751
-120.56115986624857,34.84802111879936
-120.58394855569423,34.87734957010281
-120.58266841944264,34.87782998575291
-120.57740891094731,34.87708041702149
-120.5739468499055,34.875076952644
-120.56993174485592,34.87193383756679
-120.56574039942151,34.868142337980856
-120.56027677436776,34.86771036373982
-120.55612425354227,34.86923897939939
-120.55390241248902,34.87161223760681
-120.55346369185777,34.87321545509946
-120.55337772624134,34.876115354947785
-120.55151317138738,34.879624149847416
-120.54508955140946,34.88513659539644
-120.54408919890663,34.88501696489202
-120.54344971496471,34.88458676827887
-120.54304264630377,34.88454899595139
-120.54246305723164,34.88487675855435
-120.54099348722588,34.88473135578544
-120.53848552317862,34.883552162019456
-120.53301628419507,34.88327999374303
-120.51970451109909,34.89010178507483
-120.5152901545398,34.887271169822284
-120.50970790166257,34.88425528324967</coordinates></LinearRing></outerBoundaryIs></Polygon></Placemark>
<Placemark>
<ExtendedData>
  <Data name="COMNAME"><value>CALIFORNIA RED-LEGGED FROG</value></Data>
  <Data name="SCINAME"><value>RANA DRAYTONII</value></Data>
  <Data name="SPCODE"><value>D02D</value></Data>
  <Data name="VIPCODE"><value>V01</value></Data>
  <Data name="UNIT"><value></value></Data>
  <Data name="SUBUNIT"><value></value></Data>
  <Data name="UNITNAME"><value>STB-4</value></Data>
  <Data name="SUBUNITNAM"><value></value></Data>
  <Data name="STATUS"><value>FINAL</value></Data>
  <Data name="LEADOFFICE"><value>FF08ESMF00</value></Data>
  <Data name="COOPOFFICE"><value>NONE</value></Data>
  <Data name="COOPOFMORE"><value></value></Data>
  <Data name="FEDREG"><value>75FR12816</value></Data>
  <Data name="PUBDATE"><value>20100317</value></Data>
  <Data name="EFFECTDATE"><value>20100416</value></Data>
  <Data name="VACATEDATE"><value></value></Data>
  <Data name="ACCURACY"><value></value></Data>
  <Data name="SINGLMULTI"><value>SINGLE</value></Data></ExtendedData>
  <Polygon>
<outerBoundaryIs>
  <LinearRing><coordinates>-120.4798025141576,34.57500000671112
-120.4750438846264,34.57076079583049
-120.4740367011636,34.570392727054326
-120.47136781685931,34.570060490884806
-120.4694226908466,34.56946844176901
-120.46581732426203,34.56940204629407
-120.45959930376814,34.566735600242545
-120.4583055381528,34.56533348779321
-120.45688044984172,34.564402105712844
-120.45628628039793,34.563447411329754
-120.45534315602879,34.56317381181087
-120.4519080939013,34.56374152884424
-120.44996977036425,34.56262652591882
-120.44452341623384,34.560499656315564
-120.4440469467576,34.55962468795977
-120.44390626021719,34.55807743148887
-120.44345650321425,34.557487025054975
-120.44247897516777,34.55671788458718
-120.44096299094858,34.55625152668835
-120.44015982910418,34.55570047723628
-120.43874896534733,34.552384728711644
-120.43768528983183,34.54712222856123
-120.43506149768439,34.54450737019928
-120.42947431375451,34.54247574944472
-120.42774518129137,34.540630568951364
-120.42766051496622,34.539352526779496
-120.42790194139552,34.53871723297705
-120.42999110953885,34.53723169758224
-120.43308049668074,34.53637927571005
-120.43373860168771,34.53583362354128
-120.43408106213872,34.53514921875206
-120.4344129129156,34.53276468123473
-120.43492742074348,34.53131119010852
-120.43537879924773,34.53079756510886
-120.4362156766295,34.53050435601521
-120.43740624133754,34.53071156601314
-120.43862812654343,34.53149447352918
-120.43941251078498,34.53171842173189
-120.44052240512731,34.530889696652395
-120.44137189936427,34.52931577663827
-120.44574321950638,34.5281438159783
-120.44651088892265,34.52772915692516
-120.44684734277399,34.52727900610172
-120.44712746111252,34.52483885924194
-120.44808604994405,34.52233720398556
-120.44898108358475,34.52105053034494
-120.45124892332723,34.5187655881105
-120.45241223210449,34.51682286232557
-120.45347421843867,34.51576976420833
-120.45538607039396,34.514412547902126
-120.45510728459199,34.5138899087076
-120.45501385232913,34.51203773381131
-120.45462595737325,34.511096808474214
-120.4536988744054,34.509910222591124
-120.44965502838252,34.50756704218149
-120.44856143390246,34.50669024687778
-120.4474270240574,34.50534560313182
-120.44657900884033,34.50262399541157
-120.44655563483923,34.50169428466117
-120.447073791161,34.50032881489914
-120.44784127789053,34.500177137717984
-120.45076361186865,34.50062888501039
-120.45458446174213,34.500447082380546
-120.45868825233367,34.50065430070398
-120.46141486165061,34.50150191024977
-120.4645722116633,34.50374184904914
-120.46640345542707,34.50539436403946
-120.46754527587133,34.50592050054892
-120.47080532175222,34.5061504383415
-120.47394639751418,34.5066482834924
-120.47768530231207,34.506303858531844
-120.48326874654734,34.507090564395526
-120.48565719703102,34.506862232761456
-120.48847196061527,34.50821201955209
-120.48987998215013,34.50844817159533
-120.49308008650539,34.508437257698745
-120.49425344348109,34.50877911629246
-120.49490611105006,34.50923669301859
-120.49634080489953,34.51110754219393
-120.49759728209385,34.51158867272841
-120.50016838081042,34.51176304181205
-120.50174929903746,34.51145512472836
-120.50250409089321,34.51082263975614
-120.50239940225137,34.511750246882336
-120.49875944739397,34.51253819573324
-120.49529315784207,34.51170901846025
-120.49530659051624,34.510452747573716
-120.49273059912349,34.51075549151465
-120.49191988518832,34.51173258320274
-120.49174046024457,34.514122208922814
-120.49052206302927,34.51451900079339
-120.49166256325482,34.51522131939954
-120.49019864477714,34.53437590346481
-120.48604207830488,34.536985206851796
-120.48540418415116,34.538360043326044
-120.4850964473705,34.540080663541126
-120.48520091362307,34.54206168492229
-120.48441595334711,34.544272570289976
-120.48469521318286,34.54614640948931
-120.48550815229548,34.54739626619174
-120.48679053672065,34.54818205767271
-120.48781031744939,34.54833174569567
-120.48915774621503,34.54896436350868
-120.48814582327523,34.564371153927425
-120.49325871581176,34.56464653031092
-120.49586639416654,34.563082635605426
-120.49764108692115,34.56317872418884
-120.49927880773107,34.56456584253794
-120.49909024540078,34.56561184188439
-120.4983017083977,34.56663850050771
-120.49974854552318,34.56667003303192
-120.50259104826176,34.56613938621081
-120.50312274401641,34.56723692223257
-120.50234751071896,34.567626907759795
-120.5009811777327,34.56897990247601
-120.49954987024816,34.569677118547865
-120.49810063402334,34.57000976036225
-120.49533953897118,34.56990796120698
-120.49180882726816,34.570574705377894
-120.49103480740088,34.57153479558052
-120.4902632272996,34.57184556963107
-120.48360505839284,34.57111331019929
-120.48288430182305,34.571519835535916
-120.48229308351986,34.57258102351875
-120.48173157573066,34.57488999542143
-120.48133035488804,34.575274612604986
-120.4798025141576,34.57500000671112</coordinates></LinearRing></outerBoundaryIs></Polygon></Placemark>
<Placemark>
<ExtendedData>
  <Data name="COMNAME"><value>CALIFORNIA RED-LEGGED FROG</value></Data>
  <Data name="SCINAME"><value>RANA DRAYTONII</value></Data>
  <Data name="SPCODE"><value>D02D</value></Data>
  <Data name="VIPCODE"><value>V01</value></Data>
  <Data name="UNIT"><value></value></Data>
  <Data name="SUBUNIT"><value></value></Data>
  <Data name="UNITNAME"><value>CCS-2A</value></Data>
  <Data name="SUBUNITNAM"><value></value></Data>
  <Data name="STATUS"><value>FINAL</value></Data>
  <Data name="LEADOFFICE"><value>FF08ESMF00</value></Data>
  <Data name="COOPOFFICE"><value>NONE</value></Data>
  <Data name="COOPOFMORE"><value></value></Data>
  <Data name="FEDREG"><value>75FR12816</value></Data>
  <Data name="PUBDATE"><value>20100317</value></Data>
  <Data name="EFFECTDATE"><value>20100416</value></Data>
  <Data name="VACATEDATE"><value></value></Data>
  <Data name="ACCURACY"><value></value></Data>
  <Data name="SINGLMULTI"><value>SINGLE</value></Data></ExtendedData>
  <Polygon>
<outerBoundaryIs>
  <LinearRing><coordinates>-121.96531460898184,37.90141624890381
-121.95832807507117,37.898612027662175
-121.9582031019971,37.89779686221583
-121.957497974566,37.897141748079754
-121.95654074996177,37.89703408558037
-121.95484241392296,37.894495440395715
-121.95208517678039,37.89205100909498
-121.95154260317442,37.89181860651191
-121.95103487765476,37.890689775716865
-121.94998226089555,37.89006528142665
-121.94868752014231,37.89007172829984
-121.9483803480468,37.889776023684014
-121.9477646911916,37.887429520198296
-121.94595493518287,37.885534161299525
-121.94430570677603,37.88548107738356
-121.94310789795263,37.88311573200616
-121.93905979092303,37.88268373237162
-121.93930393584981,37.88143108403356
-121.94364643627338,37.880001987485365
-121.9486408904108,37.87613164204663
-121.94931381486165,37.87222258879153
-121.94936940982348,37.86830802119003
-121.95064555735898,37.86538310311461
-121.95563174170975,37.86200175391392
-121.95877971564236,37.857625178400376
-121.9599278911209,37.85732857824486
-121.9603529489583,37.85747714087465
-121.96045706995494,37.85821087521247
-121.96390598442606,37.859205640282575
-121.9640950098797,37.8604414859481
-121.96601507734904,37.86079221193062
-121.9694783820799,37.86262987629874
-121.97724007151754,37.86253565158914
-121.97828973006841,37.8627593819384
-121.9790330517896,37.86338583386446
-121.97966331708808,37.86348668290425
-121.98074307138478,37.86314950225392
-121.98075471952556,37.8623038215372
-121.9833482149265,37.86246898197935
-121.9848863016959,37.8620772072229
-121.98904050104002,37.861900950543294
-121.98987396871189,37.86467166073846
-121.98941338688248,37.86535925100201
-121.98979005337539,37.86641172096842
-121.99004389221855,37.86647325431294
-121.99005332444223,37.86830364366393
-121.99407271552775,37.86897807515482
-121.99405221753138,37.86930794068189
-121.99567566132181,37.869371325601634
-121.9964492760095,37.86999792648901
-121.9961070926008,37.870829629491176
-121.99690951144807,37.87155185810591
-121.99703345012308,37.87199970537814
-121.9966213389102,37.872837102068495
-121.99796941516531,37.87325397107938
-121.99859430494897,37.87376006036186
-121.99888671130239,37.87438255080612
-121.99827833230728,37.874878147563074
-121.99868234643019,37.87614543762216
-121.99953823615394,37.8773688747634
-122.00022365598717,37.877851623441835
-122.00168996969978,37.877826604718685
-122.00278167818728,37.8773802216481
-122.00384249945496,37.87901017737289
-122.00665656368709,37.880481479935575
-122.00817382091597,37.88175812605574
-122.00617360389003,37.882838184343846
-122.00492221609298,37.88416300324738
-122.00259462375537,37.88317278990347
-121.99910834626822,37.88379178819975
-121.99692291122076,37.88520396018778
-121.99595786104173,37.887141585335605
-121.99493922388261,37.88770520161255
-121.99096562606584,37.88784289870586
-121.99004992004906,37.89144059244561
-121.98798030074585,37.89491389881888
-121.98743649856435,37.89802158270763
-121.9864681410252,37.899954776617555
-121.98400933191724,37.90109513312266
-121.97765116089542,37.90152405649779
-121.97009170914471,37.90049018659547
-121.96531460898184,37.90141624890381</coordinates></LinearRing></outerBoundaryIs></Polygon></Placemark></Document></kml>